{"1":{"study_id":"ST000289","analysis_id":"AN000460","analysis_summary":"ESI Positive mode","metabolite_name":"1,2-Benzisothiazolin-3-one","refmet_name":"1,2-Benzisothiazol-3(2H)-one"},"2":{"study_id":"ST000289","analysis_id":"AN000460","analysis_summary":"ESI Positive mode","metabolite_name":"1-AMINOCYCLOPROPANE-1-CARBOXYLATE","refmet_name":"1-Aminocyclopropanecarboxylic acid"},"3":{"study_id":"ST000289","analysis_id":"AN000460","analysis_summary":"ESI Positive mode","metabolite_name":"4-AMINOBUTANOATE","refmet_name":"gamma-Aminobutyric acid"},"4":{"study_id":"ST000289","analysis_id":"AN000460","analysis_summary":"ESI Positive mode","metabolite_name":"4-GUANIDINOBUTANOATE","refmet_name":"4-Guanidinobutanoic acid"},"5":{"study_id":"ST000289","analysis_id":"AN000460","analysis_summary":"ESI Positive mode","metabolite_name":"4-HYDROXY-L-PHENYLGLYCINE","refmet_name":"4-Hydroxyphenylglycine"},"6":{"study_id":"ST000289","analysis_id":"AN000460","analysis_summary":"ESI Positive mode","metabolite_name":"4-HYDROXYPROLINE","refmet_name":"cis-4-Hydroxyproline"},"7":{"study_id":"ST000289","analysis_id":"AN000460","analysis_summary":"ESI Positive mode","metabolite_name":"6C-SUGAR ALCOHOL","refmet_name":""},"8":{"study_id":"ST000289","analysis_id":"AN000460","analysis_summary":"ESI Positive mode","metabolite_name":"ADENINE","refmet_name":"Adenine"},"9":{"study_id":"ST000289","analysis_id":"AN000460","analysis_summary":"ESI Positive mode","metabolite_name":"ADENOSINE","refmet_name":"Adenosine"},"10":{"study_id":"ST000289","analysis_id":"AN000460","analysis_summary":"ESI Positive mode","metabolite_name":"ADENOSINE 5'-MONOPHOSPHATE","refmet_name":"AMP"},"11":{"study_id":"ST000289","analysis_id":"AN000460","analysis_summary":"ESI Positive mode","metabolite_name":"ALANINE\/SARCOSINE","refmet_name":"Alanine\/Sarcosine"},"12":{"study_id":"ST000289","analysis_id":"AN000460","analysis_summary":"ESI Positive mode","metabolite_name":"ALDO\/KETO-HEXOSE","refmet_name":"Hexose"},"13":{"study_id":"ST000289","analysis_id":"AN000460","analysis_summary":"ESI Positive mode","metabolite_name":"ALDOPENTOSE","refmet_name":"Aldopentose"},"14":{"study_id":"ST000289","analysis_id":"AN000460","analysis_summary":"ESI Positive mode","metabolite_name":"ALLANTOIN","refmet_name":"Allantoin"},"15":{"study_id":"ST000289","analysis_id":"AN000460","analysis_summary":"ESI Positive mode","metabolite_name":"ALPHA-AMINOADIPATE\/N-METHYL-L-GLUTAMATE","refmet_name":""},"16":{"study_id":"ST000289","analysis_id":"AN000460","analysis_summary":"ESI Positive mode","metabolite_name":"ASPARTATE","refmet_name":"Aspartic acid"},"17":{"study_id":"ST000289","analysis_id":"AN000460","analysis_summary":"ESI Positive mode","metabolite_name":"BETAINE","refmet_name":"Betaine"},"18":{"study_id":"ST000289","analysis_id":"AN000460","analysis_summary":"ESI Positive mode","metabolite_name":"Caffeine-D3","refmet_name":"Caffeine"},"19":{"study_id":"ST000289","analysis_id":"AN000460","analysis_summary":"ESI Positive mode","metabolite_name":"CITRATE","refmet_name":"Citric acid"},"20":{"study_id":"ST000289","analysis_id":"AN000460","analysis_summary":"ESI Positive mode","metabolite_name":"CITRULLINE","refmet_name":"Citrulline"},"21":{"study_id":"ST000289","analysis_id":"AN000460","analysis_summary":"ESI Positive mode","metabolite_name":"CREATINE","refmet_name":"Creatine"},"22":{"study_id":"ST000289","analysis_id":"AN000460","analysis_summary":"ESI Positive mode","metabolite_name":"CYS-GLY","refmet_name":"Cys-Gly"},"23":{"study_id":"ST000289","analysis_id":"AN000460","analysis_summary":"ESI Positive mode","metabolite_name":"CYTOSINE","refmet_name":"Cytosine"},"24":{"study_id":"ST000289","analysis_id":"AN000460","analysis_summary":"ESI Positive mode","metabolite_name":"DEOXYCARNITINE","refmet_name":"3-Dehydroxycarnitine"},"25":{"study_id":"ST000289","analysis_id":"AN000460","analysis_summary":"ESI Positive mode","metabolite_name":"D-(+)-RAFFINOSE","refmet_name":"Raffinose"},"26":{"study_id":"ST000289","analysis_id":"AN000460","analysis_summary":"ESI Positive mode","metabolite_name":"FERULATE","refmet_name":"trans-Ferulic acid"},"27":{"study_id":"ST000289","analysis_id":"AN000460","analysis_summary":"ESI Positive mode","metabolite_name":"GLUCOSAMINE\/MANNOSAMINE","refmet_name":""},"28":{"study_id":"ST000289","analysis_id":"AN000460","analysis_summary":"ESI Positive mode","metabolite_name":"GLUCOSE\/FRUCTOSE-PHOSPHATE","refmet_name":""},"29":{"study_id":"ST000289","analysis_id":"AN000460","analysis_summary":"ESI Positive mode","metabolite_name":"GUANOSINE 5'-MONOPHOSPHATE","refmet_name":"GMP"},"30":{"study_id":"ST000289","analysis_id":"AN000460","analysis_summary":"ESI Positive mode","metabolite_name":"HEXOSE-6-PHOSPHATE","refmet_name":"Hexose 6-phosphate"},"31":{"study_id":"ST000289","analysis_id":"AN000460","analysis_summary":"ESI Positive mode","metabolite_name":"HEXOSE-DISACCHARIDE","refmet_name":"Hexose"},"32":{"study_id":"ST000289","analysis_id":"AN000460","analysis_summary":"ESI Positive mode","metabolite_name":"HYPOXANTHINE","refmet_name":"Hypoxanthine"},"33":{"study_id":"ST000289","analysis_id":"AN000460","analysis_summary":"ESI Positive mode","metabolite_name":"L-2-PHOSPHOGLYCERIC ACID","refmet_name":"2-Phosphoglyceric acid"},"34":{"study_id":"ST000289","analysis_id":"AN000460","analysis_summary":"ESI Positive mode","metabolite_name":"LEUCINE","refmet_name":"Leucine"},"35":{"study_id":"ST000289","analysis_id":"AN000460","analysis_summary":"ESI Positive mode","metabolite_name":"L-GLUTAMINE","refmet_name":"Glutamine"},"36":{"study_id":"ST000289","analysis_id":"AN000460","analysis_summary":"ESI Positive mode","metabolite_name":"L-Isoleucine","refmet_name":"Isoleucine"},"37":{"study_id":"ST000289","analysis_id":"AN000460","analysis_summary":"ESI Positive mode","metabolite_name":"L-Leucine-D10","refmet_name":""},"38":{"study_id":"ST000289","analysis_id":"AN000460","analysis_summary":"ESI Positive mode","metabolite_name":"L-METHIONINE","refmet_name":"Methionine"},"39":{"study_id":"ST000289","analysis_id":"AN000460","analysis_summary":"ESI Positive mode","metabolite_name":"L-PROLINE","refmet_name":"Proline"},"40":{"study_id":"ST000289","analysis_id":"AN000460","analysis_summary":"ESI Positive mode","metabolite_name":"L-TYROSINE","refmet_name":"Tyrosine"},"41":{"study_id":"ST000289","analysis_id":"AN000460","analysis_summary":"ESI Positive mode","metabolite_name":"L-VALINE\/5-AMINOPENTANOATE\/L-NORVALINE","refmet_name":""},"42":{"study_id":"ST000289","analysis_id":"AN000460","analysis_summary":"ESI Positive mode","metabolite_name":"LysoPC (16:0)","refmet_name":"LPC 16:0"},"43":{"study_id":"ST000289","analysis_id":"AN000460","analysis_summary":"ESI Positive mode","metabolite_name":"LysoPE (18:1)","refmet_name":"LPE 18:1"},"44":{"study_id":"ST000289","analysis_id":"AN000460","analysis_summary":"ESI Positive mode","metabolite_name":"N-ACETYL-DL-GLUTAMIC ACID","refmet_name":"N-Acetylglutamic acid"},"45":{"study_id":"ST000289","analysis_id":"AN000460","analysis_summary":"ESI Positive mode","metabolite_name":"N-ACETYL-L-ALANINE","refmet_name":"N-Acetylalanine"},"46":{"study_id":"ST000289","analysis_id":"AN000460","analysis_summary":"ESI Positive mode","metabolite_name":"N-ACETYLNEURAMINATE","refmet_name":"N-Acetylneuraminic acid"},"47":{"study_id":"ST000289","analysis_id":"AN000460","analysis_summary":"ESI Positive mode","metabolite_name":"N-ACETYLPUTRESCINE","refmet_name":"N-Acetylputrescine"},"48":{"study_id":"ST000289","analysis_id":"AN000460","analysis_summary":"ESI Positive mode","metabolite_name":"NALPHA-ACETYL-L-LYSINE","refmet_name":"N(2)-Acetyllysine"},"49":{"study_id":"ST000289","analysis_id":"AN000460","analysis_summary":"ESI Positive mode","metabolite_name":"NICOTINAMIDE MONONUCLEOTIDE","refmet_name":"Nicotinamide ribotide"},"50":{"study_id":"ST000289","analysis_id":"AN000460","analysis_summary":"ESI Positive mode","metabolite_name":"N-METHYL-D-ASPARTIC ACID","refmet_name":"N-Methyl-D-aspartic acid"},"51":{"study_id":"ST000289","analysis_id":"AN000460","analysis_summary":"ESI Positive mode","metabolite_name":"N(PAI)-METHYL-L-HISTIDINE","refmet_name":"3-Methylhistidine"},"52":{"study_id":"ST000289","analysis_id":"AN000460","analysis_summary":"ESI Positive mode","metabolite_name":"Pantothenic Acid","refmet_name":"Pantothenic acid"},"53":{"study_id":"ST000289","analysis_id":"AN000460","analysis_summary":"ESI Positive mode","metabolite_name":"PHENETHYLAMINE","refmet_name":"Phenylethylamine"},"54":{"study_id":"ST000289","analysis_id":"AN000460","analysis_summary":"ESI Positive mode","metabolite_name":"Phenylalanine","refmet_name":"Phenylalanine"},"55":{"study_id":"ST000289","analysis_id":"AN000460","analysis_summary":"ESI Positive mode","metabolite_name":"Phenylalanine-HCOOH","refmet_name":""},"56":{"study_id":"ST000289","analysis_id":"AN000460","analysis_summary":"ESI Positive mode","metabolite_name":"PHOSPHOCHOLINE","refmet_name":"Choline phosphate"},"57":{"study_id":"ST000289","analysis_id":"AN000460","analysis_summary":"ESI Positive mode","metabolite_name":"PICOLINIC ACID","refmet_name":"Picolinic acid"},"58":{"study_id":"ST000289","analysis_id":"AN000460","analysis_summary":"ESI Positive mode","metabolite_name":"PIPECOLATE\/L-PIPECOLIC ACID","refmet_name":"Pipecolic acid"},"59":{"study_id":"ST000289","analysis_id":"AN000460","analysis_summary":"ESI Positive mode","metabolite_name":"QUINATE","refmet_name":"Quinic acid"},"60":{"study_id":"ST000289","analysis_id":"AN000460","analysis_summary":"ESI Positive mode","metabolite_name":"(R)-MALATE","refmet_name":"D-Malic acid"},"61":{"study_id":"ST000289","analysis_id":"AN000460","analysis_summary":"ESI Positive mode","metabolite_name":"S-(5'-ADENOSYL)-L-METHIONINE","refmet_name":"S-Adenosylmethionine"},"62":{"study_id":"ST000289","analysis_id":"AN000460","analysis_summary":"ESI Positive mode","metabolite_name":"SUCCINATE","refmet_name":"Succinic acid"},"63":{"study_id":"ST000289","analysis_id":"AN000460","analysis_summary":"ESI Positive mode","metabolite_name":"THREONINE\/HOMOSERINE","refmet_name":"Threonine\/Homoserine"},"64":{"study_id":"ST000289","analysis_id":"AN000460","analysis_summary":"ESI Positive mode","metabolite_name":"TRANS-CINNAMATE","refmet_name":"trans-Cinnamic acid"},"65":{"study_id":"ST000289","analysis_id":"AN000460","analysis_summary":"ESI Positive mode","metabolite_name":"Tryptophan","refmet_name":"Tryptophan"},"66":{"study_id":"ST000289","analysis_id":"AN000460","analysis_summary":"ESI Positive mode","metabolite_name":"Tryptophan-2,3,3-D3","refmet_name":"Tryptophan"},"67":{"study_id":"ST000289","analysis_id":"AN000460","analysis_summary":"ESI Positive mode","metabolite_name":"Tryptophan-2,3,3-D3-NH3","refmet_name":"Tryptophan"},"68":{"study_id":"ST000289","analysis_id":"AN000460","analysis_summary":"ESI Positive mode","metabolite_name":"Tryptophan-NH3","refmet_name":"Tryptophan"},"69":{"study_id":"ST000289","analysis_id":"AN000460","analysis_summary":"ESI Positive mode","metabolite_name":"URACIL","refmet_name":"Uracil"},"70":{"study_id":"ST000289","analysis_id":"AN000460","analysis_summary":"ESI Positive mode","metabolite_name":"URATE","refmet_name":"Uric acid"},"71":{"study_id":"ST000289","analysis_id":"AN000460","analysis_summary":"ESI Positive mode","metabolite_name":"URIDINE","refmet_name":"Uridine"},"72":{"study_id":"ST000289","analysis_id":"AN000460","analysis_summary":"ESI Positive mode","metabolite_name":"URIDINE-5-MONOPHOSPHATE","refmet_name":"UMP"},"73":{"study_id":"ST000289","analysis_id":"AN000461","analysis_summary":"ESI Negative mode","metabolite_name":"2,5-DIHYDROXYBENZOATE","refmet_name":"Gentisic acid"},"74":{"study_id":"ST000289","analysis_id":"AN000461","analysis_summary":"ESI Negative mode","metabolite_name":"3-(2-HYDROXYPHENYL)PROPANOATE","refmet_name":"3-(2-Hydroxyphenyl)propanoic acid"},"75":{"study_id":"ST000289","analysis_id":"AN000461","analysis_summary":"ESI Negative mode","metabolite_name":"3,4-DIHYDROXYPHENYLACETATE","refmet_name":"3,4-Dihydroxybenzeneacetic acid"},"76":{"study_id":"ST000289","analysis_id":"AN000461","analysis_summary":"ESI Negative mode","metabolite_name":"3'-CMP","refmet_name":"3'-CMP"},"77":{"study_id":"ST000289","analysis_id":"AN000461","analysis_summary":"ESI Negative mode","metabolite_name":"3-METHYL-2-OXOVALERIC ACID","refmet_name":"3-Methyl-2-oxovaleric acid"},"78":{"study_id":"ST000289","analysis_id":"AN000461","analysis_summary":"ESI Negative mode","metabolite_name":"4-METHYL-2-OXO-PENTANOIC ACID","refmet_name":"Ketoleucine"},"79":{"study_id":"ST000289","analysis_id":"AN000461","analysis_summary":"ESI Negative mode","metabolite_name":"5-OXO-L-PROLINE","refmet_name":"Pyroglutamic acid"},"80":{"study_id":"ST000289","analysis_id":"AN000461","analysis_summary":"ESI Negative mode","metabolite_name":"6-PHOSPHOGLUCONIC ACID","refmet_name":"6-Phosphogluconic acid"},"81":{"study_id":"ST000289","analysis_id":"AN000461","analysis_summary":"ESI Negative mode","metabolite_name":"ADENINE","refmet_name":"Adenine"},"82":{"study_id":"ST000289","analysis_id":"AN000461","analysis_summary":"ESI Negative mode","metabolite_name":"ADENOSINE","refmet_name":"Adenosine"},"83":{"study_id":"ST000289","analysis_id":"AN000461","analysis_summary":"ESI Negative mode","metabolite_name":"ADENOSINE 5'-MONOPHOSPHATE","refmet_name":"AMP"},"84":{"study_id":"ST000289","analysis_id":"AN000461","analysis_summary":"ESI Negative mode","metabolite_name":"ADP_1","refmet_name":"ADP"},"85":{"study_id":"ST000289","analysis_id":"AN000461","analysis_summary":"ESI Negative mode","metabolite_name":"ADP_2","refmet_name":"ADP"},"86":{"study_id":"ST000289","analysis_id":"AN000461","analysis_summary":"ESI Negative mode","metabolite_name":"ALDOPENTOSE","refmet_name":"Aldopentose"},"87":{"study_id":"ST000289","analysis_id":"AN000461","analysis_summary":"ESI Negative mode","metabolite_name":"ALPHA-KETOGLUTARIC ACID","refmet_name":"Oxoglutaric acid"},"88":{"study_id":"ST000289","analysis_id":"AN000461","analysis_summary":"ESI Negative mode","metabolite_name":"ASPARAGINE","refmet_name":"Asparagine"},"89":{"study_id":"ST000289","analysis_id":"AN000461","analysis_summary":"ESI Negative mode","metabolite_name":"ASPARTATE","refmet_name":"Aspartic acid"},"90":{"study_id":"ST000289","analysis_id":"AN000461","analysis_summary":"ESI Negative mode","metabolite_name":"C12H22O11-DISACCHARIDE-(6C\/6C; GLC-GLC\/GLC-FRC\/GAL-GLC)","refmet_name":""},"91":{"study_id":"ST000289","analysis_id":"AN000461","analysis_summary":"ESI Negative mode","metabolite_name":"C6H12O6-HEXOSE\/KETOSE\/INOSITOL","refmet_name":"Hexose"},"92":{"study_id":"ST000289","analysis_id":"AN000461","analysis_summary":"ESI Negative mode","metabolite_name":"CITRATE","refmet_name":"Citric acid"},"93":{"study_id":"ST000289","analysis_id":"AN000461","analysis_summary":"ESI Negative mode","metabolite_name":"CITRIC ACID-13C6","refmet_name":"Citric acid"},"94":{"study_id":"ST000289","analysis_id":"AN000461","analysis_summary":"ESI Negative mode","metabolite_name":"CMP","refmet_name":"CMP"},"95":{"study_id":"ST000289","analysis_id":"AN000461","analysis_summary":"ESI Negative mode","metabolite_name":"D-GLUCURONIC ACID\/D-GLUCURONOLACTONE\/D-(+)-GALACTURONIC ACID","refmet_name":""},"96":{"study_id":"ST000289","analysis_id":"AN000461","analysis_summary":"ESI Negative mode","metabolite_name":"DIHYDROXYACETONE PHOSPHATE","refmet_name":"Dihydroxyacetone phosphate"},"97":{"study_id":"ST000289","analysis_id":"AN000461","analysis_summary":"ESI Negative mode","metabolite_name":"DISACCHARIDE (6C\/6C)","refmet_name":""},"98":{"study_id":"ST000289","analysis_id":"AN000461","analysis_summary":"ESI Negative mode","metabolite_name":"D-RIBOSE 5-PHOSPHATE\/RIBULOSE 5-PHOSPHATE","refmet_name":"Ribose"},"99":{"study_id":"ST000289","analysis_id":"AN000461","analysis_summary":"ESI Negative mode","metabolite_name":"D-SACCHARIC ACID","refmet_name":"Glucaric acid"},"100":{"study_id":"ST000289","analysis_id":"AN000461","analysis_summary":"ESI Negative mode","metabolite_name":"Erythrose 4-Phosphate","refmet_name":"Erythrose 4-phosphate"},"101":{"study_id":"ST000289","analysis_id":"AN000461","analysis_summary":"ESI Negative mode","metabolite_name":"Fumaric Acid","refmet_name":"Fumaric acid"},"102":{"study_id":"ST000289","analysis_id":"AN000461","analysis_summary":"ESI Negative mode","metabolite_name":"GLUCONIC ACID\/D-GULONIC ACID GAMA-LACTONE","refmet_name":"Gluconic acid\/Gulonolactone"},"103":{"study_id":"ST000289","analysis_id":"AN000461","analysis_summary":"ESI Negative mode","metabolite_name":"Glucose 1-Phosphate","refmet_name":"Glucose 1-phosphate"},"104":{"study_id":"ST000289","analysis_id":"AN000461","analysis_summary":"ESI Negative mode","metabolite_name":"GLUCOSE\/FRUCTOSE [M+Cl]-","refmet_name":"Hexose"},"105":{"study_id":"ST000289","analysis_id":"AN000461","analysis_summary":"ESI Negative mode","metabolite_name":"GLUTARATE","refmet_name":"Glutaric acid"},"106":{"study_id":"ST000289","analysis_id":"AN000461","analysis_summary":"ESI Negative mode","metabolite_name":"GLUTATHIONE","refmet_name":"Glutathione"},"107":{"study_id":"ST000289","analysis_id":"AN000461","analysis_summary":"ESI Negative mode","metabolite_name":"Glyceraldehyde","refmet_name":"Glyceraldehyde"},"108":{"study_id":"ST000289","analysis_id":"AN000461","analysis_summary":"ESI Negative mode","metabolite_name":"GLYCERIC ACID","refmet_name":"Glyceric acid"},"109":{"study_id":"ST000289","analysis_id":"AN000461","analysis_summary":"ESI Negative mode","metabolite_name":"GLYCEROL 2-PHOSPHATE\/SN-GLYCEROL 3-PHOSPHATE","refmet_name":"2-Phosphoglyceric acid"},"110":{"study_id":"ST000289","analysis_id":"AN000461","analysis_summary":"ESI Negative mode","metabolite_name":"GLYCOLATE","refmet_name":"Glycolic acid"},"111":{"study_id":"ST000289","analysis_id":"AN000461","analysis_summary":"ESI Negative mode","metabolite_name":"Guanosine","refmet_name":"Guanosine"},"112":{"study_id":"ST000289","analysis_id":"AN000461","analysis_summary":"ESI Negative mode","metabolite_name":"GUANOSINE 5'-MONOPHOSPHATE","refmet_name":"GMP"},"113":{"study_id":"ST000289","analysis_id":"AN000461","analysis_summary":"ESI Negative mode","metabolite_name":"HEXOSE ALCOHOL","refmet_name":""},"114":{"study_id":"ST000289","analysis_id":"AN000461","analysis_summary":"ESI Negative mode","metabolite_name":"Inosine","refmet_name":"Inosine"},"115":{"study_id":"ST000289","analysis_id":"AN000461","analysis_summary":"ESI Negative mode","metabolite_name":"INOSINE","refmet_name":"Inosine"},"116":{"study_id":"ST000289","analysis_id":"AN000461","analysis_summary":"ESI Negative mode","metabolite_name":"L-2-PHOSPHOGLYCERIC ACID","refmet_name":"2-Phosphoglyceric acid"},"117":{"study_id":"ST000289","analysis_id":"AN000461","analysis_summary":"ESI Negative mode","metabolite_name":"L-GLUTAMINE","refmet_name":"Glutamine"},"118":{"study_id":"ST000289","analysis_id":"AN000461","analysis_summary":"ESI Negative mode","metabolite_name":"Linoleic Acid (18:2)","refmet_name":"Linoleic acid"},"119":{"study_id":"ST000289","analysis_id":"AN000461","analysis_summary":"ESI Negative mode","metabolite_name":"L-METHIONINE","refmet_name":"Methionine"},"120":{"study_id":"ST000289","analysis_id":"AN000461","analysis_summary":"ESI Negative mode","metabolite_name":"L-TYROSINE","refmet_name":"Tyrosine"},"121":{"study_id":"ST000289","analysis_id":"AN000461","analysis_summary":"ESI Negative mode","metabolite_name":"MALATE","refmet_name":"Malic acid"},"122":{"study_id":"ST000289","analysis_id":"AN000461","analysis_summary":"ESI Negative mode","metabolite_name":"MALONATE","refmet_name":"Malonic acid"},"123":{"study_id":"ST000289","analysis_id":"AN000461","analysis_summary":"ESI Negative mode","metabolite_name":"Mono-(2-Ethylhexyl) Phthalate","refmet_name":"Monoethylhexyl phthalic acid"},"124":{"study_id":"ST000289","analysis_id":"AN000461","analysis_summary":"ESI Negative mode","metabolite_name":"Mono-(2-Ethylhexyl) Phthalate Dimer","refmet_name":"Monoethylhexyl phthalic acid"},"125":{"study_id":"ST000289","analysis_id":"AN000461","analysis_summary":"ESI Negative mode","metabolite_name":"N-ACETYL-DL-GLUTAMIC ACID","refmet_name":"N-Acetylglutamic acid"},"126":{"study_id":"ST000289","analysis_id":"AN000461","analysis_summary":"ESI Negative mode","metabolite_name":"NALPHA-ACETYL-L-LYSINE","refmet_name":"N(2)-Acetyllysine"},"127":{"study_id":"ST000289","analysis_id":"AN000461","analysis_summary":"ESI Negative mode","metabolite_name":"NICOTINATE","refmet_name":"Nicotinic acid"},"128":{"study_id":"ST000289","analysis_id":"AN000461","analysis_summary":"ESI Negative mode","metabolite_name":"N-METHYL-D-ASPARTIC ACID","refmet_name":"N-Methyl-D-aspartic acid"},"129":{"study_id":"ST000289","analysis_id":"AN000461","analysis_summary":"ESI Negative mode","metabolite_name":"N-METHYL-L-GLUTAMATE","refmet_name":"N-Methyl-glutamic acid"},"130":{"study_id":"ST000289","analysis_id":"AN000461","analysis_summary":"ESI Negative mode","metabolite_name":"Proline","refmet_name":"Proline"},"131":{"study_id":"ST000289","analysis_id":"AN000461","analysis_summary":"ESI Negative mode","metabolite_name":"QUINATE","refmet_name":"Quinic acid"},"132":{"study_id":"ST000289","analysis_id":"AN000461","analysis_summary":"ESI Negative mode","metabolite_name":"Salicylic Acid-D4","refmet_name":"Salicylic acid"},"133":{"study_id":"ST000289","analysis_id":"AN000461","analysis_summary":"ESI Negative mode","metabolite_name":"SARCOSINE\/BETA-ALANINE","refmet_name":""},"134":{"study_id":"ST000289","analysis_id":"AN000461","analysis_summary":"ESI Negative mode","metabolite_name":"SUCCINATE","refmet_name":"Succinic acid"},"135":{"study_id":"ST000289","analysis_id":"AN000461","analysis_summary":"ESI Negative mode","metabolite_name":"SUCCINIC ACID-13C6","refmet_name":"Succinic acid"},"136":{"study_id":"ST000289","analysis_id":"AN000461","analysis_summary":"ESI Negative mode","metabolite_name":"THREONINE\/HOMOSERINE","refmet_name":"Threonine\/Homoserine"},"137":{"study_id":"ST000289","analysis_id":"AN000461","analysis_summary":"ESI Negative mode","metabolite_name":"TRANS-ACONITATE","refmet_name":"trans-Aconitic acid"},"138":{"study_id":"ST000289","analysis_id":"AN000461","analysis_summary":"ESI Negative mode","metabolite_name":"Tryptophan","refmet_name":"Tryptophan"},"139":{"study_id":"ST000289","analysis_id":"AN000461","analysis_summary":"ESI Negative mode","metabolite_name":"UDP","refmet_name":"UDP"},"140":{"study_id":"ST000289","analysis_id":"AN000461","analysis_summary":"ESI Negative mode","metabolite_name":"URACIL","refmet_name":"Uracil"},"141":{"study_id":"ST000289","analysis_id":"AN000461","analysis_summary":"ESI Negative mode","metabolite_name":"URATE","refmet_name":"Uric acid"},"142":{"study_id":"ST000289","analysis_id":"AN000461","analysis_summary":"ESI Negative mode","metabolite_name":"URIDINE","refmet_name":"Uridine"},"143":{"study_id":"ST000289","analysis_id":"AN000461","analysis_summary":"ESI Negative mode","metabolite_name":"URIDINE-5-MONOPHOSPHATE","refmet_name":"UMP"}}