{"1":{"study_id":"ST000351","analysis_id":"AN000567","analysis_summary":"Amino Acid method","metabolite_name":"Alanine","refmet_name":"Alanine"},"2":{"study_id":"ST000351","analysis_id":"AN000567","analysis_summary":"Amino Acid method","metabolite_name":"Arginine","refmet_name":"Arginine"},"3":{"study_id":"ST000351","analysis_id":"AN000567","analysis_summary":"Amino Acid method","metabolite_name":"Asparagine","refmet_name":"Asparagine"},"4":{"study_id":"ST000351","analysis_id":"AN000567","analysis_summary":"Amino Acid method","metabolite_name":"Aspartic Acid","refmet_name":"Aspartic acid"},"5":{"study_id":"ST000351","analysis_id":"AN000567","analysis_summary":"Amino Acid method","metabolite_name":"Citrulline","refmet_name":"Citrulline"},"6":{"study_id":"ST000351","analysis_id":"AN000567","analysis_summary":"Amino Acid method","metabolite_name":"Glutamic Acid","refmet_name":"Glutamic acid"},"7":{"study_id":"ST000351","analysis_id":"AN000567","analysis_summary":"Amino Acid method","metabolite_name":"Glutamine","refmet_name":"Glutamine"},"8":{"study_id":"ST000351","analysis_id":"AN000567","analysis_summary":"Amino Acid method","metabolite_name":"Glycine","refmet_name":"Glycine"},"9":{"study_id":"ST000351","analysis_id":"AN000567","analysis_summary":"Amino Acid method","metabolite_name":"Histidine","refmet_name":"Histidine"},"10":{"study_id":"ST000351","analysis_id":"AN000567","analysis_summary":"Amino Acid method","metabolite_name":"Isoleucine","refmet_name":"Isoleucine"},"11":{"study_id":"ST000351","analysis_id":"AN000567","analysis_summary":"Amino Acid method","metabolite_name":"Leucine","refmet_name":"Leucine"},"12":{"study_id":"ST000351","analysis_id":"AN000567","analysis_summary":"Amino Acid method","metabolite_name":"Lysine","refmet_name":"Lysine"},"13":{"study_id":"ST000351","analysis_id":"AN000567","analysis_summary":"Amino Acid method","metabolite_name":"Methionine","refmet_name":"Methionine"},"14":{"study_id":"ST000351","analysis_id":"AN000567","analysis_summary":"Amino Acid method","metabolite_name":"Ornithine","refmet_name":"Ornithine"},"15":{"study_id":"ST000351","analysis_id":"AN000567","analysis_summary":"Amino Acid method","metabolite_name":"Phenylalanine","refmet_name":"Phenylalanine"},"16":{"study_id":"ST000351","analysis_id":"AN000567","analysis_summary":"Amino Acid method","metabolite_name":"Proline","refmet_name":"Proline"},"17":{"study_id":"ST000351","analysis_id":"AN000567","analysis_summary":"Amino Acid method","metabolite_name":"Serine","refmet_name":"Serine"},"18":{"study_id":"ST000351","analysis_id":"AN000567","analysis_summary":"Amino Acid method","metabolite_name":"Threonine","refmet_name":"Threonine"},"19":{"study_id":"ST000351","analysis_id":"AN000567","analysis_summary":"Amino Acid method","metabolite_name":"Tryptophan","refmet_name":"Tryptophan"},"20":{"study_id":"ST000351","analysis_id":"AN000567","analysis_summary":"Amino Acid method","metabolite_name":"Tyrosine","refmet_name":"Tyrosine"},"21":{"study_id":"ST000351","analysis_id":"AN000567","analysis_summary":"Amino Acid method","metabolite_name":"Valine","refmet_name":"Valine"},"22":{"study_id":"ST000351","analysis_id":"AN000568","analysis_summary":"Acylcarnitine method","metabolite_name":"C10","refmet_name":"CAR 10:0"},"23":{"study_id":"ST000351","analysis_id":"AN000568","analysis_summary":"Acylcarnitine method","metabolite_name":"C10-OH","refmet_name":"CAR 10:0;OH"},"24":{"study_id":"ST000351","analysis_id":"AN000568","analysis_summary":"Acylcarnitine method","metabolite_name":"C12","refmet_name":"CAR 12:0"},"25":{"study_id":"ST000351","analysis_id":"AN000568","analysis_summary":"Acylcarnitine method","metabolite_name":"C12:1","refmet_name":"CAR 12:1"},"26":{"study_id":"ST000351","analysis_id":"AN000568","analysis_summary":"Acylcarnitine method","metabolite_name":"C12-OH","refmet_name":"CAR 12:0;OH"},"27":{"study_id":"ST000351","analysis_id":"AN000568","analysis_summary":"Acylcarnitine method","metabolite_name":"C14","refmet_name":"CAR 14:0"},"28":{"study_id":"ST000351","analysis_id":"AN000568","analysis_summary":"Acylcarnitine method","metabolite_name":"C14:1","refmet_name":"CAR 14:1"},"29":{"study_id":"ST000351","analysis_id":"AN000568","analysis_summary":"Acylcarnitine method","metabolite_name":"C14:1-OH","refmet_name":"CAR 14:1;OH"},"30":{"study_id":"ST000351","analysis_id":"AN000568","analysis_summary":"Acylcarnitine method","metabolite_name":"C14:2","refmet_name":"CAR 14:2"},"31":{"study_id":"ST000351","analysis_id":"AN000568","analysis_summary":"Acylcarnitine method","metabolite_name":"C14:2-OH","refmet_name":"CAR 14:2;OH"},"32":{"study_id":"ST000351","analysis_id":"AN000568","analysis_summary":"Acylcarnitine method","metabolite_name":"C14-OH","refmet_name":"CAR 14:0;OH"},"33":{"study_id":"ST000351","analysis_id":"AN000568","analysis_summary":"Acylcarnitine method","metabolite_name":"C16","refmet_name":"CAR 16:0"},"34":{"study_id":"ST000351","analysis_id":"AN000568","analysis_summary":"Acylcarnitine method","metabolite_name":"C16:1","refmet_name":"CAR 16:1"},"35":{"study_id":"ST000351","analysis_id":"AN000568","analysis_summary":"Acylcarnitine method","metabolite_name":"C16:1-OH","refmet_name":"CAR 16:1;OH"},"36":{"study_id":"ST000351","analysis_id":"AN000568","analysis_summary":"Acylcarnitine method","metabolite_name":"C16:2","refmet_name":"CAR 16:2"},"37":{"study_id":"ST000351","analysis_id":"AN000568","analysis_summary":"Acylcarnitine method","metabolite_name":"C16:2-OH","refmet_name":"CAR 16:2;OH"},"38":{"study_id":"ST000351","analysis_id":"AN000568","analysis_summary":"Acylcarnitine method","metabolite_name":"C16-OH","refmet_name":"CAR 16:0"},"39":{"study_id":"ST000351","analysis_id":"AN000568","analysis_summary":"Acylcarnitine method","metabolite_name":"C18","refmet_name":"CAR 18:0"},"40":{"study_id":"ST000351","analysis_id":"AN000568","analysis_summary":"Acylcarnitine method","metabolite_name":"C18:1","refmet_name":"CAR 18:1"},"41":{"study_id":"ST000351","analysis_id":"AN000568","analysis_summary":"Acylcarnitine method","metabolite_name":"C18:1-OH","refmet_name":"CAR 18:1;OH"},"42":{"study_id":"ST000351","analysis_id":"AN000568","analysis_summary":"Acylcarnitine method","metabolite_name":"C18:2","refmet_name":"CAR 18:2"},"43":{"study_id":"ST000351","analysis_id":"AN000568","analysis_summary":"Acylcarnitine method","metabolite_name":"C18:2-OH","refmet_name":"CAR 18:2;OH"},"44":{"study_id":"ST000351","analysis_id":"AN000568","analysis_summary":"Acylcarnitine method","metabolite_name":"C18-OH","refmet_name":"CAR 18:0;OH"},"45":{"study_id":"ST000351","analysis_id":"AN000568","analysis_summary":"Acylcarnitine method","metabolite_name":"C2","refmet_name":"CAR 2:0"},"46":{"study_id":"ST000351","analysis_id":"AN000568","analysis_summary":"Acylcarnitine method","metabolite_name":"C20","refmet_name":"CAR 20:0"},"47":{"study_id":"ST000351","analysis_id":"AN000568","analysis_summary":"Acylcarnitine method","metabolite_name":"C20:1","refmet_name":"CAR 20:1"},"48":{"study_id":"ST000351","analysis_id":"AN000568","analysis_summary":"Acylcarnitine method","metabolite_name":"C20:1-OH","refmet_name":"CAR 20:1;OH"},"49":{"study_id":"ST000351","analysis_id":"AN000568","analysis_summary":"Acylcarnitine method","metabolite_name":"C20:2","refmet_name":"CAR 20:2"},"50":{"study_id":"ST000351","analysis_id":"AN000568","analysis_summary":"Acylcarnitine method","metabolite_name":"C20:2-OH","refmet_name":"CAR 20:2;OH"},"51":{"study_id":"ST000351","analysis_id":"AN000568","analysis_summary":"Acylcarnitine method","metabolite_name":"C20:3","refmet_name":"CAR 20:3"},"52":{"study_id":"ST000351","analysis_id":"AN000568","analysis_summary":"Acylcarnitine method","metabolite_name":"C20:4","refmet_name":"CAR 20:4"},"53":{"study_id":"ST000351","analysis_id":"AN000568","analysis_summary":"Acylcarnitine method","metabolite_name":"C20-OH\/C22:6","refmet_name":""},"54":{"study_id":"ST000351","analysis_id":"AN000568","analysis_summary":"Acylcarnitine method","metabolite_name":"C22","refmet_name":"CAR 22:0"},"55":{"study_id":"ST000351","analysis_id":"AN000568","analysis_summary":"Acylcarnitine method","metabolite_name":"C22:1","refmet_name":"CAR 22:1"},"56":{"study_id":"ST000351","analysis_id":"AN000568","analysis_summary":"Acylcarnitine method","metabolite_name":"C22:2","refmet_name":"CAR 22:2"},"57":{"study_id":"ST000351","analysis_id":"AN000568","analysis_summary":"Acylcarnitine method","metabolite_name":"C22:3","refmet_name":"CAR 22:3"},"58":{"study_id":"ST000351","analysis_id":"AN000568","analysis_summary":"Acylcarnitine method","metabolite_name":"C22:4","refmet_name":"CAR 22:4"},"59":{"study_id":"ST000351","analysis_id":"AN000568","analysis_summary":"Acylcarnitine method","metabolite_name":"C22:5","refmet_name":"CAR 22:5"},"60":{"study_id":"ST000351","analysis_id":"AN000568","analysis_summary":"Acylcarnitine method","metabolite_name":"C3","refmet_name":"CAR 3:0"},"61":{"study_id":"ST000351","analysis_id":"AN000568","analysis_summary":"Acylcarnitine method","metabolite_name":"C3-DC","refmet_name":"CAR DC3:0"},"62":{"study_id":"ST000351","analysis_id":"AN000568","analysis_summary":"Acylcarnitine method","metabolite_name":"C3-OH","refmet_name":"CAR 3:0;OH"},"63":{"study_id":"ST000351","analysis_id":"AN000568","analysis_summary":"Acylcarnitine method","metabolite_name":"C4:1","refmet_name":"CAR 4:1"},"64":{"study_id":"ST000351","analysis_id":"AN000568","analysis_summary":"Acylcarnitine method","metabolite_name":"C4 Butyryl","refmet_name":"CAR 4:0"},"65":{"study_id":"ST000351","analysis_id":"AN000568","analysis_summary":"Acylcarnitine method","metabolite_name":"C4-DC Methylmalonyl","refmet_name":"CAR 4:0"},"66":{"study_id":"ST000351","analysis_id":"AN000568","analysis_summary":"Acylcarnitine method","metabolite_name":"C4-DC Succinyl","refmet_name":"CAR 4:0"},"67":{"study_id":"ST000351","analysis_id":"AN000568","analysis_summary":"Acylcarnitine method","metabolite_name":"C4 Isobutyryl","refmet_name":""},"68":{"study_id":"ST000351","analysis_id":"AN000568","analysis_summary":"Acylcarnitine method","metabolite_name":"C4-OH Butyryl","refmet_name":""},"69":{"study_id":"ST000351","analysis_id":"AN000568","analysis_summary":"Acylcarnitine method","metabolite_name":"C4-OH Isobutyryl","refmet_name":""},"70":{"study_id":"ST000351","analysis_id":"AN000568","analysis_summary":"Acylcarnitine method","metabolite_name":"C5:1","refmet_name":"CAR 5:1"},"71":{"study_id":"ST000351","analysis_id":"AN000568","analysis_summary":"Acylcarnitine method","metabolite_name":"C5 2-Methylbutyryl","refmet_name":"CAR 5:0"},"72":{"study_id":"ST000351","analysis_id":"AN000568","analysis_summary":"Acylcarnitine method","metabolite_name":"C5-DC","refmet_name":"CAR DC5:0"},"73":{"study_id":"ST000351","analysis_id":"AN000568","analysis_summary":"Acylcarnitine method","metabolite_name":"C5 Isovaleryl","refmet_name":"CAR 5:0"},"74":{"study_id":"ST000351","analysis_id":"AN000568","analysis_summary":"Acylcarnitine method","metabolite_name":"C5-OH","refmet_name":"CAR 5:0;OH"},"75":{"study_id":"ST000351","analysis_id":"AN000568","analysis_summary":"Acylcarnitine method","metabolite_name":"C5 Valeryl","refmet_name":"CAR 5:0"},"76":{"study_id":"ST000351","analysis_id":"AN000568","analysis_summary":"Acylcarnitine method","metabolite_name":"C6","refmet_name":"CAR 6:0"},"77":{"study_id":"ST000351","analysis_id":"AN000568","analysis_summary":"Acylcarnitine method","metabolite_name":"C6-OH","refmet_name":"CAR 6:0;OH"},"78":{"study_id":"ST000351","analysis_id":"AN000568","analysis_summary":"Acylcarnitine method","metabolite_name":"C8","refmet_name":"CAR 8:0"},"79":{"study_id":"ST000351","analysis_id":"AN000568","analysis_summary":"Acylcarnitine method","metabolite_name":"C8:1-OH","refmet_name":"CAR 8:1;OH"},"80":{"study_id":"ST000351","analysis_id":"AN000568","analysis_summary":"Acylcarnitine method","metabolite_name":"C8-OH","refmet_name":"CAR 8:0;OH"},"81":{"study_id":"ST000351","analysis_id":"AN000569","analysis_summary":"Organic acid method","metabolite_name":"_3_HBA","refmet_name":"3-Hydroxybutyric acid"},"82":{"study_id":"ST000351","analysis_id":"AN000569","analysis_summary":"Organic acid method","metabolite_name":"a-KG","refmet_name":"Oxoglutaric acid"},"83":{"study_id":"ST000351","analysis_id":"AN000569","analysis_summary":"Organic acid method","metabolite_name":"Citrate","refmet_name":"Citric acid"},"84":{"study_id":"ST000351","analysis_id":"AN000569","analysis_summary":"Organic acid method","metabolite_name":"Fumarate","refmet_name":"Fumaric acid"},"85":{"study_id":"ST000351","analysis_id":"AN000569","analysis_summary":"Organic acid method","metabolite_name":"Lactate","refmet_name":"Lactic acid"},"86":{"study_id":"ST000351","analysis_id":"AN000569","analysis_summary":"Organic acid method","metabolite_name":"Malate","refmet_name":"Malic acid"},"87":{"study_id":"ST000351","analysis_id":"AN000569","analysis_summary":"Organic acid method","metabolite_name":"Pyruvate","refmet_name":"Pyruvic acid"},"88":{"study_id":"ST000351","analysis_id":"AN000569","analysis_summary":"Organic acid method","metabolite_name":"Succinate","refmet_name":"Succinic acid"},"89":{"study_id":"ST000351","analysis_id":"AN000570","analysis_summary":"NAD-ATP method","metabolite_name":"ADP","refmet_name":"Adenosine"},"90":{"study_id":"ST000351","analysis_id":"AN000570","analysis_summary":"NAD-ATP method","metabolite_name":"AMP","refmet_name":"AMP"},"91":{"study_id":"ST000351","analysis_id":"AN000570","analysis_summary":"NAD-ATP method","metabolite_name":"ATP","refmet_name":"ATP"},"92":{"study_id":"ST000351","analysis_id":"AN000570","analysis_summary":"NAD-ATP method","metabolite_name":"NAD","refmet_name":"NAD+"},"93":{"study_id":"ST000351","analysis_id":"AN000570","analysis_summary":"NAD-ATP method","metabolite_name":"NADH","refmet_name":"NADH"},"94":{"study_id":"ST000351","analysis_id":"AN000570","analysis_summary":"NAD-ATP method","metabolite_name":"NADP","refmet_name":"NADP+"},"95":{"study_id":"ST000351","analysis_id":"AN000570","analysis_summary":"NAD-ATP method","metabolite_name":"NADPH","refmet_name":"NADPH"},"96":{"study_id":"ST000351","analysis_id":"AN000570","analysis_summary":"NAD-ATP method","metabolite_name":"NAM","refmet_name":"Niacinamide"},"97":{"study_id":"ST000351","analysis_id":"AN000570","analysis_summary":"NAD-ATP method","metabolite_name":"NMN","refmet_name":"Nicotinamide ribotide"},"98":{"study_id":"ST000351","analysis_id":"AN000571","analysis_summary":"CoA method","metabolite_name":"Acetyl-CoA","refmet_name":"Acetyl-CoA"},"99":{"study_id":"ST000351","analysis_id":"AN000571","analysis_summary":"CoA method","metabolite_name":"Malonyl-CoA","refmet_name":"Malonyl-CoA"}}