{"1":{"study_id":"ST000597","analysis_id":"AN000915","analysis_summary":"Reversed phase POSITIVE ION MODE","metabolite_name":"11(12)-EpETre EA","refmet_name":"11(12)-EpETrE-EA"},"2":{"study_id":"ST000597","analysis_id":"AN000915","analysis_summary":"Reversed phase POSITIVE ION MODE","metabolite_name":"15-HETE EA","refmet_name":"15-HETE-EA"},"3":{"study_id":"ST000597","analysis_id":"AN000915","analysis_summary":"Reversed phase POSITIVE ION MODE","metabolite_name":"1-AG","refmet_name":"MG 20:4"},"4":{"study_id":"ST000597","analysis_id":"AN000915","analysis_summary":"Reversed phase POSITIVE ION MODE","metabolite_name":"1-LG","refmet_name":"MG 18:2"},"5":{"study_id":"ST000597","analysis_id":"AN000915","analysis_summary":"Reversed phase POSITIVE ION MODE","metabolite_name":"1-OG","refmet_name":"MG 18:1"},"6":{"study_id":"ST000597","analysis_id":"AN000915","analysis_summary":"Reversed phase POSITIVE ION MODE","metabolite_name":"2-AG","refmet_name":"MG 20:4"},"7":{"study_id":"ST000597","analysis_id":"AN000915","analysis_summary":"Reversed phase POSITIVE ION MODE","metabolite_name":"2-LG","refmet_name":"MG 18:2"},"8":{"study_id":"ST000597","analysis_id":"AN000915","analysis_summary":"Reversed phase POSITIVE ION MODE","metabolite_name":"2-OG","refmet_name":"MG 0:0\/18:1(9Z)\/0:0"},"9":{"study_id":"ST000597","analysis_id":"AN000915","analysis_summary":"Reversed phase POSITIVE ION MODE","metabolite_name":"AEA","refmet_name":"Arachidonoyl-EA"},"10":{"study_id":"ST000597","analysis_id":"AN000915","analysis_summary":"Reversed phase POSITIVE ION MODE","metabolite_name":"aLEA","refmet_name":"alpha-Linolenoyl-EA"},"11":{"study_id":"ST000597","analysis_id":"AN000915","analysis_summary":"Reversed phase POSITIVE ION MODE","metabolite_name":"DEA","refmet_name":"Adrenoyl-EA"},"12":{"study_id":"ST000597","analysis_id":"AN000915","analysis_summary":"Reversed phase POSITIVE ION MODE","metabolite_name":"DHEA","refmet_name":"Docosahexenoyl-EA"},"13":{"study_id":"ST000597","analysis_id":"AN000915","analysis_summary":"Reversed phase POSITIVE ION MODE","metabolite_name":"Dihomo GLA EA","refmet_name":"Dihomo-gamma-linolenoyl-EA"},"14":{"study_id":"ST000597","analysis_id":"AN000915","analysis_summary":"Reversed phase POSITIVE ION MODE","metabolite_name":"LEA","refmet_name":"Linoleoyl-EA"},"15":{"study_id":"ST000597","analysis_id":"AN000915","analysis_summary":"Reversed phase POSITIVE ION MODE","metabolite_name":"NA-Gly","refmet_name":"N-Arachidonoyl glycine"},"16":{"study_id":"ST000597","analysis_id":"AN000915","analysis_summary":"Reversed phase POSITIVE ION MODE","metabolite_name":"NO-Gly","refmet_name":"N-Oleoyl glycine"},"17":{"study_id":"ST000597","analysis_id":"AN000915","analysis_summary":"Reversed phase POSITIVE ION MODE","metabolite_name":"OEA","refmet_name":"Oleoyl-EA"},"18":{"study_id":"ST000597","analysis_id":"AN000915","analysis_summary":"Reversed phase POSITIVE ION MODE","metabolite_name":"PEA","refmet_name":"Palmitoyl-EA"},"19":{"study_id":"ST000597","analysis_id":"AN000915","analysis_summary":"Reversed phase POSITIVE ION MODE","metabolite_name":"PGD2 EA","refmet_name":"PGD2-EA"},"20":{"study_id":"ST000597","analysis_id":"AN000915","analysis_summary":"Reversed phase POSITIVE ION MODE","metabolite_name":"PGE2 1G","refmet_name":"1-Glyceryl-PGE2"},"21":{"study_id":"ST000597","analysis_id":"AN000915","analysis_summary":"Reversed phase POSITIVE ION MODE","metabolite_name":"PGE2 EA","refmet_name":"PGE2-EA"},"22":{"study_id":"ST000597","analysis_id":"AN000915","analysis_summary":"Reversed phase POSITIVE ION MODE","metabolite_name":"PGF2a 1G","refmet_name":"1(3)-Glyceryl-PGF2alpha"},"23":{"study_id":"ST000597","analysis_id":"AN000915","analysis_summary":"Reversed phase POSITIVE ION MODE","metabolite_name":"PGF2a EA","refmet_name":"PGF2alpha-EA"},"24":{"study_id":"ST000597","analysis_id":"AN000915","analysis_summary":"Reversed phase POSITIVE ION MODE","metabolite_name":"SEA","refmet_name":"Stearoyl-EA"}}