{"1":{"study_id":"ST000489","analysis_id":"AN000755","analysis_summary":"Reversed phase POSITIVE ION MODE","metabolite_name":"Acetylcarnitine","refmet_name":"CAR 2:0"},"2":{"study_id":"ST000489","analysis_id":"AN000755","analysis_summary":"Reversed phase POSITIVE ION MODE","metabolite_name":"Butyrylcarnitine","refmet_name":"CAR 4:0"},"3":{"study_id":"ST000489","analysis_id":"AN000755","analysis_summary":"Reversed phase POSITIVE ION MODE","metabolite_name":"Carnitine","refmet_name":"Carnitine"},"4":{"study_id":"ST000489","analysis_id":"AN000755","analysis_summary":"Reversed phase POSITIVE ION MODE","metabolite_name":"Isovalerylcarnitine","refmet_name":"CAR 4:0;3Me"},"5":{"study_id":"ST000489","analysis_id":"AN000755","analysis_summary":"Reversed phase POSITIVE ION MODE","metabolite_name":"Lauroylcarnitine","refmet_name":"CAR 12:0"},"6":{"study_id":"ST000489","analysis_id":"AN000755","analysis_summary":"Reversed phase POSITIVE ION MODE","metabolite_name":"Myristoylcarnitine","refmet_name":"CAR 14:0"},"7":{"study_id":"ST000489","analysis_id":"AN000755","analysis_summary":"Reversed phase POSITIVE ION MODE","metabolite_name":"Octanoylcarnitine","refmet_name":"CAR 8:0"},"8":{"study_id":"ST000489","analysis_id":"AN000755","analysis_summary":"Reversed phase POSITIVE ION MODE","metabolite_name":"Oleoylcarnitine","refmet_name":"CAR 18:1"},"9":{"study_id":"ST000489","analysis_id":"AN000755","analysis_summary":"Reversed phase POSITIVE ION MODE","metabolite_name":"Palmitoylcarnitine","refmet_name":"CAR 16:0"},"10":{"study_id":"ST000489","analysis_id":"AN000755","analysis_summary":"Reversed phase POSITIVE ION MODE","metabolite_name":"Propionylcarnitine","refmet_name":"CAR 3:0"},"11":{"study_id":"ST000489","analysis_id":"AN000755","analysis_summary":"Reversed phase POSITIVE ION MODE","metabolite_name":"Stearoylcarnitine","refmet_name":"CAR 18:0"}}