{"1":{"study_id":"ST000242","analysis_id":"AN000375","analysis_summary":"C18 ESI positive ion mode","metabolite_name":"(-)-11-hydroxy-9,10-dihydrojasmonic acid","refmet_name":"11-Hydroxy-9,10-dihydrojasmonic acid"},"2":{"study_id":"ST000242","analysis_id":"AN000375","analysis_summary":"C18 ESI positive ion mode","metabolite_name":"2-Amino-3-methyl-1-butanol","refmet_name":""},"3":{"study_id":"ST000242","analysis_id":"AN000375","analysis_summary":"C18 ESI positive ion mode","metabolite_name":"2-hexacosanamidoethanesulfonic acid","refmet_name":""},"4":{"study_id":"ST000242","analysis_id":"AN000375","analysis_summary":"C18 ESI positive ion mode","metabolite_name":"2-Hydroxyadenine","refmet_name":"2-Hydroxyadenine"},"5":{"study_id":"ST000242","analysis_id":"AN000375","analysis_summary":"C18 ESI positive ion mode","metabolite_name":"2-Hydroxyiminodibenzyl glucuronide","refmet_name":""},"6":{"study_id":"ST000242","analysis_id":"AN000375","analysis_summary":"C18 ESI positive ion mode","metabolite_name":"2(N)-Methyl-norsalsolinol","refmet_name":"2(N)-Methyl-norsalsolinol"},"7":{"study_id":"ST000242","analysis_id":"AN000375","analysis_summary":"C18 ESI positive ion mode","metabolite_name":"2-tetracosanamidoethanesulfonic acid","refmet_name":""},"8":{"study_id":"ST000242","analysis_id":"AN000375","analysis_summary":"C18 ESI positive ion mode","metabolite_name":"3'-Amino-3'-deoxy-AMP","refmet_name":"3'-Amino-3'-deoxy-AMP"},"9":{"study_id":"ST000242","analysis_id":"AN000375","analysis_summary":"C18 ESI positive ion mode","metabolite_name":"3-Guanidinopropanoate","refmet_name":"3-Guanidinopropanoic acid"},"10":{"study_id":"ST000242","analysis_id":"AN000375","analysis_summary":"C18 ESI positive ion mode","metabolite_name":"3-O-acetylecdysone 2-phosphate","refmet_name":"3-O-Acetylecdysone 2-phosphate"},"11":{"study_id":"ST000242","analysis_id":"AN000375","analysis_summary":"C18 ESI positive ion mode","metabolite_name":"3-oxo-dodecanoic acid","refmet_name":"3-Oxododecanoic acid"},"12":{"study_id":"ST000242","analysis_id":"AN000375","analysis_summary":"C18 ESI positive ion mode","metabolite_name":"4-Chloromethandienone","refmet_name":"4-Chloromethandienone"},"13":{"study_id":"ST000242","analysis_id":"AN000375","analysis_summary":"C18 ESI positive ion mode","metabolite_name":"4-Methylene-L-glutamine","refmet_name":"4-Methylene-glutamine"},"14":{"study_id":"ST000242","analysis_id":"AN000375","analysis_summary":"C18 ESI positive ion mode","metabolite_name":"4-Oxomytiloxanthin","refmet_name":"4-Oxomytiloxanthin"},"15":{"study_id":"ST000242","analysis_id":"AN000375","analysis_summary":"C18 ESI positive ion mode","metabolite_name":"5,7,8-Trihydroxy-3-methoxyflavone 8-((E)-2-methylbut-2-enoate)","refmet_name":""},"16":{"study_id":"ST000242","analysis_id":"AN000375","analysis_summary":"C18 ESI positive ion mode","metabolite_name":"5-Aminopentanoic acid","refmet_name":"5-Aminopentanoic acid"},"17":{"study_id":"ST000242","analysis_id":"AN000375","analysis_summary":"C18 ESI positive ion mode","metabolite_name":"5-Hydroxyisourate","refmet_name":"5-Hydroxyisouric acid"},"18":{"study_id":"ST000242","analysis_id":"AN000375","analysis_summary":"C18 ESI positive ion mode","metabolite_name":"5-Methylcytidine","refmet_name":"5-Methylcytidine"},"19":{"study_id":"ST000242","analysis_id":"AN000375","analysis_summary":"C18 ESI positive ion mode","metabolite_name":"5-O-Methylvisamminol","refmet_name":"5-O-Methylvisamminol"},"20":{"study_id":"ST000242","analysis_id":"AN000375","analysis_summary":"C18 ESI positive ion mode","metabolite_name":"6'''-Deamino-6'''-dehydro-6'''-oxoneomycin C","refmet_name":"6'''-Oxoneomycin C"},"21":{"study_id":"ST000242","analysis_id":"AN000375","analysis_summary":"C18 ESI positive ion mode","metabolite_name":"6-Hydroxytricetin 6,7,3',5'-tetramethyl eter 5-robinobioside","refmet_name":""},"22":{"study_id":"ST000242","analysis_id":"AN000375","analysis_summary":"C18 ESI positive ion mode","metabolite_name":"6-Methoxyquinoline","refmet_name":"6-Methoxyquinoline"},"23":{"study_id":"ST000242","analysis_id":"AN000375","analysis_summary":"C18 ESI positive ion mode","metabolite_name":"8,9,16-trihydroxy palmitic acid","refmet_name":"8,9,16-Trihydroxypalmitic acid"},"24":{"study_id":"ST000242","analysis_id":"AN000375","analysis_summary":"C18 ESI positive ion mode","metabolite_name":"8'-Hydroxydihydroergotamine","refmet_name":""},"25":{"study_id":"ST000242","analysis_id":"AN000375","analysis_summary":"C18 ESI positive ion mode","metabolite_name":"acetohydroxamic acid","refmet_name":"Acetohydroxamic acid"},"26":{"study_id":"ST000242","analysis_id":"AN000375","analysis_summary":"C18 ESI positive ion mode","metabolite_name":"Actinidine","refmet_name":"Actinidine"},"27":{"study_id":"ST000242","analysis_id":"AN000375","analysis_summary":"C18 ESI positive ion mode","metabolite_name":"Ala Trp Trp","refmet_name":"Ala-Trp-Trp"},"28":{"study_id":"ST000242","analysis_id":"AN000375","analysis_summary":"C18 ESI positive ion mode","metabolite_name":"allopurinol","refmet_name":"Allopurinol"},"29":{"study_id":"ST000242","analysis_id":"AN000375","analysis_summary":"C18 ESI positive ion mode","metabolite_name":"AM1172","refmet_name":""},"30":{"study_id":"ST000242","analysis_id":"AN000375","analysis_summary":"C18 ESI positive ion mode","metabolite_name":"Ascorbyl Palmitate","refmet_name":"Ascorbyl palmitate"},"31":{"study_id":"ST000242","analysis_id":"AN000375","analysis_summary":"C18 ESI positive ion mode","metabolite_name":"Asn Phe Met","refmet_name":"Asn-Phe-Met"},"32":{"study_id":"ST000242","analysis_id":"AN000375","analysis_summary":"C18 ESI positive ion mode","metabolite_name":"Auriculine","refmet_name":"Auriculine"},"33":{"study_id":"ST000242","analysis_id":"AN000375","analysis_summary":"C18 ESI positive ion mode","metabolite_name":"Bispyribac","refmet_name":"Bispyribac"},"34":{"study_id":"ST000242","analysis_id":"AN000375","analysis_summary":"C18 ESI positive ion mode","metabolite_name":"Burseran","refmet_name":"Burseran"},"35":{"study_id":"ST000242","analysis_id":"AN000375","analysis_summary":"C18 ESI positive ion mode","metabolite_name":"Cabergoline","refmet_name":"Cabergoline"},"36":{"study_id":"ST000242","analysis_id":"AN000375","analysis_summary":"C18 ESI positive ion mode","metabolite_name":"Calystegin B2","refmet_name":"Calystegin B2"},"37":{"study_id":"ST000242","analysis_id":"AN000375","analysis_summary":"C18 ESI positive ion mode","metabolite_name":"Cimicifugoside","refmet_name":"Cimicifugoside"},"38":{"study_id":"ST000242","analysis_id":"AN000375","analysis_summary":"C18 ESI positive ion mode","metabolite_name":"Citiolone","refmet_name":""},"39":{"study_id":"ST000242","analysis_id":"AN000375","analysis_summary":"C18 ESI positive ion mode","metabolite_name":"Creatinine","refmet_name":"Creatinine"},"40":{"study_id":"ST000242","analysis_id":"AN000375","analysis_summary":"C18 ESI positive ion mode","metabolite_name":"Cyclopiazonic Acid","refmet_name":"alpha-Cyclopiazonic acid"},"41":{"study_id":"ST000242","analysis_id":"AN000375","analysis_summary":"C18 ESI positive ion mode","metabolite_name":"Cys Phe Arg","refmet_name":"Cys-Phe-Arg"},"42":{"study_id":"ST000242","analysis_id":"AN000375","analysis_summary":"C18 ESI positive ion mode","metabolite_name":"Cytarabine","refmet_name":"Cytarabine"},"43":{"study_id":"ST000242","analysis_id":"AN000375","analysis_summary":"C18 ESI positive ion mode","metabolite_name":"Dalfopristin","refmet_name":"Dalfopristin"},"44":{"study_id":"ST000242","analysis_id":"AN000375","analysis_summary":"C18 ESI positive ion mode","metabolite_name":"Daunorubicin","refmet_name":"Daunorubicin"},"45":{"study_id":"ST000242","analysis_id":"AN000375","analysis_summary":"C18 ESI positive ion mode","metabolite_name":"Delcosine","refmet_name":"Delcosine"},"46":{"study_id":"ST000242","analysis_id":"AN000375","analysis_summary":"C18 ESI positive ion mode","metabolite_name":"Diacetoxyscirpenol","refmet_name":"Diacetoxyscirpenol"},"47":{"study_id":"ST000242","analysis_id":"AN000375","analysis_summary":"C18 ESI positive ion mode","metabolite_name":"Diethylene glycol","refmet_name":"Diethylene glycol"},"48":{"study_id":"ST000242","analysis_id":"AN000375","analysis_summary":"C18 ESI positive ion mode","metabolite_name":"Digitoxigenin bisdigitoxoside","refmet_name":""},"49":{"study_id":"ST000242","analysis_id":"AN000375","analysis_summary":"C18 ESI positive ion mode","metabolite_name":"Dodecanedioic acid","refmet_name":"Dodecanedioic acid"},"50":{"study_id":"ST000242","analysis_id":"AN000375","analysis_summary":"C18 ESI positive ion mode","metabolite_name":"D-Proline","refmet_name":"D-Proline"},"51":{"study_id":"ST000242","analysis_id":"AN000375","analysis_summary":"C18 ESI positive ion mode","metabolite_name":"Elloramycin A","refmet_name":"Elloramycin A"},"52":{"study_id":"ST000242","analysis_id":"AN000375","analysis_summary":"C18 ESI positive ion mode","metabolite_name":"Enilconazole","refmet_name":"Enilconazole"},"53":{"study_id":"ST000242","analysis_id":"AN000375","analysis_summary":"C18 ESI positive ion mode","metabolite_name":"Erythromycin B","refmet_name":"Erythromycin B"},"54":{"study_id":"ST000242","analysis_id":"AN000375","analysis_summary":"C18 ESI positive ion mode","metabolite_name":"?Ethanolamine","refmet_name":"Ethanolamine"},"55":{"study_id":"ST000242","analysis_id":"AN000375","analysis_summary":"C18 ESI positive ion mode","metabolite_name":"FKGK 11","refmet_name":""},"56":{"study_id":"ST000242","analysis_id":"AN000375","analysis_summary":"C18 ESI positive ion mode","metabolite_name":"(-)-Hygroline","refmet_name":"Hygroline"},"57":{"study_id":"ST000242","analysis_id":"AN000375","analysis_summary":"C18 ESI positive ion mode","metabolite_name":"Isoalangiside","refmet_name":"Isoalangiside"},"58":{"study_id":"ST000242","analysis_id":"AN000375","analysis_summary":"C18 ESI positive ion mode","metabolite_name":"Kanokoside D","refmet_name":""},"59":{"study_id":"ST000242","analysis_id":"AN000375","analysis_summary":"C18 ESI positive ion mode","metabolite_name":"LysoPE(16:1(9Z)\/0:0)","refmet_name":"LPE 16:1(9Z)\/0:0*"},"60":{"study_id":"ST000242","analysis_id":"AN000375","analysis_summary":"C18 ESI positive ion mode","metabolite_name":"Malyngamide J","refmet_name":""},"61":{"study_id":"ST000242","analysis_id":"AN000375","analysis_summary":"C18 ESI positive ion mode","metabolite_name":"Methacrifos","refmet_name":""},"62":{"study_id":"ST000242","analysis_id":"AN000375","analysis_summary":"C18 ESI positive ion mode","metabolite_name":"Met-Trp-OH","refmet_name":""},"63":{"study_id":"ST000242","analysis_id":"AN000375","analysis_summary":"C18 ESI positive ion mode","metabolite_name":"Mycinamicin IV","refmet_name":"Mycinamicin IV"},"64":{"study_id":"ST000242","analysis_id":"AN000375","analysis_summary":"C18 ESI positive ion mode","metabolite_name":"Mycobactin S","refmet_name":"Mycobactin S"},"65":{"study_id":"ST000242","analysis_id":"AN000375","analysis_summary":"C18 ESI positive ion mode","metabolite_name":"(\u00b1)N-(1-methyl-2-hydroxy-2-phenyl-ethyl) arachidonyl amine","refmet_name":""},"66":{"study_id":"ST000242","analysis_id":"AN000375","analysis_summary":"C18 ESI positive ion mode","metabolite_name":"N-(4-benzenesulfonamide) arachidonoyl amine","refmet_name":""},"67":{"study_id":"ST000242","analysis_id":"AN000375","analysis_summary":"C18 ESI positive ion mode","metabolite_name":"Nevadensin 5-gentiobioside","refmet_name":"Nevadensin 5-gentiobioside"},"68":{"study_id":"ST000242","analysis_id":"AN000375","analysis_summary":"C18 ESI positive ion mode","metabolite_name":"Paratocarpin F","refmet_name":"Paratocarpin F"},"69":{"study_id":"ST000242","analysis_id":"AN000375","analysis_summary":"C18 ESI positive ion mode","metabolite_name":"PE(18:4(6Z,9Z,12Z,15Z)\/18:4(6Z,9Z,12Z,15Z))","refmet_name":"PE 18:4\/18:4"},"70":{"study_id":"ST000242","analysis_id":"AN000375","analysis_summary":"C18 ESI positive ion mode","metabolite_name":"PE(18:4(6Z,9Z,12Z,15Z)\/20:4(8Z,11Z,14Z,17Z))","refmet_name":"PE 18:4_20:4"},"71":{"study_id":"ST000242","analysis_id":"AN000375","analysis_summary":"C18 ESI positive ion mode","metabolite_name":"PE(19:0\/0:0)","refmet_name":"LPE 19:0\/0:0*"},"72":{"study_id":"ST000242","analysis_id":"AN000375","analysis_summary":"C18 ESI positive ion mode","metabolite_name":"PE(9:0\/9:0)[U]","refmet_name":"PE 9:0\/9:0*"},"73":{"study_id":"ST000242","analysis_id":"AN000375","analysis_summary":"C18 ESI positive ion mode","metabolite_name":"Penicillin G","refmet_name":"Penicillin G"},"74":{"study_id":"ST000242","analysis_id":"AN000375","analysis_summary":"C18 ESI positive ion mode","metabolite_name":"PG(18:0\/0:0)","refmet_name":"LPG 18:0"},"75":{"study_id":"ST000242","analysis_id":"AN000375","analysis_summary":"C18 ESI positive ion mode","metabolite_name":"Phenylacetylglycine","refmet_name":"Phenylacetylglycine"},"76":{"study_id":"ST000242","analysis_id":"AN000375","analysis_summary":"C18 ESI positive ion mode","metabolite_name":"PS(22:0\/0:0)","refmet_name":"LPS 22:0"},"77":{"study_id":"ST000242","analysis_id":"AN000375","analysis_summary":"C18 ESI positive ion mode","metabolite_name":"PS(O-16:0\/22:0)","refmet_name":"PS O-16:0\/22:0"},"78":{"study_id":"ST000242","analysis_id":"AN000375","analysis_summary":"C18 ESI positive ion mode","metabolite_name":"Pyrrhoxanthin","refmet_name":"Pyrrhoxanthin"},"79":{"study_id":"ST000242","analysis_id":"AN000375","analysis_summary":"C18 ESI positive ion mode","metabolite_name":"Quercetin 3-(6''-malonylglucoside)-7-glucoside","refmet_name":""},"80":{"study_id":"ST000242","analysis_id":"AN000375","analysis_summary":"C18 ESI positive ion mode","metabolite_name":"Saxitoxin","refmet_name":"Saxitoxin"},"81":{"study_id":"ST000242","analysis_id":"AN000375","analysis_summary":"C18 ESI positive ion mode","metabolite_name":"Solamargine","refmet_name":"Solamargine"},"82":{"study_id":"ST000242","analysis_id":"AN000375","analysis_summary":"C18 ESI positive ion mode","metabolite_name":"Streptomycin","refmet_name":"Streptomycin"},"83":{"study_id":"ST000242","analysis_id":"AN000375","analysis_summary":"C18 ESI positive ion mode","metabolite_name":"Taurohyocholic acid","refmet_name":"Taurohyocholic acid"},"84":{"study_id":"ST000242","analysis_id":"AN000375","analysis_summary":"C18 ESI positive ion mode","metabolite_name":"Tyrphostin B44 (-)","refmet_name":""},"85":{"study_id":"ST000242","analysis_id":"AN000375","analysis_summary":"C18 ESI positive ion mode","metabolite_name":"Westiellamide","refmet_name":""},"86":{"study_id":"ST000242","analysis_id":"AN000376","analysis_summary":"C18 ESI negative ion mode","metabolite_name":"Camoensine","refmet_name":"Camoensine"},"87":{"study_id":"ST000242","analysis_id":"AN000376","analysis_summary":"C18 ESI negative ion mode","metabolite_name":"Cystathionine ketimine","refmet_name":"Cystathionine ketimine"},"88":{"study_id":"ST000242","analysis_id":"AN000376","analysis_summary":"C18 ESI negative ion mode","metabolite_name":"D-(+)-Glyceraldehyde","refmet_name":"Glyceraldehyde"},"89":{"study_id":"ST000242","analysis_id":"AN000376","analysis_summary":"C18 ESI negative ion mode","metabolite_name":"F-Honaucin A","refmet_name":""},"90":{"study_id":"ST000242","analysis_id":"AN000376","analysis_summary":"C18 ESI negative ion mode","metabolite_name":"Glycolaldehyde","refmet_name":"Glycolaldehyde"},"91":{"study_id":"ST000242","analysis_id":"AN000376","analysis_summary":"C18 ESI negative ion mode","metabolite_name":"Kaempferol 3-sophoroside-7-(2''-ferulylglucoside)","refmet_name":""},"92":{"study_id":"ST000242","analysis_id":"AN000376","analysis_summary":"C18 ESI negative ion mode","metabolite_name":"N-Succinyl-L-diaminopimelic acid","refmet_name":"N-Succinyl-L,L-2,6-diaminopimelate"},"93":{"study_id":"ST000242","analysis_id":"AN000376","analysis_summary":"C18 ESI negative ion mode","metabolite_name":"Oxonitine","refmet_name":""},"94":{"study_id":"ST000242","analysis_id":"AN000376","analysis_summary":"C18 ESI negative ion mode","metabolite_name":"Penicillin G","refmet_name":"Penicillin G"},"95":{"study_id":"ST000242","analysis_id":"AN000376","analysis_summary":"C18 ESI negative ion mode","metabolite_name":"Penicilloic G acid","refmet_name":""},"96":{"study_id":"ST000242","analysis_id":"AN000376","analysis_summary":"C18 ESI negative ion mode","metabolite_name":"Phenylacetylglycine","refmet_name":"Phenylacetylglycine"},"97":{"study_id":"ST000242","analysis_id":"AN000376","analysis_summary":"C18 ESI negative ion mode","metabolite_name":"Tyrphostin B44 (-)","refmet_name":""},"98":{"study_id":"ST000242","analysis_id":"AN000377","analysis_summary":"HILIC ESI positive ion mode","metabolite_name":"11-amino-undecanoic acid","refmet_name":"11-Aminoundecanoic acid"},"99":{"study_id":"ST000242","analysis_id":"AN000377","analysis_summary":"HILIC ESI positive ion mode","metabolite_name":"14-Deacetylnudicauline","refmet_name":""},"100":{"study_id":"ST000242","analysis_id":"AN000377","analysis_summary":"HILIC ESI positive ion mode","metabolite_name":"1-(alpha-Methyl-4-(2-methylpropyl)benzeneacetate)-beta-D-Glucopyranuronic acid","refmet_name":""},"101":{"study_id":"ST000242","analysis_id":"AN000377","analysis_summary":"HILIC ESI positive ion mode","metabolite_name":"1'H-5alpha-Cholest-2-eno[3,2-b]indole","refmet_name":""},"102":{"study_id":"ST000242","analysis_id":"AN000377","analysis_summary":"HILIC ESI positive ion mode","metabolite_name":"20,21,21-Trifluoro-3-methoxy-19-nor-17alpha-pregna-1,3,5(10),20-tetraen-17-ol","refmet_name":""},"103":{"study_id":"ST000242","analysis_id":"AN000377","analysis_summary":"HILIC ESI positive ion mode","metabolite_name":"3-(7'-Methylthio)heptylmalic acid","refmet_name":""},"104":{"study_id":"ST000242","analysis_id":"AN000377","analysis_summary":"HILIC ESI positive ion mode","metabolite_name":"3-Buten-1-amine","refmet_name":"3-Buten-1-amine"},"105":{"study_id":"ST000242","analysis_id":"AN000377","analysis_summary":"HILIC ESI positive ion mode","metabolite_name":"3-Indolebutyric acid","refmet_name":"3-Indolebutyric acid"},"106":{"study_id":"ST000242","analysis_id":"AN000377","analysis_summary":"HILIC ESI positive ion mode","metabolite_name":"4-Methylene-L-glutamine","refmet_name":"4-Methylene-glutamine"},"107":{"study_id":"ST000242","analysis_id":"AN000377","analysis_summary":"HILIC ESI positive ion mode","metabolite_name":"5-Acetylamino-6-formylamino-3-methyluracil","refmet_name":"5-Acetylamino-6-formylamino-3-methyluracil"},"108":{"study_id":"ST000242","analysis_id":"AN000377","analysis_summary":"HILIC ESI positive ion mode","metabolite_name":"5-Amino-1-ribofuranosylimidazole-4-carboxyamide","refmet_name":"5-Amino-1-Ribofuranosylimidazole-4-carboxyamide"},"109":{"study_id":"ST000242","analysis_id":"AN000377","analysis_summary":"HILIC ESI positive ion mode","metabolite_name":"5-Aminopentanoic acid","refmet_name":"5-Aminopentanoic acid"},"110":{"study_id":"ST000242","analysis_id":"AN000377","analysis_summary":"HILIC ESI positive ion mode","metabolite_name":"5?-Deoxy-5?-(methylthio)adenosine","refmet_name":"5'-Methylthioadenosine"},"111":{"study_id":"ST000242","analysis_id":"AN000377","analysis_summary":"HILIC ESI positive ion mode","metabolite_name":"5-Nitro-ortho-anisidine","refmet_name":"2-Methoxy-5-nitroaniline"},"112":{"study_id":"ST000242","analysis_id":"AN000377","analysis_summary":"HILIC ESI positive ion mode","metabolite_name":"5-O-(Indol-3-ylacetyl-myo-inositol) D-galactoside","refmet_name":"5-O-(Indol-3-ylacetyl)-myo-inositol D-galactoside"},"113":{"study_id":"ST000242","analysis_id":"AN000377","analysis_summary":"HILIC ESI positive ion mode","metabolite_name":"5-O-Methylembelin","refmet_name":"5-O-Methylembelin"},"114":{"study_id":"ST000242","analysis_id":"AN000377","analysis_summary":"HILIC ESI positive ion mode","metabolite_name":"5-O-Methylvisamminol","refmet_name":"5-O-Methylvisamminol"},"115":{"study_id":"ST000242","analysis_id":"AN000377","analysis_summary":"HILIC ESI positive ion mode","metabolite_name":"6-Imino-5-oxocyclohexa-1,3-dienecarboxylate","refmet_name":""},"116":{"study_id":"ST000242","analysis_id":"AN000377","analysis_summary":"HILIC ESI positive ion mode","metabolite_name":"acetohydroxamic acid","refmet_name":"Acetohydroxamic acid"},"117":{"study_id":"ST000242","analysis_id":"AN000377","analysis_summary":"HILIC ESI positive ion mode","metabolite_name":"Adenine","refmet_name":"Adenine"},"118":{"study_id":"ST000242","analysis_id":"AN000377","analysis_summary":"HILIC ESI positive ion mode","metabolite_name":"ADMA","refmet_name":"Dimethylarginine"},"119":{"study_id":"ST000242","analysis_id":"AN000377","analysis_summary":"HILIC ESI positive ion mode","metabolite_name":"alpha,beta-Dihydroxyethyl-TPP","refmet_name":""},"120":{"study_id":"ST000242","analysis_id":"AN000377","analysis_summary":"HILIC ESI positive ion mode","metabolite_name":"Amoxicillin","refmet_name":"Amoxicillin"},"121":{"study_id":"ST000242","analysis_id":"AN000377","analysis_summary":"HILIC ESI positive ion mode","metabolite_name":"Amphibine B","refmet_name":"Amphibine B"},"122":{"study_id":"ST000242","analysis_id":"AN000377","analysis_summary":"HILIC ESI positive ion mode","metabolite_name":"Aridanin","refmet_name":"Aridanin"},"123":{"study_id":"ST000242","analysis_id":"AN000377","analysis_summary":"HILIC ESI positive ion mode","metabolite_name":"Azatadine","refmet_name":"Azatadine"},"124":{"study_id":"ST000242","analysis_id":"AN000377","analysis_summary":"HILIC ESI positive ion mode","metabolite_name":"Bispyribac","refmet_name":"Bispyribac"},"125":{"study_id":"ST000242","analysis_id":"AN000377","analysis_summary":"HILIC ESI positive ion mode","metabolite_name":"Boschniakine","refmet_name":"Boschniakine"},"126":{"study_id":"ST000242","analysis_id":"AN000377","analysis_summary":"HILIC ESI positive ion mode","metabolite_name":"Butyric acid","refmet_name":"Butyric acid"},"127":{"study_id":"ST000242","analysis_id":"AN000377","analysis_summary":"HILIC ESI positive ion mode","metabolite_name":"Bz-Arg-OEt","refmet_name":"Bz-Arg-OEt"},"128":{"study_id":"ST000242","analysis_id":"AN000377","analysis_summary":"HILIC ESI positive ion mode","metabolite_name":"?-Caprolactam","refmet_name":"Epsilon-caprolactam"},"129":{"study_id":"ST000242","analysis_id":"AN000377","analysis_summary":"HILIC ESI positive ion mode","metabolite_name":"Caylin-2","refmet_name":""},"130":{"study_id":"ST000242","analysis_id":"AN000377","analysis_summary":"HILIC ESI positive ion mode","metabolite_name":"cefoperazone","refmet_name":"Cefoperazone"},"131":{"study_id":"ST000242","analysis_id":"AN000377","analysis_summary":"HILIC ESI positive ion mode","metabolite_name":"CerP(d18:1\/18:0)","refmet_name":"CerP 18:1;O2\/18:0"},"132":{"study_id":"ST000242","analysis_id":"AN000377","analysis_summary":"HILIC ESI positive ion mode","metabolite_name":"CerP(d18:1\/20:0)","refmet_name":"CerP 18:1;O2\/20:0"},"133":{"study_id":"ST000242","analysis_id":"AN000377","analysis_summary":"HILIC ESI positive ion mode","metabolite_name":"Chivosazole F","refmet_name":""},"134":{"study_id":"ST000242","analysis_id":"AN000377","analysis_summary":"HILIC ESI positive ion mode","metabolite_name":"Chlorophyll a","refmet_name":"Chlorophyll a"},"135":{"study_id":"ST000242","analysis_id":"AN000377","analysis_summary":"HILIC ESI positive ion mode","metabolite_name":"Chlorophyllide b","refmet_name":"Chlorophyllide b"},"136":{"study_id":"ST000242","analysis_id":"AN000377","analysis_summary":"HILIC ESI positive ion mode","metabolite_name":"Citiolone","refmet_name":""},"137":{"study_id":"ST000242","analysis_id":"AN000377","analysis_summary":"HILIC ESI positive ion mode","metabolite_name":"Clindamycin phosphate","refmet_name":"Clindamycin phosphate"},"138":{"study_id":"ST000242","analysis_id":"AN000377","analysis_summary":"HILIC ESI positive ion mode","metabolite_name":"Colnelenic acid","refmet_name":"Colnelenic acid"},"139":{"study_id":"ST000242","analysis_id":"AN000377","analysis_summary":"HILIC ESI positive ion mode","metabolite_name":"Compound III(S)","refmet_name":"Compound III(S)"},"140":{"study_id":"ST000242","analysis_id":"AN000377","analysis_summary":"HILIC ESI positive ion mode","metabolite_name":"Coumarin","refmet_name":"Coumarin"},"141":{"study_id":"ST000242","analysis_id":"AN000377","analysis_summary":"HILIC ESI positive ion mode","metabolite_name":"Creatine","refmet_name":"Creatine"},"142":{"study_id":"ST000242","analysis_id":"AN000377","analysis_summary":"HILIC ESI positive ion mode","metabolite_name":"Creatinine","refmet_name":"Creatinine"},"143":{"study_id":"ST000242","analysis_id":"AN000377","analysis_summary":"HILIC ESI positive ion mode","metabolite_name":"Cyclopiazonic Acid","refmet_name":"alpha-Cyclopiazonic acid"},"144":{"study_id":"ST000242","analysis_id":"AN000377","analysis_summary":"HILIC ESI positive ion mode","metabolite_name":"Cys Cys Ile","refmet_name":"Cys-Cys-Ile"},"145":{"study_id":"ST000242","analysis_id":"AN000377","analysis_summary":"HILIC ESI positive ion mode","metabolite_name":"Cytarabine","refmet_name":"Cytarabine"},"146":{"study_id":"ST000242","analysis_id":"AN000377","analysis_summary":"HILIC ESI positive ion mode","metabolite_name":"Cytosine","refmet_name":"Cytosine"},"147":{"study_id":"ST000242","analysis_id":"AN000377","analysis_summary":"HILIC ESI positive ion mode","metabolite_name":"Daunorubicin","refmet_name":"Daunorubicin"},"148":{"study_id":"ST000242","analysis_id":"AN000377","analysis_summary":"HILIC ESI positive ion mode","metabolite_name":"Dehydrofalcarinone","refmet_name":"Dehydrofalcarinone"},"149":{"study_id":"ST000242","analysis_id":"AN000377","analysis_summary":"HILIC ESI positive ion mode","metabolite_name":"Deoxyadenosine","refmet_name":"Deoxyadenosine"},"150":{"study_id":"ST000242","analysis_id":"AN000377","analysis_summary":"HILIC ESI positive ion mode","metabolite_name":"Deoxycytidine","refmet_name":"Deoxycytidine"},"151":{"study_id":"ST000242","analysis_id":"AN000377","analysis_summary":"HILIC ESI positive ion mode","metabolite_name":"DG(17:2(9Z,12Z)\/20:5(5Z,8Z,11Z,14Z,17Z)\/0:0)[iso2]","refmet_name":"DG 17:2_20:5"},"152":{"study_id":"ST000242","analysis_id":"AN000377","analysis_summary":"HILIC ESI positive ion mode","metabolite_name":"D-Glucosyldihydrosphingosine","refmet_name":"D-Glucosyldihydrosphingosine"},"153":{"study_id":"ST000242","analysis_id":"AN000377","analysis_summary":"HILIC ESI positive ion mode","metabolite_name":"Dicyclohexyl phthalate","refmet_name":"Dicyclohexyl phthalate"},"154":{"study_id":"ST000242","analysis_id":"AN000377","analysis_summary":"HILIC ESI positive ion mode","metabolite_name":"Digitoxigenin bisdigitoxoside","refmet_name":""},"155":{"study_id":"ST000242","analysis_id":"AN000377","analysis_summary":"HILIC ESI positive ion mode","metabolite_name":"Diglycolic acid","refmet_name":""},"156":{"study_id":"ST000242","analysis_id":"AN000377","analysis_summary":"HILIC ESI positive ion mode","metabolite_name":"Digoxigenin bisdigitoxoside","refmet_name":""},"157":{"study_id":"ST000242","analysis_id":"AN000377","analysis_summary":"HILIC ESI positive ion mode","metabolite_name":"dIMP","refmet_name":"dIMP"},"158":{"study_id":"ST000242","analysis_id":"AN000377","analysis_summary":"HILIC ESI positive ion mode","metabolite_name":"Dinor-PGD2","refmet_name":"Dinor-PGD2"},"159":{"study_id":"ST000242","analysis_id":"AN000377","analysis_summary":"HILIC ESI positive ion mode","metabolite_name":"Disulfiram","refmet_name":"Disulfiram"},"160":{"study_id":"ST000242","analysis_id":"AN000377","analysis_summary":"HILIC ESI positive ion mode","metabolite_name":"D-Proline","refmet_name":"D-Proline"},"161":{"study_id":"ST000242","analysis_id":"AN000377","analysis_summary":"HILIC ESI positive ion mode","metabolite_name":"E3040 glucuronide","refmet_name":""},"162":{"study_id":"ST000242","analysis_id":"AN000377","analysis_summary":"HILIC ESI positive ion mode","metabolite_name":"Elloramycin A","refmet_name":"Elloramycin A"},"163":{"study_id":"ST000242","analysis_id":"AN000377","analysis_summary":"HILIC ESI positive ion mode","metabolite_name":"Enterochelin","refmet_name":""},"164":{"study_id":"ST000242","analysis_id":"AN000377","analysis_summary":"HILIC ESI positive ion mode","metabolite_name":"Ergine","refmet_name":""},"165":{"study_id":"ST000242","analysis_id":"AN000377","analysis_summary":"HILIC ESI positive ion mode","metabolite_name":"Erythromycin B","refmet_name":"Erythromycin B"},"166":{"study_id":"ST000242","analysis_id":"AN000377","analysis_summary":"HILIC ESI positive ion mode","metabolite_name":"Erythrono-1,4-lactone","refmet_name":"Erythrono-1,4-lactone"},"167":{"study_id":"ST000242","analysis_id":"AN000377","analysis_summary":"HILIC ESI positive ion mode","metabolite_name":"Ethanolamine","refmet_name":"Ethanolamine"},"168":{"study_id":"ST000242","analysis_id":"AN000377","analysis_summary":"HILIC ESI positive ion mode","metabolite_name":"Fenbuconazole","refmet_name":""},"169":{"study_id":"ST000242","analysis_id":"AN000377","analysis_summary":"HILIC ESI positive ion mode","metabolite_name":"Ferroxamine","refmet_name":"Ferroxamine"},"170":{"study_id":"ST000242","analysis_id":"AN000377","analysis_summary":"HILIC ESI positive ion mode","metabolite_name":"Firocoxib","refmet_name":""},"171":{"study_id":"ST000242","analysis_id":"AN000377","analysis_summary":"HILIC ESI positive ion mode","metabolite_name":"FKGK 11","refmet_name":""},"172":{"study_id":"ST000242","analysis_id":"AN000377","analysis_summary":"HILIC ESI positive ion mode","metabolite_name":"Fortimicin A","refmet_name":"Astromicin"},"173":{"study_id":"ST000242","analysis_id":"AN000377","analysis_summary":"HILIC ESI positive ion mode","metabolite_name":"Fraxin","refmet_name":"Fraxin"},"174":{"study_id":"ST000242","analysis_id":"AN000377","analysis_summary":"HILIC ESI positive ion mode","metabolite_name":"Gal?1-3Gal?1-4GlcNAc?-Sp","refmet_name":""},"175":{"study_id":"ST000242","analysis_id":"AN000377","analysis_summary":"HILIC ESI positive ion mode","metabolite_name":"Glafenine","refmet_name":"Glafenine"},"176":{"study_id":"ST000242","analysis_id":"AN000377","analysis_summary":"HILIC ESI positive ion mode","metabolite_name":"Gln Asn Glu","refmet_name":"Gln-Asn-Glu"},"177":{"study_id":"ST000242","analysis_id":"AN000377","analysis_summary":"HILIC ESI positive ion mode","metabolite_name":"Gln Glu Lys","refmet_name":"Gln-Glu-Lys"},"178":{"study_id":"ST000242","analysis_id":"AN000377","analysis_summary":"HILIC ESI positive ion mode","metabolite_name":"Glucocerebrosides","refmet_name":""},"179":{"study_id":"ST000242","analysis_id":"AN000377","analysis_summary":"HILIC ESI positive ion mode","metabolite_name":"Glucosylceramide (d18:1\/18:0)","refmet_name":"GlcCer 18:1;O2\/18:0"},"180":{"study_id":"ST000242","analysis_id":"AN000377","analysis_summary":"HILIC ESI positive ion mode","metabolite_name":"Glu Met Trp","refmet_name":"Glu-Met-Trp"},"181":{"study_id":"ST000242","analysis_id":"AN000377","analysis_summary":"HILIC ESI positive ion mode","metabolite_name":"Gly Lys Phe","refmet_name":"Gly-Lys-Phe"},"182":{"study_id":"ST000242","analysis_id":"AN000377","analysis_summary":"HILIC ESI positive ion mode","metabolite_name":"Guanidinosuccinic Acid","refmet_name":"Guanidinosuccinic acid"},"183":{"study_id":"ST000242","analysis_id":"AN000377","analysis_summary":"HILIC ESI positive ion mode","metabolite_name":"Guanine","refmet_name":"Guanine"},"184":{"study_id":"ST000242","analysis_id":"AN000377","analysis_summary":"HILIC ESI positive ion mode","metabolite_name":"Gymnemic acid I","refmet_name":"Gymnemic acid I"},"185":{"study_id":"ST000242","analysis_id":"AN000377","analysis_summary":"HILIC ESI positive ion mode","metabolite_name":"gypsogenin 3-O-rhamnosylglucosiduronic acid","refmet_name":"Gypsogenin 3-O-rhamnosylglucosiduronic acid"},"186":{"study_id":"ST000242","analysis_id":"AN000377","analysis_summary":"HILIC ESI positive ion mode","metabolite_name":"Haplanthin","refmet_name":"Haplanthin"},"187":{"study_id":"ST000242","analysis_id":"AN000377","analysis_summary":"HILIC ESI positive ion mode","metabolite_name":"Harpagoside","refmet_name":"Harpagoside"},"188":{"study_id":"ST000242","analysis_id":"AN000377","analysis_summary":"HILIC ESI positive ion mode","metabolite_name":"Helilandin B","refmet_name":"Helilandin B"},"189":{"study_id":"ST000242","analysis_id":"AN000377","analysis_summary":"HILIC ESI positive ion mode","metabolite_name":"Hexazinone","refmet_name":""},"190":{"study_id":"ST000242","analysis_id":"AN000377","analysis_summary":"HILIC ESI positive ion mode","metabolite_name":"His-Thr-OH","refmet_name":""},"191":{"study_id":"ST000242","analysis_id":"AN000377","analysis_summary":"HILIC ESI positive ion mode","metabolite_name":"Homoserine lactone","refmet_name":"Homoserine lactone"},"192":{"study_id":"ST000242","analysis_id":"AN000377","analysis_summary":"HILIC ESI positive ion mode","metabolite_name":"Hydroxytetrabenazine glucuronide","refmet_name":""},"193":{"study_id":"ST000242","analysis_id":"AN000377","analysis_summary":"HILIC ESI positive ion mode","metabolite_name":"(-)-Hygroline","refmet_name":"Hygroline"},"194":{"study_id":"ST000242","analysis_id":"AN000377","analysis_summary":"HILIC ESI positive ion mode","metabolite_name":"Hypoxanthine","refmet_name":"Hypoxanthine"},"195":{"study_id":"ST000242","analysis_id":"AN000377","analysis_summary":"HILIC ESI positive ion mode","metabolite_name":"ICI 164384","refmet_name":""},"196":{"study_id":"ST000242","analysis_id":"AN000377","analysis_summary":"HILIC ESI positive ion mode","metabolite_name":"Ingenol 3,20-dibenzoate","refmet_name":"Ingenol 3,20-dibenzoate"},"197":{"study_id":"ST000242","analysis_id":"AN000377","analysis_summary":"HILIC ESI positive ion mode","metabolite_name":"Ins-1-P-Cer(t18:0\/26:0)","refmet_name":""},"198":{"study_id":"ST000242","analysis_id":"AN000377","analysis_summary":"HILIC ESI positive ion mode","metabolite_name":"Isoalangiside","refmet_name":"Isoalangiside"},"199":{"study_id":"ST000242","analysis_id":"AN000377","analysis_summary":"HILIC ESI positive ion mode","metabolite_name":"Isobutyronitrile","refmet_name":"Isobutyronitrile"},"200":{"study_id":"ST000242","analysis_id":"AN000377","analysis_summary":"HILIC ESI positive ion mode","metabolite_name":"Isoprene","refmet_name":"Isoprene"},"201":{"study_id":"ST000242","analysis_id":"AN000377","analysis_summary":"HILIC ESI positive ion mode","metabolite_name":"Istamycin C","refmet_name":""},"202":{"study_id":"ST000242","analysis_id":"AN000377","analysis_summary":"HILIC ESI positive ion mode","metabolite_name":"Istamycin C1","refmet_name":""},"203":{"study_id":"ST000242","analysis_id":"AN000377","analysis_summary":"HILIC ESI positive ion mode","metabolite_name":"IU1","refmet_name":""},"204":{"study_id":"ST000242","analysis_id":"AN000377","analysis_summary":"HILIC ESI positive ion mode","metabolite_name":"Jadomycin B","refmet_name":"Jadomycin B"},"205":{"study_id":"ST000242","analysis_id":"AN000377","analysis_summary":"HILIC ESI positive ion mode","metabolite_name":"JWH 018 4-hydroxyindole metabolite","refmet_name":""},"206":{"study_id":"ST000242","analysis_id":"AN000377","analysis_summary":"HILIC ESI positive ion mode","metabolite_name":"Khellin","refmet_name":"Khellin"},"207":{"study_id":"ST000242","analysis_id":"AN000377","analysis_summary":"HILIC ESI positive ion mode","metabolite_name":"Kinetin Riboside","refmet_name":""},"208":{"study_id":"ST000242","analysis_id":"AN000377","analysis_summary":"HILIC ESI positive ion mode","metabolite_name":"Labriformidin","refmet_name":""},"209":{"study_id":"ST000242","analysis_id":"AN000377","analysis_summary":"HILIC ESI positive ion mode","metabolite_name":"LacCer(d18:0\/26:0)","refmet_name":"LacCer 18:0;O2\/26:0"},"210":{"study_id":"ST000242","analysis_id":"AN000377","analysis_summary":"HILIC ESI positive ion mode","metabolite_name":"Lankacidin C","refmet_name":""},"211":{"study_id":"ST000242","analysis_id":"AN000377","analysis_summary":"HILIC ESI positive ion mode","metabolite_name":"Leoidin Dimethyl Ether","refmet_name":""},"212":{"study_id":"ST000242","analysis_id":"AN000377","analysis_summary":"HILIC ESI positive ion mode","metabolite_name":"Leu Cys Phe","refmet_name":"Leu-Cys-Phe"},"213":{"study_id":"ST000242","analysis_id":"AN000377","analysis_summary":"HILIC ESI positive ion mode","metabolite_name":"Linoleoyl Ethanolamide","refmet_name":"Linoleoyl-EA"},"214":{"study_id":"ST000242","analysis_id":"AN000377","analysis_summary":"HILIC ESI positive ion mode","metabolite_name":"L-Isoleucine","refmet_name":"Isoleucine"},"215":{"study_id":"ST000242","analysis_id":"AN000377","analysis_summary":"HILIC ESI positive ion mode","metabolite_name":"Lithocholic acid taurine conjugate","refmet_name":"Taurolithocholic acid"},"216":{"study_id":"ST000242","analysis_id":"AN000377","analysis_summary":"HILIC ESI positive ion mode","metabolite_name":"L-Leucine","refmet_name":"Leucine"},"217":{"study_id":"ST000242","analysis_id":"AN000377","analysis_summary":"HILIC ESI positive ion mode","metabolite_name":"Lucidine B","refmet_name":"Lucidine B"},"218":{"study_id":"ST000242","analysis_id":"AN000377","analysis_summary":"HILIC ESI positive ion mode","metabolite_name":"Luteolin 7,3'-digalacturonide","refmet_name":"Luteolin 7,3'-digalacturonide"},"219":{"study_id":"ST000242","analysis_id":"AN000377","analysis_summary":"HILIC ESI positive ion mode","metabolite_name":"Lys Cys Asn","refmet_name":"Lys-Cys-Asn"},"220":{"study_id":"ST000242","analysis_id":"AN000377","analysis_summary":"HILIC ESI positive ion mode","metabolite_name":"Lys Ser Lys","refmet_name":"Lys-Ser-Lys"},"221":{"study_id":"ST000242","analysis_id":"AN000377","analysis_summary":"HILIC ESI positive ion mode","metabolite_name":"Lys Tyr Ile","refmet_name":"Lys-Tyr-Ile"},"222":{"study_id":"ST000242","analysis_id":"AN000377","analysis_summary":"HILIC ESI positive ion mode","metabolite_name":"Lys Val Lys","refmet_name":"Lys-Val-Lys"},"223":{"study_id":"ST000242","analysis_id":"AN000377","analysis_summary":"HILIC ESI positive ion mode","metabolite_name":"Malyngamide J","refmet_name":""},"224":{"study_id":"ST000242","analysis_id":"AN000377","analysis_summary":"HILIC ESI positive ion mode","metabolite_name":"Medermycin","refmet_name":""},"225":{"study_id":"ST000242","analysis_id":"AN000377","analysis_summary":"HILIC ESI positive ion mode","metabolite_name":"Met Arg","refmet_name":"Met-Arg"},"226":{"study_id":"ST000242","analysis_id":"AN000377","analysis_summary":"HILIC ESI positive ion mode","metabolite_name":"Methoprene (S)","refmet_name":"Methoprene"},"227":{"study_id":"ST000242","analysis_id":"AN000377","analysis_summary":"HILIC ESI positive ion mode","metabolite_name":"methyl 10,12,13,15-bisepidioxy-16-hydroperoxy-8E-octadecenoate","refmet_name":""},"228":{"study_id":"ST000242","analysis_id":"AN000377","analysis_summary":"HILIC ESI positive ion mode","metabolite_name":"?-Methyltryptamine (AMT)","refmet_name":""},"229":{"study_id":"ST000242","analysis_id":"AN000377","analysis_summary":"HILIC ESI positive ion mode","metabolite_name":"Met-Trp-OH","refmet_name":""},"230":{"study_id":"ST000242","analysis_id":"AN000377","analysis_summary":"HILIC ESI positive ion mode","metabolite_name":"MG(0:0\/22:0\/0:0)","refmet_name":"MG 22:0"},"231":{"study_id":"ST000242","analysis_id":"AN000377","analysis_summary":"HILIC ESI positive ion mode","metabolite_name":"MID42085:(6RS)-6,19-epidioxy-24,24-difluoro-25-hydroxy-6,19-dihydrovitamin D3 \/ (6RS)-6,19-epidioxy-","refmet_name":""},"232":{"study_id":"ST000242","analysis_id":"AN000377","analysis_summary":"HILIC ESI positive ion mode","metabolite_name":"MID42333:24,24-difluoro-1?,25-dihydroxy-26,27-dimethylvitamin D3 \/ 24,24-difluoro-1?,25-dihydroxy-26","refmet_name":""},"233":{"study_id":"ST000242","analysis_id":"AN000377","analysis_summary":"HILIC ESI positive ion mode","metabolite_name":"MID42395:26,27-diethyl-1?,25-dihydroxy-22-thiavitamin D3 \/ 26,27-diethyl-1?,25-dihydroxy-22-thiachol","refmet_name":""},"234":{"study_id":"ST000242","analysis_id":"AN000377","analysis_summary":"HILIC ESI positive ion mode","metabolite_name":"MID42466:11?-(4-dimethylaminophenyl)-1?,25-dihydroxyvitamin D3 \/ 11?-(4-dimethylaminophenyl)-1?,25-d","refmet_name":""},"235":{"study_id":"ST000242","analysis_id":"AN000377","analysis_summary":"HILIC ESI positive ion mode","metabolite_name":"Myricetin 3-glucuronide","refmet_name":"Myricetin 3-glucuronide"},"236":{"study_id":"ST000242","analysis_id":"AN000377","analysis_summary":"HILIC ESI positive ion mode","metabolite_name":"N-(2-hydroxyethyl)henicosanamide","refmet_name":""},"237":{"study_id":"ST000242","analysis_id":"AN000377","analysis_summary":"HILIC ESI positive ion mode","metabolite_name":"N-(3-pyridyl)-Indomethacin amide","refmet_name":""},"238":{"study_id":"ST000242","analysis_id":"AN000377","analysis_summary":"HILIC ESI positive ion mode","metabolite_name":"N4-Acetylsulfadoxine","refmet_name":"N4-Acetylsulfadoxine"},"239":{"study_id":"ST000242","analysis_id":"AN000377","analysis_summary":"HILIC ESI positive ion mode","metabolite_name":"N-acyl capnines","refmet_name":""},"240":{"study_id":"ST000242","analysis_id":"AN000377","analysis_summary":"HILIC ESI positive ion mode","metabolite_name":"Naloxone-3-glucuronide","refmet_name":""},"241":{"study_id":"ST000242","analysis_id":"AN000377","analysis_summary":"HILIC ESI positive ion mode","metabolite_name":"Nap-Trp-OH","refmet_name":""},"242":{"study_id":"ST000242","analysis_id":"AN000377","analysis_summary":"HILIC ESI positive ion mode","metabolite_name":"Neobanone","refmet_name":"Neobanone"},"243":{"study_id":"ST000242","analysis_id":"AN000377","analysis_summary":"HILIC ESI positive ion mode","metabolite_name":"Neopinone","refmet_name":"Neopinone"},"244":{"study_id":"ST000242","analysis_id":"AN000377","analysis_summary":"HILIC ESI positive ion mode","metabolite_name":"Netilmicin","refmet_name":"Netilmicin"},"245":{"study_id":"ST000242","analysis_id":"AN000377","analysis_summary":"HILIC ESI positive ion mode","metabolite_name":"Neu5Ac?2-6GalNAc?-Thr","refmet_name":""},"246":{"study_id":"ST000242","analysis_id":"AN000377","analysis_summary":"HILIC ESI positive ion mode","metabolite_name":"N-Formylmethionylphenylalanine","refmet_name":""},"247":{"study_id":"ST000242","analysis_id":"AN000377","analysis_summary":"HILIC ESI positive ion mode","metabolite_name":"Niacinamide","refmet_name":"Niacinamide"},"248":{"study_id":"ST000242","analysis_id":"AN000377","analysis_summary":"HILIC ESI positive ion mode","metabolite_name":"Nitrothal-isopropyl","refmet_name":""},"249":{"study_id":"ST000242","analysis_id":"AN000377","analysis_summary":"HILIC ESI positive ion mode","metabolite_name":"Nizatidine","refmet_name":"Nizatidine"},"250":{"study_id":"ST000242","analysis_id":"AN000377","analysis_summary":"HILIC ESI positive ion mode","metabolite_name":"N-methylundec-10-enamide","refmet_name":""},"251":{"study_id":"ST000242","analysis_id":"AN000377","analysis_summary":"HILIC ESI positive ion mode","metabolite_name":"N,N-Dimethyltryptamine (DMT)","refmet_name":"Dimethyltryptamine"},"252":{"study_id":"ST000242","analysis_id":"AN000377","analysis_summary":"HILIC ESI positive ion mode","metabolite_name":"n-Pentadecylamine","refmet_name":"N-Pentadecylamine"},"253":{"study_id":"ST000242","analysis_id":"AN000377","analysis_summary":"HILIC ESI positive ion mode","metabolite_name":"NS 1619","refmet_name":"NS 1619"},"254":{"study_id":"ST000242","analysis_id":"AN000377","analysis_summary":"HILIC ESI positive ion mode","metabolite_name":"Oleoyl-EA(d2)","refmet_name":"Oleoyl-EA"},"255":{"study_id":"ST000242","analysis_id":"AN000377","analysis_summary":"HILIC ESI positive ion mode","metabolite_name":"Orizabin","refmet_name":"Orizabin"},"256":{"study_id":"ST000242","analysis_id":"AN000377","analysis_summary":"HILIC ESI positive ion mode","metabolite_name":"Orlistat","refmet_name":"Orlistat"},"257":{"study_id":"ST000242","analysis_id":"AN000377","analysis_summary":"HILIC ESI positive ion mode","metabolite_name":"Ornaline","refmet_name":"Nopalinic acid"},"258":{"study_id":"ST000242","analysis_id":"AN000377","analysis_summary":"HILIC ESI positive ion mode","metabolite_name":"Ouabain","refmet_name":"Ouabain"},"259":{"study_id":"ST000242","analysis_id":"AN000377","analysis_summary":"HILIC ESI positive ion mode","metabolite_name":"Oxolucidine B","refmet_name":"Oxolucidine B"},"260":{"study_id":"ST000242","analysis_id":"AN000377","analysis_summary":"HILIC ESI positive ion mode","metabolite_name":"Oxotolrestat glucuronide","refmet_name":""},"261":{"study_id":"ST000242","analysis_id":"AN000377","analysis_summary":"HILIC ESI positive ion mode","metabolite_name":"Paraldehyde","refmet_name":"Paraldehyde"},"262":{"study_id":"ST000242","analysis_id":"AN000377","analysis_summary":"HILIC ESI positive ion mode","metabolite_name":"Parillin","refmet_name":"Parillin"},"263":{"study_id":"ST000242","analysis_id":"AN000377","analysis_summary":"HILIC ESI positive ion mode","metabolite_name":"Patuletin 3-(6''-(E)-feruloylglucoside)","refmet_name":"Patuletin 3-(6''-(E)-feruloylglucoside)"},"264":{"study_id":"ST000242","analysis_id":"AN000377","analysis_summary":"HILIC ESI positive ion mode","metabolite_name":"PE(14:0\/22:2(13Z,16Z))","refmet_name":"PE 14:0_22:2"},"265":{"study_id":"ST000242","analysis_id":"AN000377","analysis_summary":"HILIC ESI positive ion mode","metabolite_name":"PE(17:1(9Z)\/18:0)","refmet_name":"PE 17:1_18:0"},"266":{"study_id":"ST000242","analysis_id":"AN000377","analysis_summary":"HILIC ESI positive ion mode","metabolite_name":"PE(17:2(9Z,12Z)\/20:0)","refmet_name":"PE 17:2_20:0"},"267":{"study_id":"ST000242","analysis_id":"AN000377","analysis_summary":"HILIC ESI positive ion mode","metabolite_name":"Pencycuron","refmet_name":"Pencycuron"},"268":{"study_id":"ST000242","analysis_id":"AN000377","analysis_summary":"HILIC ESI positive ion mode","metabolite_name":"Penicillin G","refmet_name":"Penicillin G"},"269":{"study_id":"ST000242","analysis_id":"AN000377","analysis_summary":"HILIC ESI positive ion mode","metabolite_name":"Penicilloic G acid","refmet_name":""},"270":{"study_id":"ST000242","analysis_id":"AN000377","analysis_summary":"HILIC ESI positive ion mode","metabolite_name":"PE-NMe(18:0\/18:0)[U]","refmet_name":"PE-NMe (18:0\/18:0)*"},"271":{"study_id":"ST000242","analysis_id":"AN000377","analysis_summary":"HILIC ESI positive ion mode","metabolite_name":"PE(O-16:0\/17:0)","refmet_name":"PE O-16:0\/17:0"},"272":{"study_id":"ST000242","analysis_id":"AN000377","analysis_summary":"HILIC ESI positive ion mode","metabolite_name":"PE(P-16:0\/19:0)","refmet_name":"PE P-16:0\/19:0"},"273":{"study_id":"ST000242","analysis_id":"AN000377","analysis_summary":"HILIC ESI positive ion mode","metabolite_name":"PE(P-18:1(11Z)\/15:0)","refmet_name":"PE P-18:1(11Z)\/15:0*"},"274":{"study_id":"ST000242","analysis_id":"AN000377","analysis_summary":"HILIC ESI positive ion mode","metabolite_name":"Peucenin","refmet_name":""},"275":{"study_id":"ST000242","analysis_id":"AN000377","analysis_summary":"HILIC ESI positive ion mode","metabolite_name":"PG(20:5(5Z,8Z,11Z,14Z,17Z)\/0:0)","refmet_name":"LPG 20:5"},"276":{"study_id":"ST000242","analysis_id":"AN000377","analysis_summary":"HILIC ESI positive ion mode","metabolite_name":"Phaseolotoxin","refmet_name":"Phaseolotoxin"},"277":{"study_id":"ST000242","analysis_id":"AN000377","analysis_summary":"HILIC ESI positive ion mode","metabolite_name":"Phe4Cl-His-OH","refmet_name":""},"278":{"study_id":"ST000242","analysis_id":"AN000377","analysis_summary":"HILIC ESI positive ion mode","metabolite_name":"Phenylacetylglycine","refmet_name":"Phenylacetylglycine"},"279":{"study_id":"ST000242","analysis_id":"AN000377","analysis_summary":"HILIC ESI positive ion mode","metabolite_name":"Phenylbutyrylglutamine","refmet_name":"Phenylbutyrylglutamine"},"280":{"study_id":"ST000242","analysis_id":"AN000377","analysis_summary":"HILIC ESI positive ion mode","metabolite_name":"Phenylpyruvic acid","refmet_name":"Phenylpyruvic acid"},"281":{"study_id":"ST000242","analysis_id":"AN000377","analysis_summary":"HILIC ESI positive ion mode","metabolite_name":"Phosphatidyl glycerol","refmet_name":"sn-Glycero-3-phosphoglycerol"},"282":{"study_id":"ST000242","analysis_id":"AN000377","analysis_summary":"HILIC ESI positive ion mode","metabolite_name":"Phosphinothricin","refmet_name":"Phosphinothricin"},"283":{"study_id":"ST000242","analysis_id":"AN000377","analysis_summary":"HILIC ESI positive ion mode","metabolite_name":"p-Hydroxypropoxyphene","refmet_name":""},"284":{"study_id":"ST000242","analysis_id":"AN000377","analysis_summary":"HILIC ESI positive ion mode","metabolite_name":"PI(19:1(9Z)\/0:0)","refmet_name":"PI 19:1(9Z)\/0:0*"},"285":{"study_id":"ST000242","analysis_id":"AN000377","analysis_summary":"HILIC ESI positive ion mode","metabolite_name":"PI(20:4(5Z,8Z,11Z,14Z)\/0:0)","refmet_name":"LPI 20:4"},"286":{"study_id":"ST000242","analysis_id":"AN000377","analysis_summary":"HILIC ESI positive ion mode","metabolite_name":"Piperidine","refmet_name":"Piperidine"},"287":{"study_id":"ST000242","analysis_id":"AN000377","analysis_summary":"HILIC ESI positive ion mode","metabolite_name":"Pirimicarb","refmet_name":"Pirimicarb"},"288":{"study_id":"ST000242","analysis_id":"AN000377","analysis_summary":"HILIC ESI positive ion mode","metabolite_name":"Pratensin A","refmet_name":"Pratensin A"},"289":{"study_id":"ST000242","analysis_id":"AN000377","analysis_summary":"HILIC ESI positive ion mode","metabolite_name":"Prorepensin","refmet_name":"Prorepensin"},"290":{"study_id":"ST000242","analysis_id":"AN000377","analysis_summary":"HILIC ESI positive ion mode","metabolite_name":"Prothioconazole","refmet_name":""},"291":{"study_id":"ST000242","analysis_id":"AN000377","analysis_summary":"HILIC ESI positive ion mode","metabolite_name":"PS(12:0\/14:0)","refmet_name":"PS 12:0_14:0"},"292":{"study_id":"ST000242","analysis_id":"AN000377","analysis_summary":"HILIC ESI positive ion mode","metabolite_name":"PS(15:1(9Z)\/14:1(9Z))","refmet_name":"PS 14:1_15:1"},"293":{"study_id":"ST000242","analysis_id":"AN000377","analysis_summary":"HILIC ESI positive ion mode","metabolite_name":"PS(18:1(9Z)\/16:1(9Z))","refmet_name":"PS 16:1_18:1"},"294":{"study_id":"ST000242","analysis_id":"AN000377","analysis_summary":"HILIC ESI positive ion mode","metabolite_name":"PS(18:3(6Z,9Z,12Z)\/19:1(9Z))","refmet_name":"PS 18:3_19:1"},"295":{"study_id":"ST000242","analysis_id":"AN000377","analysis_summary":"HILIC ESI positive ion mode","metabolite_name":"PS(20:0\/20:1(11Z))","refmet_name":"PS 20:0_20:1"},"296":{"study_id":"ST000242","analysis_id":"AN000377","analysis_summary":"HILIC ESI positive ion mode","metabolite_name":"PS(20:1(11Z)\/0:0)","refmet_name":"LPS 20:1"},"297":{"study_id":"ST000242","analysis_id":"AN000377","analysis_summary":"HILIC ESI positive ion mode","metabolite_name":"PS(22:0\/20:2(11Z,14Z))","refmet_name":"PS 20:2_22:0"},"298":{"study_id":"ST000242","analysis_id":"AN000377","analysis_summary":"HILIC ESI positive ion mode","metabolite_name":"PS(22:6(4Z,7Z,10Z,13Z,16Z,19Z)\/19:0)","refmet_name":"PS 19:0_22:6"},"299":{"study_id":"ST000242","analysis_id":"AN000377","analysis_summary":"HILIC ESI positive ion mode","metabolite_name":"Pseudopelletierine","refmet_name":"psi-Pelletierine"},"300":{"study_id":"ST000242","analysis_id":"AN000377","analysis_summary":"HILIC ESI positive ion mode","metabolite_name":"PS(O-16:0\/12:0)","refmet_name":"PS O-16:0_12:0"},"301":{"study_id":"ST000242","analysis_id":"AN000377","analysis_summary":"HILIC ESI positive ion mode","metabolite_name":"PS(O-16:0\/13:0)","refmet_name":"PS O-16:0\/13:0"},"302":{"study_id":"ST000242","analysis_id":"AN000377","analysis_summary":"HILIC ESI positive ion mode","metabolite_name":"PS(O-16:0\/20:1(11Z))","refmet_name":"PS O-16:0\/20:1"},"303":{"study_id":"ST000242","analysis_id":"AN000377","analysis_summary":"HILIC ESI positive ion mode","metabolite_name":"PS(O-16:0\/22:0)","refmet_name":"PS O-16:0\/22:0"},"304":{"study_id":"ST000242","analysis_id":"AN000377","analysis_summary":"HILIC ESI positive ion mode","metabolite_name":"PS(O-18:0\/12:0)","refmet_name":"PS O-18:0\/12:0"},"305":{"study_id":"ST000242","analysis_id":"AN000377","analysis_summary":"HILIC ESI positive ion mode","metabolite_name":"PS(P-16:0\/22:1(11Z))","refmet_name":"PS P-16:0_22:1"},"306":{"study_id":"ST000242","analysis_id":"AN000377","analysis_summary":"HILIC ESI positive ion mode","metabolite_name":"PS(P-20:0\/17:1(9Z))","refmet_name":"PS P-20:0_17:1"},"307":{"study_id":"ST000242","analysis_id":"AN000377","analysis_summary":"HILIC ESI positive ion mode","metabolite_name":"Pyrroline hydroxycarboxylic acid","refmet_name":"Pyrroline hydroxycarboxylic acid"},"308":{"study_id":"ST000242","analysis_id":"AN000377","analysis_summary":"HILIC ESI positive ion mode","metabolite_name":"Pyrromycin","refmet_name":"Pyrromycin"},"309":{"study_id":"ST000242","analysis_id":"AN000377","analysis_summary":"HILIC ESI positive ion mode","metabolite_name":"Quercetin 3-(6''-malonylglucoside)-7-glucoside","refmet_name":""},"310":{"study_id":"ST000242","analysis_id":"AN000377","analysis_summary":"HILIC ESI positive ion mode","metabolite_name":"Queuine","refmet_name":"Queuine"},"311":{"study_id":"ST000242","analysis_id":"AN000377","analysis_summary":"HILIC ESI positive ion mode","metabolite_name":"Rescinnamine","refmet_name":"Rescinnamine"},"312":{"study_id":"ST000242","analysis_id":"AN000377","analysis_summary":"HILIC ESI positive ion mode","metabolite_name":"Rifamycin S","refmet_name":""},"313":{"study_id":"ST000242","analysis_id":"AN000377","analysis_summary":"HILIC ESI positive ion mode","metabolite_name":"Sannamycin A","refmet_name":""},"314":{"study_id":"ST000242","analysis_id":"AN000377","analysis_summary":"HILIC ESI positive ion mode","metabolite_name":"Sarcosine","refmet_name":"Sarcosine"},"315":{"study_id":"ST000242","analysis_id":"AN000377","analysis_summary":"HILIC ESI positive ion mode","metabolite_name":"Sativic acid","refmet_name":"Sativic acid"},"316":{"study_id":"ST000242","analysis_id":"AN000377","analysis_summary":"HILIC ESI positive ion mode","metabolite_name":"Septentriodine","refmet_name":"Septentriodine"},"317":{"study_id":"ST000242","analysis_id":"AN000377","analysis_summary":"HILIC ESI positive ion mode","metabolite_name":"Serotonin","refmet_name":"Serotonin"},"318":{"study_id":"ST000242","analysis_id":"AN000377","analysis_summary":"HILIC ESI positive ion mode","metabolite_name":"sn-glycero-3-Phosphoethanolamine","refmet_name":"sn-Glycero-3-phosphoethanolamine"},"319":{"study_id":"ST000242","analysis_id":"AN000377","analysis_summary":"HILIC ESI positive ion mode","metabolite_name":"Spectinomycin adenylate","refmet_name":""},"320":{"study_id":"ST000242","analysis_id":"AN000377","analysis_summary":"HILIC ESI positive ion mode","metabolite_name":"Spheroidene","refmet_name":"Spheroidene"},"321":{"study_id":"ST000242","analysis_id":"AN000377","analysis_summary":"HILIC ESI positive ion mode","metabolite_name":"Sphingofungin D","refmet_name":"Sphingofungin D"},"322":{"study_id":"ST000242","analysis_id":"AN000377","analysis_summary":"HILIC ESI positive ion mode","metabolite_name":"Streptidine","refmet_name":"Streptidine"},"323":{"study_id":"ST000242","analysis_id":"AN000377","analysis_summary":"HILIC ESI positive ion mode","metabolite_name":"Streptomycin","refmet_name":"Streptomycin"},"324":{"study_id":"ST000242","analysis_id":"AN000377","analysis_summary":"HILIC ESI positive ion mode","metabolite_name":"Sulfamerazine","refmet_name":"Sulfamerazine"},"325":{"study_id":"ST000242","analysis_id":"AN000377","analysis_summary":"HILIC ESI positive ion mode","metabolite_name":"Symlandine","refmet_name":"Symlandine"},"326":{"study_id":"ST000242","analysis_id":"AN000377","analysis_summary":"HILIC ESI positive ion mode","metabolite_name":"THTC","refmet_name":"Tetrahydrothiophene-2-carboxylic acid"},"327":{"study_id":"ST000242","analysis_id":"AN000377","analysis_summary":"HILIC ESI positive ion mode","metabolite_name":"Tributyl phosphate","refmet_name":"Tributyl phosphate"},"328":{"study_id":"ST000242","analysis_id":"AN000377","analysis_summary":"HILIC ESI positive ion mode","metabolite_name":"Tricetin 3'-methyl ether 7,5'-diglucuronide","refmet_name":""},"329":{"study_id":"ST000242","analysis_id":"AN000377","analysis_summary":"HILIC ESI positive ion mode","metabolite_name":"Trichotomine","refmet_name":"Trichotomine"},"330":{"study_id":"ST000242","analysis_id":"AN000377","analysis_summary":"HILIC ESI positive ion mode","metabolite_name":"Trimethylamine","refmet_name":"Trimethylamine"},"331":{"study_id":"ST000242","analysis_id":"AN000377","analysis_summary":"HILIC ESI positive ion mode","metabolite_name":"Trp-Lys-OH","refmet_name":""},"332":{"study_id":"ST000242","analysis_id":"AN000377","analysis_summary":"HILIC ESI positive ion mode","metabolite_name":"Tyr Asp His","refmet_name":"Tyr-Asp-His"},"333":{"study_id":"ST000242","analysis_id":"AN000377","analysis_summary":"HILIC ESI positive ion mode","metabolite_name":"Tyr Glu Glu","refmet_name":"Tyr-Glu-Glu"},"334":{"study_id":"ST000242","analysis_id":"AN000377","analysis_summary":"HILIC ESI positive ion mode","metabolite_name":"Tyrphostin B44 (-)","refmet_name":""},"335":{"study_id":"ST000242","analysis_id":"AN000377","analysis_summary":"HILIC ESI positive ion mode","metabolite_name":"Tyr Thr Lys","refmet_name":"Tyr-Thr-Lys"},"336":{"study_id":"ST000242","analysis_id":"AN000377","analysis_summary":"HILIC ESI positive ion mode","metabolite_name":"Tyr Val Phe","refmet_name":"Tyr-Val-Phe"},"337":{"study_id":"ST000242","analysis_id":"AN000377","analysis_summary":"HILIC ESI positive ion mode","metabolite_name":"UDP-N-acetylmuraminate","refmet_name":"UDP-N-acetylmuramic acid"},"338":{"study_id":"ST000242","analysis_id":"AN000377","analysis_summary":"HILIC ESI positive ion mode","metabolite_name":"Uscharidin","refmet_name":""},"339":{"study_id":"ST000242","analysis_id":"AN000377","analysis_summary":"HILIC ESI positive ion mode","metabolite_name":"V-PYRRO\/NO","refmet_name":""},"340":{"study_id":"ST000242","analysis_id":"AN000377","analysis_summary":"HILIC ESI positive ion mode","metabolite_name":"Yamogenin 3-O-neohesperidoside","refmet_name":""},"341":{"study_id":"ST000242","analysis_id":"AN000378","analysis_summary":"HILIC ESI negative ion mode","metabolite_name":"1-Hydroxy-2-naphthoic acid","refmet_name":"1-Hydroxy-2-naphthoate"},"342":{"study_id":"ST000242","analysis_id":"AN000378","analysis_summary":"HILIC ESI negative ion mode","metabolite_name":"2'-Deoxyuridine","refmet_name":"Deoxyuridine"},"343":{"study_id":"ST000242","analysis_id":"AN000378","analysis_summary":"HILIC ESI negative ion mode","metabolite_name":"3,3'-Dichloro-4,4'-diaminodiphenyl ether","refmet_name":""},"344":{"study_id":"ST000242","analysis_id":"AN000378","analysis_summary":"HILIC ESI negative ion mode","metabolite_name":"3,5-Dinitroguaiacol","refmet_name":""},"345":{"study_id":"ST000242","analysis_id":"AN000378","analysis_summary":"HILIC ESI negative ion mode","metabolite_name":"4-Acetamido-2-amino-6-nitrotoluene","refmet_name":""},"346":{"study_id":"ST000242","analysis_id":"AN000378","analysis_summary":"HILIC ESI negative ion mode","metabolite_name":"4-Bromophenylthiourea","refmet_name":"4-Bromophenylthiourea"},"347":{"study_id":"ST000242","analysis_id":"AN000378","analysis_summary":"HILIC ESI negative ion mode","metabolite_name":"4-Hydroxybenzaldehyde","refmet_name":"4-Hydroxybenzaldehyde"},"348":{"study_id":"ST000242","analysis_id":"AN000378","analysis_summary":"HILIC ESI negative ion mode","metabolite_name":"Acyclovir","refmet_name":"Aciclovir"},"349":{"study_id":"ST000242","analysis_id":"AN000378","analysis_summary":"HILIC ESI negative ion mode","metabolite_name":"Camoensine","refmet_name":"Camoensine"},"350":{"study_id":"ST000242","analysis_id":"AN000378","analysis_summary":"HILIC ESI negative ion mode","metabolite_name":"Cefuroxime","refmet_name":"Cefuroxime"},"351":{"study_id":"ST000242","analysis_id":"AN000378","analysis_summary":"HILIC ESI negative ion mode","metabolite_name":"Chondroitin sulfate","refmet_name":"Chondroitin sulfate"},"352":{"study_id":"ST000242","analysis_id":"AN000378","analysis_summary":"HILIC ESI negative ion mode","metabolite_name":"Cyclopiazonic Acid","refmet_name":"alpha-Cyclopiazonic acid"},"353":{"study_id":"ST000242","analysis_id":"AN000378","analysis_summary":"HILIC ESI negative ion mode","metabolite_name":"Cytarabine","refmet_name":"Cytarabine"},"354":{"study_id":"ST000242","analysis_id":"AN000378","analysis_summary":"HILIC ESI negative ion mode","metabolite_name":"Decarbamoylgonyautoxin 1","refmet_name":""},"355":{"study_id":"ST000242","analysis_id":"AN000378","analysis_summary":"HILIC ESI negative ion mode","metabolite_name":"Deoxycytidine","refmet_name":"Deoxycytidine"},"356":{"study_id":"ST000242","analysis_id":"AN000378","analysis_summary":"HILIC ESI negative ion mode","metabolite_name":"Diclobutrazol","refmet_name":"Diclobutrazol"},"357":{"study_id":"ST000242","analysis_id":"AN000378","analysis_summary":"HILIC ESI negative ion mode","metabolite_name":"Dihydroneopterin phosphate","refmet_name":"Dihydroneopterin phosphate"},"358":{"study_id":"ST000242","analysis_id":"AN000378","analysis_summary":"HILIC ESI negative ion mode","metabolite_name":"dTDP-D-galacturonate","refmet_name":"dTDP-D-galacturonate"},"359":{"study_id":"ST000242","analysis_id":"AN000378","analysis_summary":"HILIC ESI negative ion mode","metabolite_name":"Erythrono-1,4-lactone","refmet_name":"Erythrono-1,4-lactone"},"360":{"study_id":"ST000242","analysis_id":"AN000378","analysis_summary":"HILIC ESI negative ion mode","metabolite_name":"F-Honaucin A","refmet_name":""},"361":{"study_id":"ST000242","analysis_id":"AN000378","analysis_summary":"HILIC ESI negative ion mode","metabolite_name":"Fumaric acid","refmet_name":"Fumaric acid"},"362":{"study_id":"ST000242","analysis_id":"AN000378","analysis_summary":"HILIC ESI negative ion mode","metabolite_name":"Glutaconic acid","refmet_name":"Glutaconic acid"},"363":{"study_id":"ST000242","analysis_id":"AN000378","analysis_summary":"HILIC ESI negative ion mode","metabolite_name":"Gly Asp Asp","refmet_name":"Gly-Asp-Asp"},"364":{"study_id":"ST000242","analysis_id":"AN000378","analysis_summary":"HILIC ESI negative ion mode","metabolite_name":"griseorhodin A","refmet_name":"Griseorhodin A"},"365":{"study_id":"ST000242","analysis_id":"AN000378","analysis_summary":"HILIC ESI negative ion mode","metabolite_name":"Iprobenfos","refmet_name":"Iprobenfos"},"366":{"study_id":"ST000242","analysis_id":"AN000378","analysis_summary":"HILIC ESI negative ion mode","metabolite_name":"Jaceidin 7-neohesperidoside","refmet_name":"Jaceidin 7-neohesperidoside"},"367":{"study_id":"ST000242","analysis_id":"AN000378","analysis_summary":"HILIC ESI negative ion mode","metabolite_name":"L-4-Hydroxy-3-methoxy-a-methylphenylalanine","refmet_name":""},"368":{"study_id":"ST000242","analysis_id":"AN000378","analysis_summary":"HILIC ESI negative ion mode","metabolite_name":"Lys Trp Lys","refmet_name":"Lys-Trp-Lys"},"369":{"study_id":"ST000242","analysis_id":"AN000378","analysis_summary":"HILIC ESI negative ion mode","metabolite_name":"Methyl oxalate","refmet_name":""},"370":{"study_id":"ST000242","analysis_id":"AN000378","analysis_summary":"HILIC ESI negative ion mode","metabolite_name":"N-Formylmethionylphenylalanine","refmet_name":""},"371":{"study_id":"ST000242","analysis_id":"AN000378","analysis_summary":"HILIC ESI negative ion mode","metabolite_name":"Nicotinamide N-oxide","refmet_name":"Nicotinamide N-oxide"},"372":{"study_id":"ST000242","analysis_id":"AN000378","analysis_summary":"HILIC ESI negative ion mode","metabolite_name":"Oryzalin","refmet_name":"Oryzalin"},"373":{"study_id":"ST000242","analysis_id":"AN000378","analysis_summary":"HILIC ESI negative ion mode","metabolite_name":"Oxolinic Acid","refmet_name":"Oxolinicacid"},"374":{"study_id":"ST000242","analysis_id":"AN000378","analysis_summary":"HILIC ESI negative ion mode","metabolite_name":"Pectolinarigenin 7-(4'''-acetylrutinoside)","refmet_name":""},"375":{"study_id":"ST000242","analysis_id":"AN000378","analysis_summary":"HILIC ESI negative ion mode","metabolite_name":"Penicillin G","refmet_name":"Penicillin G"},"376":{"study_id":"ST000242","analysis_id":"AN000378","analysis_summary":"HILIC ESI negative ion mode","metabolite_name":"Phe4Cl-Ser-OH","refmet_name":""},"377":{"study_id":"ST000242","analysis_id":"AN000378","analysis_summary":"HILIC ESI negative ion mode","metabolite_name":"Phenolsulfonphthalein","refmet_name":"Phenolsulfonphthalein"},"378":{"study_id":"ST000242","analysis_id":"AN000378","analysis_summary":"HILIC ESI negative ion mode","metabolite_name":"Phenylacetylglycine","refmet_name":"Phenylacetylglycine"},"379":{"study_id":"ST000242","analysis_id":"AN000378","analysis_summary":"HILIC ESI negative ion mode","metabolite_name":"p-Hydroxyprimidone","refmet_name":"p-Hydroxyprimidone"},"380":{"study_id":"ST000242","analysis_id":"AN000378","analysis_summary":"HILIC ESI negative ion mode","metabolite_name":"Prochlorperazine","refmet_name":"Prochlorperazine"},"381":{"study_id":"ST000242","analysis_id":"AN000378","analysis_summary":"HILIC ESI negative ion mode","metabolite_name":"Ribothymidine","refmet_name":"Ribothymidine"},"382":{"study_id":"ST000242","analysis_id":"AN000378","analysis_summary":"HILIC ESI negative ion mode","metabolite_name":"Sericetin Diacetate","refmet_name":""},"383":{"study_id":"ST000242","analysis_id":"AN000378","analysis_summary":"HILIC ESI negative ion mode","metabolite_name":"Taurine","refmet_name":"Taurine"},"384":{"study_id":"ST000242","analysis_id":"AN000378","analysis_summary":"HILIC ESI negative ion mode","metabolite_name":"Thiorphan","refmet_name":"Thiorphan"},"385":{"study_id":"ST000242","analysis_id":"AN000378","analysis_summary":"HILIC ESI negative ion mode","metabolite_name":"Thymidine","refmet_name":"Thymidine"},"386":{"study_id":"ST000242","analysis_id":"AN000378","analysis_summary":"HILIC ESI negative ion mode","metabolite_name":"Tranylcypromine glucuronide","refmet_name":""},"387":{"study_id":"ST000242","analysis_id":"AN000378","analysis_summary":"HILIC ESI negative ion mode","metabolite_name":"Triphyllin B","refmet_name":"Triphyllin B"},"388":{"study_id":"ST000242","analysis_id":"AN000378","analysis_summary":"HILIC ESI negative ion mode","metabolite_name":"Uracil","refmet_name":"Uracil"},"389":{"study_id":"ST000242","analysis_id":"AN000378","analysis_summary":"HILIC ESI negative ion mode","metabolite_name":"Uridine","refmet_name":"Uridine"}}