{"1":{"study_id":"ST000199","analysis_id":"AN000301","analysis_summary":"ESI positive ion mode","metabolite_name":"3-hydroxylauroylcarnitine","refmet_name":"CAR 12:0;OH"},"2":{"study_id":"ST000199","analysis_id":"AN000301","analysis_summary":"ESI positive ion mode","metabolite_name":"3-Hydroxylinoleoylcarnitine","refmet_name":"CAR 18:2;OH"},"3":{"study_id":"ST000199","analysis_id":"AN000301","analysis_summary":"ESI positive ion mode","metabolite_name":"3-hydroxymyristoylcarnitine","refmet_name":"CAR 14:0;OH"},"4":{"study_id":"ST000199","analysis_id":"AN000301","analysis_summary":"ESI positive ion mode","metabolite_name":"3-Hydroxypalmitoylcarnitine","refmet_name":"CAR 16:0;OH"},"5":{"study_id":"ST000199","analysis_id":"AN000301","analysis_summary":"ESI positive ion mode","metabolite_name":"Acetylcarnitine","refmet_name":"CAR 2:0"},"6":{"study_id":"ST000199","analysis_id":"AN000301","analysis_summary":"ESI positive ion mode","metabolite_name":"arachidonoylcarnitine","refmet_name":"CAR 20:4"},"7":{"study_id":"ST000199","analysis_id":"AN000301","analysis_summary":"ESI positive ion mode","metabolite_name":"butyrylcarnitine","refmet_name":"CAR 4:0"},"8":{"study_id":"ST000199","analysis_id":"AN000301","analysis_summary":"ESI positive ion mode","metabolite_name":"Decanoylcarnitine","refmet_name":"CAR 10:0"},"9":{"study_id":"ST000199","analysis_id":"AN000301","analysis_summary":"ESI positive ion mode","metabolite_name":"decenoylcarnitine","refmet_name":"CAR 10:1"},"10":{"study_id":"ST000199","analysis_id":"AN000301","analysis_summary":"ESI positive ion mode","metabolite_name":"Dodecenoylcarnitine","refmet_name":"CAR 12:1"},"11":{"study_id":"ST000199","analysis_id":"AN000301","analysis_summary":"ESI positive ion mode","metabolite_name":"Glutarylcarnitine","refmet_name":"CAR DC5:0"},"12":{"study_id":"ST000199","analysis_id":"AN000301","analysis_summary":"ESI positive ion mode","metabolite_name":"Hexanoylcarnitine","refmet_name":"CAR 6:0"},"13":{"study_id":"ST000199","analysis_id":"AN000301","analysis_summary":"ESI positive ion mode","metabolite_name":"icosadienoylcarnitine","refmet_name":"CAR 20:2"},"14":{"study_id":"ST000199","analysis_id":"AN000301","analysis_summary":"ESI positive ion mode","metabolite_name":"Icosanoylcarnitine","refmet_name":"CAR 20:0"},"15":{"study_id":"ST000199","analysis_id":"AN000301","analysis_summary":"ESI positive ion mode","metabolite_name":"icosatrienoylcarnitine","refmet_name":"CAR 20:3"},"16":{"study_id":"ST000199","analysis_id":"AN000301","analysis_summary":"ESI positive ion mode","metabolite_name":"icoseneoylcarnitine","refmet_name":"CAR 20:1"},"17":{"study_id":"ST000199","analysis_id":"AN000301","analysis_summary":"ESI positive ion mode","metabolite_name":"isovalerylcarnitine","refmet_name":"CAR 4:0;3Me"},"18":{"study_id":"ST000199","analysis_id":"AN000301","analysis_summary":"ESI positive ion mode","metabolite_name":"lauroylcarnitine","refmet_name":"CAR 12:0"},"19":{"study_id":"ST000199","analysis_id":"AN000301","analysis_summary":"ESI positive ion mode","metabolite_name":"L-Carnitine","refmet_name":"Carnitine"},"20":{"study_id":"ST000199","analysis_id":"AN000301","analysis_summary":"ESI positive ion mode","metabolite_name":"Linoelaidyl carnitine","refmet_name":"CAR 18:2(9E,12E)"},"21":{"study_id":"ST000199","analysis_id":"AN000301","analysis_summary":"ESI positive ion mode","metabolite_name":"myristoylcarnitine","refmet_name":"CAR 14:0"},"22":{"study_id":"ST000199","analysis_id":"AN000301","analysis_summary":"ESI positive ion mode","metabolite_name":"octanoylcarnitine","refmet_name":"CAR 8:0"},"23":{"study_id":"ST000199","analysis_id":"AN000301","analysis_summary":"ESI positive ion mode","metabolite_name":"Octenoylcarnitine","refmet_name":"CAR 8:1"},"24":{"study_id":"ST000199","analysis_id":"AN000301","analysis_summary":"ESI positive ion mode","metabolite_name":"Oleoylcarnitine","refmet_name":"CAR 18:1"},"25":{"study_id":"ST000199","analysis_id":"AN000301","analysis_summary":"ESI positive ion mode","metabolite_name":"Palmitoleylcarnitine","refmet_name":"CAR 16:1"},"26":{"study_id":"ST000199","analysis_id":"AN000301","analysis_summary":"ESI positive ion mode","metabolite_name":"palmitoylcarnitine","refmet_name":"CAR 16:0"},"27":{"study_id":"ST000199","analysis_id":"AN000301","analysis_summary":"ESI positive ion mode","metabolite_name":"propionylcarnitine","refmet_name":"CAR 3:0"},"28":{"study_id":"ST000199","analysis_id":"AN000301","analysis_summary":"ESI positive ion mode","metabolite_name":"Stearoylcarnitine","refmet_name":"CAR 18:0"},"29":{"study_id":"ST000199","analysis_id":"AN000301","analysis_summary":"ESI positive ion mode","metabolite_name":"Tetradecadiencarnitine","refmet_name":"CAR 14:2"},"30":{"study_id":"ST000199","analysis_id":"AN000301","analysis_summary":"ESI positive ion mode","metabolite_name":"Tetradecenoylcarnitine","refmet_name":"CAR 14:1"}}