{"1":{"study_id":"ST000253","analysis_id":"AN000400","analysis_summary":"ESI negative ion mode (Plasma)","metabolite_name":"11,12,15-THET","refmet_name":""},"2":{"study_id":"ST000253","analysis_id":"AN000400","analysis_summary":"ESI negative ion mode (Plasma)","metabolite_name":"11,12-DiHETrE","refmet_name":"11,12-DiHETrE"},"3":{"study_id":"ST000253","analysis_id":"AN000400","analysis_summary":"ESI negative ion mode (Plasma)","metabolite_name":"11(12)-EpETE","refmet_name":"11(12)-EpETE"},"4":{"study_id":"ST000253","analysis_id":"AN000400","analysis_summary":"ESI negative ion mode (Plasma)","metabolite_name":"11(12)-EpETrE","refmet_name":"11,12-EpETrE"},"5":{"study_id":"ST000253","analysis_id":"AN000400","analysis_summary":"ESI negative ion mode (Plasma)","metabolite_name":"11-HETE","refmet_name":"11-HETE"},"6":{"study_id":"ST000253","analysis_id":"AN000400","analysis_summary":"ESI negative ion mode (Plasma)","metabolite_name":"12,13-DiHODE","refmet_name":"12,13-DiHOME"},"7":{"study_id":"ST000253","analysis_id":"AN000400","analysis_summary":"ESI negative ion mode (Plasma)","metabolite_name":"12,13-DiHOME","refmet_name":"12,13-DiHOME"},"8":{"study_id":"ST000253","analysis_id":"AN000400","analysis_summary":"ESI negative ion mode (Plasma)","metabolite_name":"12(13)-Ep-9-KODE","refmet_name":"9-oxo-12(13)-EpOME"},"9":{"study_id":"ST000253","analysis_id":"AN000400","analysis_summary":"ESI negative ion mode (Plasma)","metabolite_name":"12(13)-EpODE","refmet_name":"alpha-12(13)-EpODE"},"10":{"study_id":"ST000253","analysis_id":"AN000400","analysis_summary":"ESI negative ion mode (Plasma)","metabolite_name":"12(13)-EpOME","refmet_name":"12(13)-EpOME"},"11":{"study_id":"ST000253","analysis_id":"AN000400","analysis_summary":"ESI negative ion mode (Plasma)","metabolite_name":"12-HEPE","refmet_name":"12-HEPE"},"12":{"study_id":"ST000253","analysis_id":"AN000400","analysis_summary":"ESI negative ion mode (Plasma)","metabolite_name":"12-HETE","refmet_name":"12-HETE"},"13":{"study_id":"ST000253","analysis_id":"AN000400","analysis_summary":"ESI negative ion mode (Plasma)","metabolite_name":"12-HpETE screen","refmet_name":"12S-HpETE"},"14":{"study_id":"ST000253","analysis_id":"AN000400","analysis_summary":"ESI negative ion mode (Plasma)","metabolite_name":"13-HODE","refmet_name":"13-HODE"},"15":{"study_id":"ST000253","analysis_id":"AN000400","analysis_summary":"ESI negative ion mode (Plasma)","metabolite_name":"13-HOTE","refmet_name":"13-HOTE"},"16":{"study_id":"ST000253","analysis_id":"AN000400","analysis_summary":"ESI negative ion mode (Plasma)","metabolite_name":"13-HpODE screen","refmet_name":"13-HpODE"},"17":{"study_id":"ST000253","analysis_id":"AN000400","analysis_summary":"ESI negative ion mode (Plasma)","metabolite_name":"13-KODE","refmet_name":"13-Oxo-ODE"},"18":{"study_id":"ST000253","analysis_id":"AN000400","analysis_summary":"ESI negative ion mode (Plasma)","metabolite_name":"14,15-DiHETE","refmet_name":"14,15-DiHETE"},"19":{"study_id":"ST000253","analysis_id":"AN000400","analysis_summary":"ESI negative ion mode (Plasma)","metabolite_name":"14,15-DiHETrE","refmet_name":"14,15-DiHETrE"},"20":{"study_id":"ST000253","analysis_id":"AN000400","analysis_summary":"ESI negative ion mode (Plasma)","metabolite_name":"14(15)-EpETE","refmet_name":"14(15)-EpETE"},"21":{"study_id":"ST000253","analysis_id":"AN000400","analysis_summary":"ESI negative ion mode (Plasma)","metabolite_name":"14(15)-EpETrE","refmet_name":"14,15-EpETrE"},"22":{"study_id":"ST000253","analysis_id":"AN000400","analysis_summary":"ESI negative ion mode (Plasma)","metabolite_name":"14-HDoHE","refmet_name":"14-HDoHE"},"23":{"study_id":"ST000253","analysis_id":"AN000400","analysis_summary":"ESI negative ion mode (Plasma)","metabolite_name":"15,16-DiHODE","refmet_name":"15,16-DiHODE"},"24":{"study_id":"ST000253","analysis_id":"AN000400","analysis_summary":"ESI negative ion mode (Plasma)","metabolite_name":"15(16)-EpODE","refmet_name":"15,16-EpODE"},"25":{"study_id":"ST000253","analysis_id":"AN000400","analysis_summary":"ESI negative ion mode (Plasma)","metabolite_name":"15-deoxy PGJ2","refmet_name":"15-Deoxy-delta-12,14-PGJ2"},"26":{"study_id":"ST000253","analysis_id":"AN000400","analysis_summary":"ESI negative ion mode (Plasma)","metabolite_name":"15-HEPE","refmet_name":"15-HEPE"},"27":{"study_id":"ST000253","analysis_id":"AN000400","analysis_summary":"ESI negative ion mode (Plasma)","metabolite_name":"15-HETE","refmet_name":"15-HETE"},"28":{"study_id":"ST000253","analysis_id":"AN000400","analysis_summary":"ESI negative ion mode (Plasma)","metabolite_name":"15-HETrE","refmet_name":"15-HETrE"},"29":{"study_id":"ST000253","analysis_id":"AN000400","analysis_summary":"ESI negative ion mode (Plasma)","metabolite_name":"15-HpETE screen","refmet_name":"15S-HpETE"},"30":{"study_id":"ST000253","analysis_id":"AN000400","analysis_summary":"ESI negative ion mode (Plasma)","metabolite_name":"15-KETE","refmet_name":"15-Oxo-ETE"},"31":{"study_id":"ST000253","analysis_id":"AN000400","analysis_summary":"ESI negative ion mode (Plasma)","metabolite_name":"16(17)-EpDPE","refmet_name":"16(17)-EpDPE"},"32":{"study_id":"ST000253","analysis_id":"AN000400","analysis_summary":"ESI negative ion mode (Plasma)","metabolite_name":"17,18-DiHETE","refmet_name":"17,18-DiHETE"},"33":{"study_id":"ST000253","analysis_id":"AN000400","analysis_summary":"ESI negative ion mode (Plasma)","metabolite_name":"17(18)-EpETE","refmet_name":"17(18)-EpETE"},"34":{"study_id":"ST000253","analysis_id":"AN000400","analysis_summary":"ESI negative ion mode (Plasma)","metabolite_name":"17-HDoHE","refmet_name":"17-HDoHE"},"35":{"study_id":"ST000253","analysis_id":"AN000400","analysis_summary":"ESI negative ion mode (Plasma)","metabolite_name":"19,20-DiHDoPA","refmet_name":"19,20-DiHDPE"},"36":{"study_id":"ST000253","analysis_id":"AN000400","analysis_summary":"ESI negative ion mode (Plasma)","metabolite_name":"19(20)-EpDPE","refmet_name":"19(20)-EpDPE"},"37":{"study_id":"ST000253","analysis_id":"AN000400","analysis_summary":"ESI negative ion mode (Plasma)","metabolite_name":"20-carboxy-LTB4","refmet_name":"20-Carboxy-LTB4"},"38":{"study_id":"ST000253","analysis_id":"AN000400","analysis_summary":"ESI negative ion mode (Plasma)","metabolite_name":"20-HETE","refmet_name":"20-HETE"},"39":{"study_id":"ST000253","analysis_id":"AN000400","analysis_summary":"ESI negative ion mode (Plasma)","metabolite_name":"20-hydroxy-LTB4","refmet_name":"20-Hydroxy LTB4"},"40":{"study_id":"ST000253","analysis_id":"AN000400","analysis_summary":"ESI negative ion mode (Plasma)","metabolite_name":"4-HDoHE","refmet_name":"4-HDoHE"},"41":{"study_id":"ST000253","analysis_id":"AN000400","analysis_summary":"ESI negative ion mode (Plasma)","metabolite_name":"5,15-DiHETE","refmet_name":"5,15-DiHETE"},"42":{"study_id":"ST000253","analysis_id":"AN000400","analysis_summary":"ESI negative ion mode (Plasma)","metabolite_name":"5,6-DiHETrE","refmet_name":"5,6-DiHETrE"},"43":{"study_id":"ST000253","analysis_id":"AN000400","analysis_summary":"ESI negative ion mode (Plasma)","metabolite_name":"5-HEPE","refmet_name":"5-HEPE"},"44":{"study_id":"ST000253","analysis_id":"AN000400","analysis_summary":"ESI negative ion mode (Plasma)","metabolite_name":"5-HETE","refmet_name":"5-HETE"},"45":{"study_id":"ST000253","analysis_id":"AN000400","analysis_summary":"ESI negative ion mode (Plasma)","metabolite_name":"5-HpETE screen","refmet_name":"5S-HpETE"},"46":{"study_id":"ST000253","analysis_id":"AN000400","analysis_summary":"ESI negative ion mode (Plasma)","metabolite_name":"5-KETE","refmet_name":"5-Oxo-ETE"},"47":{"study_id":"ST000253","analysis_id":"AN000400","analysis_summary":"ESI negative ion mode (Plasma)","metabolite_name":"6-keto PGF1a","refmet_name":"6-Keto-PGF1alpha"},"48":{"study_id":"ST000253","analysis_id":"AN000400","analysis_summary":"ESI negative ion mode (Plasma)","metabolite_name":"6-trans-LTB4","refmet_name":"6-trans-LTB4"},"49":{"study_id":"ST000253","analysis_id":"AN000400","analysis_summary":"ESI negative ion mode (Plasma)","metabolite_name":"8,15-DiHETE","refmet_name":"8,15-DiHETE"},"50":{"study_id":"ST000253","analysis_id":"AN000400","analysis_summary":"ESI negative ion mode (Plasma)","metabolite_name":"8,9-DiHETrE","refmet_name":"8,9-DiHETrE"},"51":{"study_id":"ST000253","analysis_id":"AN000400","analysis_summary":"ESI negative ion mode (Plasma)","metabolite_name":"8(9)-EpETrE","refmet_name":"8(9)-EpETrE"},"52":{"study_id":"ST000253","analysis_id":"AN000400","analysis_summary":"ESI negative ion mode (Plasma)","metabolite_name":"8-HETE","refmet_name":"8-HETE"},"53":{"study_id":"ST000253","analysis_id":"AN000400","analysis_summary":"ESI negative ion mode (Plasma)","metabolite_name":"9,10-13-TriHOME","refmet_name":"9,10,13-TriHOME(11)"},"54":{"study_id":"ST000253","analysis_id":"AN000400","analysis_summary":"ESI negative ion mode (Plasma)","metabolite_name":"9,10-DiHODE","refmet_name":"9,10-DiHODE"},"55":{"study_id":"ST000253","analysis_id":"AN000400","analysis_summary":"ESI negative ion mode (Plasma)","metabolite_name":"9,10-DiHOME","refmet_name":"9,10-DiHOME"},"56":{"study_id":"ST000253","analysis_id":"AN000400","analysis_summary":"ESI negative ion mode (Plasma)","metabolite_name":"9(10)-EpODE","refmet_name":"9,10-EpODE"},"57":{"study_id":"ST000253","analysis_id":"AN000400","analysis_summary":"ESI negative ion mode (Plasma)","metabolite_name":"9(10)-EpOME","refmet_name":"9(10)-EpOME"},"58":{"study_id":"ST000253","analysis_id":"AN000400","analysis_summary":"ESI negative ion mode (Plasma)","metabolite_name":"9,12,13-TriHOME","refmet_name":"9,12,13-TriHOME"},"59":{"study_id":"ST000253","analysis_id":"AN000400","analysis_summary":"ESI negative ion mode (Plasma)","metabolite_name":"9-HEPE","refmet_name":"9-HEPE"},"60":{"study_id":"ST000253","analysis_id":"AN000400","analysis_summary":"ESI negative ion mode (Plasma)","metabolite_name":"9-HETE","refmet_name":"9-HETE"},"61":{"study_id":"ST000253","analysis_id":"AN000400","analysis_summary":"ESI negative ion mode (Plasma)","metabolite_name":"9-HODE","refmet_name":"9-HODE"},"62":{"study_id":"ST000253","analysis_id":"AN000400","analysis_summary":"ESI negative ion mode (Plasma)","metabolite_name":"9-HOTE","refmet_name":"9-HOTE"},"63":{"study_id":"ST000253","analysis_id":"AN000400","analysis_summary":"ESI negative ion mode (Plasma)","metabolite_name":"9-HpODE screen","refmet_name":"9S-HpODE"},"64":{"study_id":"ST000253","analysis_id":"AN000400","analysis_summary":"ESI negative ion mode (Plasma)","metabolite_name":"9-KODE","refmet_name":"9-OxoODE"},"65":{"study_id":"ST000253","analysis_id":"AN000400","analysis_summary":"ESI negative ion mode (Plasma)","metabolite_name":"Hepoxilin A3","refmet_name":"Hepoxilin A3"},"66":{"study_id":"ST000253","analysis_id":"AN000400","analysis_summary":"ESI negative ion mode (Plasma)","metabolite_name":"Lipoxin A4","refmet_name":"Lipoxin A4"},"67":{"study_id":"ST000253","analysis_id":"AN000400","analysis_summary":"ESI negative ion mode (Plasma)","metabolite_name":"LTB4","refmet_name":"LTB4"},"68":{"study_id":"ST000253","analysis_id":"AN000400","analysis_summary":"ESI negative ion mode (Plasma)","metabolite_name":"LTB5","refmet_name":"LTB5"},"69":{"study_id":"ST000253","analysis_id":"AN000400","analysis_summary":"ESI negative ion mode (Plasma)","metabolite_name":"LTE4","refmet_name":"LTE4"},"70":{"study_id":"ST000253","analysis_id":"AN000400","analysis_summary":"ESI negative ion mode (Plasma)","metabolite_name":"PGD2","refmet_name":"PGD2"},"71":{"study_id":"ST000253","analysis_id":"AN000400","analysis_summary":"ESI negative ion mode (Plasma)","metabolite_name":"PGE1","refmet_name":"PGE1"},"72":{"study_id":"ST000253","analysis_id":"AN000400","analysis_summary":"ESI negative ion mode (Plasma)","metabolite_name":"PGE2","refmet_name":"PGE2"},"73":{"study_id":"ST000253","analysis_id":"AN000400","analysis_summary":"ESI negative ion mode (Plasma)","metabolite_name":"PGE3","refmet_name":"PGE3"},"74":{"study_id":"ST000253","analysis_id":"AN000400","analysis_summary":"ESI negative ion mode (Plasma)","metabolite_name":"PGF2a","refmet_name":"PGF2alpha"},"75":{"study_id":"ST000253","analysis_id":"AN000400","analysis_summary":"ESI negative ion mode (Plasma)","metabolite_name":"PGF3","refmet_name":"PGF3alpha"},"76":{"study_id":"ST000253","analysis_id":"AN000400","analysis_summary":"ESI negative ion mode (Plasma)","metabolite_name":"PGJ2\/ d 12-PGJ2","refmet_name":"delta-12-PGJ2"},"77":{"study_id":"ST000253","analysis_id":"AN000400","analysis_summary":"ESI negative ion mode (Plasma)","metabolite_name":"Resolvin D1","refmet_name":"Resolvin D1"},"78":{"study_id":"ST000253","analysis_id":"AN000400","analysis_summary":"ESI negative ion mode (Plasma)","metabolite_name":"Resolvin E1","refmet_name":"Resolvin E1"},"79":{"study_id":"ST000253","analysis_id":"AN000400","analysis_summary":"ESI negative ion mode (Plasma)","metabolite_name":"TXB2","refmet_name":"TXB2"},"80":{"study_id":"ST000253","analysis_id":"AN000401","analysis_summary":"ESI negative ion mode (Lung)","metabolite_name":"11,12,15-THET","refmet_name":""},"81":{"study_id":"ST000253","analysis_id":"AN000401","analysis_summary":"ESI negative ion mode (Lung)","metabolite_name":"11,12-DiHETrE","refmet_name":"11,12-DiHETrE"},"82":{"study_id":"ST000253","analysis_id":"AN000401","analysis_summary":"ESI negative ion mode (Lung)","metabolite_name":"11(12)-EpETE","refmet_name":"11(12)-EpETE"},"83":{"study_id":"ST000253","analysis_id":"AN000401","analysis_summary":"ESI negative ion mode (Lung)","metabolite_name":"11(12)-EpETrE","refmet_name":"11,12-EpETrE"},"84":{"study_id":"ST000253","analysis_id":"AN000401","analysis_summary":"ESI negative ion mode (Lung)","metabolite_name":"11-HETE","refmet_name":"11-HETE"},"85":{"study_id":"ST000253","analysis_id":"AN000401","analysis_summary":"ESI negative ion mode (Lung)","metabolite_name":"12,13-DiHODE","refmet_name":"12,13-DiHOME"},"86":{"study_id":"ST000253","analysis_id":"AN000401","analysis_summary":"ESI negative ion mode (Lung)","metabolite_name":"12,13-DiHOME","refmet_name":"12,13-DiHOME"},"87":{"study_id":"ST000253","analysis_id":"AN000401","analysis_summary":"ESI negative ion mode (Lung)","metabolite_name":"12(13)-Ep-9-KODE","refmet_name":"9-oxo-12(13)-EpOME"},"88":{"study_id":"ST000253","analysis_id":"AN000401","analysis_summary":"ESI negative ion mode (Lung)","metabolite_name":"12(13)-EpODE","refmet_name":"alpha-12(13)-EpODE"},"89":{"study_id":"ST000253","analysis_id":"AN000401","analysis_summary":"ESI negative ion mode (Lung)","metabolite_name":"12(13)-EpOME","refmet_name":"12(13)-EpOME"},"90":{"study_id":"ST000253","analysis_id":"AN000401","analysis_summary":"ESI negative ion mode (Lung)","metabolite_name":"12-HEPE","refmet_name":"12-HEPE"},"91":{"study_id":"ST000253","analysis_id":"AN000401","analysis_summary":"ESI negative ion mode (Lung)","metabolite_name":"12-HETE","refmet_name":"12-HETE"},"92":{"study_id":"ST000253","analysis_id":"AN000401","analysis_summary":"ESI negative ion mode (Lung)","metabolite_name":"13-HODE","refmet_name":"13-HODE"},"93":{"study_id":"ST000253","analysis_id":"AN000401","analysis_summary":"ESI negative ion mode (Lung)","metabolite_name":"13-HOTE","refmet_name":"13-HOTE"},"94":{"study_id":"ST000253","analysis_id":"AN000401","analysis_summary":"ESI negative ion mode (Lung)","metabolite_name":"13-KODE","refmet_name":"13-Oxo-ODE"},"95":{"study_id":"ST000253","analysis_id":"AN000401","analysis_summary":"ESI negative ion mode (Lung)","metabolite_name":"14,15-DiHETE","refmet_name":"14,15-DiHETE"},"96":{"study_id":"ST000253","analysis_id":"AN000401","analysis_summary":"ESI negative ion mode (Lung)","metabolite_name":"14,15-DiHETrE","refmet_name":"14,15-DiHETrE"},"97":{"study_id":"ST000253","analysis_id":"AN000401","analysis_summary":"ESI negative ion mode (Lung)","metabolite_name":"14(15)-EpETE","refmet_name":"14(15)-EpETE"},"98":{"study_id":"ST000253","analysis_id":"AN000401","analysis_summary":"ESI negative ion mode (Lung)","metabolite_name":"14(15)-EpETrE","refmet_name":"14,15-EpETrE"},"99":{"study_id":"ST000253","analysis_id":"AN000401","analysis_summary":"ESI negative ion mode (Lung)","metabolite_name":"14-HDoHE","refmet_name":"14-HDoHE"},"100":{"study_id":"ST000253","analysis_id":"AN000401","analysis_summary":"ESI negative ion mode (Lung)","metabolite_name":"15,16-DiHODE","refmet_name":"15,16-DiHODE"},"101":{"study_id":"ST000253","analysis_id":"AN000401","analysis_summary":"ESI negative ion mode (Lung)","metabolite_name":"15(16)-EpODE","refmet_name":"15,16-EpODE"},"102":{"study_id":"ST000253","analysis_id":"AN000401","analysis_summary":"ESI negative ion mode (Lung)","metabolite_name":"15-HEPE","refmet_name":"15-HEPE"},"103":{"study_id":"ST000253","analysis_id":"AN000401","analysis_summary":"ESI negative ion mode (Lung)","metabolite_name":"15-HETE","refmet_name":"15-HETE"},"104":{"study_id":"ST000253","analysis_id":"AN000401","analysis_summary":"ESI negative ion mode (Lung)","metabolite_name":"15-HETrE","refmet_name":"15-HETrE"},"105":{"study_id":"ST000253","analysis_id":"AN000401","analysis_summary":"ESI negative ion mode (Lung)","metabolite_name":"15-KETE","refmet_name":"15-Oxo-ETE"},"106":{"study_id":"ST000253","analysis_id":"AN000401","analysis_summary":"ESI negative ion mode (Lung)","metabolite_name":"16(17)-EpDPE","refmet_name":"16(17)-EpDPE"},"107":{"study_id":"ST000253","analysis_id":"AN000401","analysis_summary":"ESI negative ion mode (Lung)","metabolite_name":"17,18-DiHETE","refmet_name":"17,18-DiHETE"},"108":{"study_id":"ST000253","analysis_id":"AN000401","analysis_summary":"ESI negative ion mode (Lung)","metabolite_name":"17(18)-EpETE","refmet_name":"17(18)-EpETE"},"109":{"study_id":"ST000253","analysis_id":"AN000401","analysis_summary":"ESI negative ion mode (Lung)","metabolite_name":"17-HDoHE","refmet_name":"17-HDoHE"},"110":{"study_id":"ST000253","analysis_id":"AN000401","analysis_summary":"ESI negative ion mode (Lung)","metabolite_name":"19,20-DiHDoPA","refmet_name":"19,20-DiHDPE"},"111":{"study_id":"ST000253","analysis_id":"AN000401","analysis_summary":"ESI negative ion mode (Lung)","metabolite_name":"19(20)-EpDPE","refmet_name":"19(20)-EpDPE"},"112":{"study_id":"ST000253","analysis_id":"AN000401","analysis_summary":"ESI negative ion mode (Lung)","metabolite_name":"20-HETE","refmet_name":"20-HETE"},"113":{"study_id":"ST000253","analysis_id":"AN000401","analysis_summary":"ESI negative ion mode (Lung)","metabolite_name":"4-HDoHE","refmet_name":"4-HDoHE"},"114":{"study_id":"ST000253","analysis_id":"AN000401","analysis_summary":"ESI negative ion mode (Lung)","metabolite_name":"5,15-DiHETE","refmet_name":"5,15-DiHETE"},"115":{"study_id":"ST000253","analysis_id":"AN000401","analysis_summary":"ESI negative ion mode (Lung)","metabolite_name":"5,6-DiHETrE","refmet_name":"5,6-DiHETrE"},"116":{"study_id":"ST000253","analysis_id":"AN000401","analysis_summary":"ESI negative ion mode (Lung)","metabolite_name":"5-HEPE","refmet_name":"5-HEPE"},"117":{"study_id":"ST000253","analysis_id":"AN000401","analysis_summary":"ESI negative ion mode (Lung)","metabolite_name":"5-HETE","refmet_name":"5-HETE"},"118":{"study_id":"ST000253","analysis_id":"AN000401","analysis_summary":"ESI negative ion mode (Lung)","metabolite_name":"5-KETE","refmet_name":"5-Oxo-ETE"},"119":{"study_id":"ST000253","analysis_id":"AN000401","analysis_summary":"ESI negative ion mode (Lung)","metabolite_name":"6-keto PGF1a","refmet_name":"6-Keto-PGF1alpha"},"120":{"study_id":"ST000253","analysis_id":"AN000401","analysis_summary":"ESI negative ion mode (Lung)","metabolite_name":"6-trans-LTB4","refmet_name":"6-trans-LTB4"},"121":{"study_id":"ST000253","analysis_id":"AN000401","analysis_summary":"ESI negative ion mode (Lung)","metabolite_name":"8,15-DiHETE","refmet_name":"8,15-DiHETE"},"122":{"study_id":"ST000253","analysis_id":"AN000401","analysis_summary":"ESI negative ion mode (Lung)","metabolite_name":"8,9-DiHETrE","refmet_name":"8,9-DiHETrE"},"123":{"study_id":"ST000253","analysis_id":"AN000401","analysis_summary":"ESI negative ion mode (Lung)","metabolite_name":"8(9)-EpETrE","refmet_name":"8(9)-EpETrE"},"124":{"study_id":"ST000253","analysis_id":"AN000401","analysis_summary":"ESI negative ion mode (Lung)","metabolite_name":"8-HETE","refmet_name":"8-HETE"},"125":{"study_id":"ST000253","analysis_id":"AN000401","analysis_summary":"ESI negative ion mode (Lung)","metabolite_name":"9,10-DiHODE","refmet_name":"9,10-DiHODE"},"126":{"study_id":"ST000253","analysis_id":"AN000401","analysis_summary":"ESI negative ion mode (Lung)","metabolite_name":"9,10-DiHOME","refmet_name":"9,10-DiHOME"},"127":{"study_id":"ST000253","analysis_id":"AN000401","analysis_summary":"ESI negative ion mode (Lung)","metabolite_name":"9(10)-EpODE","refmet_name":"9,10-EpODE"},"128":{"study_id":"ST000253","analysis_id":"AN000401","analysis_summary":"ESI negative ion mode (Lung)","metabolite_name":"9(10)-EpOME","refmet_name":"9(10)-EpOME"},"129":{"study_id":"ST000253","analysis_id":"AN000401","analysis_summary":"ESI negative ion mode (Lung)","metabolite_name":"9,12,13-TriHOME","refmet_name":"9,12,13-TriHOME"},"130":{"study_id":"ST000253","analysis_id":"AN000401","analysis_summary":"ESI negative ion mode (Lung)","metabolite_name":"9-HEPE","refmet_name":"9-HEPE"},"131":{"study_id":"ST000253","analysis_id":"AN000401","analysis_summary":"ESI negative ion mode (Lung)","metabolite_name":"9-HETE","refmet_name":"9-HETE"},"132":{"study_id":"ST000253","analysis_id":"AN000401","analysis_summary":"ESI negative ion mode (Lung)","metabolite_name":"9-HODE","refmet_name":"9-HODE"},"133":{"study_id":"ST000253","analysis_id":"AN000401","analysis_summary":"ESI negative ion mode (Lung)","metabolite_name":"9-HOTE","refmet_name":"9-HOTE"},"134":{"study_id":"ST000253","analysis_id":"AN000401","analysis_summary":"ESI negative ion mode (Lung)","metabolite_name":"9-KODE","refmet_name":"9-OxoODE"},"135":{"study_id":"ST000253","analysis_id":"AN000401","analysis_summary":"ESI negative ion mode (Lung)","metabolite_name":"Lipoxin A4","refmet_name":"Lipoxin A4"},"136":{"study_id":"ST000253","analysis_id":"AN000401","analysis_summary":"ESI negative ion mode (Lung)","metabolite_name":"LTB4","refmet_name":"LTB4"},"137":{"study_id":"ST000253","analysis_id":"AN000401","analysis_summary":"ESI negative ion mode (Lung)","metabolite_name":"LTB5","refmet_name":"LTB5"},"138":{"study_id":"ST000253","analysis_id":"AN000401","analysis_summary":"ESI negative ion mode (Lung)","metabolite_name":"PGF2a","refmet_name":"PGF2alpha"},"139":{"study_id":"ST000253","analysis_id":"AN000401","analysis_summary":"ESI negative ion mode (Lung)","metabolite_name":"Resolvin D1","refmet_name":"Resolvin D1"},"140":{"study_id":"ST000253","analysis_id":"AN000401","analysis_summary":"ESI negative ion mode (Lung)","metabolite_name":"Resolvin E1","refmet_name":"Resolvin E1"},"141":{"study_id":"ST000253","analysis_id":"AN000401","analysis_summary":"ESI negative ion mode (Lung)","metabolite_name":"Sum-TriHOME","refmet_name":"9,12,13-TriHOME"}}