{"1":{"study_id":"ST000370","analysis_id":"AN000604","analysis_summary":"GC POSITIVE ION MODE","metabolite_name":"Aspartate _1234","refmet_name":"Aspartic acid"},"2":{"study_id":"ST000370","analysis_id":"AN000604","analysis_summary":"GC POSITIVE ION MODE","metabolite_name":"Aspartate _1234_13C_1","refmet_name":"Aspartic acid"},"3":{"study_id":"ST000370","analysis_id":"AN000604","analysis_summary":"GC POSITIVE ION MODE","metabolite_name":"Aspartate _1234_13C_2","refmet_name":"Aspartic acid"},"4":{"study_id":"ST000370","analysis_id":"AN000604","analysis_summary":"GC POSITIVE ION MODE","metabolite_name":"Aspartate _1234_13C_3","refmet_name":"Aspartic acid"},"5":{"study_id":"ST000370","analysis_id":"AN000604","analysis_summary":"GC POSITIVE ION MODE","metabolite_name":"Aspartate _1234_13C_4","refmet_name":"Aspartic acid"},"6":{"study_id":"ST000370","analysis_id":"AN000604","analysis_summary":"GC POSITIVE ION MODE","metabolite_name":"Lactate_123","refmet_name":"Lactic acid"},"7":{"study_id":"ST000370","analysis_id":"AN000604","analysis_summary":"GC POSITIVE ION MODE","metabolite_name":"Lactate_123_13C_1","refmet_name":"Lactic acid"},"8":{"study_id":"ST000370","analysis_id":"AN000604","analysis_summary":"GC POSITIVE ION MODE","metabolite_name":"Lactate_123_13C_2","refmet_name":"Lactic acid"},"9":{"study_id":"ST000370","analysis_id":"AN000604","analysis_summary":"GC POSITIVE ION MODE","metabolite_name":"Lactate_123_13C_3","refmet_name":"Lactic acid"}}