{"1":{"study_id":"ST000006","analysis_id":"AN000020","analysis_summary":"GCMS positive ion mode","metabolite_name":"1,2-anhydro-myo-inositol","refmet_name":"1,2-Anhydro-myo-inositol"},"2":{"study_id":"ST000006","analysis_id":"AN000020","analysis_summary":"GCMS positive ion mode","metabolite_name":"1-hexadecanol","refmet_name":"Cetyl alcohol"},"3":{"study_id":"ST000006","analysis_id":"AN000020","analysis_summary":"GCMS positive ion mode","metabolite_name":"2-hydroxyglutaric acid","refmet_name":"2-Hydroxyglutaric acid"},"4":{"study_id":"ST000006","analysis_id":"AN000020","analysis_summary":"GCMS positive ion mode","metabolite_name":"2-isopropylmalic acid","refmet_name":"2-Isopropylmalic acid"},"5":{"study_id":"ST000006","analysis_id":"AN000020","analysis_summary":"GCMS positive ion mode","metabolite_name":"2-ketoisocaproic acid","refmet_name":"Ketoleucine"},"6":{"study_id":"ST000006","analysis_id":"AN000020","analysis_summary":"GCMS positive ion mode","metabolite_name":"3,6-anhydrogalactose","refmet_name":"3,6-Anhydro-galactose"},"7":{"study_id":"ST000006","analysis_id":"AN000020","analysis_summary":"GCMS positive ion mode","metabolite_name":"3-hydroxy-3-methylglutaric acid","refmet_name":"3-Hydroxymethylglutaric acid"},"8":{"study_id":"ST000006","analysis_id":"AN000020","analysis_summary":"GCMS positive ion mode","metabolite_name":"4-hydroxyproline","refmet_name":"cis-4-Hydroxyproline"},"9":{"study_id":"ST000006","analysis_id":"AN000020","analysis_summary":"GCMS positive ion mode","metabolite_name":"alanine","refmet_name":"Alanine"},"10":{"study_id":"ST000006","analysis_id":"AN000020","analysis_summary":"GCMS positive ion mode","metabolite_name":"alpha ketoglutaric acid","refmet_name":"Oxoglutaric acid"},"11":{"study_id":"ST000006","analysis_id":"AN000020","analysis_summary":"GCMS positive ion mode","metabolite_name":"arabinose","refmet_name":"Arabinose"},"12":{"study_id":"ST000006","analysis_id":"AN000020","analysis_summary":"GCMS positive ion mode","metabolite_name":"arabitol","refmet_name":"Arabitol"},"13":{"study_id":"ST000006","analysis_id":"AN000020","analysis_summary":"GCMS positive ion mode","metabolite_name":"arachidic acid","refmet_name":"Arachidic acid"},"14":{"study_id":"ST000006","analysis_id":"AN000020","analysis_summary":"GCMS positive ion mode","metabolite_name":"asparagine","refmet_name":"Asparagine"},"15":{"study_id":"ST000006","analysis_id":"AN000020","analysis_summary":"GCMS positive ion mode","metabolite_name":"aspartic acid","refmet_name":"Aspartic acid"},"16":{"study_id":"ST000006","analysis_id":"AN000020","analysis_summary":"GCMS positive ion mode","metabolite_name":"behenic acid","refmet_name":"Behenic acid"},"17":{"study_id":"ST000006","analysis_id":"AN000020","analysis_summary":"GCMS positive ion mode","metabolite_name":"benzoic acid","refmet_name":"Benzoic acid"},"18":{"study_id":"ST000006","analysis_id":"AN000020","analysis_summary":"GCMS positive ion mode","metabolite_name":"beta alanine","refmet_name":"beta-Alanine"},"19":{"study_id":"ST000006","analysis_id":"AN000020","analysis_summary":"GCMS positive ion mode","metabolite_name":"butyl stearate","refmet_name":"Butyl octadecanoate"},"20":{"study_id":"ST000006","analysis_id":"AN000020","analysis_summary":"GCMS positive ion mode","metabolite_name":"caffeic acid","refmet_name":"Caffeic acid"},"21":{"study_id":"ST000006","analysis_id":"AN000020","analysis_summary":"GCMS positive ion mode","metabolite_name":"cellobiose","refmet_name":"Cellobiose"},"22":{"study_id":"ST000006","analysis_id":"AN000020","analysis_summary":"GCMS positive ion mode","metabolite_name":"cis-caffeic acid","refmet_name":"Caffeic acid"},"23":{"study_id":"ST000006","analysis_id":"AN000020","analysis_summary":"GCMS positive ion mode","metabolite_name":"citramalate","refmet_name":"Citramalic acid"},"24":{"study_id":"ST000006","analysis_id":"AN000020","analysis_summary":"GCMS positive ion mode","metabolite_name":"citric acid","refmet_name":"Citric acid"},"25":{"study_id":"ST000006","analysis_id":"AN000020","analysis_summary":"GCMS positive ion mode","metabolite_name":"citrulline","refmet_name":"Citrulline"},"26":{"study_id":"ST000006","analysis_id":"AN000020","analysis_summary":"GCMS positive ion mode","metabolite_name":"conduritol-beta-epoxide","refmet_name":"Conduritol epoxide"},"27":{"study_id":"ST000006","analysis_id":"AN000020","analysis_summary":"GCMS positive ion mode","metabolite_name":"cysteine","refmet_name":"Cysteine"},"28":{"study_id":"ST000006","analysis_id":"AN000020","analysis_summary":"GCMS positive ion mode","metabolite_name":"dehydroascorbate","refmet_name":"L-Dehydroascorbic acid"},"29":{"study_id":"ST000006","analysis_id":"AN000020","analysis_summary":"GCMS positive ion mode","metabolite_name":"erythritol","refmet_name":"Erythritol"},"30":{"study_id":"ST000006","analysis_id":"AN000020","analysis_summary":"GCMS positive ion mode","metabolite_name":"fructose","refmet_name":"Fructose"},"31":{"study_id":"ST000006","analysis_id":"AN000020","analysis_summary":"GCMS positive ion mode","metabolite_name":"fucose","refmet_name":"Fucose"},"32":{"study_id":"ST000006","analysis_id":"AN000020","analysis_summary":"GCMS positive ion mode","metabolite_name":"GABA","refmet_name":"gamma-Aminobutyric acid"},"33":{"study_id":"ST000006","analysis_id":"AN000020","analysis_summary":"GCMS positive ion mode","metabolite_name":"galactinol","refmet_name":"Galactinol"},"34":{"study_id":"ST000006","analysis_id":"AN000020","analysis_summary":"GCMS positive ion mode","metabolite_name":"galactonic acid","refmet_name":"Galactonic acid"},"35":{"study_id":"ST000006","analysis_id":"AN000020","analysis_summary":"GCMS positive ion mode","metabolite_name":"galactose","refmet_name":"Galactose"},"36":{"study_id":"ST000006","analysis_id":"AN000020","analysis_summary":"GCMS positive ion mode","metabolite_name":"galacturonic acid","refmet_name":"Galacturonic acid"},"37":{"study_id":"ST000006","analysis_id":"AN000020","analysis_summary":"GCMS positive ion mode","metabolite_name":"glucoheptulose","refmet_name":"Glucoheptulose"},"38":{"study_id":"ST000006","analysis_id":"AN000020","analysis_summary":"GCMS positive ion mode","metabolite_name":"gluconic acid","refmet_name":"Gluconic acid"},"39":{"study_id":"ST000006","analysis_id":"AN000020","analysis_summary":"GCMS positive ion mode","metabolite_name":"glucose","refmet_name":"Glucose"},"40":{"study_id":"ST000006","analysis_id":"AN000020","analysis_summary":"GCMS positive ion mode","metabolite_name":"glucuronic acid","refmet_name":"Glucuronic acid"},"41":{"study_id":"ST000006","analysis_id":"AN000020","analysis_summary":"GCMS positive ion mode","metabolite_name":"glutamic acid","refmet_name":"Glutamic acid"},"42":{"study_id":"ST000006","analysis_id":"AN000020","analysis_summary":"GCMS positive ion mode","metabolite_name":"glyceric acid","refmet_name":"Glyceric acid"},"43":{"study_id":"ST000006","analysis_id":"AN000020","analysis_summary":"GCMS positive ion mode","metabolite_name":"glycerol","refmet_name":"Glycerol"},"44":{"study_id":"ST000006","analysis_id":"AN000020","analysis_summary":"GCMS positive ion mode","metabolite_name":"glycerol-3-galactoside NIST","refmet_name":"Galactosylglycerol"},"45":{"study_id":"ST000006","analysis_id":"AN000020","analysis_summary":"GCMS positive ion mode","metabolite_name":"glycerol-alpha-phosphate","refmet_name":"sn-Glycero-3-phosphate"},"46":{"study_id":"ST000006","analysis_id":"AN000020","analysis_summary":"GCMS positive ion mode","metabolite_name":"glycine","refmet_name":"Glycine"},"47":{"study_id":"ST000006","analysis_id":"AN000020","analysis_summary":"GCMS positive ion mode","metabolite_name":"guanine","refmet_name":"Guanine"},"48":{"study_id":"ST000006","analysis_id":"AN000020","analysis_summary":"GCMS positive ion mode","metabolite_name":"heptadecanoic acid","refmet_name":"Margaric acid"},"49":{"study_id":"ST000006","analysis_id":"AN000020","analysis_summary":"GCMS positive ion mode","metabolite_name":"homoserine","refmet_name":"Homoserine"},"50":{"study_id":"ST000006","analysis_id":"AN000020","analysis_summary":"GCMS positive ion mode","metabolite_name":"indole-3-lactate","refmet_name":"Indolelactic acid"},"51":{"study_id":"ST000006","analysis_id":"AN000020","analysis_summary":"GCMS positive ion mode","metabolite_name":"inositol myo-","refmet_name":"Myo-inositol"},"52":{"study_id":"ST000006","analysis_id":"AN000020","analysis_summary":"GCMS positive ion mode","metabolite_name":"inulobiose","refmet_name":"Inulobiose"},"53":{"study_id":"ST000006","analysis_id":"AN000020","analysis_summary":"GCMS positive ion mode","metabolite_name":"isocitric acid","refmet_name":"Isocitric acid"},"54":{"study_id":"ST000006","analysis_id":"AN000020","analysis_summary":"GCMS positive ion mode","metabolite_name":"isogalactinol","refmet_name":"Galactinol"},"55":{"study_id":"ST000006","analysis_id":"AN000020","analysis_summary":"GCMS positive ion mode","metabolite_name":"isoleucine","refmet_name":"Isoleucine"},"56":{"study_id":"ST000006","analysis_id":"AN000020","analysis_summary":"GCMS positive ion mode","metabolite_name":"isothreonic acid","refmet_name":"D-Threonic acid"},"57":{"study_id":"ST000006","analysis_id":"AN000020","analysis_summary":"GCMS positive ion mode","metabolite_name":"lactic acid","refmet_name":"Lactic acid"},"58":{"study_id":"ST000006","analysis_id":"AN000020","analysis_summary":"GCMS positive ion mode","metabolite_name":"Lauric acid","refmet_name":"Lauric acid"},"59":{"study_id":"ST000006","analysis_id":"AN000020","analysis_summary":"GCMS positive ion mode","metabolite_name":"leucine","refmet_name":"Leucine"},"60":{"study_id":"ST000006","analysis_id":"AN000020","analysis_summary":"GCMS positive ion mode","metabolite_name":"lysine","refmet_name":"Lysine"},"61":{"study_id":"ST000006","analysis_id":"AN000020","analysis_summary":"GCMS positive ion mode","metabolite_name":"lyxitol","refmet_name":"L-Arabitol"},"62":{"study_id":"ST000006","analysis_id":"AN000020","analysis_summary":"GCMS positive ion mode","metabolite_name":"malate","refmet_name":"D-Malic acid"},"63":{"study_id":"ST000006","analysis_id":"AN000020","analysis_summary":"GCMS positive ion mode","metabolite_name":"maleic acid","refmet_name":"Maleic acid"},"64":{"study_id":"ST000006","analysis_id":"AN000020","analysis_summary":"GCMS positive ion mode","metabolite_name":"maltose","refmet_name":"Maltose"},"65":{"study_id":"ST000006","analysis_id":"AN000020","analysis_summary":"GCMS positive ion mode","metabolite_name":"mannitol","refmet_name":"Mannitol"},"66":{"study_id":"ST000006","analysis_id":"AN000020","analysis_summary":"GCMS positive ion mode","metabolite_name":"melibiose","refmet_name":"Melibiose"},"67":{"study_id":"ST000006","analysis_id":"AN000020","analysis_summary":"GCMS positive ion mode","metabolite_name":"methionine","refmet_name":"Methionine"},"68":{"study_id":"ST000006","analysis_id":"AN000020","analysis_summary":"GCMS positive ion mode","metabolite_name":"N-acetyl-D-hexosamine","refmet_name":"N-Acetylhexosamine"},"69":{"study_id":"ST000006","analysis_id":"AN000020","analysis_summary":"GCMS positive ion mode","metabolite_name":"N-acetyl-D-mannosamine","refmet_name":"N-Acetyl-mannosamine"},"70":{"study_id":"ST000006","analysis_id":"AN000020","analysis_summary":"GCMS positive ion mode","metabolite_name":"nicotianamine","refmet_name":"(R,S,S)-Nicotianamine"},"71":{"study_id":"ST000006","analysis_id":"AN000020","analysis_summary":"GCMS positive ion mode","metabolite_name":"octadecanol","refmet_name":"Stearyl alcohol"},"72":{"study_id":"ST000006","analysis_id":"AN000020","analysis_summary":"GCMS positive ion mode","metabolite_name":"Oleic acid","refmet_name":"Oleic acid"},"73":{"study_id":"ST000006","analysis_id":"AN000020","analysis_summary":"GCMS positive ion mode","metabolite_name":"ornithine","refmet_name":"Ornithine"},"74":{"study_id":"ST000006","analysis_id":"AN000020","analysis_summary":"GCMS positive ion mode","metabolite_name":"oxoproline","refmet_name":"Pyroglutamic acid"},"75":{"study_id":"ST000006","analysis_id":"AN000020","analysis_summary":"GCMS positive ion mode","metabolite_name":"palmitic acid","refmet_name":"Palmitic acid"},"76":{"study_id":"ST000006","analysis_id":"AN000020","analysis_summary":"GCMS positive ion mode","metabolite_name":"pelargonic acid","refmet_name":"Pelargonic acid"},"77":{"study_id":"ST000006","analysis_id":"AN000020","analysis_summary":"GCMS positive ion mode","metabolite_name":"phenylalanine","refmet_name":"Phenylalanine"},"78":{"study_id":"ST000006","analysis_id":"AN000020","analysis_summary":"GCMS positive ion mode","metabolite_name":"pipecolic acid","refmet_name":"Pipecolic acid"},"79":{"study_id":"ST000006","analysis_id":"AN000020","analysis_summary":"GCMS positive ion mode","metabolite_name":"proline","refmet_name":"Proline"},"80":{"study_id":"ST000006","analysis_id":"AN000020","analysis_summary":"GCMS positive ion mode","metabolite_name":"pseudo uridine","refmet_name":"Pseudouridine"},"81":{"study_id":"ST000006","analysis_id":"AN000020","analysis_summary":"GCMS positive ion mode","metabolite_name":"putrescine","refmet_name":"Putrescine"},"82":{"study_id":"ST000006","analysis_id":"AN000020","analysis_summary":"GCMS positive ion mode","metabolite_name":"quinic acid","refmet_name":"Quinic acid"},"83":{"study_id":"ST000006","analysis_id":"AN000020","analysis_summary":"GCMS positive ion mode","metabolite_name":"ribonic acid","refmet_name":"Ribonic acid"},"84":{"study_id":"ST000006","analysis_id":"AN000020","analysis_summary":"GCMS positive ion mode","metabolite_name":"ribose","refmet_name":"Ribose"},"85":{"study_id":"ST000006","analysis_id":"AN000020","analysis_summary":"GCMS positive ion mode","metabolite_name":"saccharopine","refmet_name":"Saccharopine"},"86":{"study_id":"ST000006","analysis_id":"AN000020","analysis_summary":"GCMS positive ion mode","metabolite_name":"serine","refmet_name":"Serine"},"87":{"study_id":"ST000006","analysis_id":"AN000020","analysis_summary":"GCMS positive ion mode","metabolite_name":"shikimic acid","refmet_name":"Shikimic acid"},"88":{"study_id":"ST000006","analysis_id":"AN000020","analysis_summary":"GCMS positive ion mode","metabolite_name":"sophorose","refmet_name":"Sophorose"},"89":{"study_id":"ST000006","analysis_id":"AN000020","analysis_summary":"GCMS positive ion mode","metabolite_name":"sorbitol","refmet_name":"Sorbitol"},"90":{"study_id":"ST000006","analysis_id":"AN000020","analysis_summary":"GCMS positive ion mode","metabolite_name":"spermidine","refmet_name":"Spermidine"},"91":{"study_id":"ST000006","analysis_id":"AN000020","analysis_summary":"GCMS positive ion mode","metabolite_name":"Stearic acid","refmet_name":"Stearic acid"},"92":{"study_id":"ST000006","analysis_id":"AN000020","analysis_summary":"GCMS positive ion mode","metabolite_name":"suberyl glycine","refmet_name":"Suberylglycine"},"93":{"study_id":"ST000006","analysis_id":"AN000020","analysis_summary":"GCMS positive ion mode","metabolite_name":"succinic acid","refmet_name":"Succinic acid"},"94":{"study_id":"ST000006","analysis_id":"AN000020","analysis_summary":"GCMS positive ion mode","metabolite_name":"talose","refmet_name":"Talose"},"95":{"study_id":"ST000006","analysis_id":"AN000020","analysis_summary":"GCMS positive ion mode","metabolite_name":"tartaric acid","refmet_name":"Tartaric acid"},"96":{"study_id":"ST000006","analysis_id":"AN000020","analysis_summary":"GCMS positive ion mode","metabolite_name":"threitol","refmet_name":"Threitol"},"97":{"study_id":"ST000006","analysis_id":"AN000020","analysis_summary":"GCMS positive ion mode","metabolite_name":"threonic acid","refmet_name":"Threonic acid"},"98":{"study_id":"ST000006","analysis_id":"AN000020","analysis_summary":"GCMS positive ion mode","metabolite_name":"threonine","refmet_name":"Threonine"},"99":{"study_id":"ST000006","analysis_id":"AN000020","analysis_summary":"GCMS positive ion mode","metabolite_name":"trehalose","refmet_name":"Trehalose"},"100":{"study_id":"ST000006","analysis_id":"AN000020","analysis_summary":"GCMS positive ion mode","metabolite_name":"tryptophan","refmet_name":"Tryptophan"},"101":{"study_id":"ST000006","analysis_id":"AN000020","analysis_summary":"GCMS positive ion mode","metabolite_name":"tyrosine","refmet_name":"Tyrosine"},"102":{"study_id":"ST000006","analysis_id":"AN000020","analysis_summary":"GCMS positive ion mode","metabolite_name":"uracil","refmet_name":"Uracil"},"103":{"study_id":"ST000006","analysis_id":"AN000020","analysis_summary":"GCMS positive ion mode","metabolite_name":"urea","refmet_name":"Urea"},"104":{"study_id":"ST000006","analysis_id":"AN000020","analysis_summary":"GCMS positive ion mode","metabolite_name":"uridine","refmet_name":"Uridine"},"105":{"study_id":"ST000006","analysis_id":"AN000020","analysis_summary":"GCMS positive ion mode","metabolite_name":"valine","refmet_name":"Valine"},"106":{"study_id":"ST000006","analysis_id":"AN000020","analysis_summary":"GCMS positive ion mode","metabolite_name":"xanthine","refmet_name":"Xanthine"},"107":{"study_id":"ST000006","analysis_id":"AN000020","analysis_summary":"GCMS positive ion mode","metabolite_name":"xylitol","refmet_name":"Xylitol"},"108":{"study_id":"ST000006","analysis_id":"AN000020","analysis_summary":"GCMS positive ion mode","metabolite_name":"xylose","refmet_name":"Xylose"}}