{"1":{"study_id":"ST000715","analysis_id":"AN001119","analysis_summary":"GC POSITIVE ION MODE","metabolite_name":"ACETIC ACID","refmet_name":"Acetic acid"},"2":{"study_id":"ST000715","analysis_id":"AN001119","analysis_summary":"GC POSITIVE ION MODE","metabolite_name":"BUTYRIC ACID","refmet_name":"Butyric acid"},"3":{"study_id":"ST000715","analysis_id":"AN001119","analysis_summary":"GC POSITIVE ION MODE","metabolite_name":"HEXANOIC ACID","refmet_name":"Caproic acid"},"4":{"study_id":"ST000715","analysis_id":"AN001119","analysis_summary":"GC POSITIVE ION MODE","metabolite_name":"ISOBUTYRIC ACID","refmet_name":"Isobutyric acid"},"5":{"study_id":"ST000715","analysis_id":"AN001119","analysis_summary":"GC POSITIVE ION MODE","metabolite_name":"ISOVALERIC ACID","refmet_name":"Isovaleric acid"},"6":{"study_id":"ST000715","analysis_id":"AN001119","analysis_summary":"GC POSITIVE ION MODE","metabolite_name":"OCTANOIC ACID","refmet_name":"Caprylic acid"},"7":{"study_id":"ST000715","analysis_id":"AN001119","analysis_summary":"GC POSITIVE ION MODE","metabolite_name":"PROPIONIC ACID","refmet_name":"Propionic acid"},"8":{"study_id":"ST000715","analysis_id":"AN001119","analysis_summary":"GC POSITIVE ION MODE","metabolite_name":"VALERIC ACID","refmet_name":"Valeric acid"}}