{"1":{"study_id":"ST000424","analysis_id":"AN000673","analysis_summary":"Reversed phase POSITIVE ION MODE","metabolite_name":"1-AMINOCYCLOPROPANE-1-CARBOXYLATE","refmet_name":"1-Aminocyclopropanecarboxylic acid"},"2":{"study_id":"ST000424","analysis_id":"AN000673","analysis_summary":"Reversed phase POSITIVE ION MODE","metabolite_name":"2'-DEOXYADENOSINE","refmet_name":"Deoxyadenosine"},"3":{"study_id":"ST000424","analysis_id":"AN000673","analysis_summary":"Reversed phase POSITIVE ION MODE","metabolite_name":"3-AMINO-4-HYDROXYBENZOIC ACID","refmet_name":"3-Amino-4-hydroxybenzoic acid"},"4":{"study_id":"ST000424","analysis_id":"AN000673","analysis_summary":"Reversed phase POSITIVE ION MODE","metabolite_name":"3'-CMP","refmet_name":"3'-CMP"},"5":{"study_id":"ST000424","analysis_id":"AN000673","analysis_summary":"Reversed phase POSITIVE ION MODE","metabolite_name":"3-HYDROXY-3-METHYLGLUTARATE","refmet_name":"3-Hydroxymethylglutaric acid"},"6":{"study_id":"ST000424","analysis_id":"AN000673","analysis_summary":"Reversed phase POSITIVE ION MODE","metabolite_name":"3-METHOXYTYRAMINE","refmet_name":"3-Methoxytyramine"},"7":{"study_id":"ST000424","analysis_id":"AN000673","analysis_summary":"Reversed phase POSITIVE ION MODE","metabolite_name":"3-SULFINO-L-ALANINE","refmet_name":"3-Sulfino-alanine"},"8":{"study_id":"ST000424","analysis_id":"AN000673","analysis_summary":"Reversed phase POSITIVE ION MODE","metabolite_name":"3-UREIDOPROPIONATE","refmet_name":"Ureidopropionic acid"},"9":{"study_id":"ST000424","analysis_id":"AN000673","analysis_summary":"Reversed phase POSITIVE ION MODE","metabolite_name":"4-AMINOBUTANOATE","refmet_name":"gamma-Aminobutyric acid"},"10":{"study_id":"ST000424","analysis_id":"AN000673","analysis_summary":"Reversed phase POSITIVE ION MODE","metabolite_name":"4-HYDROXY-L-PHENYLGLYCINE","refmet_name":"4-Hydroxyphenylglycine"},"11":{"study_id":"ST000424","analysis_id":"AN000673","analysis_summary":"Reversed phase POSITIVE ION MODE","metabolite_name":"4-HYDROXYPROLINE","refmet_name":"cis-4-Hydroxyproline"},"12":{"study_id":"ST000424","analysis_id":"AN000673","analysis_summary":"Reversed phase POSITIVE ION MODE","metabolite_name":"4-IMIDAZOLEACETIC ACID","refmet_name":"Imidazoleacetic acid"},"13":{"study_id":"ST000424","analysis_id":"AN000673","analysis_summary":"Reversed phase POSITIVE ION MODE","metabolite_name":"4-O-Methylgallic Acid","refmet_name":"4-O-Methylgallic acid"},"14":{"study_id":"ST000424","analysis_id":"AN000673","analysis_summary":"Reversed phase POSITIVE ION MODE","metabolite_name":"5-METHYLCYTOSINE HYDROCLORIDE","refmet_name":"5-Methylcytosine"},"15":{"study_id":"ST000424","analysis_id":"AN000673","analysis_summary":"Reversed phase POSITIVE ION MODE","metabolite_name":"5-OXO-L-PROLINE","refmet_name":"Pyroglutamic acid"},"16":{"study_id":"ST000424","analysis_id":"AN000673","analysis_summary":"Reversed phase POSITIVE ION MODE","metabolite_name":"Acetaminophen\/Paracetamol","refmet_name":"Acetaminophen"},"17":{"study_id":"ST000424","analysis_id":"AN000673","analysis_summary":"Reversed phase POSITIVE ION MODE","metabolite_name":"ADENINE","refmet_name":"Adenine"},"18":{"study_id":"ST000424","analysis_id":"AN000673","analysis_summary":"Reversed phase POSITIVE ION MODE","metabolite_name":"ADENOSINE 5'-MONOPHOSPHATE","refmet_name":"AMP"},"19":{"study_id":"ST000424","analysis_id":"AN000673","analysis_summary":"Reversed phase POSITIVE ION MODE","metabolite_name":"ALANINE\/SARCOSINE","refmet_name":"Alanine\/Sarcosine"},"20":{"study_id":"ST000424","analysis_id":"AN000673","analysis_summary":"Reversed phase POSITIVE ION MODE","metabolite_name":"ALDO\/KETO-HEXOSE","refmet_name":"Hexose"},"21":{"study_id":"ST000424","analysis_id":"AN000673","analysis_summary":"Reversed phase POSITIVE ION MODE","metabolite_name":"ALPHA-AMINOADIPATE\/N-METHYL-L-GLUTAMATE","refmet_name":""},"22":{"study_id":"ST000424","analysis_id":"AN000673","analysis_summary":"Reversed phase POSITIVE ION MODE","metabolite_name":"ANTHRANILATE\/4-AMINOBENZOATE","refmet_name":""},"23":{"study_id":"ST000424","analysis_id":"AN000673","analysis_summary":"Reversed phase POSITIVE ION MODE","metabolite_name":"ASPARTATE","refmet_name":"Aspartic acid"},"24":{"study_id":"ST000424","analysis_id":"AN000673","analysis_summary":"Reversed phase POSITIVE ION MODE","metabolite_name":"BETAINE","refmet_name":"Betaine"},"25":{"study_id":"ST000424","analysis_id":"AN000673","analysis_summary":"Reversed phase POSITIVE ION MODE","metabolite_name":"Caffeine 13C3","refmet_name":"Caffeine"},"26":{"study_id":"ST000424","analysis_id":"AN000673","analysis_summary":"Reversed phase POSITIVE ION MODE","metabolite_name":"Caffeine-D3","refmet_name":"Caffeine"},"27":{"study_id":"ST000424","analysis_id":"AN000673","analysis_summary":"Reversed phase POSITIVE ION MODE","metabolite_name":"CITRAMALATE","refmet_name":"Citramalic acid"},"28":{"study_id":"ST000424","analysis_id":"AN000673","analysis_summary":"Reversed phase POSITIVE ION MODE","metabolite_name":"CITRATE","refmet_name":"Citric acid"},"29":{"study_id":"ST000424","analysis_id":"AN000673","analysis_summary":"Reversed phase POSITIVE ION MODE","metabolite_name":"CITRULLINE","refmet_name":"Citrulline"},"30":{"study_id":"ST000424","analysis_id":"AN000673","analysis_summary":"Reversed phase POSITIVE ION MODE","metabolite_name":"CMP","refmet_name":"CMP"},"31":{"study_id":"ST000424","analysis_id":"AN000673","analysis_summary":"Reversed phase POSITIVE ION MODE","metabolite_name":"CREATINE","refmet_name":"Creatine"},"32":{"study_id":"ST000424","analysis_id":"AN000673","analysis_summary":"Reversed phase POSITIVE ION MODE","metabolite_name":"Creatine-D3","refmet_name":"Creatine"},"33":{"study_id":"ST000424","analysis_id":"AN000673","analysis_summary":"Reversed phase POSITIVE ION MODE","metabolite_name":"CREATININE","refmet_name":"Creatinine"},"34":{"study_id":"ST000424","analysis_id":"AN000673","analysis_summary":"Reversed phase POSITIVE ION MODE","metabolite_name":"CYS-GLY","refmet_name":"Cys-Gly"},"35":{"study_id":"ST000424","analysis_id":"AN000673","analysis_summary":"Reversed phase POSITIVE ION MODE","metabolite_name":"CYTIDINE 5'-DIPHOSPHOCHOLINE","refmet_name":"Cytidine 5'-diphosphocholine"},"36":{"study_id":"ST000424","analysis_id":"AN000673","analysis_summary":"Reversed phase POSITIVE ION MODE","metabolite_name":"CYTOSINE","refmet_name":"Cytosine"},"37":{"study_id":"ST000424","analysis_id":"AN000673","analysis_summary":"Reversed phase POSITIVE ION MODE","metabolite_name":"Decanoylcarnitine","refmet_name":"CAR 10:0"},"38":{"study_id":"ST000424","analysis_id":"AN000673","analysis_summary":"Reversed phase POSITIVE ION MODE","metabolite_name":"D-GLUCOSAMINE 6-PHOSPHATE","refmet_name":"Glucosamine 6-phosphate"},"39":{"study_id":"ST000424","analysis_id":"AN000673","analysis_summary":"Reversed phase POSITIVE ION MODE","metabolite_name":"DIETHANOLAMINE","refmet_name":"Diethanolamine"},"40":{"study_id":"ST000424","analysis_id":"AN000673","analysis_summary":"Reversed phase POSITIVE ION MODE","metabolite_name":"DIHYDROXYACETONE PHOSPHATE","refmet_name":"Dihydroxyacetone phosphate"},"41":{"study_id":"ST000424","analysis_id":"AN000673","analysis_summary":"Reversed phase POSITIVE ION MODE","metabolite_name":"Dodecanoylcarnitine","refmet_name":"CAR 12:0"},"42":{"study_id":"ST000424","analysis_id":"AN000673","analysis_summary":"Reversed phase POSITIVE ION MODE","metabolite_name":"D-(+)-RAFFINOSE","refmet_name":"Raffinose"},"43":{"study_id":"ST000424","analysis_id":"AN000673","analysis_summary":"Reversed phase POSITIVE ION MODE","metabolite_name":"ERYTHRITOL","refmet_name":"Erythritol"},"44":{"study_id":"ST000424","analysis_id":"AN000673","analysis_summary":"Reversed phase POSITIVE ION MODE","metabolite_name":"Gallic Acid","refmet_name":"Gallic acid"},"45":{"study_id":"ST000424","analysis_id":"AN000673","analysis_summary":"Reversed phase POSITIVE ION MODE","metabolite_name":"GLUCOSAMINE\/MANNOSAMINE","refmet_name":""},"46":{"study_id":"ST000424","analysis_id":"AN000673","analysis_summary":"Reversed phase POSITIVE ION MODE","metabolite_name":"GLUCOSE\/FRUCTOSE-PHOSPHATE","refmet_name":""},"47":{"study_id":"ST000424","analysis_id":"AN000673","analysis_summary":"Reversed phase POSITIVE ION MODE","metabolite_name":"Glutathione","refmet_name":"Glutathione"},"48":{"study_id":"ST000424","analysis_id":"AN000673","analysis_summary":"Reversed phase POSITIVE ION MODE","metabolite_name":"Glutathione Disulfide_R1","refmet_name":"Oxidized glutathione"},"49":{"study_id":"ST000424","analysis_id":"AN000673","analysis_summary":"Reversed phase POSITIVE ION MODE","metabolite_name":"Glutathione Disulfide_R2","refmet_name":"Oxidized glutathione"},"50":{"study_id":"ST000424","analysis_id":"AN000673","analysis_summary":"Reversed phase POSITIVE ION MODE","metabolite_name":"GLYCEROL","refmet_name":"Glycerol"},"51":{"study_id":"ST000424","analysis_id":"AN000673","analysis_summary":"Reversed phase POSITIVE ION MODE","metabolite_name":"GUANINE","refmet_name":"Guanine"},"52":{"study_id":"ST000424","analysis_id":"AN000673","analysis_summary":"Reversed phase POSITIVE ION MODE","metabolite_name":"HEXOSE-6-PHOSPHATE","refmet_name":"Hexose 6-phosphate"},"53":{"study_id":"ST000424","analysis_id":"AN000673","analysis_summary":"Reversed phase POSITIVE ION MODE","metabolite_name":"HEXOSE-DISACCHARIDE","refmet_name":"Hexose"},"54":{"study_id":"ST000424","analysis_id":"AN000673","analysis_summary":"Reversed phase POSITIVE ION MODE","metabolite_name":"Hippuric Acid","refmet_name":"Hippuric acid"},"55":{"study_id":"ST000424","analysis_id":"AN000673","analysis_summary":"Reversed phase POSITIVE ION MODE","metabolite_name":"Hydroxyhippuric acid","refmet_name":"Salicyluric acid"},"56":{"study_id":"ST000424","analysis_id":"AN000673","analysis_summary":"Reversed phase POSITIVE ION MODE","metabolite_name":"HYPOTAURINE","refmet_name":"Hypotaurine"},"57":{"study_id":"ST000424","analysis_id":"AN000673","analysis_summary":"Reversed phase POSITIVE ION MODE","metabolite_name":"HYPOXANTHINE","refmet_name":"Hypoxanthine"},"58":{"study_id":"ST000424","analysis_id":"AN000673","analysis_summary":"Reversed phase POSITIVE ION MODE","metabolite_name":"Isobutyrylcarnitine\/Butyrylcarnitine","refmet_name":"CAR 4:0"},"59":{"study_id":"ST000424","analysis_id":"AN000673","analysis_summary":"Reversed phase POSITIVE ION MODE","metabolite_name":"ISOCITRIC ACID","refmet_name":"Isocitric acid"},"60":{"study_id":"ST000424","analysis_id":"AN000673","analysis_summary":"Reversed phase POSITIVE ION MODE","metabolite_name":"Isovalerylcarnitine\/Valerylcarnitine","refmet_name":"CAR 5:0"},"61":{"study_id":"ST000424","analysis_id":"AN000673","analysis_summary":"Reversed phase POSITIVE ION MODE","metabolite_name":"KYNURENINE","refmet_name":"Kynurenine"},"62":{"study_id":"ST000424","analysis_id":"AN000673","analysis_summary":"Reversed phase POSITIVE ION MODE","metabolite_name":"L-CARNITINE","refmet_name":"Carnitine"},"63":{"study_id":"ST000424","analysis_id":"AN000673","analysis_summary":"Reversed phase POSITIVE ION MODE","metabolite_name":"L-CYSTEIC ACID","refmet_name":"Cysteic acid"},"64":{"study_id":"ST000424","analysis_id":"AN000673","analysis_summary":"Reversed phase POSITIVE ION MODE","metabolite_name":"L-CYSTEINE","refmet_name":"Cysteine"},"65":{"study_id":"ST000424","analysis_id":"AN000673","analysis_summary":"Reversed phase POSITIVE ION MODE","metabolite_name":"Leucine","refmet_name":"Leucine"},"66":{"study_id":"ST000424","analysis_id":"AN000673","analysis_summary":"Reversed phase POSITIVE ION MODE","metabolite_name":"Levofloxacin","refmet_name":"Ofloxacin"},"67":{"study_id":"ST000424","analysis_id":"AN000673","analysis_summary":"Reversed phase POSITIVE ION MODE","metabolite_name":"L-GLUTAMINE","refmet_name":"Glutamine"},"68":{"study_id":"ST000424","analysis_id":"AN000673","analysis_summary":"Reversed phase POSITIVE ION MODE","metabolite_name":"Lidocaine","refmet_name":"Lidocaine"},"69":{"study_id":"ST000424","analysis_id":"AN000673","analysis_summary":"Reversed phase POSITIVE ION MODE","metabolite_name":"L-Isoleucine","refmet_name":"Isoleucine"},"70":{"study_id":"ST000424","analysis_id":"AN000673","analysis_summary":"Reversed phase POSITIVE ION MODE","metabolite_name":"LL-2,6-DIAMINOHEPTANEDIOATE","refmet_name":"2,6-Diaminopimelic acid"},"71":{"study_id":"ST000424","analysis_id":"AN000673","analysis_summary":"Reversed phase POSITIVE ION MODE","metabolite_name":"L-(+)-Lactic Acid","refmet_name":"Lactic acid"},"72":{"study_id":"ST000424","analysis_id":"AN000673","analysis_summary":"Reversed phase POSITIVE ION MODE","metabolite_name":"L-Leucine-D10","refmet_name":""},"73":{"study_id":"ST000424","analysis_id":"AN000673","analysis_summary":"Reversed phase POSITIVE ION MODE","metabolite_name":"L-METHIONINE","refmet_name":"Methionine"},"74":{"study_id":"ST000424","analysis_id":"AN000673","analysis_summary":"Reversed phase POSITIVE ION MODE","metabolite_name":"L-PROLINE","refmet_name":"Proline"},"75":{"study_id":"ST000424","analysis_id":"AN000673","analysis_summary":"Reversed phase POSITIVE ION MODE","metabolite_name":"LysoPC (16:0)","refmet_name":"LPC 16:0"},"76":{"study_id":"ST000424","analysis_id":"AN000673","analysis_summary":"Reversed phase POSITIVE ION MODE","metabolite_name":"METHYL BETA-D-GALACTOSIDE","refmet_name":"Methyl beta-D-galactoside"},"77":{"study_id":"ST000424","analysis_id":"AN000673","analysis_summary":"Reversed phase POSITIVE ION MODE","metabolite_name":"METHYLMALONATE","refmet_name":"Methylmalonic acid"},"78":{"study_id":"ST000424","analysis_id":"AN000673","analysis_summary":"Reversed phase POSITIVE ION MODE","metabolite_name":"N-ACETYL-DL-GLUTAMIC ACID","refmet_name":"N-Acetylglutamic acid"},"79":{"study_id":"ST000424","analysis_id":"AN000673","analysis_summary":"Reversed phase POSITIVE ION MODE","metabolite_name":"N-ACETYL-L-ALANINE","refmet_name":"N-Acetylalanine"},"80":{"study_id":"ST000424","analysis_id":"AN000673","analysis_summary":"Reversed phase POSITIVE ION MODE","metabolite_name":"N-ACETYL-L-ASPARTIC ACID","refmet_name":"N-Acetylaspartic acid"},"81":{"study_id":"ST000424","analysis_id":"AN000673","analysis_summary":"Reversed phase POSITIVE ION MODE","metabolite_name":"N-ACETYLNEURAMINATE","refmet_name":"N-Acetylneuraminic acid"},"82":{"study_id":"ST000424","analysis_id":"AN000673","analysis_summary":"Reversed phase POSITIVE ION MODE","metabolite_name":"N-ACETYLPUTRESCINE","refmet_name":"N-Acetylputrescine"},"83":{"study_id":"ST000424","analysis_id":"AN000673","analysis_summary":"Reversed phase POSITIVE ION MODE","metabolite_name":"NAD","refmet_name":"NAD+"},"84":{"study_id":"ST000424","analysis_id":"AN000673","analysis_summary":"Reversed phase POSITIVE ION MODE","metabolite_name":"N-ALPHA-ACETYL-L-LYSINE","refmet_name":"N(2)-Acetyllysine"},"85":{"study_id":"ST000424","analysis_id":"AN000673","analysis_summary":"Reversed phase POSITIVE ION MODE","metabolite_name":"N-AMIDINO-L-ASPARTATE","refmet_name":"Guanidinosuccinic acid"},"86":{"study_id":"ST000424","analysis_id":"AN000673","analysis_summary":"Reversed phase POSITIVE ION MODE","metabolite_name":"N-METHYL-D-ASPARTIC ACID","refmet_name":"N-Methyl-D-aspartic acid"},"87":{"study_id":"ST000424","analysis_id":"AN000673","analysis_summary":"Reversed phase POSITIVE ION MODE","metabolite_name":"N(PAI)-METHYL-L-HISTIDINE","refmet_name":"3-Methylhistidine"},"88":{"study_id":"ST000424","analysis_id":"AN000673","analysis_summary":"Reversed phase POSITIVE ION MODE","metabolite_name":"Octanoylcarnitine","refmet_name":"CAR 8:0"},"89":{"study_id":"ST000424","analysis_id":"AN000673","analysis_summary":"Reversed phase POSITIVE ION MODE","metabolite_name":"O-PHOSPHOSERINE","refmet_name":"Phosphoserine"},"90":{"study_id":"ST000424","analysis_id":"AN000673","analysis_summary":"Reversed phase POSITIVE ION MODE","metabolite_name":"Pantothenic Acid","refmet_name":"Pantothenic acid"},"91":{"study_id":"ST000424","analysis_id":"AN000673","analysis_summary":"Reversed phase POSITIVE ION MODE","metabolite_name":"PHENETHYLAMINE","refmet_name":"Phenylethylamine"},"92":{"study_id":"ST000424","analysis_id":"AN000673","analysis_summary":"Reversed phase POSITIVE ION MODE","metabolite_name":"Phenylalanine","refmet_name":"Phenylalanine"},"93":{"study_id":"ST000424","analysis_id":"AN000673","analysis_summary":"Reversed phase POSITIVE ION MODE","metabolite_name":"Phenylalanine-HCOOH","refmet_name":""},"94":{"study_id":"ST000424","analysis_id":"AN000673","analysis_summary":"Reversed phase POSITIVE ION MODE","metabolite_name":"PHOSPHOCHOLINE","refmet_name":"Choline phosphate"},"95":{"study_id":"ST000424","analysis_id":"AN000673","analysis_summary":"Reversed phase POSITIVE ION MODE","metabolite_name":"PICOLINIC ACID","refmet_name":"Picolinic acid"},"96":{"study_id":"ST000424","analysis_id":"AN000673","analysis_summary":"Reversed phase POSITIVE ION MODE","metabolite_name":"PIPECOLATE\/L-PIPECOLIC ACID","refmet_name":"Pipecolic acid"},"97":{"study_id":"ST000424","analysis_id":"AN000673","analysis_summary":"Reversed phase POSITIVE ION MODE","metabolite_name":"Proprionylcarnitine","refmet_name":"CAR DC3:0"},"98":{"study_id":"ST000424","analysis_id":"AN000673","analysis_summary":"Reversed phase POSITIVE ION MODE","metabolite_name":"QUINATE","refmet_name":"Quinic acid"},"99":{"study_id":"ST000424","analysis_id":"AN000673","analysis_summary":"Reversed phase POSITIVE ION MODE","metabolite_name":"Ribulose 5-Phosphate","refmet_name":"Ribulose 5-phosphate"},"100":{"study_id":"ST000424","analysis_id":"AN000673","analysis_summary":"Reversed phase POSITIVE ION MODE","metabolite_name":"(R)-MALATE","refmet_name":"D-Malic acid"},"101":{"study_id":"ST000424","analysis_id":"AN000673","analysis_summary":"Reversed phase POSITIVE ION MODE","metabolite_name":"S-CARBOXYMETHYL-L-CYSTEINE","refmet_name":"S-Carboxymethyl-cysteine"},"102":{"study_id":"ST000424","analysis_id":"AN000673","analysis_summary":"Reversed phase POSITIVE ION MODE","metabolite_name":"SN-GLYCEROL 3-PHOSPHATE","refmet_name":"sn-Glycero-3-phosphate"},"103":{"study_id":"ST000424","analysis_id":"AN000673","analysis_summary":"Reversed phase POSITIVE ION MODE","metabolite_name":"SUCCINATE","refmet_name":"Succinic acid"},"104":{"study_id":"ST000424","analysis_id":"AN000673","analysis_summary":"Reversed phase POSITIVE ION MODE","metabolite_name":"TAURINE","refmet_name":"Taurine"},"105":{"study_id":"ST000424","analysis_id":"AN000673","analysis_summary":"Reversed phase POSITIVE ION MODE","metabolite_name":"THREONINE\/HOMOSERINE","refmet_name":"Threonine\/Homoserine"},"106":{"study_id":"ST000424","analysis_id":"AN000673","analysis_summary":"Reversed phase POSITIVE ION MODE","metabolite_name":"THYMINE","refmet_name":"Thymine"},"107":{"study_id":"ST000424","analysis_id":"AN000673","analysis_summary":"Reversed phase POSITIVE ION MODE","metabolite_name":"TRANS-CINNAMATE","refmet_name":"trans-Cinnamic acid"},"108":{"study_id":"ST000424","analysis_id":"AN000673","analysis_summary":"Reversed phase POSITIVE ION MODE","metabolite_name":"Trazodone","refmet_name":"Trazodone"},"109":{"study_id":"ST000424","analysis_id":"AN000673","analysis_summary":"Reversed phase POSITIVE ION MODE","metabolite_name":"Tryptophan","refmet_name":"Tryptophan"},"110":{"study_id":"ST000424","analysis_id":"AN000673","analysis_summary":"Reversed phase POSITIVE ION MODE","metabolite_name":"Tryptophan-2,3,3-D3","refmet_name":"Tryptophan"},"111":{"study_id":"ST000424","analysis_id":"AN000673","analysis_summary":"Reversed phase POSITIVE ION MODE","metabolite_name":"Tryptophan-2,3,3-D3-NH3","refmet_name":"Tryptophan"},"112":{"study_id":"ST000424","analysis_id":"AN000673","analysis_summary":"Reversed phase POSITIVE ION MODE","metabolite_name":"Tryptophan-NH3","refmet_name":"Tryptophan"},"113":{"study_id":"ST000424","analysis_id":"AN000673","analysis_summary":"Reversed phase POSITIVE ION MODE","metabolite_name":"URACIL","refmet_name":"Uracil"},"114":{"study_id":"ST000424","analysis_id":"AN000673","analysis_summary":"Reversed phase POSITIVE ION MODE","metabolite_name":"URATE","refmet_name":"Uric acid"},"115":{"study_id":"ST000424","analysis_id":"AN000673","analysis_summary":"Reversed phase POSITIVE ION MODE","metabolite_name":"URIDINE","refmet_name":"Uridine"},"116":{"study_id":"ST000424","analysis_id":"AN000673","analysis_summary":"Reversed phase POSITIVE ION MODE","metabolite_name":"XANTHOSINE","refmet_name":"Xanthosine"},"117":{"study_id":"ST000424","analysis_id":"AN000674","analysis_summary":"Reversed phase NEGATIVE ION MODE","metabolite_name":"2-AMINOETHYL DIHYDROGEN PHOSPHATE","refmet_name":"Phosphoethanolamine"},"118":{"study_id":"ST000424","analysis_id":"AN000674","analysis_summary":"Reversed phase NEGATIVE ION MODE","metabolite_name":"2-Hydroxyhippuric acid","refmet_name":"Salicyluric acid"},"119":{"study_id":"ST000424","analysis_id":"AN000674","analysis_summary":"Reversed phase NEGATIVE ION MODE","metabolite_name":"3-HYDROXY-3-METHYLGLUTARATE","refmet_name":"3-Hydroxymethylglutaric acid"},"120":{"study_id":"ST000424","analysis_id":"AN000674","analysis_summary":"Reversed phase NEGATIVE ION MODE","metabolite_name":"5-OXO-L-PROLINE","refmet_name":"Pyroglutamic acid"},"121":{"study_id":"ST000424","analysis_id":"AN000674","analysis_summary":"Reversed phase NEGATIVE ION MODE","metabolite_name":"6-PHOSPHOGLUCONIC ACID","refmet_name":"6-Phosphogluconic acid"},"122":{"study_id":"ST000424","analysis_id":"AN000674","analysis_summary":"Reversed phase NEGATIVE ION MODE","metabolite_name":"ADENINE","refmet_name":"Adenine"},"123":{"study_id":"ST000424","analysis_id":"AN000674","analysis_summary":"Reversed phase NEGATIVE ION MODE","metabolite_name":"ADENOSINE 5'-MONOPHOSPHATE","refmet_name":"AMP"},"124":{"study_id":"ST000424","analysis_id":"AN000674","analysis_summary":"Reversed phase NEGATIVE ION MODE","metabolite_name":"ALPHA-HYDROXYISOBUTYRIC ACID","refmet_name":"2-Hydroxyisobutyric acid"},"125":{"study_id":"ST000424","analysis_id":"AN000674","analysis_summary":"Reversed phase NEGATIVE ION MODE","metabolite_name":"Ascorbic acid","refmet_name":"Vitamin C"},"126":{"study_id":"ST000424","analysis_id":"AN000674","analysis_summary":"Reversed phase NEGATIVE ION MODE","metabolite_name":"CITRAMALATE","refmet_name":"Citramalic acid"},"127":{"study_id":"ST000424","analysis_id":"AN000674","analysis_summary":"Reversed phase NEGATIVE ION MODE","metabolite_name":"CITRATE","refmet_name":"Citric acid"},"128":{"study_id":"ST000424","analysis_id":"AN000674","analysis_summary":"Reversed phase NEGATIVE ION MODE","metabolite_name":"CITRIC ACID-13C6","refmet_name":"Citric acid"},"129":{"study_id":"ST000424","analysis_id":"AN000674","analysis_summary":"Reversed phase NEGATIVE ION MODE","metabolite_name":"CMP","refmet_name":"CMP"},"130":{"study_id":"ST000424","analysis_id":"AN000674","analysis_summary":"Reversed phase NEGATIVE ION MODE","metabolite_name":"CREATINE","refmet_name":"Creatine"},"131":{"study_id":"ST000424","analysis_id":"AN000674","analysis_summary":"Reversed phase NEGATIVE ION MODE","metabolite_name":"D-GLUCURONIC ACID\/D-GLUCURONOLACTONE\/D-(+)-GALACTURONIC ACID","refmet_name":""},"132":{"study_id":"ST000424","analysis_id":"AN000674","analysis_summary":"Reversed phase NEGATIVE ION MODE","metabolite_name":"DIHYDROXYACETONE PHOSPHATE","refmet_name":"Dihydroxyacetone phosphate"},"133":{"study_id":"ST000424","analysis_id":"AN000674","analysis_summary":"Reversed phase NEGATIVE ION MODE","metabolite_name":"D-(+)-RAFFINOSE","refmet_name":"Raffinose"},"134":{"study_id":"ST000424","analysis_id":"AN000674","analysis_summary":"Reversed phase NEGATIVE ION MODE","metabolite_name":"D-RIBOSE 5-PHOSPHATE\/RIBULOSE 5-PHOSPHATE","refmet_name":"Ribose"},"135":{"study_id":"ST000424","analysis_id":"AN000674","analysis_summary":"Reversed phase NEGATIVE ION MODE","metabolite_name":"D-SACCHARIC ACID","refmet_name":"Glucaric acid"},"136":{"study_id":"ST000424","analysis_id":"AN000674","analysis_summary":"Reversed phase NEGATIVE ION MODE","metabolite_name":"ETHYLMALONIC ACID","refmet_name":"Ethylmalonic acid"},"137":{"study_id":"ST000424","analysis_id":"AN000674","analysis_summary":"Reversed phase NEGATIVE ION MODE","metabolite_name":"Fructose 1,6-bisphosphate","refmet_name":"Fructose 1,6-bisphosphate"},"138":{"study_id":"ST000424","analysis_id":"AN000674","analysis_summary":"Reversed phase NEGATIVE ION MODE","metabolite_name":"FUMARATE","refmet_name":"Fumaric acid"},"139":{"study_id":"ST000424","analysis_id":"AN000674","analysis_summary":"Reversed phase NEGATIVE ION MODE","metabolite_name":"GLUCONIC ACID\/D-GULONIC ACID GAMA-LACTONE","refmet_name":"Gluconic acid\/Gulonolactone"},"140":{"study_id":"ST000424","analysis_id":"AN000674","analysis_summary":"Reversed phase NEGATIVE ION MODE","metabolite_name":"GLUCOSE\/FRUCTOSE [M+Cl]-","refmet_name":"Hexose"},"141":{"study_id":"ST000424","analysis_id":"AN000674","analysis_summary":"Reversed phase NEGATIVE ION MODE","metabolite_name":"GLUTARATE","refmet_name":"Glutaric acid"},"142":{"study_id":"ST000424","analysis_id":"AN000674","analysis_summary":"Reversed phase NEGATIVE ION MODE","metabolite_name":"GLUTATHIONE","refmet_name":"Glutathione"},"143":{"study_id":"ST000424","analysis_id":"AN000674","analysis_summary":"Reversed phase NEGATIVE ION MODE","metabolite_name":"Glyceraldehyde","refmet_name":"Glyceraldehyde"},"144":{"study_id":"ST000424","analysis_id":"AN000674","analysis_summary":"Reversed phase NEGATIVE ION MODE","metabolite_name":"GLYCERALDEHYDE\/LACTATE","refmet_name":""},"145":{"study_id":"ST000424","analysis_id":"AN000674","analysis_summary":"Reversed phase NEGATIVE ION MODE","metabolite_name":"GLYCEROL 2-PHOSPHATE\/SN-GLYCEROL 3-PHOSPHATE","refmet_name":"2-Phosphoglyceric acid"},"146":{"study_id":"ST000424","analysis_id":"AN000674","analysis_summary":"Reversed phase NEGATIVE ION MODE","metabolite_name":"Guanosine","refmet_name":"Guanosine"},"147":{"study_id":"ST000424","analysis_id":"AN000674","analysis_summary":"Reversed phase NEGATIVE ION MODE","metabolite_name":"HEXOSE ALCOHOL","refmet_name":""},"148":{"study_id":"ST000424","analysis_id":"AN000674","analysis_summary":"Reversed phase NEGATIVE ION MODE","metabolite_name":"HYPOXANTHINE","refmet_name":"Hypoxanthine"},"149":{"study_id":"ST000424","analysis_id":"AN000674","analysis_summary":"Reversed phase NEGATIVE ION MODE","metabolite_name":"INOSINE","refmet_name":"Inosine"},"150":{"study_id":"ST000424","analysis_id":"AN000674","analysis_summary":"Reversed phase NEGATIVE ION MODE","metabolite_name":"L-GLUTAMIC ACID","refmet_name":"Glutamic acid"},"151":{"study_id":"ST000424","analysis_id":"AN000674","analysis_summary":"Reversed phase NEGATIVE ION MODE","metabolite_name":"L-GLUTAMINE","refmet_name":"Glutamine"},"152":{"study_id":"ST000424","analysis_id":"AN000674","analysis_summary":"Reversed phase NEGATIVE ION MODE","metabolite_name":"MALATE","refmet_name":"Malic acid"},"153":{"study_id":"ST000424","analysis_id":"AN000674","analysis_summary":"Reversed phase NEGATIVE ION MODE","metabolite_name":"Mono-(2-Ethylhexyl) Phthalate Dimer","refmet_name":"Monoethylhexyl phthalic acid"},"154":{"study_id":"ST000424","analysis_id":"AN000674","analysis_summary":"Reversed phase NEGATIVE ION MODE","metabolite_name":"N-ACETYL-DL-GLUTAMIC ACID","refmet_name":"N-Acetylglutamic acid"},"155":{"study_id":"ST000424","analysis_id":"AN000674","analysis_summary":"Reversed phase NEGATIVE ION MODE","metabolite_name":"N-ACETYL-L-ASPARTIC ACID","refmet_name":"N-Acetylaspartic acid"},"156":{"study_id":"ST000424","analysis_id":"AN000674","analysis_summary":"Reversed phase NEGATIVE ION MODE","metabolite_name":"N-ACETYLNEURAMINATE","refmet_name":"N-Acetylneuraminic acid"},"157":{"study_id":"ST000424","analysis_id":"AN000674","analysis_summary":"Reversed phase NEGATIVE ION MODE","metabolite_name":"NICOTINAMIDE","refmet_name":"Niacinamide"},"158":{"study_id":"ST000424","analysis_id":"AN000674","analysis_summary":"Reversed phase NEGATIVE ION MODE","metabolite_name":"O-PHOSPHOSERINE","refmet_name":"Phosphoserine"},"159":{"study_id":"ST000424","analysis_id":"AN000674","analysis_summary":"Reversed phase NEGATIVE ION MODE","metabolite_name":"Salicylic Acid-D4","refmet_name":"Salicylic acid"},"160":{"study_id":"ST000424","analysis_id":"AN000674","analysis_summary":"Reversed phase NEGATIVE ION MODE","metabolite_name":"SUCCINATE","refmet_name":"Succinic acid"},"161":{"study_id":"ST000424","analysis_id":"AN000674","analysis_summary":"Reversed phase NEGATIVE ION MODE","metabolite_name":"Succinic-2,2,3,3-D4 Acid","refmet_name":""},"162":{"study_id":"ST000424","analysis_id":"AN000674","analysis_summary":"Reversed phase NEGATIVE ION MODE","metabolite_name":"SUCCINIC ACID-13C4","refmet_name":"Succinic acid"},"163":{"study_id":"ST000424","analysis_id":"AN000674","analysis_summary":"Reversed phase NEGATIVE ION MODE","metabolite_name":"TARTARIC ACID","refmet_name":"Tartaric acid"},"164":{"study_id":"ST000424","analysis_id":"AN000674","analysis_summary":"Reversed phase NEGATIVE ION MODE","metabolite_name":"TAURINE","refmet_name":"Taurine"},"165":{"study_id":"ST000424","analysis_id":"AN000674","analysis_summary":"Reversed phase NEGATIVE ION MODE","metabolite_name":"THREONINE\/HOMOSERINE","refmet_name":"Threonine\/Homoserine"},"166":{"study_id":"ST000424","analysis_id":"AN000674","analysis_summary":"Reversed phase NEGATIVE ION MODE","metabolite_name":"Tryptophan-2,3,3-D3","refmet_name":"Tryptophan"},"167":{"study_id":"ST000424","analysis_id":"AN000674","analysis_summary":"Reversed phase NEGATIVE ION MODE","metabolite_name":"URACIL","refmet_name":"Uracil"},"168":{"study_id":"ST000424","analysis_id":"AN000674","analysis_summary":"Reversed phase NEGATIVE ION MODE","metabolite_name":"URATE","refmet_name":"Uric acid"},"169":{"study_id":"ST000424","analysis_id":"AN000674","analysis_summary":"Reversed phase NEGATIVE ION MODE","metabolite_name":"URIDINE","refmet_name":"Uridine"},"170":{"study_id":"ST000424","analysis_id":"AN000674","analysis_summary":"Reversed phase NEGATIVE ION MODE","metabolite_name":"XANTHINE","refmet_name":"Xanthine"}}