{"1":{"study_id":"ST000320","analysis_id":"AN000508","analysis_summary":"Reversed phase POSITIVE ION MODE","metabolite_name":"CE (20:3)","refmet_name":"CE 20:3"},"2":{"study_id":"ST000320","analysis_id":"AN000508","analysis_summary":"Reversed phase POSITIVE ION MODE","metabolite_name":"DG (36:3)","refmet_name":"DG 36:3"},"3":{"study_id":"ST000320","analysis_id":"AN000508","analysis_summary":"Reversed phase POSITIVE ION MODE","metabolite_name":"DG (36:4)_1","refmet_name":"DG 36:4"},"4":{"study_id":"ST000320","analysis_id":"AN000508","analysis_summary":"Reversed phase POSITIVE ION MODE","metabolite_name":"DG (36:4)_2","refmet_name":"DG 36:4"},"5":{"study_id":"ST000320","analysis_id":"AN000508","analysis_summary":"Reversed phase POSITIVE ION MODE","metabolite_name":"DG (38:3)","refmet_name":"DG 38:3"},"6":{"study_id":"ST000320","analysis_id":"AN000508","analysis_summary":"Reversed phase POSITIVE ION MODE","metabolite_name":"LPC (18:3)","refmet_name":"LPC 18:3"},"7":{"study_id":"ST000320","analysis_id":"AN000508","analysis_summary":"Reversed phase POSITIVE ION MODE","metabolite_name":"PC (34:3)","refmet_name":"PC 34:3"},"8":{"study_id":"ST000320","analysis_id":"AN000508","analysis_summary":"Reversed phase POSITIVE ION MODE","metabolite_name":"PC (34:4)","refmet_name":"PC 34:4"},"9":{"study_id":"ST000320","analysis_id":"AN000508","analysis_summary":"Reversed phase POSITIVE ION MODE","metabolite_name":"PC (36:5)","refmet_name":"PC 36:5"},"10":{"study_id":"ST000320","analysis_id":"AN000508","analysis_summary":"Reversed phase POSITIVE ION MODE","metabolite_name":"PE (34:2)","refmet_name":"PE 34:2"},"11":{"study_id":"ST000320","analysis_id":"AN000508","analysis_summary":"Reversed phase POSITIVE ION MODE","metabolite_name":"PE (34:3)","refmet_name":"PE 34:3"},"12":{"study_id":"ST000320","analysis_id":"AN000508","analysis_summary":"Reversed phase POSITIVE ION MODE","metabolite_name":"TG (50:4)","refmet_name":"TG 50:4"},"13":{"study_id":"ST000320","analysis_id":"AN000508","analysis_summary":"Reversed phase POSITIVE ION MODE","metabolite_name":"TG (50:5)","refmet_name":"TG 50:5"},"14":{"study_id":"ST000320","analysis_id":"AN000508","analysis_summary":"Reversed phase POSITIVE ION MODE","metabolite_name":"TG (51:4)","refmet_name":"TG 51:4"},"15":{"study_id":"ST000320","analysis_id":"AN000508","analysis_summary":"Reversed phase POSITIVE ION MODE","metabolite_name":"TG (52:4)","refmet_name":"TG 52:4"},"16":{"study_id":"ST000320","analysis_id":"AN000508","analysis_summary":"Reversed phase POSITIVE ION MODE","metabolite_name":"TG (52:5)","refmet_name":"TG 52:5"},"17":{"study_id":"ST000320","analysis_id":"AN000508","analysis_summary":"Reversed phase POSITIVE ION MODE","metabolite_name":"TG (52:6)","refmet_name":"TG 52:6"},"18":{"study_id":"ST000320","analysis_id":"AN000508","analysis_summary":"Reversed phase POSITIVE ION MODE","metabolite_name":"TG (53:4)","refmet_name":"TG 53:4"},"19":{"study_id":"ST000320","analysis_id":"AN000508","analysis_summary":"Reversed phase POSITIVE ION MODE","metabolite_name":"TG (53:5)","refmet_name":"TG 53:5"},"20":{"study_id":"ST000320","analysis_id":"AN000508","analysis_summary":"Reversed phase POSITIVE ION MODE","metabolite_name":"TG (54:2)","refmet_name":"TG 54:2"},"21":{"study_id":"ST000320","analysis_id":"AN000508","analysis_summary":"Reversed phase POSITIVE ION MODE","metabolite_name":"TG (54:4)","refmet_name":"TG 54:4"},"22":{"study_id":"ST000320","analysis_id":"AN000508","analysis_summary":"Reversed phase POSITIVE ION MODE","metabolite_name":"TG (54:6)","refmet_name":"TG 54:6"},"23":{"study_id":"ST000320","analysis_id":"AN000508","analysis_summary":"Reversed phase POSITIVE ION MODE","metabolite_name":"TG (54:7)","refmet_name":"TG 54:7"},"24":{"study_id":"ST000320","analysis_id":"AN000508","analysis_summary":"Reversed phase POSITIVE ION MODE","metabolite_name":"TG (54:8)","refmet_name":"TG 54:8"},"25":{"study_id":"ST000320","analysis_id":"AN000508","analysis_summary":"Reversed phase POSITIVE ION MODE","metabolite_name":"TG (55:1)","refmet_name":"TG 55:1"},"26":{"study_id":"ST000320","analysis_id":"AN000508","analysis_summary":"Reversed phase POSITIVE ION MODE","metabolite_name":"TG (55:2)","refmet_name":"TG 55:2"},"27":{"study_id":"ST000320","analysis_id":"AN000508","analysis_summary":"Reversed phase POSITIVE ION MODE","metabolite_name":"TG (56:3)","refmet_name":"TG 56:3"},"28":{"study_id":"ST000320","analysis_id":"AN000508","analysis_summary":"Reversed phase POSITIVE ION MODE","metabolite_name":"TG (56:4)","refmet_name":"TG 56:4"},"29":{"study_id":"ST000320","analysis_id":"AN000508","analysis_summary":"Reversed phase POSITIVE ION MODE","metabolite_name":"TG (56:5)","refmet_name":"TG 56:5"},"30":{"study_id":"ST000320","analysis_id":"AN000508","analysis_summary":"Reversed phase POSITIVE ION MODE","metabolite_name":"TG (56:6)","refmet_name":"TG 56:6"},"31":{"study_id":"ST000320","analysis_id":"AN000508","analysis_summary":"Reversed phase POSITIVE ION MODE","metabolite_name":"TG (56:7)","refmet_name":"TG 56:7"},"32":{"study_id":"ST000320","analysis_id":"AN000508","analysis_summary":"Reversed phase POSITIVE ION MODE","metabolite_name":"TG (56:8)","refmet_name":"TG 56:8"},"33":{"study_id":"ST000320","analysis_id":"AN000508","analysis_summary":"Reversed phase POSITIVE ION MODE","metabolite_name":"TG (58:2)","refmet_name":"TG 58:2"},"34":{"study_id":"ST000320","analysis_id":"AN000508","analysis_summary":"Reversed phase POSITIVE ION MODE","metabolite_name":"TG (58:3)","refmet_name":"TG 58:3"},"35":{"study_id":"ST000320","analysis_id":"AN000508","analysis_summary":"Reversed phase POSITIVE ION MODE","metabolite_name":"TG (58:4)","refmet_name":"TG 58:4"},"36":{"study_id":"ST000320","analysis_id":"AN000508","analysis_summary":"Reversed phase POSITIVE ION MODE","metabolite_name":"TG (58:6)","refmet_name":"TG 58:6"},"37":{"study_id":"ST000320","analysis_id":"AN000509","analysis_summary":"Reversed phase NEGATIVE ION MODE","metabolite_name":"GlcCer(d14:1(4E)\/20:0(2OH))","refmet_name":"GlcCer 14:1;O2(4E)\/20:0;O"},"38":{"study_id":"ST000320","analysis_id":"AN000509","analysis_summary":"Reversed phase NEGATIVE ION MODE","metabolite_name":"PE (34:1)","refmet_name":"PE 34:1"},"39":{"study_id":"ST000320","analysis_id":"AN000509","analysis_summary":"Reversed phase NEGATIVE ION MODE","metabolite_name":"PE (34:2)","refmet_name":"PE 34:2"},"40":{"study_id":"ST000320","analysis_id":"AN000509","analysis_summary":"Reversed phase NEGATIVE ION MODE","metabolite_name":"PE (34:3)","refmet_name":"PE 34:3"},"41":{"study_id":"ST000320","analysis_id":"AN000509","analysis_summary":"Reversed phase NEGATIVE ION MODE","metabolite_name":"PE (36:2)","refmet_name":"PE 36:2"},"42":{"study_id":"ST000320","analysis_id":"AN000509","analysis_summary":"Reversed phase NEGATIVE ION MODE","metabolite_name":"PE (36:3)","refmet_name":"PE 36:3"},"43":{"study_id":"ST000320","analysis_id":"AN000509","analysis_summary":"Reversed phase NEGATIVE ION MODE","metabolite_name":"PG (34:2)","refmet_name":"PG 34:2"}}