{"1":{"study_id":"ST000686","analysis_id":"AN001058","analysis_summary":"C18 NEGATIVE ION MODE","metabolite_name":"CerP 32:1; [M-H]-@5.21","refmet_name":"CerP 32:1;O2"},"2":{"study_id":"ST000686","analysis_id":"AN001058","analysis_summary":"C18 NEGATIVE ION MODE","metabolite_name":"CerP 34:1; [M-H]-@5.95","refmet_name":"CerP 34:1;O2"},"3":{"study_id":"ST000686","analysis_id":"AN001058","analysis_summary":"C18 NEGATIVE ION MODE","metabolite_name":"CerP 34:2; [M-H]-@5.45","refmet_name":"CerP 34:2;O2"},"4":{"study_id":"ST000686","analysis_id":"AN001058","analysis_summary":"C18 NEGATIVE ION MODE","metabolite_name":"CerP 35:1; [M-H]-@6.29","refmet_name":"CerP 35:1;O2"},"5":{"study_id":"ST000686","analysis_id":"AN001058","analysis_summary":"C18 NEGATIVE ION MODE","metabolite_name":"CerP 41:1; [M-H]-@8.23","refmet_name":"CerP 41:1;O2"},"6":{"study_id":"ST000686","analysis_id":"AN001058","analysis_summary":"C18 NEGATIVE ION MODE","metabolite_name":"CL 72:3; [M-2H](2-)@6.91","refmet_name":"CL 72:3"},"7":{"study_id":"ST000686","analysis_id":"AN001058","analysis_summary":"C18 NEGATIVE ION MODE","metabolite_name":"CL 76:5; [M-2H](2-)@7.09","refmet_name":"CL 76:5"},"8":{"study_id":"ST000686","analysis_id":"AN001058","analysis_summary":"C18 NEGATIVE ION MODE","metabolite_name":"FFA(16:0)","refmet_name":"Palmitic acid"},"9":{"study_id":"ST000686","analysis_id":"AN001058","analysis_summary":"C18 NEGATIVE ION MODE","metabolite_name":"FFA(18:0)","refmet_name":"Stearic acid"},"10":{"study_id":"ST000686","analysis_id":"AN001058","analysis_summary":"C18 NEGATIVE ION MODE","metabolite_name":"FFA(18:1)","refmet_name":"Octadecenoic acid"},"11":{"study_id":"ST000686","analysis_id":"AN001058","analysis_summary":"C18 NEGATIVE ION MODE","metabolite_name":"FFA(18:2)","refmet_name":"Octadecadienoic acid"},"12":{"study_id":"ST000686","analysis_id":"AN001058","analysis_summary":"C18 NEGATIVE ION MODE","metabolite_name":"FFA(20:0)","refmet_name":"Arachidic acid"},"13":{"study_id":"ST000686","analysis_id":"AN001058","analysis_summary":"C18 NEGATIVE ION MODE","metabolite_name":"FFA(20:1)","refmet_name":"Heneicosenoic acid"},"14":{"study_id":"ST000686","analysis_id":"AN001058","analysis_summary":"C18 NEGATIVE ION MODE","metabolite_name":"FFA(20:2)","refmet_name":"Eicosadienoic acid"},"15":{"study_id":"ST000686","analysis_id":"AN001058","analysis_summary":"C18 NEGATIVE ION MODE","metabolite_name":"FFA(20:4) Arachidonic acid","refmet_name":"Arachidonic acid"},"16":{"study_id":"ST000686","analysis_id":"AN001058","analysis_summary":"C18 NEGATIVE ION MODE","metabolite_name":"FFA(22:0)","refmet_name":"Behenic acid"},"17":{"study_id":"ST000686","analysis_id":"AN001058","analysis_summary":"C18 NEGATIVE ION MODE","metabolite_name":"FFA(22:1)","refmet_name":"Docosenoic acid"},"18":{"study_id":"ST000686","analysis_id":"AN001058","analysis_summary":"C18 NEGATIVE ION MODE","metabolite_name":"FFA(22:2)","refmet_name":"Docosadienoic acid"},"19":{"study_id":"ST000686","analysis_id":"AN001058","analysis_summary":"C18 NEGATIVE ION MODE","metabolite_name":"FFA(22:3)","refmet_name":"Docosatrienoic acid"},"20":{"study_id":"ST000686","analysis_id":"AN001058","analysis_summary":"C18 NEGATIVE ION MODE","metabolite_name":"FFA(24:0)","refmet_name":"Lignoceric acid"},"21":{"study_id":"ST000686","analysis_id":"AN001058","analysis_summary":"C18 NEGATIVE ION MODE","metabolite_name":"FFA(24:1)","refmet_name":"Tetracosenoic acid"},"22":{"study_id":"ST000686","analysis_id":"AN001058","analysis_summary":"C18 NEGATIVE ION MODE","metabolite_name":"FFA(24:2)","refmet_name":"Tetracosadienoic acid"},"23":{"study_id":"ST000686","analysis_id":"AN001058","analysis_summary":"C18 NEGATIVE ION MODE","metabolite_name":"FFA(24:3)","refmet_name":"Tetracosatrienoic acid"},"24":{"study_id":"ST000686","analysis_id":"AN001058","analysis_summary":"C18 NEGATIVE ION MODE","metabolite_name":"lysoPE 16:0; [M-H]-@1.72","refmet_name":"LPE 16:0"},"25":{"study_id":"ST000686","analysis_id":"AN001058","analysis_summary":"C18 NEGATIVE ION MODE","metabolite_name":"lysoPE 18:0; [M-H]-@2.48","refmet_name":"LPE 18:0"},"26":{"study_id":"ST000686","analysis_id":"AN001058","analysis_summary":"C18 NEGATIVE ION MODE","metabolite_name":"lysoPE 18:1; [M-H]-@1.83","refmet_name":"LPE 18:1"},"27":{"study_id":"ST000686","analysis_id":"AN001058","analysis_summary":"C18 NEGATIVE ION MODE","metabolite_name":"lysoPE 18:2; [M-H]-@1.41","refmet_name":"LPE 18:2"},"28":{"study_id":"ST000686","analysis_id":"AN001058","analysis_summary":"C18 NEGATIVE ION MODE","metabolite_name":"lysoPE 20:2; [M-H]-@2.09","refmet_name":"LPE 20:2"},"29":{"study_id":"ST000686","analysis_id":"AN001058","analysis_summary":"C18 NEGATIVE ION MODE","metabolite_name":"lysoPE 20:3; [M-H]-@1.63","refmet_name":"LPE 20:3"},"30":{"study_id":"ST000686","analysis_id":"AN001058","analysis_summary":"C18 NEGATIVE ION MODE","metabolite_name":"lysoPE 20:4; [M-H]-@1.39","refmet_name":"LPE 20:4"},"31":{"study_id":"ST000686","analysis_id":"AN001058","analysis_summary":"C18 NEGATIVE ION MODE","metabolite_name":"lysoPE 22:4; [M-H]-@1.93","refmet_name":"LPE 22:4"},"32":{"study_id":"ST000686","analysis_id":"AN001058","analysis_summary":"C18 NEGATIVE ION MODE","metabolite_name":"lysoPE 22:5; [M-H]-@1.53","refmet_name":"LPE 22:5"},"33":{"study_id":"ST000686","analysis_id":"AN001058","analysis_summary":"C18 NEGATIVE ION MODE","metabolite_name":"N-(15Z-tetracosenoyl)-sphing-4-enine; [M-H]-@8.45","refmet_name":"Cer 18:1;O2\/24:1"},"34":{"study_id":"ST000686","analysis_id":"AN001058","analysis_summary":"C18 NEGATIVE ION MODE","metabolite_name":"N-(docosanoyl)-sphing-4-enine; [M-H]-@8.46","refmet_name":"Cer 18:1;O2\/22:0"},"35":{"study_id":"ST000686","analysis_id":"AN001058","analysis_summary":"C18 NEGATIVE ION MODE","metabolite_name":"N-(dodecanoyl)-sphing-4-enine; [M-H]-@5.51","refmet_name":"Cer 18:1;O2\/12:0"},"36":{"study_id":"ST000686","analysis_id":"AN001058","analysis_summary":"C18 NEGATIVE ION MODE","metabolite_name":"N-(eicosanoyl)-sphing-4-enine; [M-H]-@7.96","refmet_name":"Cer 18:1;O2\/20:0"},"37":{"study_id":"ST000686","analysis_id":"AN001058","analysis_summary":"C18 NEGATIVE ION MODE","metabolite_name":"N-(hexadecanoyl)-sphing-4-enine; [M-H]-@6.85","refmet_name":"Cer 18:1;O2\/16:0"},"38":{"study_id":"ST000686","analysis_id":"AN001058","analysis_summary":"C18 NEGATIVE ION MODE","metabolite_name":"N-(octadecanoyl)-sphing-4-enine; [M-H]-@7.44","refmet_name":"Cer 18:1;O2\/18:0"},"39":{"study_id":"ST000686","analysis_id":"AN001058","analysis_summary":"C18 NEGATIVE ION MODE","metabolite_name":"N-(tetracosanoyl)-sphing-4-enine; [M-H]-@8.94","refmet_name":"Cer 18:1;O2\/24:0"},"40":{"study_id":"ST000686","analysis_id":"AN001058","analysis_summary":"C18 NEGATIVE ION MODE","metabolite_name":"PA 34:1; [M-H]-@6.87","refmet_name":"PA 34:1"},"41":{"study_id":"ST000686","analysis_id":"AN001058","analysis_summary":"C18 NEGATIVE ION MODE","metabolite_name":"PA 34:2; [M-H]-@6.46","refmet_name":"PA 34:2"},"42":{"study_id":"ST000686","analysis_id":"AN001058","analysis_summary":"C18 NEGATIVE ION MODE","metabolite_name":"PA 34:3; [M-H]-@6.04","refmet_name":"PA 34:3"},"43":{"study_id":"ST000686","analysis_id":"AN001058","analysis_summary":"C18 NEGATIVE ION MODE","metabolite_name":"PA 35:1; [M-H]-@6.95","refmet_name":"PA 35:1"},"44":{"study_id":"ST000686","analysis_id":"AN001058","analysis_summary":"C18 NEGATIVE ION MODE","metabolite_name":"PA 36:1; [M-H]-@7.52","refmet_name":"PA 36:1"},"45":{"study_id":"ST000686","analysis_id":"AN001058","analysis_summary":"C18 NEGATIVE ION MODE","metabolite_name":"PA 36:2; [M-H]-@6.89","refmet_name":"PA 36:2"},"46":{"study_id":"ST000686","analysis_id":"AN001058","analysis_summary":"C18 NEGATIVE ION MODE","metabolite_name":"PA 36:3; [M-H]-@6.50","refmet_name":"PA 36:3"},"47":{"study_id":"ST000686","analysis_id":"AN001058","analysis_summary":"C18 NEGATIVE ION MODE","metabolite_name":"PA 36:4; [M-H]-@6.29","refmet_name":"PA 36:4"},"48":{"study_id":"ST000686","analysis_id":"AN001058","analysis_summary":"C18 NEGATIVE ION MODE","metabolite_name":"PA 36:5; [M-H]-@5.99","refmet_name":"PA 36:5"},"49":{"study_id":"ST000686","analysis_id":"AN001058","analysis_summary":"C18 NEGATIVE ION MODE","metabolite_name":"PA 38:4; [M-H]-@7.02","refmet_name":"PA 38:4"},"50":{"study_id":"ST000686","analysis_id":"AN001058","analysis_summary":"C18 NEGATIVE ION MODE","metabolite_name":"PA 38:5; [M-H]-@6.51","refmet_name":"PA 38:5"},"51":{"study_id":"ST000686","analysis_id":"AN001058","analysis_summary":"C18 NEGATIVE ION MODE","metabolite_name":"PA 38:6; [M-H]-@6.27","refmet_name":"PA 38:6"},"52":{"study_id":"ST000686","analysis_id":"AN001058","analysis_summary":"C18 NEGATIVE ION MODE","metabolite_name":"PA 40:6; [M-H]-@6.51","refmet_name":"PA 40:6"},"53":{"study_id":"ST000686","analysis_id":"AN001058","analysis_summary":"C18 NEGATIVE ION MODE","metabolite_name":"PC 30:1; [M-Ac-H]-@5.60","refmet_name":"PC 30:1"},"54":{"study_id":"ST000686","analysis_id":"AN001058","analysis_summary":"C18 NEGATIVE ION MODE","metabolite_name":"PC 32:0; [M-Ac-H]-@6.83","refmet_name":"PC 32:0"},"55":{"study_id":"ST000686","analysis_id":"AN001058","analysis_summary":"C18 NEGATIVE ION MODE","metabolite_name":"PC 32:1; [M-Ac-H]-@6.36","refmet_name":"PC 32:1"},"56":{"study_id":"ST000686","analysis_id":"AN001058","analysis_summary":"C18 NEGATIVE ION MODE","metabolite_name":"PC 32:2; [M-Ac-H]-@5.80","refmet_name":"PC 32:2"},"57":{"study_id":"ST000686","analysis_id":"AN001058","analysis_summary":"C18 NEGATIVE ION MODE","metabolite_name":"PC 33:2; [M-Ac-H]-@6.15","refmet_name":"PC 33:2"},"58":{"study_id":"ST000686","analysis_id":"AN001058","analysis_summary":"C18 NEGATIVE ION MODE","metabolite_name":"PC 34:1; [M-Ac-H]-@6.88","refmet_name":"PC 34:1"},"59":{"study_id":"ST000686","analysis_id":"AN001058","analysis_summary":"C18 NEGATIVE ION MODE","metabolite_name":"PC 34:2; [M-Ac-H]-@6.42","refmet_name":"PC 34:2"},"60":{"study_id":"ST000686","analysis_id":"AN001058","analysis_summary":"C18 NEGATIVE ION MODE","metabolite_name":"PC 34:3; [M-Ac-H]-@6.00","refmet_name":"PC 34:3"},"61":{"study_id":"ST000686","analysis_id":"AN001058","analysis_summary":"C18 NEGATIVE ION MODE","metabolite_name":"PC 34:4; [M-Ac-H]-@5.75","refmet_name":"PC 34:4"},"62":{"study_id":"ST000686","analysis_id":"AN001058","analysis_summary":"C18 NEGATIVE ION MODE","metabolite_name":"PC 35:0; [M-Ac-H]-@7.73","refmet_name":"PC 35:0"},"63":{"study_id":"ST000686","analysis_id":"AN001058","analysis_summary":"C18 NEGATIVE ION MODE","metabolite_name":"PC 35:1; [M-Ac-H]-@7.23","refmet_name":"PC 35:1"},"64":{"study_id":"ST000686","analysis_id":"AN001058","analysis_summary":"C18 NEGATIVE ION MODE","metabolite_name":"PC 35:2; [M-Ac-H]-@6.74","refmet_name":"PC 35:2"},"65":{"study_id":"ST000686","analysis_id":"AN001058","analysis_summary":"C18 NEGATIVE ION MODE","metabolite_name":"PC 36:1; [M-Ac-H]-@7.55","refmet_name":"PC 36:1"},"66":{"study_id":"ST000686","analysis_id":"AN001058","analysis_summary":"C18 NEGATIVE ION MODE","metabolite_name":"PC 36:2; [M-Ac-H]-@7.02","refmet_name":"PC 36:2"},"67":{"study_id":"ST000686","analysis_id":"AN001058","analysis_summary":"C18 NEGATIVE ION MODE","metabolite_name":"PC 36:3; [M-Ac-H]-@6.60","refmet_name":"PC 36:3"},"68":{"study_id":"ST000686","analysis_id":"AN001058","analysis_summary":"C18 NEGATIVE ION MODE","metabolite_name":"PC 36:4; [M-Ac-H]-@6.30","refmet_name":"PC 36:4"},"69":{"study_id":"ST000686","analysis_id":"AN001058","analysis_summary":"C18 NEGATIVE ION MODE","metabolite_name":"PC 36:5; [M-Ac-H]-@5.93","refmet_name":"PC 36:5"},"70":{"study_id":"ST000686","analysis_id":"AN001058","analysis_summary":"C18 NEGATIVE ION MODE","metabolite_name":"PC 37:1; [M-Ac-H]-@7.83","refmet_name":"PC 37:1"},"71":{"study_id":"ST000686","analysis_id":"AN001058","analysis_summary":"C18 NEGATIVE ION MODE","metabolite_name":"PC 37:2; [M-Ac-H]-@7.37","refmet_name":"PC 37:2"},"72":{"study_id":"ST000686","analysis_id":"AN001058","analysis_summary":"C18 NEGATIVE ION MODE","metabolite_name":"PC 37:4; [M-Ac-H]-@6.68","refmet_name":"PC 37:4"},"73":{"study_id":"ST000686","analysis_id":"AN001058","analysis_summary":"C18 NEGATIVE ION MODE","metabolite_name":"PC 38:0; [M-Ac-H]-@8.18","refmet_name":"PC 38:0"},"74":{"study_id":"ST000686","analysis_id":"AN001058","analysis_summary":"C18 NEGATIVE ION MODE","metabolite_name":"PC 38:1; [M-Ac-H]-@7.67","refmet_name":"PC 38:1"},"75":{"study_id":"ST000686","analysis_id":"AN001058","analysis_summary":"C18 NEGATIVE ION MODE","metabolite_name":"PC 38:2; [M-Ac-H]-@7.73","refmet_name":"PC 38:2"},"76":{"study_id":"ST000686","analysis_id":"AN001058","analysis_summary":"C18 NEGATIVE ION MODE","metabolite_name":"PC 38:3; [M-Ac-H]-@7.35","refmet_name":"PC 38:3"},"77":{"study_id":"ST000686","analysis_id":"AN001058","analysis_summary":"C18 NEGATIVE ION MODE","metabolite_name":"PC 38:4; [M-Ac-H]-@6.96","refmet_name":"PC 38:4"},"78":{"study_id":"ST000686","analysis_id":"AN001058","analysis_summary":"C18 NEGATIVE ION MODE","metabolite_name":"PC 38:5; [M-Ac-H]-@6.56","refmet_name":"PC 38:5"},"79":{"study_id":"ST000686","analysis_id":"AN001058","analysis_summary":"C18 NEGATIVE ION MODE","metabolite_name":"PC 38:6; [M-Ac-H]-@6.21","refmet_name":"PC 38:6"},"80":{"study_id":"ST000686","analysis_id":"AN001058","analysis_summary":"C18 NEGATIVE ION MODE","metabolite_name":"PC 38:7; [M-Ac-H]-@5.60","refmet_name":"PC 38:7"},"81":{"study_id":"ST000686","analysis_id":"AN001058","analysis_summary":"C18 NEGATIVE ION MODE","metabolite_name":"PC 39:5; [M-Ac-H]-@6.72","refmet_name":"PC 39:5"},"82":{"study_id":"ST000686","analysis_id":"AN001058","analysis_summary":"C18 NEGATIVE ION MODE","metabolite_name":"PC 40:5; [M-Ac-H]-@7.02","refmet_name":"PC 40:5"},"83":{"study_id":"ST000686","analysis_id":"AN001058","analysis_summary":"C18 NEGATIVE ION MODE","metabolite_name":"PC 40:6; [M-Ac-H]-@6.82","refmet_name":"PC 40:6"},"84":{"study_id":"ST000686","analysis_id":"AN001058","analysis_summary":"C18 NEGATIVE ION MODE","metabolite_name":"PC 40:7; [M-Ac-H]-@6.37","refmet_name":"PC 40:7"},"85":{"study_id":"ST000686","analysis_id":"AN001058","analysis_summary":"C18 NEGATIVE ION MODE","metabolite_name":"PC 41:6; [M-Ac-H]-@7.09","refmet_name":"PC 41:6"},"86":{"study_id":"ST000686","analysis_id":"AN001058","analysis_summary":"C18 NEGATIVE ION MODE","metabolite_name":"PE 32:0; [M-H]-@6.80","refmet_name":"PE 32:0"},"87":{"study_id":"ST000686","analysis_id":"AN001058","analysis_summary":"C18 NEGATIVE ION MODE","metabolite_name":"PE 32:1; [M-H]-@6.27","refmet_name":"PE 32:1"},"88":{"study_id":"ST000686","analysis_id":"AN001058","analysis_summary":"C18 NEGATIVE ION MODE","metabolite_name":"PE 33:1; [M-H]-@6.63","refmet_name":"PE 33:1"},"89":{"study_id":"ST000686","analysis_id":"AN001058","analysis_summary":"C18 NEGATIVE ION MODE","metabolite_name":"PE 34:1; [M-H]-@6.90","refmet_name":"PE 34:1"},"90":{"study_id":"ST000686","analysis_id":"AN001058","analysis_summary":"C18 NEGATIVE ION MODE","metabolite_name":"PE 34:2; [M-H]-@6.49","refmet_name":"PE 34:2"},"91":{"study_id":"ST000686","analysis_id":"AN001058","analysis_summary":"C18 NEGATIVE ION MODE","metabolite_name":"PE 34:3; [M-H]-@6.06","refmet_name":"PE 34:3"},"92":{"study_id":"ST000686","analysis_id":"AN001058","analysis_summary":"C18 NEGATIVE ION MODE","metabolite_name":"PE 35:0; [M-H]-@7.66","refmet_name":"PE 35:0"},"93":{"study_id":"ST000686","analysis_id":"AN001058","analysis_summary":"C18 NEGATIVE ION MODE","metabolite_name":"PE 35:1; [M-H]-@6.61","refmet_name":"PE 35:1"},"94":{"study_id":"ST000686","analysis_id":"AN001058","analysis_summary":"C18 NEGATIVE ION MODE","metabolite_name":"PE 35:2; [M-H]-@6.73","refmet_name":"PE 35:2"},"95":{"study_id":"ST000686","analysis_id":"AN001058","analysis_summary":"C18 NEGATIVE ION MODE","metabolite_name":"PE 35:4; [M-H]-@6.11","refmet_name":"PE 35:4"},"96":{"study_id":"ST000686","analysis_id":"AN001058","analysis_summary":"C18 NEGATIVE ION MODE","metabolite_name":"PE 36:0; [M-H]-@7.93","refmet_name":"PE 36:0"},"97":{"study_id":"ST000686","analysis_id":"AN001058","analysis_summary":"C18 NEGATIVE ION MODE","metabolite_name":"PE 36:1; [M-H]-@7.51","refmet_name":"PE 36:1"},"98":{"study_id":"ST000686","analysis_id":"AN001058","analysis_summary":"C18 NEGATIVE ION MODE","metabolite_name":"PE 36:3; [M-H]-@6.60","refmet_name":"PE 36:3"},"99":{"study_id":"ST000686","analysis_id":"AN001058","analysis_summary":"C18 NEGATIVE ION MODE","metabolite_name":"PE 36:4; [M-H]-@6.39","refmet_name":"PE 36:4"},"100":{"study_id":"ST000686","analysis_id":"AN001058","analysis_summary":"C18 NEGATIVE ION MODE","metabolite_name":"PE 36:5; [M-H]-@5.96","refmet_name":"PE 36:5"},"101":{"study_id":"ST000686","analysis_id":"AN001058","analysis_summary":"C18 NEGATIVE ION MODE","metabolite_name":"PE 37:4; [M-H]-@6.71","refmet_name":"PE 37:4"},"102":{"study_id":"ST000686","analysis_id":"AN001058","analysis_summary":"C18 NEGATIVE ION MODE","metabolite_name":"PE 38:1; [M-H]-@7.53","refmet_name":"PE 38:1"},"103":{"study_id":"ST000686","analysis_id":"AN001058","analysis_summary":"C18 NEGATIVE ION MODE","metabolite_name":"PE 38:3; [M-H]-@6.70","refmet_name":"PE 38:3"},"104":{"study_id":"ST000686","analysis_id":"AN001058","analysis_summary":"C18 NEGATIVE ION MODE","metabolite_name":"PE 38:4; [M-H]-@7.05","refmet_name":"PE 38:4"},"105":{"study_id":"ST000686","analysis_id":"AN001058","analysis_summary":"C18 NEGATIVE ION MODE","metabolite_name":"PE 38:5; [M-H]-@6.59","refmet_name":"PE 38:5"},"106":{"study_id":"ST000686","analysis_id":"AN001058","analysis_summary":"C18 NEGATIVE ION MODE","metabolite_name":"PE 38:6; [M-H]-@6.18","refmet_name":"PE 38:6"},"107":{"study_id":"ST000686","analysis_id":"AN001058","analysis_summary":"C18 NEGATIVE ION MODE","metabolite_name":"PE 40:2; [M-H]-@7.53","refmet_name":"PE 40:2"},"108":{"study_id":"ST000686","analysis_id":"AN001058","analysis_summary":"C18 NEGATIVE ION MODE","metabolite_name":"PE 40:5; [M-H]-@7.12","refmet_name":"PE 40:5"},"109":{"study_id":"ST000686","analysis_id":"AN001058","analysis_summary":"C18 NEGATIVE ION MODE","metabolite_name":"PE 40:6; [M-H]-@6.95","refmet_name":"PE 40:6"},"110":{"study_id":"ST000686","analysis_id":"AN001058","analysis_summary":"C18 NEGATIVE ION MODE","metabolite_name":"PE 40:7; [M-H]-@6.47","refmet_name":"PE 40:7"},"111":{"study_id":"ST000686","analysis_id":"AN001058","analysis_summary":"C18 NEGATIVE ION MODE","metabolite_name":"PE 40:8; [M-H]-@5.98","refmet_name":"PE 40:8"},"112":{"study_id":"ST000686","analysis_id":"AN001058","analysis_summary":"C18 NEGATIVE ION MODE","metabolite_name":"PG 33:0; [M-H]-@6.07","refmet_name":"PG 33:0"},"113":{"study_id":"ST000686","analysis_id":"AN001058","analysis_summary":"C18 NEGATIVE ION MODE","metabolite_name":"PG 34:2; [M-H]-@5.34","refmet_name":"PG 34:2"},"114":{"study_id":"ST000686","analysis_id":"AN001058","analysis_summary":"C18 NEGATIVE ION MODE","metabolite_name":"PG 35:0; [M-H]-@6.61","refmet_name":"PG 35:0"},"115":{"study_id":"ST000686","analysis_id":"AN001058","analysis_summary":"C18 NEGATIVE ION MODE","metabolite_name":"PG 36:0; [M-H]-@6.89","refmet_name":"PG 36:0"},"116":{"study_id":"ST000686","analysis_id":"AN001058","analysis_summary":"C18 NEGATIVE ION MODE","metabolite_name":"PG 36:2; [M-H]-@6.09","refmet_name":"PG 36:2"},"117":{"study_id":"ST000686","analysis_id":"AN001058","analysis_summary":"C18 NEGATIVE ION MODE","metabolite_name":"PG 36:4; [M-H]-@5.43","refmet_name":"PG 36:4"},"118":{"study_id":"ST000686","analysis_id":"AN001058","analysis_summary":"C18 NEGATIVE ION MODE","metabolite_name":"PG 38:4; [M-H]-@6.06","refmet_name":"PG 38:4"},"119":{"study_id":"ST000686","analysis_id":"AN001058","analysis_summary":"C18 NEGATIVE ION MODE","metabolite_name":"PI 34:1; [M-H]-@5.70","refmet_name":"PI 34:1"},"120":{"study_id":"ST000686","analysis_id":"AN001058","analysis_summary":"C18 NEGATIVE ION MODE","metabolite_name":"PI 34:2; [M-H]-@5.27","refmet_name":"PI 34:2"},"121":{"study_id":"ST000686","analysis_id":"AN001058","analysis_summary":"C18 NEGATIVE ION MODE","metabolite_name":"PI 35:1; [M-H]-@5.91","refmet_name":"PI 35:1"},"122":{"study_id":"ST000686","analysis_id":"AN001058","analysis_summary":"C18 NEGATIVE ION MODE","metabolite_name":"PI 36:1; [M-H]-@6.24","refmet_name":"PI 36:1"},"123":{"study_id":"ST000686","analysis_id":"AN001058","analysis_summary":"C18 NEGATIVE ION MODE","metabolite_name":"PI 36:2; [M-H]-@5.89","refmet_name":"PI 36:2"},"124":{"study_id":"ST000686","analysis_id":"AN001058","analysis_summary":"C18 NEGATIVE ION MODE","metabolite_name":"PI 36:3; [M-H]-@5.39","refmet_name":"PI 36:3"},"125":{"study_id":"ST000686","analysis_id":"AN001058","analysis_summary":"C18 NEGATIVE ION MODE","metabolite_name":"PI 36:4; [M-H]-@5.24","refmet_name":"PI 36:4"},"126":{"study_id":"ST000686","analysis_id":"AN001058","analysis_summary":"C18 NEGATIVE ION MODE","metabolite_name":"PI 38:3; [M-H]-@6.09","refmet_name":"PI 38:3"},"127":{"study_id":"ST000686","analysis_id":"AN001058","analysis_summary":"C18 NEGATIVE ION MODE","metabolite_name":"PI 38:4; [M-H]-@5.90","refmet_name":"PI 38:4"},"128":{"study_id":"ST000686","analysis_id":"AN001058","analysis_summary":"C18 NEGATIVE ION MODE","metabolite_name":"PI 38:5; [M-H]-@5.40","refmet_name":"PI 38:5"},"129":{"study_id":"ST000686","analysis_id":"AN001058","analysis_summary":"C18 NEGATIVE ION MODE","metabolite_name":"PI 40:4; [M-H]-@6.31","refmet_name":"PI 40:4"},"130":{"study_id":"ST000686","analysis_id":"AN001058","analysis_summary":"C18 NEGATIVE ION MODE","metabolite_name":"PI 40:5; [M-H]-@5.95","refmet_name":"PI 40:5"},"131":{"study_id":"ST000686","analysis_id":"AN001058","analysis_summary":"C18 NEGATIVE ION MODE","metabolite_name":"PI 40:6; [M-H]-@5.80","refmet_name":"PI 40:6"},"132":{"study_id":"ST000686","analysis_id":"AN001058","analysis_summary":"C18 NEGATIVE ION MODE","metabolite_name":"plasmenyl-PE 32:0; [M-H]-@7.15","refmet_name":"PE P-32:0"},"133":{"study_id":"ST000686","analysis_id":"AN001058","analysis_summary":"C18 NEGATIVE ION MODE","metabolite_name":"plasmenyl-PE 32:1; [M-H]-@6.64","refmet_name":"PE P-32:1"},"134":{"study_id":"ST000686","analysis_id":"AN001058","analysis_summary":"C18 NEGATIVE ION MODE","metabolite_name":"plasmenyl-PE 34:0; [M-H]-@7.22","refmet_name":"PE P-34:0"},"135":{"study_id":"ST000686","analysis_id":"AN001058","analysis_summary":"C18 NEGATIVE ION MODE","metabolite_name":"plasmenyl-PE 34:1; [M-H]-@7.24","refmet_name":"PE P-34:1"},"136":{"study_id":"ST000686","analysis_id":"AN001058","analysis_summary":"C18 NEGATIVE ION MODE","metabolite_name":"plasmenyl-PE 34:2; [M-H]-@6.79","refmet_name":"PE P-34:2"},"137":{"study_id":"ST000686","analysis_id":"AN001058","analysis_summary":"C18 NEGATIVE ION MODE","metabolite_name":"plasmenyl-PE 34:3; [M-H]-@6.54","refmet_name":"PE P-34:3"},"138":{"study_id":"ST000686","analysis_id":"AN001058","analysis_summary":"C18 NEGATIVE ION MODE","metabolite_name":"plasmenyl-PE 36:0; [M-H]-@7.32","refmet_name":"PE P-36:0"},"139":{"study_id":"ST000686","analysis_id":"AN001058","analysis_summary":"C18 NEGATIVE ION MODE","metabolite_name":"plasmenyl-PE 36:1; [M-H]-@7.76","refmet_name":"PE P-36:1"},"140":{"study_id":"ST000686","analysis_id":"AN001058","analysis_summary":"C18 NEGATIVE ION MODE","metabolite_name":"plasmenyl-PE 36:4; [M-H]-@6.71","refmet_name":"PE P-36:4"},"141":{"study_id":"ST000686","analysis_id":"AN001058","analysis_summary":"C18 NEGATIVE ION MODE","metabolite_name":"plasmenyl-PE 36:5; [M-H]-@6.37","refmet_name":"PE P-36:5"},"142":{"study_id":"ST000686","analysis_id":"AN001058","analysis_summary":"C18 NEGATIVE ION MODE","metabolite_name":"plasmenyl-PE 38:1; [M-H]-@8.28","refmet_name":"PE P-38:1"},"143":{"study_id":"ST000686","analysis_id":"AN001058","analysis_summary":"C18 NEGATIVE ION MODE","metabolite_name":"plasmenyl-PE 38:2; [M-H]-@7.35","refmet_name":"PE P-38:2"},"144":{"study_id":"ST000686","analysis_id":"AN001058","analysis_summary":"C18 NEGATIVE ION MODE","metabolite_name":"plasmenyl-PE 38:3; [M-H]-@7.59","refmet_name":"PE P-38:3"},"145":{"study_id":"ST000686","analysis_id":"AN001058","analysis_summary":"C18 NEGATIVE ION MODE","metabolite_name":"plasmenyl-PE 38:4; [M-H]-@6.96","refmet_name":"PE P-38:4"},"146":{"study_id":"ST000686","analysis_id":"AN001058","analysis_summary":"C18 NEGATIVE ION MODE","metabolite_name":"plasmenyl-PE 38:5; [M-H]-@6.82","refmet_name":"PE P-38:5"},"147":{"study_id":"ST000686","analysis_id":"AN001058","analysis_summary":"C18 NEGATIVE ION MODE","metabolite_name":"plasmenyl-PE 38:6; [M-H]-@6.61","refmet_name":"PE P-38:6"},"148":{"study_id":"ST000686","analysis_id":"AN001058","analysis_summary":"C18 NEGATIVE ION MODE","metabolite_name":"plasmenyl-PE 40:4; [M-H]-@7.57","refmet_name":"PE P-40:4"},"149":{"study_id":"ST000686","analysis_id":"AN001058","analysis_summary":"C18 NEGATIVE ION MODE","metabolite_name":"plasmenyl-PE 40:5; [M-H]-@7.41","refmet_name":"PE P-40:5"},"150":{"study_id":"ST000686","analysis_id":"AN001058","analysis_summary":"C18 NEGATIVE ION MODE","metabolite_name":"plasmenyl-PE 40:6; [M-H]-@7.25","refmet_name":"PE P-40:6"},"151":{"study_id":"ST000686","analysis_id":"AN001058","analysis_summary":"C18 NEGATIVE ION MODE","metabolite_name":"plasmenyl-PE 42:5; [M-H]-@7.94","refmet_name":"PE P-42:5"},"152":{"study_id":"ST000686","analysis_id":"AN001058","analysis_summary":"C18 NEGATIVE ION MODE","metabolite_name":"plasmenyl-PE 42:6; [M-H]-@7.82","refmet_name":"PE P-42:6"},"153":{"study_id":"ST000686","analysis_id":"AN001059","analysis_summary":"C18 POSITIVE ION MODE","metabolite_name":"CE(16:0); [M+NH4]+@10.96","refmet_name":"CE 16:0"},"154":{"study_id":"ST000686","analysis_id":"AN001059","analysis_summary":"C18 POSITIVE ION MODE","metabolite_name":"CE(16:1); [M+NH4]+@10.67","refmet_name":"CE 16:1"},"155":{"study_id":"ST000686","analysis_id":"AN001059","analysis_summary":"C18 POSITIVE ION MODE","metabolite_name":"CE(18:1); [M+NH4]+@10.97","refmet_name":"CE 18:1"},"156":{"study_id":"ST000686","analysis_id":"AN001059","analysis_summary":"C18 POSITIVE ION MODE","metabolite_name":"CE(18:2); [M+NH4]+@10.67","refmet_name":"CE 18:2"},"157":{"study_id":"ST000686","analysis_id":"AN001059","analysis_summary":"C18 POSITIVE ION MODE","metabolite_name":"CE(18:3); [M+NH4]+@10.50","refmet_name":"CE 18:3"},"158":{"study_id":"ST000686","analysis_id":"AN001059","analysis_summary":"C18 POSITIVE ION MODE","metabolite_name":"CE(20:3); [M+NH4]+@10.81","refmet_name":"CE 20:3"},"159":{"study_id":"ST000686","analysis_id":"AN001059","analysis_summary":"C18 POSITIVE ION MODE","metabolite_name":"CE(20:4); [M+NH4]+@10.58","refmet_name":"CE 20:4"},"160":{"study_id":"ST000686","analysis_id":"AN001059","analysis_summary":"C18 POSITIVE ION MODE","metabolite_name":"CE(20:5); [M+NH4]+@10.39","refmet_name":"CE 20:5"},"161":{"study_id":"ST000686","analysis_id":"AN001059","analysis_summary":"C18 POSITIVE ION MODE","metabolite_name":"CE(22:6); [M+NH4]+@10.52","refmet_name":"CE 22:6"},"162":{"study_id":"ST000686","analysis_id":"AN001059","analysis_summary":"C18 POSITIVE ION MODE","metabolite_name":"DG 32:0; [M+NH4]+@7.97","refmet_name":"DG 32:0"},"163":{"study_id":"ST000686","analysis_id":"AN001059","analysis_summary":"C18 POSITIVE ION MODE","metabolite_name":"DG 32:1; [M+NH4]+@7.49","refmet_name":"DG 32:1"},"164":{"study_id":"ST000686","analysis_id":"AN001059","analysis_summary":"C18 POSITIVE ION MODE","metabolite_name":"DG 34:0; [M+NH4]+@8.43","refmet_name":"DG 34:0"},"165":{"study_id":"ST000686","analysis_id":"AN001059","analysis_summary":"C18 POSITIVE ION MODE","metabolite_name":"DG 34:2; [M+NH4]+@7.60","refmet_name":"DG 34:2"},"166":{"study_id":"ST000686","analysis_id":"AN001059","analysis_summary":"C18 POSITIVE ION MODE","metabolite_name":"DG 36:0; [M+NH4]+@8.88","refmet_name":"DG 36:0"},"167":{"study_id":"ST000686","analysis_id":"AN001059","analysis_summary":"C18 POSITIVE ION MODE","metabolite_name":"DG 36:1; [M+NH4]+@8.50","refmet_name":"DG 36:1"},"168":{"study_id":"ST000686","analysis_id":"AN001059","analysis_summary":"C18 POSITIVE ION MODE","metabolite_name":"DG 36:2; [M+NH4]+@8.12","refmet_name":"DG 36:2"},"169":{"study_id":"ST000686","analysis_id":"AN001059","analysis_summary":"C18 POSITIVE ION MODE","metabolite_name":"DG 36:3; [M+NH4]+@7.78","refmet_name":"DG 36:3"},"170":{"study_id":"ST000686","analysis_id":"AN001059","analysis_summary":"C18 POSITIVE ION MODE","metabolite_name":"DG 36:4; [M+NH4]+@7.32","refmet_name":"DG 36:4"},"171":{"study_id":"ST000686","analysis_id":"AN001059","analysis_summary":"C18 POSITIVE ION MODE","metabolite_name":"DG 38:4; [M+NH4]+@7.81","refmet_name":"DG 38:4"},"172":{"study_id":"ST000686","analysis_id":"AN001059","analysis_summary":"C18 POSITIVE ION MODE","metabolite_name":"DG 38:5; [M+NH4]+@7.70","refmet_name":"DG 38:5"},"173":{"study_id":"ST000686","analysis_id":"AN001059","analysis_summary":"C18 POSITIVE ION MODE","metabolite_name":"DG 38:6; [M+NH4]+@7.31","refmet_name":"DG 38:6"},"174":{"study_id":"ST000686","analysis_id":"AN001059","analysis_summary":"C18 POSITIVE ION MODE","metabolite_name":"lysoPC 14:0; [M+H]+@1.11","refmet_name":"LPC 14:0"},"175":{"study_id":"ST000686","analysis_id":"AN001059","analysis_summary":"C18 POSITIVE ION MODE","metabolite_name":"lysoPC 15:0; [M+H]+@1.44","refmet_name":"LPC 15:0"},"176":{"study_id":"ST000686","analysis_id":"AN001059","analysis_summary":"C18 POSITIVE ION MODE","metabolite_name":"lysoPC 16:0; [M+H]+@1.68","refmet_name":"LPC 16:0"},"177":{"study_id":"ST000686","analysis_id":"AN001059","analysis_summary":"C18 POSITIVE ION MODE","metabolite_name":"lysoPC 16:0; [M+H]+@3.15","refmet_name":"LPC 16:0"},"178":{"study_id":"ST000686","analysis_id":"AN001059","analysis_summary":"C18 POSITIVE ION MODE","metabolite_name":"lysoPC 17:1; [M+H]+@1.57","refmet_name":"LPC 17:1"},"179":{"study_id":"ST000686","analysis_id":"AN001059","analysis_summary":"C18 POSITIVE ION MODE","metabolite_name":"lysoPC 18:0; [M+H]+@2.47","refmet_name":"LPC 18:0"},"180":{"study_id":"ST000686","analysis_id":"AN001059","analysis_summary":"C18 POSITIVE ION MODE","metabolite_name":"lysoPC 18:1; [M+H]+@1.82","refmet_name":"LPC 18:1"},"181":{"study_id":"ST000686","analysis_id":"AN001059","analysis_summary":"C18 POSITIVE ION MODE","metabolite_name":"lysoPC 18:2; [M+H]+@1.35","refmet_name":"LPC 18:2"},"182":{"study_id":"ST000686","analysis_id":"AN001059","analysis_summary":"C18 POSITIVE ION MODE","metabolite_name":"lysoPC 18:3; [M+H]+@1.16","refmet_name":"LPC 18:3"},"183":{"study_id":"ST000686","analysis_id":"AN001059","analysis_summary":"C18 POSITIVE ION MODE","metabolite_name":"lysoPC 19:0; [M+H]+@2.98","refmet_name":"LPC 19:0"},"184":{"study_id":"ST000686","analysis_id":"AN001059","analysis_summary":"C18 POSITIVE ION MODE","metabolite_name":"lysoPC 20:0; [M+H]+@3.47","refmet_name":"LPC 20:0"},"185":{"study_id":"ST000686","analysis_id":"AN001059","analysis_summary":"C18 POSITIVE ION MODE","metabolite_name":"lysoPC 20:3; [M+H]+@1.61","refmet_name":"LPC 20:3"},"186":{"study_id":"ST000686","analysis_id":"AN001059","analysis_summary":"C18 POSITIVE ION MODE","metabolite_name":"lysoPC 20:5; [M+H]+@1.15","refmet_name":"LPC 20:5"},"187":{"study_id":"ST000686","analysis_id":"AN001059","analysis_summary":"C18 POSITIVE ION MODE","metabolite_name":"lysoPC 22:0; [M+H]+@4.40","refmet_name":"LPC 22:0"},"188":{"study_id":"ST000686","analysis_id":"AN001059","analysis_summary":"C18 POSITIVE ION MODE","metabolite_name":"lysoPC 22:4; [M+H]+@1.87","refmet_name":"LPC 22:4"},"189":{"study_id":"ST000686","analysis_id":"AN001059","analysis_summary":"C18 POSITIVE ION MODE","metabolite_name":"lysoPC 22:5; [M+H]+@1.58","refmet_name":"LPC 22:5"},"190":{"study_id":"ST000686","analysis_id":"AN001059","analysis_summary":"C18 POSITIVE ION MODE","metabolite_name":"lysoPC 24:0; [M+H]+@5.32","refmet_name":"LPC 24:0"},"191":{"study_id":"ST000686","analysis_id":"AN001059","analysis_summary":"C18 POSITIVE ION MODE","metabolite_name":"lysoPC 24:1; [M+H]+@4.44","refmet_name":"LPC 24:1"},"192":{"study_id":"ST000686","analysis_id":"AN001059","analysis_summary":"C18 POSITIVE ION MODE","metabolite_name":"lysoPE 22:6; [M+H]+@1.28","refmet_name":"LPE 22:6"},"193":{"study_id":"ST000686","analysis_id":"AN001059","analysis_summary":"C18 POSITIVE ION MODE","metabolite_name":"MG 17:0; [M+Li]+@3.16","refmet_name":"MG 17:0"},"194":{"study_id":"ST000686","analysis_id":"AN001059","analysis_summary":"C18 POSITIVE ION MODE","metabolite_name":"PC 30:0; [M+Na]+@6.14","refmet_name":"PC 30:0"},"195":{"study_id":"ST000686","analysis_id":"AN001059","analysis_summary":"C18 POSITIVE ION MODE","metabolite_name":"PC 30:3; [M+H]+@5.41","refmet_name":"PC 30:3"},"196":{"study_id":"ST000686","analysis_id":"AN001059","analysis_summary":"C18 POSITIVE ION MODE","metabolite_name":"PC 33:3; [M+Na]+@5.73","refmet_name":"PC 33:3"},"197":{"study_id":"ST000686","analysis_id":"AN001059","analysis_summary":"C18 POSITIVE ION MODE","metabolite_name":"PC 34:5; [M+H]+@5.85","refmet_name":"PC 34:5"},"198":{"study_id":"ST000686","analysis_id":"AN001059","analysis_summary":"C18 POSITIVE ION MODE","metabolite_name":"PC 35:3; [M+Na]+@6.22","refmet_name":"PC 35:3"},"199":{"study_id":"ST000686","analysis_id":"AN001059","analysis_summary":"C18 POSITIVE ION MODE","metabolite_name":"PC 35:5; [M+H]+@6.11","refmet_name":"PC 35:5"},"200":{"study_id":"ST000686","analysis_id":"AN001059","analysis_summary":"C18 POSITIVE ION MODE","metabolite_name":"PC 36:6; [M+H]+@4.43","refmet_name":"PC 36:6"},"201":{"study_id":"ST000686","analysis_id":"AN001059","analysis_summary":"C18 POSITIVE ION MODE","metabolite_name":"PC 37:7; [M+Na]+@4.50","refmet_name":"PC 37:7"},"202":{"study_id":"ST000686","analysis_id":"AN001059","analysis_summary":"C18 POSITIVE ION MODE","metabolite_name":"PC 39:7; [M+Na]+@5.26","refmet_name":"PC 39:7"},"203":{"study_id":"ST000686","analysis_id":"AN001059","analysis_summary":"C18 POSITIVE ION MODE","metabolite_name":"PC 40:10; [M+H]+@5.69","refmet_name":"PC 40:10"},"204":{"study_id":"ST000686","analysis_id":"AN001059","analysis_summary":"C18 POSITIVE ION MODE","metabolite_name":"PC 40:4; [M+H]+@7.97","refmet_name":"PC 40:4"},"205":{"study_id":"ST000686","analysis_id":"AN001059","analysis_summary":"C18 POSITIVE ION MODE","metabolite_name":"PC 40:8; [M+H]+@5.23","refmet_name":"PC 40:8"},"206":{"study_id":"ST000686","analysis_id":"AN001059","analysis_summary":"C18 POSITIVE ION MODE","metabolite_name":"PC 40:9; [M+H]+@6.10","refmet_name":"PC 40:9"},"207":{"study_id":"ST000686","analysis_id":"AN001059","analysis_summary":"C18 POSITIVE ION MODE","metabolite_name":"PC 42:7; [M+H]+@7.55","refmet_name":"PC 42:7"},"208":{"study_id":"ST000686","analysis_id":"AN001059","analysis_summary":"C18 POSITIVE ION MODE","metabolite_name":"PC 42:9; [M+H]+@6.70","refmet_name":"PC 42:9"},"209":{"study_id":"ST000686","analysis_id":"AN001059","analysis_summary":"C18 POSITIVE ION MODE","metabolite_name":"PE 36:2; [M+H]+@7.09","refmet_name":"PE 36:2"},"210":{"study_id":"ST000686","analysis_id":"AN001059","analysis_summary":"C18 POSITIVE ION MODE","metabolite_name":"plasmenyl-PC 18:0; [M+Na]+@1.83","refmet_name":"PC P-18:0"},"211":{"study_id":"ST000686","analysis_id":"AN001059","analysis_summary":"C18 POSITIVE ION MODE","metabolite_name":"plasmenyl-PC 19:0; [M+Na]+@2.26","refmet_name":"PC P-19:0"},"212":{"study_id":"ST000686","analysis_id":"AN001059","analysis_summary":"C18 POSITIVE ION MODE","metabolite_name":"plasmenyl-PC 20:0; [M+Na]+@2.63","refmet_name":"PC P-20:0"},"213":{"study_id":"ST000686","analysis_id":"AN001059","analysis_summary":"C18 POSITIVE ION MODE","metabolite_name":"plasmenyl-PC 34:0; [M+Na]+@7.76","refmet_name":"PC P-34:0"},"214":{"study_id":"ST000686","analysis_id":"AN001059","analysis_summary":"C18 POSITIVE ION MODE","metabolite_name":"plasmenyl-PC 34:2; [M+Na]+@6.77","refmet_name":"PC P-34:2"},"215":{"study_id":"ST000686","analysis_id":"AN001059","analysis_summary":"C18 POSITIVE ION MODE","metabolite_name":"plasmenyl-PC 36:0; [M+Na]+@8.05","refmet_name":"PC P-36:0"},"216":{"study_id":"ST000686","analysis_id":"AN001059","analysis_summary":"C18 POSITIVE ION MODE","metabolite_name":"plasmenyl-PC 36:3; [M+Na]+@6.83","refmet_name":"PC P-36:3"},"217":{"study_id":"ST000686","analysis_id":"AN001059","analysis_summary":"C18 POSITIVE ION MODE","metabolite_name":"plasmenyl-PC 40:4; [M+Na]+@7.83","refmet_name":"PC P-40:4"},"218":{"study_id":"ST000686","analysis_id":"AN001059","analysis_summary":"C18 POSITIVE ION MODE","metabolite_name":"plasmenyl-PC 44:4; [M+Na]+@8.57","refmet_name":"PC P-44:4"},"219":{"study_id":"ST000686","analysis_id":"AN001059","analysis_summary":"C18 POSITIVE ION MODE","metabolite_name":"plasmenyl-PE 36:2; [M+H]+@7.39","refmet_name":"PE P-36:2"},"220":{"study_id":"ST000686","analysis_id":"AN001059","analysis_summary":"C18 POSITIVE ION MODE","metabolite_name":"SM 30:1; [M+Na]+@4.44","refmet_name":"SM 30:1;O2"},"221":{"study_id":"ST000686","analysis_id":"AN001059","analysis_summary":"C18 POSITIVE ION MODE","metabolite_name":"SM 31:1; [M]+@4.84","refmet_name":"SM 31:1;O2"},"222":{"study_id":"ST000686","analysis_id":"AN001059","analysis_summary":"C18 POSITIVE ION MODE","metabolite_name":"SM 32:0; [M]+@5.49","refmet_name":"SM 32:0;O2"},"223":{"study_id":"ST000686","analysis_id":"AN001059","analysis_summary":"C18 POSITIVE ION MODE","metabolite_name":"SM 32:1; [M]+@5.39","refmet_name":"SM 32:1;O2"},"224":{"study_id":"ST000686","analysis_id":"AN001059","analysis_summary":"C18 POSITIVE ION MODE","metabolite_name":"SM 32:1; [M+Na]+@5.23","refmet_name":"SM 32:1;O2"},"225":{"study_id":"ST000686","analysis_id":"AN001059","analysis_summary":"C18 POSITIVE ION MODE","metabolite_name":"SM 32:2; [M]+@4.61","refmet_name":"SM 32:2;O2"},"226":{"study_id":"ST000686","analysis_id":"AN001059","analysis_summary":"C18 POSITIVE ION MODE","metabolite_name":"SM 33:0; [M+Na]+@5.85","refmet_name":"SM 33:0;O2"},"227":{"study_id":"ST000686","analysis_id":"AN001059","analysis_summary":"C18 POSITIVE ION MODE","metabolite_name":"SM 33:1; [M+Na]+@5.58","refmet_name":"SM 33:1;O2"},"228":{"study_id":"ST000686","analysis_id":"AN001059","analysis_summary":"C18 POSITIVE ION MODE","metabolite_name":"SM 33:2; [M]+@5.19","refmet_name":"SM 33:2;O2"},"229":{"study_id":"ST000686","analysis_id":"AN001059","analysis_summary":"C18 POSITIVE ION MODE","metabolite_name":"SM 34:0; [M+Na]+@6.24","refmet_name":"SM 34:0;O2"},"230":{"study_id":"ST000686","analysis_id":"AN001059","analysis_summary":"C18 POSITIVE ION MODE","metabolite_name":"SM 34:1; [M]+@5.91","refmet_name":"SM 34:1;O2"},"231":{"study_id":"ST000686","analysis_id":"AN001059","analysis_summary":"C18 POSITIVE ION MODE","metabolite_name":"SM 34:2; [M+Na]+@5.42","refmet_name":"SM 34:2;O2"},"232":{"study_id":"ST000686","analysis_id":"AN001059","analysis_summary":"C18 POSITIVE ION MODE","metabolite_name":"SM 35:1; [M]+@5.89","refmet_name":"SM 35:1;O2"},"233":{"study_id":"ST000686","analysis_id":"AN001059","analysis_summary":"C18 POSITIVE ION MODE","metabolite_name":"SM 35:2; [M+Na]+@5.78","refmet_name":"SM 35:2;O2"},"234":{"study_id":"ST000686","analysis_id":"AN001059","analysis_summary":"C18 POSITIVE ION MODE","metabolite_name":"SM 36:1; [M+Na]+@6.65","refmet_name":"SM 36:1;O2"},"235":{"study_id":"ST000686","analysis_id":"AN001059","analysis_summary":"C18 POSITIVE ION MODE","metabolite_name":"SM 36:2; [M+Na]+@6.13","refmet_name":"SM 36:2;O2"},"236":{"study_id":"ST000686","analysis_id":"AN001059","analysis_summary":"C18 POSITIVE ION MODE","metabolite_name":"SM 37:1; [M]+@7.01","refmet_name":"SM 37:1;O2"},"237":{"study_id":"ST000686","analysis_id":"AN001059","analysis_summary":"C18 POSITIVE ION MODE","metabolite_name":"SM 37:2; [M]+@6.50","refmet_name":"SM 37:2;O2"},"238":{"study_id":"ST000686","analysis_id":"AN001059","analysis_summary":"C18 POSITIVE ION MODE","metabolite_name":"SM 38:1; [M]+@7.08","refmet_name":"SM 38:1;O2"},"239":{"study_id":"ST000686","analysis_id":"AN001059","analysis_summary":"C18 POSITIVE ION MODE","metabolite_name":"SM 38:4; [M]+@5.84","refmet_name":"SM 38:4;O2"},"240":{"study_id":"ST000686","analysis_id":"AN001059","analysis_summary":"C18 POSITIVE ION MODE","metabolite_name":"SM 39:1; [M+Na]+@7.65","refmet_name":"SM 39:1;O2"},"241":{"study_id":"ST000686","analysis_id":"AN001059","analysis_summary":"C18 POSITIVE ION MODE","metabolite_name":"SM 40:1; [M+Na]+@7.91","refmet_name":"SM 40:1;O2"},"242":{"study_id":"ST000686","analysis_id":"AN001059","analysis_summary":"C18 POSITIVE ION MODE","metabolite_name":"SM 40:2; [M]+@7.32","refmet_name":"SM 40:2;O2"},"243":{"study_id":"ST000686","analysis_id":"AN001059","analysis_summary":"C18 POSITIVE ION MODE","metabolite_name":"SM 41:1; [M+Na]+@8.20","refmet_name":"SM 41:1;O2"},"244":{"study_id":"ST000686","analysis_id":"AN001059","analysis_summary":"C18 POSITIVE ION MODE","metabolite_name":"SM 41:2; [M+Na]+@7.75","refmet_name":"SM 41:2;O2"},"245":{"study_id":"ST000686","analysis_id":"AN001059","analysis_summary":"C18 POSITIVE ION MODE","metabolite_name":"SM 42:1; [M+Na]+@8.46","refmet_name":"SM 42:1;O2"},"246":{"study_id":"ST000686","analysis_id":"AN001059","analysis_summary":"C18 POSITIVE ION MODE","metabolite_name":"SM 42:2; [M+Na]+@8.02","refmet_name":"SM 42:2;O2"},"247":{"study_id":"ST000686","analysis_id":"AN001059","analysis_summary":"C18 POSITIVE ION MODE","metabolite_name":"SM 42:4; [M]+@7.07","refmet_name":"SM 42:4;O2"},"248":{"study_id":"ST000686","analysis_id":"AN001059","analysis_summary":"C18 POSITIVE ION MODE","metabolite_name":"SM 42:5; [M]+@6.53","refmet_name":"SM 42:5;O2"},"249":{"study_id":"ST000686","analysis_id":"AN001059","analysis_summary":"C18 POSITIVE ION MODE","metabolite_name":"SM 43:1; [M+Na]+@8.68","refmet_name":"SM 43:1;O2"},"250":{"study_id":"ST000686","analysis_id":"AN001059","analysis_summary":"C18 POSITIVE ION MODE","metabolite_name":"SM 43:2; [M]+@8.41","refmet_name":"SM 43:2;O2"},"251":{"study_id":"ST000686","analysis_id":"AN001059","analysis_summary":"C18 POSITIVE ION MODE","metabolite_name":"SM 44:2; [M]+@8.46","refmet_name":"SM 44:2;O2"},"252":{"study_id":"ST000686","analysis_id":"AN001059","analysis_summary":"C18 POSITIVE ION MODE","metabolite_name":"TG 40:0; [M+NH4]+@9.43","refmet_name":"TG 40:0"},"253":{"study_id":"ST000686","analysis_id":"AN001059","analysis_summary":"C18 POSITIVE ION MODE","metabolite_name":"TG 42:0; [M+NH4]+@9.77","refmet_name":"TG 42:0"},"254":{"study_id":"ST000686","analysis_id":"AN001059","analysis_summary":"C18 POSITIVE ION MODE","metabolite_name":"TG 42:1; [M+NH4]+@9.55","refmet_name":"TG 42:1"},"255":{"study_id":"ST000686","analysis_id":"AN001059","analysis_summary":"C18 POSITIVE ION MODE","metabolite_name":"TG 44:1; [M+NH4]+@9.81","refmet_name":"TG 44:1"},"256":{"study_id":"ST000686","analysis_id":"AN001059","analysis_summary":"C18 POSITIVE ION MODE","metabolite_name":"TG 44:2; [M+NH4]+@9.56","refmet_name":"TG 44:2"},"257":{"study_id":"ST000686","analysis_id":"AN001059","analysis_summary":"C18 POSITIVE ION MODE","metabolite_name":"TG 46:0; [M+NH4]+@10.31","refmet_name":"TG 46:0"},"258":{"study_id":"ST000686","analysis_id":"AN001059","analysis_summary":"C18 POSITIVE ION MODE","metabolite_name":"TG 46:1; [M+NH4]+@10.10","refmet_name":"TG 46:1"},"259":{"study_id":"ST000686","analysis_id":"AN001059","analysis_summary":"C18 POSITIVE ION MODE","metabolite_name":"TG 46:2; [M+NH4]+@9.82","refmet_name":"TG 46:2"},"260":{"study_id":"ST000686","analysis_id":"AN001059","analysis_summary":"C18 POSITIVE ION MODE","metabolite_name":"TG 48:0; [M+NH4]+@10.57","refmet_name":"TG 48:0"},"261":{"study_id":"ST000686","analysis_id":"AN001059","analysis_summary":"C18 POSITIVE ION MODE","metabolite_name":"TG 48:1; [M+NH4]+@10.32","refmet_name":"TG 48:1"},"262":{"study_id":"ST000686","analysis_id":"AN001059","analysis_summary":"C18 POSITIVE ION MODE","metabolite_name":"TG 48:2; [M+NH4]+@10.15","refmet_name":"TG 48:2"},"263":{"study_id":"ST000686","analysis_id":"AN001059","analysis_summary":"C18 POSITIVE ION MODE","metabolite_name":"TG 48:3; [M+NH4]+@9.97","refmet_name":"TG 48:3"},"264":{"study_id":"ST000686","analysis_id":"AN001059","analysis_summary":"C18 POSITIVE ION MODE","metabolite_name":"TG 49:0; [M+NH4]+@10.68","refmet_name":"TG 49:0"},"265":{"study_id":"ST000686","analysis_id":"AN001059","analysis_summary":"C18 POSITIVE ION MODE","metabolite_name":"TG 49:1; [M+NH4]+@10.45","refmet_name":"TG 49:1"},"266":{"study_id":"ST000686","analysis_id":"AN001059","analysis_summary":"C18 POSITIVE ION MODE","metabolite_name":"TG 49:2; [M+NH4]+@10.25","refmet_name":"TG 49:2"},"267":{"study_id":"ST000686","analysis_id":"AN001059","analysis_summary":"C18 POSITIVE ION MODE","metabolite_name":"TG 49:3; [M+NH4]+@9.99","refmet_name":"TG 49:3"},"268":{"study_id":"ST000686","analysis_id":"AN001059","analysis_summary":"C18 POSITIVE ION MODE","metabolite_name":"TG 50:0; [M+NH4]+@10.80","refmet_name":"TG 50:0"},"269":{"study_id":"ST000686","analysis_id":"AN001059","analysis_summary":"C18 POSITIVE ION MODE","metabolite_name":"TG 50:1; [M+NH4]+@10.56","refmet_name":"TG 50:1"},"270":{"study_id":"ST000686","analysis_id":"AN001059","analysis_summary":"C18 POSITIVE ION MODE","metabolite_name":"TG 50:2; [M+NH4]+@10.35","refmet_name":"TG 50:2"},"271":{"study_id":"ST000686","analysis_id":"AN001059","analysis_summary":"C18 POSITIVE ION MODE","metabolite_name":"TG 50:3; [M+NH4]+@10.18","refmet_name":"TG 50:3"},"272":{"study_id":"ST000686","analysis_id":"AN001059","analysis_summary":"C18 POSITIVE ION MODE","metabolite_name":"TG 50:4; [M+NH4]+@9.97","refmet_name":"TG 50:4"},"273":{"study_id":"ST000686","analysis_id":"AN001059","analysis_summary":"C18 POSITIVE ION MODE","metabolite_name":"TG 50:5; [M+NH4]+@9.76","refmet_name":"TG 50:5"},"274":{"study_id":"ST000686","analysis_id":"AN001059","analysis_summary":"C18 POSITIVE ION MODE","metabolite_name":"TG 51:0; [M+NH4]+@10.83","refmet_name":"TG 51:0"},"275":{"study_id":"ST000686","analysis_id":"AN001059","analysis_summary":"C18 POSITIVE ION MODE","metabolite_name":"TG 51:1; [M+NH4]+@10.70","refmet_name":"TG 51:1"},"276":{"study_id":"ST000686","analysis_id":"AN001059","analysis_summary":"C18 POSITIVE ION MODE","metabolite_name":"TG 51:2; [M+NH4]+@10.48","refmet_name":"TG 51:2"},"277":{"study_id":"ST000686","analysis_id":"AN001059","analysis_summary":"C18 POSITIVE ION MODE","metabolite_name":"TG 51:3; [M+NH4]+@10.30","refmet_name":"TG 51:3"},"278":{"study_id":"ST000686","analysis_id":"AN001059","analysis_summary":"C18 POSITIVE ION MODE","metabolite_name":"TG 51:4; [M+NH4]+@10.14","refmet_name":"TG 51:4"},"279":{"study_id":"ST000686","analysis_id":"AN001059","analysis_summary":"C18 POSITIVE ION MODE","metabolite_name":"TG 52:0; [M+NH4]+@11.04","refmet_name":"TG 52:0"},"280":{"study_id":"ST000686","analysis_id":"AN001059","analysis_summary":"C18 POSITIVE ION MODE","metabolite_name":"TG 52:1; [M+NH4]+@10.81","refmet_name":"TG 52:1"},"281":{"study_id":"ST000686","analysis_id":"AN001059","analysis_summary":"C18 POSITIVE ION MODE","metabolite_name":"TG 52:2; [M+NH4]+@10.60","refmet_name":"TG 52:2"},"282":{"study_id":"ST000686","analysis_id":"AN001059","analysis_summary":"C18 POSITIVE ION MODE","metabolite_name":"TG 52:3; [M+NH4]+@10.40","refmet_name":"TG 52:3"},"283":{"study_id":"ST000686","analysis_id":"AN001059","analysis_summary":"C18 POSITIVE ION MODE","metabolite_name":"TG 52:4; [M+NH4]+@10.25","refmet_name":"TG 52:4"},"284":{"study_id":"ST000686","analysis_id":"AN001059","analysis_summary":"C18 POSITIVE ION MODE","metabolite_name":"TG 52:5; [M+NH4]+@10.09","refmet_name":"TG 52:5"},"285":{"study_id":"ST000686","analysis_id":"AN001059","analysis_summary":"C18 POSITIVE ION MODE","metabolite_name":"TG 52:6; [M+NH4]+@9.89","refmet_name":"TG 52:6"},"286":{"study_id":"ST000686","analysis_id":"AN001059","analysis_summary":"C18 POSITIVE ION MODE","metabolite_name":"TG 53:0; [M+NH4]+@11.13","refmet_name":"TG 53:0"},"287":{"study_id":"ST000686","analysis_id":"AN001059","analysis_summary":"C18 POSITIVE ION MODE","metabolite_name":"TG 53:1; [M+NH4]+@10.85","refmet_name":"TG 53:1"},"288":{"study_id":"ST000686","analysis_id":"AN001059","analysis_summary":"C18 POSITIVE ION MODE","metabolite_name":"TG 53:2; [M+NH4]+@10.73","refmet_name":"TG 53:2"},"289":{"study_id":"ST000686","analysis_id":"AN001059","analysis_summary":"C18 POSITIVE ION MODE","metabolite_name":"TG 53:3; [M+NH4]+@10.55","refmet_name":"TG 53:3"},"290":{"study_id":"ST000686","analysis_id":"AN001059","analysis_summary":"C18 POSITIVE ION MODE","metabolite_name":"TG 53:4; [M+NH4]+@10.37","refmet_name":"TG 53:4"},"291":{"study_id":"ST000686","analysis_id":"AN001059","analysis_summary":"C18 POSITIVE ION MODE","metabolite_name":"TG 54:0; [M+NH4]+@11.20","refmet_name":"TG 54:0"},"292":{"study_id":"ST000686","analysis_id":"AN001059","analysis_summary":"C18 POSITIVE ION MODE","metabolite_name":"TG 54:1; [M+NH4]+@10.96","refmet_name":"TG 54:1"},"293":{"study_id":"ST000686","analysis_id":"AN001059","analysis_summary":"C18 POSITIVE ION MODE","metabolite_name":"TG 54:2; [M+NH4]+@10.86","refmet_name":"TG 54:2"},"294":{"study_id":"ST000686","analysis_id":"AN001059","analysis_summary":"C18 POSITIVE ION MODE","metabolite_name":"TG 54:3; [M+NH4]+@10.67","refmet_name":"TG 54:3"},"295":{"study_id":"ST000686","analysis_id":"AN001059","analysis_summary":"C18 POSITIVE ION MODE","metabolite_name":"TG 54:4; [M+NH4]+@10.47","refmet_name":"TG 54:4"},"296":{"study_id":"ST000686","analysis_id":"AN001059","analysis_summary":"C18 POSITIVE ION MODE","metabolite_name":"TG 54:5; [M+NH4]+@10.32","refmet_name":"TG 54:5"},"297":{"study_id":"ST000686","analysis_id":"AN001059","analysis_summary":"C18 POSITIVE ION MODE","metabolite_name":"TG 54:6; [M+Na]+@10.08","refmet_name":"TG 54:6"},"298":{"study_id":"ST000686","analysis_id":"AN001059","analysis_summary":"C18 POSITIVE ION MODE","metabolite_name":"TG 54:6; [M+NH4]+@10.14","refmet_name":"TG 54:6"},"299":{"study_id":"ST000686","analysis_id":"AN001059","analysis_summary":"C18 POSITIVE ION MODE","metabolite_name":"TG 54:7; [M+NH4]+@9.95","refmet_name":"TG 54:7"},"300":{"study_id":"ST000686","analysis_id":"AN001059","analysis_summary":"C18 POSITIVE ION MODE","metabolite_name":"TG 54:8; [M+NH4]+@9.71","refmet_name":"TG 54:8"},"301":{"study_id":"ST000686","analysis_id":"AN001059","analysis_summary":"C18 POSITIVE ION MODE","metabolite_name":"TG 55:3; [M+NH4]+@10.77","refmet_name":"TG 55:3"},"302":{"study_id":"ST000686","analysis_id":"AN001059","analysis_summary":"C18 POSITIVE ION MODE","metabolite_name":"TG 55:4; [M+NH4]+@10.69","refmet_name":"TG 55:4"},"303":{"study_id":"ST000686","analysis_id":"AN001059","analysis_summary":"C18 POSITIVE ION MODE","metabolite_name":"TG 55:7; [M+NH4]+@10.15","refmet_name":"TG 55:7"},"304":{"study_id":"ST000686","analysis_id":"AN001059","analysis_summary":"C18 POSITIVE ION MODE","metabolite_name":"TG 56:10; [M+NH4]+@9.70","refmet_name":"TG 56:10"},"305":{"study_id":"ST000686","analysis_id":"AN001059","analysis_summary":"C18 POSITIVE ION MODE","metabolite_name":"TG 56:1; [M+NH4]+@11.22","refmet_name":"TG 56:1"},"306":{"study_id":"ST000686","analysis_id":"AN001059","analysis_summary":"C18 POSITIVE ION MODE","metabolite_name":"TG 56:2; [M+NH4]+@11.01","refmet_name":"TG 56:2"},"307":{"study_id":"ST000686","analysis_id":"AN001059","analysis_summary":"C18 POSITIVE ION MODE","metabolite_name":"TG 56:4; [M+NH4]+@10.74","refmet_name":"TG 56:4"},"308":{"study_id":"ST000686","analysis_id":"AN001059","analysis_summary":"C18 POSITIVE ION MODE","metabolite_name":"TG 56:5; [M+NH4]+@10.65","refmet_name":"TG 56:5"},"309":{"study_id":"ST000686","analysis_id":"AN001059","analysis_summary":"C18 POSITIVE ION MODE","metabolite_name":"TG 56:6; [M+NH4]+@10.41","refmet_name":"TG 56:6"},"310":{"study_id":"ST000686","analysis_id":"AN001059","analysis_summary":"C18 POSITIVE ION MODE","metabolite_name":"TG 56:7; [M+NH4]+@10.25","refmet_name":"TG 56:7"},"311":{"study_id":"ST000686","analysis_id":"AN001059","analysis_summary":"C18 POSITIVE ION MODE","metabolite_name":"TG 56:8; [M+NH4]+@10.07","refmet_name":"TG 56:8"},"312":{"study_id":"ST000686","analysis_id":"AN001059","analysis_summary":"C18 POSITIVE ION MODE","metabolite_name":"TG 56:9; [M+NH4]+@9.88","refmet_name":"TG 56:9"},"313":{"study_id":"ST000686","analysis_id":"AN001059","analysis_summary":"C18 POSITIVE ION MODE","metabolite_name":"TG 58:10; [M+NH4]+@10.00","refmet_name":"TG 58:10"},"314":{"study_id":"ST000686","analysis_id":"AN001059","analysis_summary":"C18 POSITIVE ION MODE","metabolite_name":"TG 58:11; [M+NH4]+@9.77","refmet_name":"TG 58:11"},"315":{"study_id":"ST000686","analysis_id":"AN001059","analysis_summary":"C18 POSITIVE ION MODE","metabolite_name":"TG 58:12; [M+NH4]+@9.60","refmet_name":"TG 58:12"},"316":{"study_id":"ST000686","analysis_id":"AN001059","analysis_summary":"C18 POSITIVE ION MODE","metabolite_name":"TG 58:2; [M+NH4]+@11.33","refmet_name":"TG 58:2"},"317":{"study_id":"ST000686","analysis_id":"AN001059","analysis_summary":"C18 POSITIVE ION MODE","metabolite_name":"TG 58:6; [M+NH4]+@10.62","refmet_name":"TG 58:6"},"318":{"study_id":"ST000686","analysis_id":"AN001059","analysis_summary":"C18 POSITIVE ION MODE","metabolite_name":"TG 58:7; [M+NH4]+@10.43","refmet_name":"TG 58:7"},"319":{"study_id":"ST000686","analysis_id":"AN001059","analysis_summary":"C18 POSITIVE ION MODE","metabolite_name":"TG 58:8; [M+NH4]+@10.31","refmet_name":"TG 58:8"},"320":{"study_id":"ST000686","analysis_id":"AN001059","analysis_summary":"C18 POSITIVE ION MODE","metabolite_name":"TG 58:9; [M+NH4]+@10.19","refmet_name":"TG 58:9"},"321":{"study_id":"ST000686","analysis_id":"AN001059","analysis_summary":"C18 POSITIVE ION MODE","metabolite_name":"TG 60:13; [M+NH4]+@9.72","refmet_name":"TG 60:13"}}