{"1":{"study_id":"ST000040","analysis_id":"AN000060","analysis_summary":"MS positive ion mode","metabolite_name":"10-Formyltetrahydrofolate","refmet_name":"N10-Formyl-THF"},"2":{"study_id":"ST000040","analysis_id":"AN000060","analysis_summary":"MS positive ion mode","metabolite_name":"1,2,3-Trihydroxybenzene","refmet_name":"1,2,3-Trihydroxybenzene"},"3":{"study_id":"ST000040","analysis_id":"AN000060","analysis_summary":"MS positive ion mode","metabolite_name":"1,2-Dihydroxy-3-keto-5-methylthiopentene","refmet_name":"1,2-Dihydroxy-3-keto-5-methylthiopentene"},"4":{"study_id":"ST000040","analysis_id":"AN000060","analysis_summary":"MS positive ion mode","metabolite_name":"1,7-Dimethylguanosine","refmet_name":"1,7-Dimethylguanosine"},"5":{"study_id":"ST000040","analysis_id":"AN000060","analysis_summary":"MS positive ion mode","metabolite_name":"1-Aminocyclopropanecarboxylic acid","refmet_name":"1-Aminocyclopropanecarboxylic acid"},"6":{"study_id":"ST000040","analysis_id":"AN000060","analysis_summary":"MS positive ion mode","metabolite_name":"1-Cyano-2-hydroxy-3-butene","refmet_name":"1-Cyano-2-hydroxy-3-butene"},"7":{"study_id":"ST000040","analysis_id":"AN000060","analysis_summary":"MS positive ion mode","metabolite_name":"1H-Indole-3-carboxaldehyde","refmet_name":"1H-Indole-3-carboxaldehyde"},"8":{"study_id":"ST000040","analysis_id":"AN000060","analysis_summary":"MS positive ion mode","metabolite_name":"1-Methylguanosine","refmet_name":"1-Methylguanosine"},"9":{"study_id":"ST000040","analysis_id":"AN000060","analysis_summary":"MS positive ion mode","metabolite_name":"1-Methylhistidine","refmet_name":"1-Methylhistidine"},"10":{"study_id":"ST000040","analysis_id":"AN000060","analysis_summary":"MS positive ion mode","metabolite_name":"1-Methylinosine","refmet_name":"1-Methylinosine"},"11":{"study_id":"ST000040","analysis_id":"AN000060","analysis_summary":"MS positive ion mode","metabolite_name":"(-)-1-Methylpropyl 1-propenyl disulfide","refmet_name":"1-Methylpropyl 1-propenyl disulfide"},"12":{"study_id":"ST000040","analysis_id":"AN000060","analysis_summary":"MS positive ion mode","metabolite_name":"1-Pyrroline","refmet_name":"1-Pyrroline"},"13":{"study_id":"ST000040","analysis_id":"AN000060","analysis_summary":"MS positive ion mode","metabolite_name":"1-Pyrroline-2-carboxylic acid","refmet_name":"1-Pyrroline-2-carboxylic acid"},"14":{"study_id":"ST000040","analysis_id":"AN000060","analysis_summary":"MS positive ion mode","metabolite_name":"(+)-2,3-Dihydro-3-methyl-1H-pyrrole","refmet_name":""},"15":{"study_id":"ST000040","analysis_id":"AN000060","analysis_summary":"MS positive ion mode","metabolite_name":"2,6 Dimethylheptanoyl carnitine","refmet_name":"CAR 7:0;2Me,6Me"},"16":{"study_id":"ST000040","analysis_id":"AN000060","analysis_summary":"MS positive ion mode","metabolite_name":"2-Aminobenzoic acid","refmet_name":"2-Aminobenzoic acid"},"17":{"study_id":"ST000040","analysis_id":"AN000060","analysis_summary":"MS positive ion mode","metabolite_name":"2-Aminomuconic acid","refmet_name":"2-Aminomuconic acid"},"18":{"study_id":"ST000040","analysis_id":"AN000060","analysis_summary":"MS positive ion mode","metabolite_name":"2-Aminonaphthalene","refmet_name":"2-Aminonaphthalene"},"19":{"study_id":"ST000040","analysis_id":"AN000060","analysis_summary":"MS positive ion mode","metabolite_name":"2-Benzoxazolol","refmet_name":"2-Benzoxazolol"},"20":{"study_id":"ST000040","analysis_id":"AN000060","analysis_summary":"MS positive ion mode","metabolite_name":"2-Furancarboxaldehyde","refmet_name":"2-Furancarboxaldehyde"},"21":{"study_id":"ST000040","analysis_id":"AN000060","analysis_summary":"MS positive ion mode","metabolite_name":"2-Furanmethanethiol","refmet_name":"2-Furanmethanethiol"},"22":{"study_id":"ST000040","analysis_id":"AN000060","analysis_summary":"MS positive ion mode","metabolite_name":"2-Hydroxyadipic acid","refmet_name":"2-Hydroxyadipic acid"},"23":{"study_id":"ST000040","analysis_id":"AN000060","analysis_summary":"MS positive ion mode","metabolite_name":"2-Hydroxyfelbamate","refmet_name":"2-Hydroxyfelbamate"},"24":{"study_id":"ST000040","analysis_id":"AN000060","analysis_summary":"MS positive ion mode","metabolite_name":"2-Keto-6-acetamidocaproate","refmet_name":"2-Keto-6-acetamidocaproic acid"},"25":{"study_id":"ST000040","analysis_id":"AN000060","analysis_summary":"MS positive ion mode","metabolite_name":"2-Keto-glutaramic acid","refmet_name":"2-Keto-glutaramic acid"},"26":{"study_id":"ST000040","analysis_id":"AN000060","analysis_summary":"MS positive ion mode","metabolite_name":"2-Methylbutyroylcarnitine","refmet_name":"CAR 4:0;2Me"},"27":{"study_id":"ST000040","analysis_id":"AN000060","analysis_summary":"MS positive ion mode","metabolite_name":"(\u00b1)-2-Methylthiazolidine","refmet_name":"2-Methylthiazolidine"},"28":{"study_id":"ST000040","analysis_id":"AN000060","analysis_summary":"MS positive ion mode","metabolite_name":"2-Octenoylcarnitine","refmet_name":"CAR 8:1(2)"},"29":{"study_id":"ST000040","analysis_id":"AN000060","analysis_summary":"MS positive ion mode","metabolite_name":"2-Oxoarginine","refmet_name":"2-Oxoarginine"},"30":{"study_id":"ST000040","analysis_id":"AN000060","analysis_summary":"MS positive ion mode","metabolite_name":"2-Phenylacetamide","refmet_name":"2-Phenylacetamide"},"31":{"study_id":"ST000040","analysis_id":"AN000060","analysis_summary":"MS positive ion mode","metabolite_name":"2-Pyrrolidinone","refmet_name":"2-Pyrrolidinone"},"32":{"study_id":"ST000040","analysis_id":"AN000060","analysis_summary":"MS positive ion mode","metabolite_name":"(2R)-2-Hydroxy-2-methylbutanenitrile","refmet_name":"2-Hydroxy-2-methylbutanenitrile"},"33":{"study_id":"ST000040","analysis_id":"AN000060","analysis_summary":"MS positive ion mode","metabolite_name":"2-Undecyl-4(1H)-quinolinone","refmet_name":"2-Undecyl-4(1H)-quinolinone"},"34":{"study_id":"ST000040","analysis_id":"AN000060","analysis_summary":"MS positive ion mode","metabolite_name":"3,3'-Thiobispropanoic acid","refmet_name":"3,3'-Thiobispropanoic acid"},"35":{"study_id":"ST000040","analysis_id":"AN000060","analysis_summary":"MS positive ion mode","metabolite_name":"3,4-Methylenedioxyamphetamine","refmet_name":"3,4-Methylenedioxyamphetamine"},"36":{"study_id":"ST000040","analysis_id":"AN000060","analysis_summary":"MS positive ion mode","metabolite_name":"3-Amino-2-piperidone","refmet_name":"3-Amino-2-piperidone"},"37":{"study_id":"ST000040","analysis_id":"AN000060","analysis_summary":"MS positive ion mode","metabolite_name":"3-Dehydrocarnitine","refmet_name":"3-Dehydrocarnitine"},"38":{"study_id":"ST000040","analysis_id":"AN000060","analysis_summary":"MS positive ion mode","metabolite_name":"3-Dehydroxycarnitine","refmet_name":"3-Dehydroxycarnitine"},"39":{"study_id":"ST000040","analysis_id":"AN000060","analysis_summary":"MS positive ion mode","metabolite_name":"3-Hydroxy-2-methyl-[R-(R,S)]-butanoic acid","refmet_name":""},"40":{"study_id":"ST000040","analysis_id":"AN000060","analysis_summary":"MS positive ion mode","metabolite_name":"3-Hydroxyanthranilic acid","refmet_name":"3-Hydroxyanthranilic acid"},"41":{"study_id":"ST000040","analysis_id":"AN000060","analysis_summary":"MS positive ion mode","metabolite_name":"3-Hydroxydodecanedioic acid","refmet_name":"3-Hydroxy-dodecanedioic acid"},"42":{"study_id":"ST000040","analysis_id":"AN000060","analysis_summary":"MS positive ion mode","metabolite_name":"3-Hydroxysebacic acid","refmet_name":"3-Hydroxysebacic acid"},"43":{"study_id":"ST000040","analysis_id":"AN000060","analysis_summary":"MS positive ion mode","metabolite_name":"3-Methyladenine","refmet_name":"3-Methyladenine"},"44":{"study_id":"ST000040","analysis_id":"AN000060","analysis_summary":"MS positive ion mode","metabolite_name":"3-Methylguanine","refmet_name":"3-Methylguanine"},"45":{"study_id":"ST000040","analysis_id":"AN000060","analysis_summary":"MS positive ion mode","metabolite_name":"3-Methyl sulfolene","refmet_name":""},"46":{"study_id":"ST000040","analysis_id":"AN000060","analysis_summary":"MS positive ion mode","metabolite_name":"4a-Carbinolamine tetrahydrobiopterin","refmet_name":"4a-Carbinolamine tetrahydrobiopterin"},"47":{"study_id":"ST000040","analysis_id":"AN000060","analysis_summary":"MS positive ion mode","metabolite_name":"4-Amino-1-piperidinecarboxylic acid","refmet_name":"4-Amino-1-piperidinecarboxylic acid"},"48":{"study_id":"ST000040","analysis_id":"AN000060","analysis_summary":"MS positive ion mode","metabolite_name":"4-Aminobutyraldehyde","refmet_name":"4-Aminobutyraldehyde"},"49":{"study_id":"ST000040","analysis_id":"AN000060","analysis_summary":"MS positive ion mode","metabolite_name":"4-Guanidinobutanoic acid","refmet_name":"4-Guanidinobutanoic acid"},"50":{"study_id":"ST000040","analysis_id":"AN000060","analysis_summary":"MS positive ion mode","metabolite_name":"4-Hydroxy-2-butenoic acid gamma-lactone","refmet_name":"4-Hydroxy-2-butenoic acid gamma-lactone"},"51":{"study_id":"ST000040","analysis_id":"AN000060","analysis_summary":"MS positive ion mode","metabolite_name":"4-Hydroxybutyric acid","refmet_name":"4-Hydroxybutyric acid"},"52":{"study_id":"ST000040","analysis_id":"AN000060","analysis_summary":"MS positive ion mode","metabolite_name":"4-Hydroxyphenylacetylglutamine","refmet_name":"4-Hydroxyphenylacetylglutamine"},"53":{"study_id":"ST000040","analysis_id":"AN000060","analysis_summary":"MS positive ion mode","metabolite_name":"5-Aminolevulinic acid","refmet_name":"5-Amino-levulinic acid"},"54":{"study_id":"ST000040","analysis_id":"AN000060","analysis_summary":"MS positive ion mode","metabolite_name":"5-Aminopentanal","refmet_name":"5-Aminopentanal"},"55":{"study_id":"ST000040","analysis_id":"AN000060","analysis_summary":"MS positive ion mode","metabolite_name":"5-Aminopentanamide","refmet_name":"5-Aminopentanamide"},"56":{"study_id":"ST000040","analysis_id":"AN000060","analysis_summary":"MS positive ion mode","metabolite_name":"5-Hydroxy-2-furoic acid","refmet_name":"5-Hydroxy-2-furoic acid"},"57":{"study_id":"ST000040","analysis_id":"AN000060","analysis_summary":"MS positive ion mode","metabolite_name":"5-Hydroxyindoleacetic acid","refmet_name":"5-Hydroxyindoleacetic acid"},"58":{"study_id":"ST000040","analysis_id":"AN000060","analysis_summary":"MS positive ion mode","metabolite_name":"5-Hydroxyisourate","refmet_name":"5-Hydroxyisouric acid"},"59":{"study_id":"ST000040","analysis_id":"AN000060","analysis_summary":"MS positive ion mode","metabolite_name":"5-Hydroxytryptophol","refmet_name":"5-Hydroxytryptophol"},"60":{"study_id":"ST000040","analysis_id":"AN000060","analysis_summary":"MS positive ion mode","metabolite_name":"5-L-Glutamyl-L-alanine","refmet_name":"gamma-Glutamylalanine"},"61":{"study_id":"ST000040","analysis_id":"AN000060","analysis_summary":"MS positive ion mode","metabolite_name":"5-Methylcytidine","refmet_name":"5-Methylcytidine"},"62":{"study_id":"ST000040","analysis_id":"AN000060","analysis_summary":"MS positive ion mode","metabolite_name":"5-Methylcytosine","refmet_name":"5-Methylcytosine"},"63":{"study_id":"ST000040","analysis_id":"AN000060","analysis_summary":"MS positive ion mode","metabolite_name":"5'-Methylthioadenosine","refmet_name":"5'-Methylthioadenosine"},"64":{"study_id":"ST000040","analysis_id":"AN000060","analysis_summary":"MS positive ion mode","metabolite_name":"6-Acetyl-1,2,3,4-tetrahydropyridine","refmet_name":"6-Acetyl-1,2,3,4-tetrahydropyridine"},"65":{"study_id":"ST000040","analysis_id":"AN000060","analysis_summary":"MS positive ion mode","metabolite_name":"7-Aminomethyl-7-carbaguanine","refmet_name":"7-Aminomethyl-7-carbaguanine"},"66":{"study_id":"ST000040","analysis_id":"AN000060","analysis_summary":"MS positive ion mode","metabolite_name":"8-Hydroxy-7-methylguanine","refmet_name":"8-Hydroxy-7-methylguanine"},"67":{"study_id":"ST000040","analysis_id":"AN000060","analysis_summary":"MS positive ion mode","metabolite_name":"8-Hydroxyguanine","refmet_name":"8-Hydroxyguanine"},"68":{"study_id":"ST000040","analysis_id":"AN000060","analysis_summary":"MS positive ion mode","metabolite_name":"Acetylisoniazid","refmet_name":"Acetylisoniazid"},"69":{"study_id":"ST000040","analysis_id":"AN000060","analysis_summary":"MS positive ion mode","metabolite_name":"Adenine","refmet_name":"Adenine"},"70":{"study_id":"ST000040","analysis_id":"AN000060","analysis_summary":"MS positive ion mode","metabolite_name":"Adenosine","refmet_name":"Adenosine"},"71":{"study_id":"ST000040","analysis_id":"AN000060","analysis_summary":"MS positive ion mode","metabolite_name":"Adenosine monophosphate","refmet_name":"AMP"},"72":{"study_id":"ST000040","analysis_id":"AN000060","analysis_summary":"MS positive ion mode","metabolite_name":"Agmatine","refmet_name":"Agmatine"},"73":{"study_id":"ST000040","analysis_id":"AN000060","analysis_summary":"MS positive ion mode","metabolite_name":"Alanyl-Isoleucine","refmet_name":"Ala-Ile"},"74":{"study_id":"ST000040","analysis_id":"AN000060","analysis_summary":"MS positive ion mode","metabolite_name":"Alanyl-Proline","refmet_name":"Ala-Pro"},"75":{"study_id":"ST000040","analysis_id":"AN000060","analysis_summary":"MS positive ion mode","metabolite_name":"Allantoic acid","refmet_name":"Allantoic acid"},"76":{"study_id":"ST000040","analysis_id":"AN000060","analysis_summary":"MS positive ion mode","metabolite_name":"Allantoin","refmet_name":"Allantoin"},"77":{"study_id":"ST000040","analysis_id":"AN000060","analysis_summary":"MS positive ion mode","metabolite_name":"Allocystathionine","refmet_name":"Allocystathionine"},"78":{"study_id":"ST000040","analysis_id":"AN000060","analysis_summary":"MS positive ion mode","metabolite_name":"Allysine","refmet_name":"Allysine"},"79":{"study_id":"ST000040","analysis_id":"AN000060","analysis_summary":"MS positive ion mode","metabolite_name":"Alpha-N-Phenylacetyl-L-glutamine","refmet_name":"alpha-N-Phenylacetylglutamine"},"80":{"study_id":"ST000040","analysis_id":"AN000060","analysis_summary":"MS positive ion mode","metabolite_name":"Aminoadipic acid","refmet_name":"Aminoadipic acid"},"81":{"study_id":"ST000040","analysis_id":"AN000060","analysis_summary":"MS positive ion mode","metabolite_name":"Arachidonic acid","refmet_name":"Arachidonic acid"},"82":{"study_id":"ST000040","analysis_id":"AN000060","analysis_summary":"MS positive ion mode","metabolite_name":"Ascorbic acid","refmet_name":"Vitamin C"},"83":{"study_id":"ST000040","analysis_id":"AN000060","analysis_summary":"MS positive ion mode","metabolite_name":"ascr1","refmet_name":""},"84":{"study_id":"ST000040","analysis_id":"AN000060","analysis_summary":"MS positive ion mode","metabolite_name":"ascr4","refmet_name":""},"85":{"study_id":"ST000040","analysis_id":"AN000060","analysis_summary":"MS positive ion mode","metabolite_name":"ascr6","refmet_name":""},"86":{"study_id":"ST000040","analysis_id":"AN000060","analysis_summary":"MS positive ion mode","metabolite_name":"Asparaginyl-Glutamate","refmet_name":"Asn-Glu"},"87":{"study_id":"ST000040","analysis_id":"AN000060","analysis_summary":"MS positive ion mode","metabolite_name":"Benzoic acid","refmet_name":"Benzoic acid"},"88":{"study_id":"ST000040","analysis_id":"AN000060","analysis_summary":"MS positive ion mode","metabolite_name":"beta-D-Glucopyranosyl anthranilate","refmet_name":""},"89":{"study_id":"ST000040","analysis_id":"AN000060","analysis_summary":"MS positive ion mode","metabolite_name":"Biotin","refmet_name":"Biotin"},"90":{"study_id":"ST000040","analysis_id":"AN000060","analysis_summary":"MS positive ion mode","metabolite_name":"Butyrylcarnitine","refmet_name":"CAR 4:0"},"91":{"study_id":"ST000040","analysis_id":"AN000060","analysis_summary":"MS positive ion mode","metabolite_name":"Cadaverine","refmet_name":"Cadaverine"},"92":{"study_id":"ST000040","analysis_id":"AN000060","analysis_summary":"MS positive ion mode","metabolite_name":"Carglumic acid","refmet_name":"Carglumic acid"},"93":{"study_id":"ST000040","analysis_id":"AN000060","analysis_summary":"MS positive ion mode","metabolite_name":"Cascarillin","refmet_name":"Cascarillin"},"94":{"study_id":"ST000040","analysis_id":"AN000060","analysis_summary":"MS positive ion mode","metabolite_name":"Cinitapride","refmet_name":"Cinitapride"},"95":{"study_id":"ST000040","analysis_id":"AN000060","analysis_summary":"MS positive ion mode","metabolite_name":"cis-4-Carboxymethylenebut-2-en-4-olide","refmet_name":"cis-4-Carboxymethylenebut-2-en-4-olide"},"96":{"study_id":"ST000040","analysis_id":"AN000060","analysis_summary":"MS positive ion mode","metabolite_name":"cis-Aconitic acid","refmet_name":"cis-Aconitic acid"},"97":{"study_id":"ST000040","analysis_id":"AN000060","analysis_summary":"MS positive ion mode","metabolite_name":"Citicoline","refmet_name":"Cytidine 5'-diphosphocholine"},"98":{"study_id":"ST000040","analysis_id":"AN000060","analysis_summary":"MS positive ion mode","metabolite_name":"Citramalic acid","refmet_name":"Citramalic acid"},"99":{"study_id":"ST000040","analysis_id":"AN000060","analysis_summary":"MS positive ion mode","metabolite_name":"Citric acid","refmet_name":"Citric acid"},"100":{"study_id":"ST000040","analysis_id":"AN000060","analysis_summary":"MS positive ion mode","metabolite_name":"Citrulline","refmet_name":"Citrulline"},"101":{"study_id":"ST000040","analysis_id":"AN000060","analysis_summary":"MS positive ion mode","metabolite_name":"Coumarin","refmet_name":"Coumarin"},"102":{"study_id":"ST000040","analysis_id":"AN000060","analysis_summary":"MS positive ion mode","metabolite_name":"Cyclic AMP","refmet_name":"3',5' cyclic AMP"},"103":{"study_id":"ST000040","analysis_id":"AN000060","analysis_summary":"MS positive ion mode","metabolite_name":"Cyclohexanone","refmet_name":"Cyclohexanone"},"104":{"study_id":"ST000040","analysis_id":"AN000060","analysis_summary":"MS positive ion mode","metabolite_name":"Cysteinylglycine","refmet_name":"Cys-Gly"},"105":{"study_id":"ST000040","analysis_id":"AN000060","analysis_summary":"MS positive ion mode","metabolite_name":"Cytidine","refmet_name":"Cytidine"},"106":{"study_id":"ST000040","analysis_id":"AN000060","analysis_summary":"MS positive ion mode","metabolite_name":"Cytidine 2',3'-cyclic phosphate","refmet_name":"2',3' cyclic CMP"},"107":{"study_id":"ST000040","analysis_id":"AN000060","analysis_summary":"MS positive ion mode","metabolite_name":"Cytidine monophosphate","refmet_name":"CMP"},"108":{"study_id":"ST000040","analysis_id":"AN000060","analysis_summary":"MS positive ion mode","metabolite_name":"Cytosine","refmet_name":"Cytosine"},"109":{"study_id":"ST000040","analysis_id":"AN000060","analysis_summary":"MS positive ion mode","metabolite_name":"D-Alanyl-D-alanine","refmet_name":"D-Alanyl-D-Alanine"},"110":{"study_id":"ST000040","analysis_id":"AN000060","analysis_summary":"MS positive ion mode","metabolite_name":"Deoxyadenosine","refmet_name":"Deoxyadenosine"},"111":{"study_id":"ST000040","analysis_id":"AN000060","analysis_summary":"MS positive ion mode","metabolite_name":"Deoxyribose 1-phosphate","refmet_name":"Deoxyribose 1-phosphate"},"112":{"study_id":"ST000040","analysis_id":"AN000060","analysis_summary":"MS positive ion mode","metabolite_name":"D-Erythrose 4-phosphate","refmet_name":"Erythrose 4-phosphate"},"113":{"study_id":"ST000040","analysis_id":"AN000060","analysis_summary":"MS positive ion mode","metabolite_name":"D-Glucose","refmet_name":"Glucose"},"114":{"study_id":"ST000040","analysis_id":"AN000060","analysis_summary":"MS positive ion mode","metabolite_name":"Diacetoxyscirpenol","refmet_name":"Diacetoxyscirpenol"},"115":{"study_id":"ST000040","analysis_id":"AN000060","analysis_summary":"MS positive ion mode","metabolite_name":"Diacetyl","refmet_name":"Diacetyl"},"116":{"study_id":"ST000040","analysis_id":"AN000060","analysis_summary":"MS positive ion mode","metabolite_name":"Diaminopimelic acid","refmet_name":"Diaminopimelic acid"},"117":{"study_id":"ST000040","analysis_id":"AN000060","analysis_summary":"MS positive ion mode","metabolite_name":"Diethylphosphate","refmet_name":"Diethylphosphate"},"118":{"study_id":"ST000040","analysis_id":"AN000060","analysis_summary":"MS positive ion mode","metabolite_name":"Dihydro-4-mercapto-3(2H)-furanone","refmet_name":""},"119":{"study_id":"ST000040","analysis_id":"AN000060","analysis_summary":"MS positive ion mode","metabolite_name":"Dihydrothymine","refmet_name":"Dihydrothymine"},"120":{"study_id":"ST000040","analysis_id":"AN000060","analysis_summary":"MS positive ion mode","metabolite_name":"Dihydrouracil","refmet_name":"Dihydrouracil"},"121":{"study_id":"ST000040","analysis_id":"AN000060","analysis_summary":"MS positive ion mode","metabolite_name":"Dimethylethanolamine","refmet_name":"Dimethylethanolamine"},"122":{"study_id":"ST000040","analysis_id":"AN000060","analysis_summary":"MS positive ion mode","metabolite_name":"Dimethyl fukiic acid","refmet_name":""},"123":{"study_id":"ST000040","analysis_id":"AN000060","analysis_summary":"MS positive ion mode","metabolite_name":"Dimethyl-L-arginine","refmet_name":"Dimethylarginine"},"124":{"study_id":"ST000040","analysis_id":"AN000060","analysis_summary":"MS positive ion mode","metabolite_name":"Dipropyl disulfide","refmet_name":"Dipropyl disulfide"},"125":{"study_id":"ST000040","analysis_id":"AN000060","analysis_summary":"MS positive ion mode","metabolite_name":"Dodecanoylcarnitine","refmet_name":"CAR 12:0"},"126":{"study_id":"ST000040","analysis_id":"AN000060","analysis_summary":"MS positive ion mode","metabolite_name":"Eicosapentaenoyl Ethanolamide","refmet_name":"Eicosapentenoyl-EA"},"127":{"study_id":"ST000040","analysis_id":"AN000060","analysis_summary":"MS positive ion mode","metabolite_name":"Ergothioneine","refmet_name":"Ergothioneine"},"128":{"study_id":"ST000040","analysis_id":"AN000060","analysis_summary":"MS positive ion mode","metabolite_name":"(-)-erythro-Anethole glycol 1-glucoside","refmet_name":""},"129":{"study_id":"ST000040","analysis_id":"AN000060","analysis_summary":"MS positive ion mode","metabolite_name":"Ethyl tiglate","refmet_name":"Ethyl tiglate"},"130":{"study_id":"ST000040","analysis_id":"AN000060","analysis_summary":"MS positive ion mode","metabolite_name":"Formiminoglutamic acid","refmet_name":"Formiminoglutamic acid"},"131":{"study_id":"ST000040","analysis_id":"AN000060","analysis_summary":"MS positive ion mode","metabolite_name":"Fructose 6-phosphate","refmet_name":"Fructose 6-phosphate"},"132":{"study_id":"ST000040","analysis_id":"AN000060","analysis_summary":"MS positive ion mode","metabolite_name":"Galactosylglycerol","refmet_name":"Galactosylglycerol"},"133":{"study_id":"ST000040","analysis_id":"AN000060","analysis_summary":"MS positive ion mode","metabolite_name":"Gamma-Aminobutyric acid","refmet_name":"gamma-Aminobutyric acid"},"134":{"study_id":"ST000040","analysis_id":"AN000060","analysis_summary":"MS positive ion mode","metabolite_name":"Gamma Glutamylglutamic acid","refmet_name":"gamma-Glutamylglutamic acid"},"135":{"study_id":"ST000040","analysis_id":"AN000060","analysis_summary":"MS positive ion mode","metabolite_name":"Genipin","refmet_name":"Genipin"},"136":{"study_id":"ST000040","analysis_id":"AN000060","analysis_summary":"MS positive ion mode","metabolite_name":"Gluconic acid","refmet_name":"Gluconic acid"},"137":{"study_id":"ST000040","analysis_id":"AN000060","analysis_summary":"MS positive ion mode","metabolite_name":"Glucosamine","refmet_name":"Glucosamine"},"138":{"study_id":"ST000040","analysis_id":"AN000060","analysis_summary":"MS positive ion mode","metabolite_name":"Glutaminyl-Phenylalanine","refmet_name":"Gln-Phe"},"139":{"study_id":"ST000040","analysis_id":"AN000060","analysis_summary":"MS positive ion mode","metabolite_name":"Glutaric acid","refmet_name":"Glutaric acid"},"140":{"study_id":"ST000040","analysis_id":"AN000060","analysis_summary":"MS positive ion mode","metabolite_name":"Glutathione","refmet_name":"Glutathione"},"141":{"study_id":"ST000040","analysis_id":"AN000060","analysis_summary":"MS positive ion mode","metabolite_name":"Glycerophosphocholine","refmet_name":"sn-Glycero-3-phosphocholine"},"142":{"study_id":"ST000040","analysis_id":"AN000060","analysis_summary":"MS positive ion mode","metabolite_name":"Glycerylphosphorylethanolamine","refmet_name":"sn-Glycero-3-phosphoethanolamine"},"143":{"study_id":"ST000040","analysis_id":"AN000060","analysis_summary":"MS positive ion mode","metabolite_name":"Glycyl-L-leucine","refmet_name":"Gly-Leu"},"144":{"study_id":"ST000040","analysis_id":"AN000060","analysis_summary":"MS positive ion mode","metabolite_name":"Glycylproline","refmet_name":"Gly-Pro"},"145":{"study_id":"ST000040","analysis_id":"AN000060","analysis_summary":"MS positive ion mode","metabolite_name":"Guanine","refmet_name":"Guanine"},"146":{"study_id":"ST000040","analysis_id":"AN000060","analysis_summary":"MS positive ion mode","metabolite_name":"Guanosine","refmet_name":"Guanosine"},"147":{"study_id":"ST000040","analysis_id":"AN000060","analysis_summary":"MS positive ion mode","metabolite_name":"Hawkinsin","refmet_name":"Hawkinsin"},"148":{"study_id":"ST000040","analysis_id":"AN000060","analysis_summary":"MS positive ion mode","metabolite_name":"Heptanoylcarnitine","refmet_name":"CAR 7:0"},"149":{"study_id":"ST000040","analysis_id":"AN000060","analysis_summary":"MS positive ion mode","metabolite_name":"Herculin","refmet_name":"Herculin"},"150":{"study_id":"ST000040","analysis_id":"AN000060","analysis_summary":"MS positive ion mode","metabolite_name":"Hexanoylcarnitine","refmet_name":"CAR 6:0"},"151":{"study_id":"ST000040","analysis_id":"AN000060","analysis_summary":"MS positive ion mode","metabolite_name":"Hexyl glucoside","refmet_name":"Hexyl glucoside"},"152":{"study_id":"ST000040","analysis_id":"AN000060","analysis_summary":"MS positive ion mode","metabolite_name":"Histamine","refmet_name":"Histamine"},"153":{"study_id":"ST000040","analysis_id":"AN000060","analysis_summary":"MS positive ion mode","metabolite_name":"Histidinyl-Tryptophan","refmet_name":"His-Trp"},"154":{"study_id":"ST000040","analysis_id":"AN000060","analysis_summary":"MS positive ion mode","metabolite_name":"Homo-L-arginine","refmet_name":"Homoarginine"},"155":{"study_id":"ST000040","analysis_id":"AN000060","analysis_summary":"MS positive ion mode","metabolite_name":"Hydroxybutyrylcarnitine","refmet_name":"CAR 5:0;OH"},"156":{"study_id":"ST000040","analysis_id":"AN000060","analysis_summary":"MS positive ion mode","metabolite_name":"Hydroxyprolyl-Valine","refmet_name":""},"157":{"study_id":"ST000040","analysis_id":"AN000060","analysis_summary":"MS positive ion mode","metabolite_name":"Hydroxyvalerylcarnitine","refmet_name":"CAR 5:0;OH"},"158":{"study_id":"ST000040","analysis_id":"AN000060","analysis_summary":"MS positive ion mode","metabolite_name":"Hypoxanthine","refmet_name":"Hypoxanthine"},"159":{"study_id":"ST000040","analysis_id":"AN000060","analysis_summary":"MS positive ion mode","metabolite_name":"icas16","refmet_name":""},"160":{"study_id":"ST000040","analysis_id":"AN000060","analysis_summary":"MS positive ion mode","metabolite_name":"Indole","refmet_name":"Indole"},"161":{"study_id":"ST000040","analysis_id":"AN000060","analysis_summary":"MS positive ion mode","metabolite_name":"Indoleacrylic acid","refmet_name":"Indoleacrylic acid"},"162":{"study_id":"ST000040","analysis_id":"AN000060","analysis_summary":"MS positive ion mode","metabolite_name":"Inosine","refmet_name":"Inosine"},"163":{"study_id":"ST000040","analysis_id":"AN000060","analysis_summary":"MS positive ion mode","metabolite_name":"Inositol cyclic phosphate","refmet_name":"Inositol cyclic phosphate"},"164":{"study_id":"ST000040","analysis_id":"AN000060","analysis_summary":"MS positive ion mode","metabolite_name":"Isoleucyl-Tyrosine","refmet_name":"Ile-Tyr"},"165":{"study_id":"ST000040","analysis_id":"AN000060","analysis_summary":"MS positive ion mode","metabolite_name":"Isoleucyl-Valine","refmet_name":"Ile-Val"},"166":{"study_id":"ST000040","analysis_id":"AN000060","analysis_summary":"MS positive ion mode","metabolite_name":"Itaconic acid","refmet_name":"Itaconic acid"},"167":{"study_id":"ST000040","analysis_id":"AN000060","analysis_summary":"MS positive ion mode","metabolite_name":"L-Acetopine","refmet_name":"L-Acetopine"},"168":{"study_id":"ST000040","analysis_id":"AN000060","analysis_summary":"MS positive ion mode","metabolite_name":"L-Acetylcarnitine","refmet_name":"CAR 2:0"},"169":{"study_id":"ST000040","analysis_id":"AN000060","analysis_summary":"MS positive ion mode","metabolite_name":"L-Arginine","refmet_name":"Arginine"},"170":{"study_id":"ST000040","analysis_id":"AN000060","analysis_summary":"MS positive ion mode","metabolite_name":"L-Asparagine","refmet_name":"Asparagine"},"171":{"study_id":"ST000040","analysis_id":"AN000060","analysis_summary":"MS positive ion mode","metabolite_name":"L-Aspartate-semialdehyde","refmet_name":"Aspartate-semialdehyde"},"172":{"study_id":"ST000040","analysis_id":"AN000060","analysis_summary":"MS positive ion mode","metabolite_name":"L-Aspartic acid","refmet_name":"Aspartic acid"},"173":{"study_id":"ST000040","analysis_id":"AN000060","analysis_summary":"MS positive ion mode","metabolite_name":"L-Carnitine","refmet_name":"Carnitine"},"174":{"study_id":"ST000040","analysis_id":"AN000060","analysis_summary":"MS positive ion mode","metabolite_name":"L-Coprine","refmet_name":"Coprine"},"175":{"study_id":"ST000040","analysis_id":"AN000060","analysis_summary":"MS positive ion mode","metabolite_name":"Levetiracetam","refmet_name":"Levetiracetam"},"176":{"study_id":"ST000040","analysis_id":"AN000060","analysis_summary":"MS positive ion mode","metabolite_name":"L-Glutamic acid","refmet_name":"Glutamic acid"},"177":{"study_id":"ST000040","analysis_id":"AN000060","analysis_summary":"MS positive ion mode","metabolite_name":"L-Glutamine","refmet_name":"Glutamine"},"178":{"study_id":"ST000040","analysis_id":"AN000060","analysis_summary":"MS positive ion mode","metabolite_name":"L-Histidine","refmet_name":"Histidine"},"179":{"study_id":"ST000040","analysis_id":"AN000060","analysis_summary":"MS positive ion mode","metabolite_name":"Linoleoyl ethanolamide","refmet_name":"Linoleoyl-EA"},"180":{"study_id":"ST000040","analysis_id":"AN000060","analysis_summary":"MS positive ion mode","metabolite_name":"L-Kynurenine","refmet_name":"Kynurenine"},"181":{"study_id":"ST000040","analysis_id":"AN000060","analysis_summary":"MS positive ion mode","metabolite_name":"L-Leucine","refmet_name":"Leucine"},"182":{"study_id":"ST000040","analysis_id":"AN000060","analysis_summary":"MS positive ion mode","metabolite_name":"L-L-Homoglutathione","refmet_name":""},"183":{"study_id":"ST000040","analysis_id":"AN000060","analysis_summary":"MS positive ion mode","metabolite_name":"L-Lysine","refmet_name":"Lysine"},"184":{"study_id":"ST000040","analysis_id":"AN000060","analysis_summary":"MS positive ion mode","metabolite_name":"L-Malic acid","refmet_name":"D-Malic acid"},"185":{"study_id":"ST000040","analysis_id":"AN000060","analysis_summary":"MS positive ion mode","metabolite_name":"L-Methionine","refmet_name":"Methionine"},"186":{"study_id":"ST000040","analysis_id":"AN000060","analysis_summary":"MS positive ion mode","metabolite_name":"Lotaustralin","refmet_name":"Lotaustralin"},"187":{"study_id":"ST000040","analysis_id":"AN000060","analysis_summary":"MS positive ion mode","metabolite_name":"L-Phenylalanine","refmet_name":"Phenylalanine"},"188":{"study_id":"ST000040","analysis_id":"AN000060","analysis_summary":"MS positive ion mode","metabolite_name":"L-Proline","refmet_name":"Proline"},"189":{"study_id":"ST000040","analysis_id":"AN000060","analysis_summary":"MS positive ion mode","metabolite_name":"L-Threonine","refmet_name":"Threonine"},"190":{"study_id":"ST000040","analysis_id":"AN000060","analysis_summary":"MS positive ion mode","metabolite_name":"L-Thyronine","refmet_name":"Thyronine"},"191":{"study_id":"ST000040","analysis_id":"AN000060","analysis_summary":"MS positive ion mode","metabolite_name":"L-Tryptophan","refmet_name":"Tryptophan"},"192":{"study_id":"ST000040","analysis_id":"AN000060","analysis_summary":"MS positive ion mode","metabolite_name":"L-Tyrosine","refmet_name":"Tyrosine"},"193":{"study_id":"ST000040","analysis_id":"AN000060","analysis_summary":"MS positive ion mode","metabolite_name":"L-Valine","refmet_name":"Valine"},"194":{"study_id":"ST000040","analysis_id":"AN000060","analysis_summary":"MS positive ion mode","metabolite_name":"LysoPC(14:0)","refmet_name":"LPC 14:0"},"195":{"study_id":"ST000040","analysis_id":"AN000060","analysis_summary":"MS positive ion mode","metabolite_name":"LysoPC(14:1(9Z))","refmet_name":"LPC 14:1(9Z)"},"196":{"study_id":"ST000040","analysis_id":"AN000060","analysis_summary":"MS positive ion mode","metabolite_name":"LysoPC(15:0)","refmet_name":"LPC 15:0"},"197":{"study_id":"ST000040","analysis_id":"AN000060","analysis_summary":"MS positive ion mode","metabolite_name":"LysoPC(17:0)","refmet_name":"LPC 17:0"},"198":{"study_id":"ST000040","analysis_id":"AN000060","analysis_summary":"MS positive ion mode","metabolite_name":"LysoPC(18:0)","refmet_name":"LPC 18:0"},"199":{"study_id":"ST000040","analysis_id":"AN000060","analysis_summary":"MS positive ion mode","metabolite_name":"LysoPC(18:1(9Z))","refmet_name":"LPC 18:1(9Z)*"},"200":{"study_id":"ST000040","analysis_id":"AN000060","analysis_summary":"MS positive ion mode","metabolite_name":"LysoPC(18:2(9Z,12Z))","refmet_name":"LPC 18:2(9Z,12Z)"},"201":{"study_id":"ST000040","analysis_id":"AN000060","analysis_summary":"MS positive ion mode","metabolite_name":"LysoPC(20:1(11Z))","refmet_name":"LPC 20:1(11Z)"},"202":{"study_id":"ST000040","analysis_id":"AN000060","analysis_summary":"MS positive ion mode","metabolite_name":"LysoPC(20:2(11Z,14Z))","refmet_name":"LPC 20:2"},"203":{"study_id":"ST000040","analysis_id":"AN000060","analysis_summary":"MS positive ion mode","metabolite_name":"LysoPC(20:3(5Z,8Z,11Z))","refmet_name":"LPC 20:3(5Z,8Z,11Z)"},"204":{"study_id":"ST000040","analysis_id":"AN000060","analysis_summary":"MS positive ion mode","metabolite_name":"LysoPC(20:4(5Z,8Z,11Z,14Z))","refmet_name":"LPC 20:4"},"205":{"study_id":"ST000040","analysis_id":"AN000060","analysis_summary":"MS positive ion mode","metabolite_name":"LysoPE(0:0\/14:0)","refmet_name":"LPE 0:0\/14:0*"},"206":{"study_id":"ST000040","analysis_id":"AN000060","analysis_summary":"MS positive ion mode","metabolite_name":"LysoPE(0:0\/14:1(9Z))","refmet_name":"LPE 14:0"},"207":{"study_id":"ST000040","analysis_id":"AN000060","analysis_summary":"MS positive ion mode","metabolite_name":"LysoPE(0:0\/16:0)","refmet_name":"LPE 0:0\/16:0"},"208":{"study_id":"ST000040","analysis_id":"AN000060","analysis_summary":"MS positive ion mode","metabolite_name":"LysoPE(0:0\/16:1(9Z))","refmet_name":"LPE 16:1"},"209":{"study_id":"ST000040","analysis_id":"AN000060","analysis_summary":"MS positive ion mode","metabolite_name":"LysoPE(0:0\/18:1(11Z))","refmet_name":"LPE 0:0\/18:1(11Z)*"},"210":{"study_id":"ST000040","analysis_id":"AN000060","analysis_summary":"MS positive ion mode","metabolite_name":"LysoPE(0:0\/18:2(9Z,12Z))","refmet_name":"LPE 18:2"},"211":{"study_id":"ST000040","analysis_id":"AN000060","analysis_summary":"MS positive ion mode","metabolite_name":"LysoPE(0:0\/20:1(11Z))","refmet_name":"LPE 20:1"},"212":{"study_id":"ST000040","analysis_id":"AN000060","analysis_summary":"MS positive ion mode","metabolite_name":"LysoPE(0:0\/20:5(5Z,8Z,11Z,14Z,17Z))","refmet_name":"LPE 20:5"},"213":{"study_id":"ST000040","analysis_id":"AN000060","analysis_summary":"MS positive ion mode","metabolite_name":"LysoPE(0:0\/22:1(13Z))","refmet_name":"LPE 22:1"},"214":{"study_id":"ST000040","analysis_id":"AN000060","analysis_summary":"MS positive ion mode","metabolite_name":"Maleic acid homopolymer","refmet_name":"Dimethyl maleate"},"215":{"study_id":"ST000040","analysis_id":"AN000060","analysis_summary":"MS positive ion mode","metabolite_name":"Methionine sulfoximine","refmet_name":"Methionine sulfoximine"},"216":{"study_id":"ST000040","analysis_id":"AN000060","analysis_summary":"MS positive ion mode","metabolite_name":"Methionyl-Serine","refmet_name":"Met-Ser"},"217":{"study_id":"ST000040","analysis_id":"AN000060","analysis_summary":"MS positive ion mode","metabolite_name":"Mevalonic acid-5P","refmet_name":"5-Phosphomevalonic acid"},"218":{"study_id":"ST000040","analysis_id":"AN000060","analysis_summary":"MS positive ion mode","metabolite_name":"N1-Acetylspermidine","refmet_name":"N1-Acetylspermidine"},"219":{"study_id":"ST000040","analysis_id":"AN000060","analysis_summary":"MS positive ion mode","metabolite_name":"N-(1-Deoxy-1-fructosyl)phenylalanine","refmet_name":""},"220":{"study_id":"ST000040","analysis_id":"AN000060","analysis_summary":"MS positive ion mode","metabolite_name":"N-(1-Deoxy-1-fructosyl)tryptophan","refmet_name":"N-(1-Deoxy-1-fructosyl)tryptophan"},"221":{"study_id":"ST000040","analysis_id":"AN000060","analysis_summary":"MS positive ion mode","metabolite_name":"N-(1-Deoxy-1-fructosyl)tyrosine","refmet_name":""},"222":{"study_id":"ST000040","analysis_id":"AN000060","analysis_summary":"MS positive ion mode","metabolite_name":"N2-Succinoylarginine","refmet_name":"N2-Succinoylarginine"},"223":{"study_id":"ST000040","analysis_id":"AN000060","analysis_summary":"MS positive ion mode","metabolite_name":"N2-Succinyl-L-ornithine","refmet_name":"N2-Succinylornithine"},"224":{"study_id":"ST000040","analysis_id":"AN000060","analysis_summary":"MS positive ion mode","metabolite_name":"N-(3-Methylbutyl)acetamide","refmet_name":"N-(3-Methylbutyl)acetamide"},"225":{"study_id":"ST000040","analysis_id":"AN000060","analysis_summary":"MS positive ion mode","metabolite_name":"N6-Carbamoyl-L-threonyladenosine","refmet_name":"N6-Carbamoyl-L-threonyladenosine"},"226":{"study_id":"ST000040","analysis_id":"AN000060","analysis_summary":"MS positive ion mode","metabolite_name":"N6,N6,N6-Trimethyl-L-lysine","refmet_name":"N-6-Trimethyllysine"},"227":{"study_id":"ST000040","analysis_id":"AN000060","analysis_summary":"MS positive ion mode","metabolite_name":"N-a-Acetyl-L-arginine","refmet_name":"N-Acetylarginine"},"228":{"study_id":"ST000040","analysis_id":"AN000060","analysis_summary":"MS positive ion mode","metabolite_name":"N-Acetylcystathionine","refmet_name":"N-Acetylcystathionine"},"229":{"study_id":"ST000040","analysis_id":"AN000060","analysis_summary":"MS positive ion mode","metabolite_name":"N-Acetyl-D-glucosamine","refmet_name":"N-Acetyl-D-glucosamine"},"230":{"study_id":"ST000040","analysis_id":"AN000060","analysis_summary":"MS positive ion mode","metabolite_name":"N-Acetylglutamic acid","refmet_name":"N-Acetylglutamic acid"},"231":{"study_id":"ST000040","analysis_id":"AN000060","analysis_summary":"MS positive ion mode","metabolite_name":"N-Acetylglutamine","refmet_name":"N-Acetylglutamine"},"232":{"study_id":"ST000040","analysis_id":"AN000060","analysis_summary":"MS positive ion mode","metabolite_name":"N-Acetylhistidine","refmet_name":"N-Acetylhistidine"},"233":{"study_id":"ST000040","analysis_id":"AN000060","analysis_summary":"MS positive ion mode","metabolite_name":"N-Acetyl-L-aspartic acid","refmet_name":"N-Acetylaspartic acid"},"234":{"study_id":"ST000040","analysis_id":"AN000060","analysis_summary":"MS positive ion mode","metabolite_name":"N-Acetyl-L-methionine","refmet_name":"N-Acetylmethionine"},"235":{"study_id":"ST000040","analysis_id":"AN000060","analysis_summary":"MS positive ion mode","metabolite_name":"N-Acetylornithine","refmet_name":"N-Acetylornithine"},"236":{"study_id":"ST000040","analysis_id":"AN000060","analysis_summary":"MS positive ion mode","metabolite_name":"N-Acetylserotonin","refmet_name":"N-Acetylserotonin"},"237":{"study_id":"ST000040","analysis_id":"AN000060","analysis_summary":"MS positive ion mode","metabolite_name":"N-Carbamoylputrescine","refmet_name":"N-Carbamoylputrescine"},"238":{"study_id":"ST000040","analysis_id":"AN000060","analysis_summary":"MS positive ion mode","metabolite_name":"Neurine","refmet_name":"Neurine"},"239":{"study_id":"ST000040","analysis_id":"AN000060","analysis_summary":"MS positive ion mode","metabolite_name":"N'-Formylkynurenine","refmet_name":"N-Formyl-L-kynurenine"},"240":{"study_id":"ST000040","analysis_id":"AN000060","analysis_summary":"MS positive ion mode","metabolite_name":"N-gamma-L-Glutamyl-L-methionine","refmet_name":"N-gamma-Glutamylmethionine"},"241":{"study_id":"ST000040","analysis_id":"AN000060","analysis_summary":"MS positive ion mode","metabolite_name":"Niacinamide","refmet_name":"Niacinamide"},"242":{"study_id":"ST000040","analysis_id":"AN000060","analysis_summary":"MS positive ion mode","metabolite_name":"Niazimin A","refmet_name":""},"243":{"study_id":"ST000040","analysis_id":"AN000060","analysis_summary":"MS positive ion mode","metabolite_name":"Nicotinamide ribotide","refmet_name":"Nicotinamide ribotide"},"244":{"study_id":"ST000040","analysis_id":"AN000060","analysis_summary":"MS positive ion mode","metabolite_name":"Nicotinic acid","refmet_name":"Nicotinic acid"},"245":{"study_id":"ST000040","analysis_id":"AN000060","analysis_summary":"MS positive ion mode","metabolite_name":"N-Isobutyl-2,4,8,10,12-tetradecapentaenamide","refmet_name":"N-Isobutyl-2,4,8,10,12-tetradecapentaenamide"},"246":{"study_id":"ST000040","analysis_id":"AN000060","analysis_summary":"MS positive ion mode","metabolite_name":"N-Methylcalystegine C1","refmet_name":""},"247":{"study_id":"ST000040","analysis_id":"AN000060","analysis_summary":"MS positive ion mode","metabolite_name":"Norfuraneol","refmet_name":"Norfuraneol"},"248":{"study_id":"ST000040","analysis_id":"AN000060","analysis_summary":"MS positive ion mode","metabolite_name":"Ophthalmic acid","refmet_name":"Ophthalmic acid"},"249":{"study_id":"ST000040","analysis_id":"AN000060","analysis_summary":"MS positive ion mode","metabolite_name":"Ornithine","refmet_name":"Ornithine"},"250":{"study_id":"ST000040","analysis_id":"AN000060","analysis_summary":"MS positive ion mode","metabolite_name":"Oxitriptan","refmet_name":"5-Hydroxy-tryptophan"},"251":{"study_id":"ST000040","analysis_id":"AN000060","analysis_summary":"MS positive ion mode","metabolite_name":"Oxoglutaric acid","refmet_name":"Oxoglutaric acid"},"252":{"study_id":"ST000040","analysis_id":"AN000060","analysis_summary":"MS positive ion mode","metabolite_name":"Palmitoleoyl Ethanolamide","refmet_name":"Palmitoleoyl-EA"},"253":{"study_id":"ST000040","analysis_id":"AN000060","analysis_summary":"MS positive ion mode","metabolite_name":"Pantetheine","refmet_name":"Pantetheine"},"254":{"study_id":"ST000040","analysis_id":"AN000060","analysis_summary":"MS positive ion mode","metabolite_name":"Pantothenic acid","refmet_name":"Pantothenic acid"},"255":{"study_id":"ST000040","analysis_id":"AN000060","analysis_summary":"MS positive ion mode","metabolite_name":"p-Cresol glucuronide","refmet_name":"P-Cresol glucuronide"},"256":{"study_id":"ST000040","analysis_id":"AN000060","analysis_summary":"MS positive ion mode","metabolite_name":"Pectic acid","refmet_name":""},"257":{"study_id":"ST000040","analysis_id":"AN000060","analysis_summary":"MS positive ion mode","metabolite_name":"Penbutolol","refmet_name":"Penbutolol"},"258":{"study_id":"ST000040","analysis_id":"AN000060","analysis_summary":"MS positive ion mode","metabolite_name":"Pentobarbital","refmet_name":"Pentobarbital"},"259":{"study_id":"ST000040","analysis_id":"AN000060","analysis_summary":"MS positive ion mode","metabolite_name":"Phaseolic acid","refmet_name":"Phaseolic acid"},"260":{"study_id":"ST000040","analysis_id":"AN000060","analysis_summary":"MS positive ion mode","metabolite_name":"Phenylpyruvic acid","refmet_name":"Phenylpyruvic acid"},"261":{"study_id":"ST000040","analysis_id":"AN000060","analysis_summary":"MS positive ion mode","metabolite_name":"Phlorin","refmet_name":"Phlorin"},"262":{"study_id":"ST000040","analysis_id":"AN000060","analysis_summary":"MS positive ion mode","metabolite_name":"Phosphodimethylethanolamine","refmet_name":"N,N-Dimethylethanolamine phosphate"},"263":{"study_id":"ST000040","analysis_id":"AN000060","analysis_summary":"MS positive ion mode","metabolite_name":"Pipecolic acid","refmet_name":"Pipecolic acid"},"264":{"study_id":"ST000040","analysis_id":"AN000060","analysis_summary":"MS positive ion mode","metabolite_name":"Piperidine","refmet_name":"Piperidine"},"265":{"study_id":"ST000040","analysis_id":"AN000060","analysis_summary":"MS positive ion mode","metabolite_name":"Pirbuterol","refmet_name":"Pirbuterol"},"266":{"study_id":"ST000040","analysis_id":"AN000060","analysis_summary":"MS positive ion mode","metabolite_name":"Porphobilinogen","refmet_name":"Porphobilinogen"},"267":{"study_id":"ST000040","analysis_id":"AN000060","analysis_summary":"MS positive ion mode","metabolite_name":"Pramipexole","refmet_name":"Pramipexole"},"268":{"study_id":"ST000040","analysis_id":"AN000060","analysis_summary":"MS positive ion mode","metabolite_name":"Proline betaine","refmet_name":"Proline betaine"},"269":{"study_id":"ST000040","analysis_id":"AN000060","analysis_summary":"MS positive ion mode","metabolite_name":"Prolylhydroxyproline","refmet_name":"Pro-hydroxyPro"},"270":{"study_id":"ST000040","analysis_id":"AN000060","analysis_summary":"MS positive ion mode","metabolite_name":"Propionylcarnitine","refmet_name":"CAR 3:0"},"271":{"study_id":"ST000040","analysis_id":"AN000060","analysis_summary":"MS positive ion mode","metabolite_name":"Pterin","refmet_name":"Pterin"},"272":{"study_id":"ST000040","analysis_id":"AN000060","analysis_summary":"MS positive ion mode","metabolite_name":"Pteroside B","refmet_name":"Pteroside B"},"273":{"study_id":"ST000040","analysis_id":"AN000060","analysis_summary":"MS positive ion mode","metabolite_name":"Putrescine","refmet_name":"Putrescine"},"274":{"study_id":"ST000040","analysis_id":"AN000060","analysis_summary":"MS positive ion mode","metabolite_name":"Pyridine N-oxide glucuronide","refmet_name":""},"275":{"study_id":"ST000040","analysis_id":"AN000060","analysis_summary":"MS positive ion mode","metabolite_name":"Pyridoxal","refmet_name":"Pyridoxal"},"276":{"study_id":"ST000040","analysis_id":"AN000060","analysis_summary":"MS positive ion mode","metabolite_name":"Pyridoxal 5'-phosphate","refmet_name":"Pyridoxal 5'-phosphate"},"277":{"study_id":"ST000040","analysis_id":"AN000060","analysis_summary":"MS positive ion mode","metabolite_name":"Pyroglutamic acid","refmet_name":"Pyroglutamic acid"},"278":{"study_id":"ST000040","analysis_id":"AN000060","analysis_summary":"MS positive ion mode","metabolite_name":"(S)-2,3,4,5-tetrahydropyridine-2-carboxylate","refmet_name":"(S)-1-Piperideine-6-carboxylic acid"},"279":{"study_id":"ST000040","analysis_id":"AN000060","analysis_summary":"MS positive ion mode","metabolite_name":"(S)-4-Hydroxymandelonitrile","refmet_name":"4-Hydroxymandelonitrile"},"280":{"study_id":"ST000040","analysis_id":"AN000060","analysis_summary":"MS positive ion mode","metabolite_name":"(x)-1,2-Propanediol 1-O-b-D-glucopyranoside","refmet_name":""},"281":{"study_id":"ST000040","analysis_id":"AN000061","analysis_summary":"MS negative ion mode","metabolite_name":"11-Hydroxy-9-tridecenoic acid","refmet_name":"11-Hydroxy-9-tridecenoic acid"},"282":{"study_id":"ST000040","analysis_id":"AN000061","analysis_summary":"MS negative ion mode","metabolite_name":"1,2,3-Trihydroxybenzene","refmet_name":"1,2,3-Trihydroxybenzene"},"283":{"study_id":"ST000040","analysis_id":"AN000061","analysis_summary":"MS negative ion mode","metabolite_name":"1H-Indole-3-carboxaldehyde","refmet_name":"1H-Indole-3-carboxaldehyde"},"284":{"study_id":"ST000040","analysis_id":"AN000061","analysis_summary":"MS negative ion mode","metabolite_name":"1-Methylguanosine","refmet_name":"1-Methylguanosine"},"285":{"study_id":"ST000040","analysis_id":"AN000061","analysis_summary":"MS negative ion mode","metabolite_name":"1-Methylinosine","refmet_name":"1-Methylinosine"},"286":{"study_id":"ST000040","analysis_id":"AN000061","analysis_summary":"MS negative ion mode","metabolite_name":"1-Pyrroline-2-carboxylic acid","refmet_name":"1-Pyrroline-2-carboxylic acid"},"287":{"study_id":"ST000040","analysis_id":"AN000061","analysis_summary":"MS negative ion mode","metabolite_name":"1-(sn-Glycero-3-phospho)-1D-myo-inositol","refmet_name":"sn-Glycero-3-phosphoinositol"},"288":{"study_id":"ST000040","analysis_id":"AN000061","analysis_summary":"MS negative ion mode","metabolite_name":"2-Aminobenzoic acid","refmet_name":"2-Aminobenzoic acid"},"289":{"study_id":"ST000040","analysis_id":"AN000061","analysis_summary":"MS negative ion mode","metabolite_name":"2-Aminomuconic acid","refmet_name":"2-Aminomuconic acid"},"290":{"study_id":"ST000040","analysis_id":"AN000061","analysis_summary":"MS negative ion mode","metabolite_name":"2-Furoic acid","refmet_name":"2-Furoic acid"},"291":{"study_id":"ST000040","analysis_id":"AN000061","analysis_summary":"MS negative ion mode","metabolite_name":"(\u00b1)-2-Hydroxy-4-(methylthio)butanoic acid","refmet_name":"2-Hydroxy-4-(methylthio)butanoic acid"},"292":{"study_id":"ST000040","analysis_id":"AN000061","analysis_summary":"MS negative ion mode","metabolite_name":"2-Hydroxyadipic acid","refmet_name":"2-Hydroxyadipic acid"},"293":{"study_id":"ST000040","analysis_id":"AN000061","analysis_summary":"MS negative ion mode","metabolite_name":"2-Isopropylmalic acid","refmet_name":"2-Isopropylmalic acid"},"294":{"study_id":"ST000040","analysis_id":"AN000061","analysis_summary":"MS negative ion mode","metabolite_name":"2-Ketobutyric acid","refmet_name":"3-Methyl pyruvic acid"},"295":{"study_id":"ST000040","analysis_id":"AN000061","analysis_summary":"MS negative ion mode","metabolite_name":"2-Keto-glutaramic acid","refmet_name":"2-Keto-glutaramic acid"},"296":{"study_id":"ST000040","analysis_id":"AN000061","analysis_summary":"MS negative ion mode","metabolite_name":"2-(Methylthio)pyrazine","refmet_name":"2-(Methylthio)pyrazine"},"297":{"study_id":"ST000040","analysis_id":"AN000061","analysis_summary":"MS negative ion mode","metabolite_name":"3-(2-Hydroxyphenyl)propanoic acid","refmet_name":"3-(2-Hydroxyphenyl)propanoic acid"},"298":{"study_id":"ST000040","analysis_id":"AN000061","analysis_summary":"MS negative ion mode","metabolite_name":"3-Dehydrocarnitine","refmet_name":"3-Dehydrocarnitine"},"299":{"study_id":"ST000040","analysis_id":"AN000061","analysis_summary":"MS negative ion mode","metabolite_name":"3-Deoxy-D-glycero-D-galacto-2-nonulosonic acid","refmet_name":"3-Deoxy-D-glycero-D-galacto-2-nonulosonic acid"},"300":{"study_id":"ST000040","analysis_id":"AN000061","analysis_summary":"MS negative ion mode","metabolite_name":"3-Hydroxy-2-methyl-[R-(R,S)]-butanoic acid","refmet_name":""},"301":{"study_id":"ST000040","analysis_id":"AN000061","analysis_summary":"MS negative ion mode","metabolite_name":"3-Hydroxyanthranilic acid","refmet_name":"3-Hydroxyanthranilic acid"},"302":{"study_id":"ST000040","analysis_id":"AN000061","analysis_summary":"MS negative ion mode","metabolite_name":"3-Hydroxyisoheptanoic acid","refmet_name":"3-Hydroxyisoheptanoic acid"},"303":{"study_id":"ST000040","analysis_id":"AN000061","analysis_summary":"MS negative ion mode","metabolite_name":"3-Methyladenine","refmet_name":"3-Methyladenine"},"304":{"study_id":"ST000040","analysis_id":"AN000061","analysis_summary":"MS negative ion mode","metabolite_name":"3-Methylguanine","refmet_name":"3-Methylguanine"},"305":{"study_id":"ST000040","analysis_id":"AN000061","analysis_summary":"MS negative ion mode","metabolite_name":"4-Hydroxy-2-oxoglutaric acid","refmet_name":"4-Hydroxy-2-oxoglutaric acid"},"306":{"study_id":"ST000040","analysis_id":"AN000061","analysis_summary":"MS negative ion mode","metabolite_name":"4-Hydroxybenzoic acid","refmet_name":"4-Hydroxybenzoic acid"},"307":{"study_id":"ST000040","analysis_id":"AN000061","analysis_summary":"MS negative ion mode","metabolite_name":"4-Hydroxybutyric acid","refmet_name":"4-Hydroxybutyric acid"},"308":{"study_id":"ST000040","analysis_id":"AN000061","analysis_summary":"MS negative ion mode","metabolite_name":"4-Hydroxyphenylacetylglutamine","refmet_name":"4-Hydroxyphenylacetylglutamine"},"309":{"study_id":"ST000040","analysis_id":"AN000061","analysis_summary":"MS negative ion mode","metabolite_name":"4-Pyridoxic acid","refmet_name":"4-Pyridoxic acid"},"310":{"study_id":"ST000040","analysis_id":"AN000061","analysis_summary":"MS negative ion mode","metabolite_name":"5-Aminolevulinic acid","refmet_name":"5-Amino-levulinic acid"},"311":{"study_id":"ST000040","analysis_id":"AN000061","analysis_summary":"MS negative ion mode","metabolite_name":"5-Hexyltetrahydro-2-oxo-3-furancarboxylic acid","refmet_name":"5-Hexyltetrahydro-2-oxo-3-furancarboxylic acid"},"312":{"study_id":"ST000040","analysis_id":"AN000061","analysis_summary":"MS negative ion mode","metabolite_name":"5-Hydroxyisourate","refmet_name":"5-Hydroxyisouric acid"},"313":{"study_id":"ST000040","analysis_id":"AN000061","analysis_summary":"MS negative ion mode","metabolite_name":"5-L-Glutamyl-L-alanine","refmet_name":"gamma-Glutamylalanine"},"314":{"study_id":"ST000040","analysis_id":"AN000061","analysis_summary":"MS negative ion mode","metabolite_name":"5'-Methylthioadenosine","refmet_name":"5'-Methylthioadenosine"},"315":{"study_id":"ST000040","analysis_id":"AN000061","analysis_summary":"MS negative ion mode","metabolite_name":"5-Thymidylic acid","refmet_name":"dTMP"},"316":{"study_id":"ST000040","analysis_id":"AN000061","analysis_summary":"MS negative ion mode","metabolite_name":"7-Aminomethyl-7-carbaguanine","refmet_name":"7-Aminomethyl-7-carbaguanine"},"317":{"study_id":"ST000040","analysis_id":"AN000061","analysis_summary":"MS negative ion mode","metabolite_name":"7-Methylxanthine","refmet_name":"7-Methylxanthine"},"318":{"study_id":"ST000040","analysis_id":"AN000061","analysis_summary":"MS negative ion mode","metabolite_name":"8-Hydroxy-7-methylguanine","refmet_name":"8-Hydroxy-7-methylguanine"},"319":{"study_id":"ST000040","analysis_id":"AN000061","analysis_summary":"MS negative ion mode","metabolite_name":"8-Hydroxyguanine","refmet_name":"8-Hydroxyguanine"},"320":{"study_id":"ST000040","analysis_id":"AN000061","analysis_summary":"MS negative ion mode","metabolite_name":"Acaciabiuronic acid","refmet_name":""},"321":{"study_id":"ST000040","analysis_id":"AN000061","analysis_summary":"MS negative ion mode","metabolite_name":"Adenine","refmet_name":"Adenine"},"322":{"study_id":"ST000040","analysis_id":"AN000061","analysis_summary":"MS negative ion mode","metabolite_name":"Adenosine","refmet_name":"Adenosine"},"323":{"study_id":"ST000040","analysis_id":"AN000061","analysis_summary":"MS negative ion mode","metabolite_name":"Adenosine monophosphate","refmet_name":"AMP"},"324":{"study_id":"ST000040","analysis_id":"AN000061","analysis_summary":"MS negative ion mode","metabolite_name":"Alanyl-Isoleucine","refmet_name":"Ala-Ile"},"325":{"study_id":"ST000040","analysis_id":"AN000061","analysis_summary":"MS negative ion mode","metabolite_name":"Allantoic acid","refmet_name":"Allantoic acid"},"326":{"study_id":"ST000040","analysis_id":"AN000061","analysis_summary":"MS negative ion mode","metabolite_name":"Allantoin","refmet_name":"Allantoin"},"327":{"study_id":"ST000040","analysis_id":"AN000061","analysis_summary":"MS negative ion mode","metabolite_name":"Allocystathionine","refmet_name":"Allocystathionine"},"328":{"study_id":"ST000040","analysis_id":"AN000061","analysis_summary":"MS negative ion mode","metabolite_name":"Allysine","refmet_name":"Allysine"},"329":{"study_id":"ST000040","analysis_id":"AN000061","analysis_summary":"MS negative ion mode","metabolite_name":"Alpha-ketoisovaleric acid","refmet_name":"Ketoisovaleric acid"},"330":{"study_id":"ST000040","analysis_id":"AN000061","analysis_summary":"MS negative ion mode","metabolite_name":"Alpha-N-Phenylacetyl-L-glutamine","refmet_name":"alpha-N-Phenylacetylglutamine"},"331":{"study_id":"ST000040","analysis_id":"AN000061","analysis_summary":"MS negative ion mode","metabolite_name":"Aminoadipic acid","refmet_name":"Aminoadipic acid"},"332":{"study_id":"ST000040","analysis_id":"AN000061","analysis_summary":"MS negative ion mode","metabolite_name":"Arabinonic acid","refmet_name":"Arabinonic acid"},"333":{"study_id":"ST000040","analysis_id":"AN000061","analysis_summary":"MS negative ion mode","metabolite_name":"Arachidonic acid","refmet_name":"Arachidonic acid"},"334":{"study_id":"ST000040","analysis_id":"AN000061","analysis_summary":"MS negative ion mode","metabolite_name":"ascr1","refmet_name":""},"335":{"study_id":"ST000040","analysis_id":"AN000061","analysis_summary":"MS negative ion mode","metabolite_name":"ascr10","refmet_name":""},"336":{"study_id":"ST000040","analysis_id":"AN000061","analysis_summary":"MS negative ion mode","metabolite_name":"ascr11","refmet_name":""},"337":{"study_id":"ST000040","analysis_id":"AN000061","analysis_summary":"MS negative ion mode","metabolite_name":"ascr18","refmet_name":""},"338":{"study_id":"ST000040","analysis_id":"AN000061","analysis_summary":"MS negative ion mode","metabolite_name":"ascr5","refmet_name":""},"339":{"study_id":"ST000040","analysis_id":"AN000061","analysis_summary":"MS negative ion mode","metabolite_name":"ascr7","refmet_name":""},"340":{"study_id":"ST000040","analysis_id":"AN000061","analysis_summary":"MS negative ion mode","metabolite_name":"beta-D-3-Ribofuranosyluric acid","refmet_name":"3-(beta-D-Ribofuranosyl)uric acid"},"341":{"study_id":"ST000040","analysis_id":"AN000061","analysis_summary":"MS negative ion mode","metabolite_name":"beta-D-Glucopyranosyl anthranilate","refmet_name":""},"342":{"study_id":"ST000040","analysis_id":"AN000061","analysis_summary":"MS negative ion mode","metabolite_name":"Biotin","refmet_name":"Biotin"},"343":{"study_id":"ST000040","analysis_id":"AN000061","analysis_summary":"MS negative ion mode","metabolite_name":"Butyric acid","refmet_name":"Butyric acid"},"344":{"study_id":"ST000040","analysis_id":"AN000061","analysis_summary":"MS negative ion mode","metabolite_name":"CDP-Ethanolamine","refmet_name":"CDP-Ethanolamine"},"345":{"study_id":"ST000040","analysis_id":"AN000061","analysis_summary":"MS negative ion mode","metabolite_name":"cis-Aconitic acid","refmet_name":"cis-Aconitic acid"},"346":{"study_id":"ST000040","analysis_id":"AN000061","analysis_summary":"MS negative ion mode","metabolite_name":"Citramalic acid","refmet_name":"Citramalic acid"},"347":{"study_id":"ST000040","analysis_id":"AN000061","analysis_summary":"MS negative ion mode","metabolite_name":"Citric acid","refmet_name":"Citric acid"},"348":{"study_id":"ST000040","analysis_id":"AN000061","analysis_summary":"MS negative ion mode","metabolite_name":"Cyclic AMP","refmet_name":"3',5' cyclic AMP"},"349":{"study_id":"ST000040","analysis_id":"AN000061","analysis_summary":"MS negative ion mode","metabolite_name":"Cyclic GMP","refmet_name":"3',5' cyclic GMP"},"350":{"study_id":"ST000040","analysis_id":"AN000061","analysis_summary":"MS negative ion mode","metabolite_name":"Cytidine","refmet_name":"Cytidine"},"351":{"study_id":"ST000040","analysis_id":"AN000061","analysis_summary":"MS negative ion mode","metabolite_name":"Cytidine 2',3'-cyclic phosphate","refmet_name":"2',3' cyclic CMP"},"352":{"study_id":"ST000040","analysis_id":"AN000061","analysis_summary":"MS negative ion mode","metabolite_name":"Cytidine monophosphate","refmet_name":"CMP"},"353":{"study_id":"ST000040","analysis_id":"AN000061","analysis_summary":"MS negative ion mode","metabolite_name":"dCMP","refmet_name":"dCMP"},"354":{"study_id":"ST000040","analysis_id":"AN000061","analysis_summary":"MS negative ion mode","metabolite_name":"Decarbamoylgonyautoxin III","refmet_name":"Decarbamoylgonyautoxin III"},"355":{"study_id":"ST000040","analysis_id":"AN000061","analysis_summary":"MS negative ion mode","metabolite_name":"Deoxyadenosine monophosphate","refmet_name":"dAMP"},"356":{"study_id":"ST000040","analysis_id":"AN000061","analysis_summary":"MS negative ion mode","metabolite_name":"Deoxyribose","refmet_name":"Deoxyribose"},"357":{"study_id":"ST000040","analysis_id":"AN000061","analysis_summary":"MS negative ion mode","metabolite_name":"D-Erythrose 4-phosphate","refmet_name":"Erythrose 4-phosphate"},"358":{"study_id":"ST000040","analysis_id":"AN000061","analysis_summary":"MS negative ion mode","metabolite_name":"D-Glucose","refmet_name":"Glucose"},"359":{"study_id":"ST000040","analysis_id":"AN000061","analysis_summary":"MS negative ion mode","metabolite_name":"Diacetyl","refmet_name":"Diacetyl"},"360":{"study_id":"ST000040","analysis_id":"AN000061","analysis_summary":"MS negative ion mode","metabolite_name":"Diaminopimelic acid","refmet_name":"Diaminopimelic acid"},"361":{"study_id":"ST000040","analysis_id":"AN000061","analysis_summary":"MS negative ion mode","metabolite_name":"Dihydrothymine","refmet_name":"Dihydrothymine"},"362":{"study_id":"ST000040","analysis_id":"AN000061","analysis_summary":"MS negative ion mode","metabolite_name":"Dimethyl fukiic acid","refmet_name":""},"363":{"study_id":"ST000040","analysis_id":"AN000061","analysis_summary":"MS negative ion mode","metabolite_name":"Dipropyl disulfide","refmet_name":"Dipropyl disulfide"},"364":{"study_id":"ST000040","analysis_id":"AN000061","analysis_summary":"MS negative ion mode","metabolite_name":"D-Leucic acid","refmet_name":"D-Leucic acid"},"365":{"study_id":"ST000040","analysis_id":"AN000061","analysis_summary":"MS negative ion mode","metabolite_name":"D-Ribulose 5-phosphate","refmet_name":"Ribulose 5-phosphate"},"366":{"study_id":"ST000040","analysis_id":"AN000061","analysis_summary":"MS negative ion mode","metabolite_name":"Erythrose","refmet_name":"Erythrose"},"367":{"study_id":"ST000040","analysis_id":"AN000061","analysis_summary":"MS negative ion mode","metabolite_name":"Fagomine","refmet_name":"Fagomine"},"368":{"study_id":"ST000040","analysis_id":"AN000061","analysis_summary":"MS negative ion mode","metabolite_name":"Flavin Mononucleotide","refmet_name":"FMN"},"369":{"study_id":"ST000040","analysis_id":"AN000061","analysis_summary":"MS negative ion mode","metabolite_name":"Formiminoglutamic acid","refmet_name":"Formiminoglutamic acid"},"370":{"study_id":"ST000040","analysis_id":"AN000061","analysis_summary":"MS negative ion mode","metabolite_name":"Fructose 6-phosphate","refmet_name":"Fructose 6-phosphate"},"371":{"study_id":"ST000040","analysis_id":"AN000061","analysis_summary":"MS negative ion mode","metabolite_name":"Fucose 1-phosphate","refmet_name":"Fucose 1-phosphate"},"372":{"study_id":"ST000040","analysis_id":"AN000061","analysis_summary":"MS negative ion mode","metabolite_name":"Fumaric acid","refmet_name":"Fumaric acid"},"373":{"study_id":"ST000040","analysis_id":"AN000061","analysis_summary":"MS negative ion mode","metabolite_name":"Galactosylglycerol","refmet_name":"Galactosylglycerol"},"374":{"study_id":"ST000040","analysis_id":"AN000061","analysis_summary":"MS negative ion mode","metabolite_name":"Gamma-Aminobutyric acid","refmet_name":"gamma-Aminobutyric acid"},"375":{"study_id":"ST000040","analysis_id":"AN000061","analysis_summary":"MS negative ion mode","metabolite_name":"Gamma Glutamylglutamic acid","refmet_name":"gamma-Glutamylglutamic acid"},"376":{"study_id":"ST000040","analysis_id":"AN000061","analysis_summary":"MS negative ion mode","metabolite_name":"Garcinia acid","refmet_name":"Garcinia acid"},"377":{"study_id":"ST000040","analysis_id":"AN000061","analysis_summary":"MS negative ion mode","metabolite_name":"Gluconic acid","refmet_name":"Gluconic acid"},"378":{"study_id":"ST000040","analysis_id":"AN000061","analysis_summary":"MS negative ion mode","metabolite_name":"Glucosamine 6-phosphate","refmet_name":"Glucosamine 6-phosphate"},"379":{"study_id":"ST000040","analysis_id":"AN000061","analysis_summary":"MS negative ion mode","metabolite_name":"Glutaric acid","refmet_name":"Glutaric acid"},"380":{"study_id":"ST000040","analysis_id":"AN000061","analysis_summary":"MS negative ion mode","metabolite_name":"Glutathione","refmet_name":"Glutathione"},"381":{"study_id":"ST000040","analysis_id":"AN000061","analysis_summary":"MS negative ion mode","metabolite_name":"Glycerol tributanoate","refmet_name":"TG 4:0\/4:0\/4:0"},"382":{"study_id":"ST000040","analysis_id":"AN000061","analysis_summary":"MS negative ion mode","metabolite_name":"Glycerylphosphorylethanolamine","refmet_name":"sn-Glycero-3-phosphoethanolamine"},"383":{"study_id":"ST000040","analysis_id":"AN000061","analysis_summary":"MS negative ion mode","metabolite_name":"Glycyl-L-leucine","refmet_name":"Gly-Leu"},"384":{"study_id":"ST000040","analysis_id":"AN000061","analysis_summary":"MS negative ion mode","metabolite_name":"Glycylproline","refmet_name":"Gly-Pro"},"385":{"study_id":"ST000040","analysis_id":"AN000061","analysis_summary":"MS negative ion mode","metabolite_name":"Guanine","refmet_name":"Guanine"},"386":{"study_id":"ST000040","analysis_id":"AN000061","analysis_summary":"MS negative ion mode","metabolite_name":"Guanosine","refmet_name":"Guanosine"},"387":{"study_id":"ST000040","analysis_id":"AN000061","analysis_summary":"MS negative ion mode","metabolite_name":"Guanosine monophosphate","refmet_name":"GMP"},"388":{"study_id":"ST000040","analysis_id":"AN000061","analysis_summary":"MS negative ion mode","metabolite_name":"Histamine","refmet_name":"Histamine"},"389":{"study_id":"ST000040","analysis_id":"AN000061","analysis_summary":"MS negative ion mode","metabolite_name":"Homocysteinesulfinic acid","refmet_name":"Homocysteinesulfinic acid"},"390":{"study_id":"ST000040","analysis_id":"AN000061","analysis_summary":"MS negative ion mode","metabolite_name":"Hydantoin-5-propionic acid","refmet_name":"Hydantoin-5-propionic acid"},"391":{"study_id":"ST000040","analysis_id":"AN000061","analysis_summary":"MS negative ion mode","metabolite_name":"Hydroxyphenyllactic acid","refmet_name":"Hydroxyphenyllactic acid"},"392":{"study_id":"ST000040","analysis_id":"AN000061","analysis_summary":"MS negative ion mode","metabolite_name":"Hydroxyprolyl-Valine","refmet_name":""},"393":{"study_id":"ST000040","analysis_id":"AN000061","analysis_summary":"MS negative ion mode","metabolite_name":"Hypoxanthine","refmet_name":"Hypoxanthine"},"394":{"study_id":"ST000040","analysis_id":"AN000061","analysis_summary":"MS negative ion mode","metabolite_name":"icas9","refmet_name":""},"395":{"study_id":"ST000040","analysis_id":"AN000061","analysis_summary":"MS negative ion mode","metabolite_name":"Ifosfamide","refmet_name":"Ifosfamide"},"396":{"study_id":"ST000040","analysis_id":"AN000061","analysis_summary":"MS negative ion mode","metabolite_name":"Ilicifolinoside A","refmet_name":""},"397":{"study_id":"ST000040","analysis_id":"AN000061","analysis_summary":"MS negative ion mode","metabolite_name":"Imidazoleacetic acid riboside","refmet_name":"Imidazoleacetic acid riboside"},"398":{"study_id":"ST000040","analysis_id":"AN000061","analysis_summary":"MS negative ion mode","metabolite_name":"Inosine","refmet_name":"Inosine"},"399":{"study_id":"ST000040","analysis_id":"AN000061","analysis_summary":"MS negative ion mode","metabolite_name":"Inositol cyclic phosphate","refmet_name":"Inositol cyclic phosphate"},"400":{"study_id":"ST000040","analysis_id":"AN000061","analysis_summary":"MS negative ion mode","metabolite_name":"Isoleucyl-Tyrosine","refmet_name":"Ile-Tyr"},"401":{"study_id":"ST000040","analysis_id":"AN000061","analysis_summary":"MS negative ion mode","metabolite_name":"Isopentenyl pyrophosphate","refmet_name":"Isopentenyl-diphosphate"},"402":{"study_id":"ST000040","analysis_id":"AN000061","analysis_summary":"MS negative ion mode","metabolite_name":"Isopropyl citrate","refmet_name":""},"403":{"study_id":"ST000040","analysis_id":"AN000061","analysis_summary":"MS negative ion mode","metabolite_name":"Isoxanthopterin","refmet_name":"Isoxanthopterin"},"404":{"study_id":"ST000040","analysis_id":"AN000061","analysis_summary":"MS negative ion mode","metabolite_name":"Itaconic acid","refmet_name":"Itaconic acid"},"405":{"study_id":"ST000040","analysis_id":"AN000061","analysis_summary":"MS negative ion mode","metabolite_name":"Ketoleucine","refmet_name":"Ketoleucine"},"406":{"study_id":"ST000040","analysis_id":"AN000061","analysis_summary":"MS negative ion mode","metabolite_name":"L-Acetopine","refmet_name":"L-Acetopine"},"407":{"study_id":"ST000040","analysis_id":"AN000061","analysis_summary":"MS negative ion mode","metabolite_name":"L-Acetylcarnitine","refmet_name":"CAR 2:0"},"408":{"study_id":"ST000040","analysis_id":"AN000061","analysis_summary":"MS negative ion mode","metabolite_name":"L-Arginine","refmet_name":"Arginine"},"409":{"study_id":"ST000040","analysis_id":"AN000061","analysis_summary":"MS negative ion mode","metabolite_name":"L-Asparagine","refmet_name":"Asparagine"},"410":{"study_id":"ST000040","analysis_id":"AN000061","analysis_summary":"MS negative ion mode","metabolite_name":"L-Aspartate-semialdehyde","refmet_name":"Aspartate-semialdehyde"},"411":{"study_id":"ST000040","analysis_id":"AN000061","analysis_summary":"MS negative ion mode","metabolite_name":"L-Aspartic acid","refmet_name":"Aspartic acid"},"412":{"study_id":"ST000040","analysis_id":"AN000061","analysis_summary":"MS negative ion mode","metabolite_name":"L-Coprine","refmet_name":"Coprine"},"413":{"study_id":"ST000040","analysis_id":"AN000061","analysis_summary":"MS negative ion mode","metabolite_name":"L-Glutamic acid","refmet_name":"Glutamic acid"},"414":{"study_id":"ST000040","analysis_id":"AN000061","analysis_summary":"MS negative ion mode","metabolite_name":"L-Glutamine","refmet_name":"Glutamine"},"415":{"study_id":"ST000040","analysis_id":"AN000061","analysis_summary":"MS negative ion mode","metabolite_name":"L-Histidine","refmet_name":"Histidine"},"416":{"study_id":"ST000040","analysis_id":"AN000061","analysis_summary":"MS negative ion mode","metabolite_name":"L-Leucine","refmet_name":"Leucine"},"417":{"study_id":"ST000040","analysis_id":"AN000061","analysis_summary":"MS negative ion mode","metabolite_name":"L-L-Homoglutathione","refmet_name":""},"418":{"study_id":"ST000040","analysis_id":"AN000061","analysis_summary":"MS negative ion mode","metabolite_name":"L-Lysine","refmet_name":"Lysine"},"419":{"study_id":"ST000040","analysis_id":"AN000061","analysis_summary":"MS negative ion mode","metabolite_name":"L-Malic acid","refmet_name":"D-Malic acid"},"420":{"study_id":"ST000040","analysis_id":"AN000061","analysis_summary":"MS negative ion mode","metabolite_name":"L-Methionine","refmet_name":"Methionine"},"421":{"study_id":"ST000040","analysis_id":"AN000061","analysis_summary":"MS negative ion mode","metabolite_name":"Lotaustralin","refmet_name":"Lotaustralin"},"422":{"study_id":"ST000040","analysis_id":"AN000061","analysis_summary":"MS negative ion mode","metabolite_name":"L-Phenylalanine","refmet_name":"Phenylalanine"},"423":{"study_id":"ST000040","analysis_id":"AN000061","analysis_summary":"MS negative ion mode","metabolite_name":"L-Proline","refmet_name":"Proline"},"424":{"study_id":"ST000040","analysis_id":"AN000061","analysis_summary":"MS negative ion mode","metabolite_name":"L-Threonine","refmet_name":"Threonine"},"425":{"study_id":"ST000040","analysis_id":"AN000061","analysis_summary":"MS negative ion mode","metabolite_name":"L-Tryptophan","refmet_name":"Tryptophan"},"426":{"study_id":"ST000040","analysis_id":"AN000061","analysis_summary":"MS negative ion mode","metabolite_name":"L-Tyrosine","refmet_name":"Tyrosine"},"427":{"study_id":"ST000040","analysis_id":"AN000061","analysis_summary":"MS negative ion mode","metabolite_name":"L-Valine","refmet_name":"Valine"},"428":{"study_id":"ST000040","analysis_id":"AN000061","analysis_summary":"MS negative ion mode","metabolite_name":"LysoPC(14:0)","refmet_name":"LPC 14:0"},"429":{"study_id":"ST000040","analysis_id":"AN000061","analysis_summary":"MS negative ion mode","metabolite_name":"LysoPC(14:1(9Z))","refmet_name":"LPC 14:1(9Z)"},"430":{"study_id":"ST000040","analysis_id":"AN000061","analysis_summary":"MS negative ion mode","metabolite_name":"LysoPC(15:0)","refmet_name":"LPC 15:0"},"431":{"study_id":"ST000040","analysis_id":"AN000061","analysis_summary":"MS negative ion mode","metabolite_name":"LysoPE(0:0\/14:0)","refmet_name":"LPE 0:0\/14:0*"},"432":{"study_id":"ST000040","analysis_id":"AN000061","analysis_summary":"MS negative ion mode","metabolite_name":"LysoPE(0:0\/14:1(9Z))","refmet_name":"LPE 14:0"},"433":{"study_id":"ST000040","analysis_id":"AN000061","analysis_summary":"MS negative ion mode","metabolite_name":"LysoPE(0:0\/15:0)","refmet_name":"LPE 0:0\/15:0*"},"434":{"study_id":"ST000040","analysis_id":"AN000061","analysis_summary":"MS negative ion mode","metabolite_name":"LysoPE(0:0\/16:0)","refmet_name":"LPE 0:0\/16:0"},"435":{"study_id":"ST000040","analysis_id":"AN000061","analysis_summary":"MS negative ion mode","metabolite_name":"LysoPE(0:0\/16:1(9Z))","refmet_name":"LPE 16:1"},"436":{"study_id":"ST000040","analysis_id":"AN000061","analysis_summary":"MS negative ion mode","metabolite_name":"LysoPE(0:0\/18:1(11Z))","refmet_name":"LPE 0:0\/18:1(11Z)*"},"437":{"study_id":"ST000040","analysis_id":"AN000061","analysis_summary":"MS negative ion mode","metabolite_name":"LysoPE(0:0\/18:2(9Z,12Z))","refmet_name":"LPE 18:2"},"438":{"study_id":"ST000040","analysis_id":"AN000061","analysis_summary":"MS negative ion mode","metabolite_name":"LysoPE(0:0\/20:2(11Z,14Z))","refmet_name":"LPE 20:2"},"439":{"study_id":"ST000040","analysis_id":"AN000061","analysis_summary":"MS negative ion mode","metabolite_name":"LysoPE(0:0\/20:3(11Z,14Z,17Z))","refmet_name":"LPE 20:3"},"440":{"study_id":"ST000040","analysis_id":"AN000061","analysis_summary":"MS negative ion mode","metabolite_name":"LysoPE(0:0\/20:4(5Z,8Z,11Z,14Z))","refmet_name":"LPE 0:0\/20:4(5Z,8Z,11Z,14Z)*"},"441":{"study_id":"ST000040","analysis_id":"AN000061","analysis_summary":"MS negative ion mode","metabolite_name":"LysoPE(0:0\/20:5(5Z,8Z,11Z,14Z,17Z))","refmet_name":"LPE 20:5"},"442":{"study_id":"ST000040","analysis_id":"AN000061","analysis_summary":"MS negative ion mode","metabolite_name":"Mannitol","refmet_name":"Mannitol"},"443":{"study_id":"ST000040","analysis_id":"AN000061","analysis_summary":"MS negative ion mode","metabolite_name":"Metaxalone","refmet_name":"Metaxalone"},"444":{"study_id":"ST000040","analysis_id":"AN000061","analysis_summary":"MS negative ion mode","metabolite_name":"Methionyl-Serine","refmet_name":"Met-Ser"},"445":{"study_id":"ST000040","analysis_id":"AN000061","analysis_summary":"MS negative ion mode","metabolite_name":"Methylpyrazine","refmet_name":"Methylpyrazine"},"446":{"study_id":"ST000040","analysis_id":"AN000061","analysis_summary":"MS negative ion mode","metabolite_name":"Mevalonic acid","refmet_name":"Mevalonic acid"},"447":{"study_id":"ST000040","analysis_id":"AN000061","analysis_summary":"MS negative ion mode","metabolite_name":"N-(1-Deoxy-1-fructosyl)methionine","refmet_name":""},"448":{"study_id":"ST000040","analysis_id":"AN000061","analysis_summary":"MS negative ion mode","metabolite_name":"N-(1-Deoxy-1-fructosyl)phenylalanine","refmet_name":""},"449":{"study_id":"ST000040","analysis_id":"AN000061","analysis_summary":"MS negative ion mode","metabolite_name":"N-(1-Deoxy-1-fructosyl)tyrosine","refmet_name":""},"450":{"study_id":"ST000040","analysis_id":"AN000061","analysis_summary":"MS negative ion mode","metabolite_name":"N2-Succinyl-L-ornithine","refmet_name":"N2-Succinylornithine"},"451":{"study_id":"ST000040","analysis_id":"AN000061","analysis_summary":"MS negative ion mode","metabolite_name":"N6-Carbamoyl-L-threonyladenosine","refmet_name":"N6-Carbamoyl-L-threonyladenosine"},"452":{"study_id":"ST000040","analysis_id":"AN000061","analysis_summary":"MS negative ion mode","metabolite_name":"N-a-Acetyl-L-arginine","refmet_name":"N-Acetylarginine"},"453":{"study_id":"ST000040","analysis_id":"AN000061","analysis_summary":"MS negative ion mode","metabolite_name":"N-Acetylcystathionine","refmet_name":"N-Acetylcystathionine"},"454":{"study_id":"ST000040","analysis_id":"AN000061","analysis_summary":"MS negative ion mode","metabolite_name":"N-Acetyl-D-glucosamine","refmet_name":"N-Acetyl-D-glucosamine"},"455":{"study_id":"ST000040","analysis_id":"AN000061","analysis_summary":"MS negative ion mode","metabolite_name":"N-Acetylglutamic acid","refmet_name":"N-Acetylglutamic acid"},"456":{"study_id":"ST000040","analysis_id":"AN000061","analysis_summary":"MS negative ion mode","metabolite_name":"N-Acetylglutamine","refmet_name":"N-Acetylglutamine"},"457":{"study_id":"ST000040","analysis_id":"AN000061","analysis_summary":"MS negative ion mode","metabolite_name":"N-Acetylhistamine","refmet_name":"N-Acetylhistamine"},"458":{"study_id":"ST000040","analysis_id":"AN000061","analysis_summary":"MS negative ion mode","metabolite_name":"N-Acetylhistidine","refmet_name":"N-Acetylhistidine"},"459":{"study_id":"ST000040","analysis_id":"AN000061","analysis_summary":"MS negative ion mode","metabolite_name":"N-Acetyl-L-aspartic acid","refmet_name":"N-Acetylaspartic acid"},"460":{"study_id":"ST000040","analysis_id":"AN000061","analysis_summary":"MS negative ion mode","metabolite_name":"N-Acetyl-L-phenylalanine","refmet_name":"N-Acetylphenylalanine"},"461":{"study_id":"ST000040","analysis_id":"AN000061","analysis_summary":"MS negative ion mode","metabolite_name":"N-Acetyl-L-tyrosine","refmet_name":"N-Acetyltyrosine"},"462":{"study_id":"ST000040","analysis_id":"AN000061","analysis_summary":"MS negative ion mode","metabolite_name":"N-Acetylornithine","refmet_name":"N-Acetylornithine"},"463":{"study_id":"ST000040","analysis_id":"AN000061","analysis_summary":"MS negative ion mode","metabolite_name":"Nebularine","refmet_name":"Nebularine"},"464":{"study_id":"ST000040","analysis_id":"AN000061","analysis_summary":"MS negative ion mode","metabolite_name":"N'-Formylkynurenine","refmet_name":"N-Formyl-L-kynurenine"},"465":{"study_id":"ST000040","analysis_id":"AN000061","analysis_summary":"MS negative ion mode","metabolite_name":"N-gamma-L-Glutamyl-L-methionine","refmet_name":"N-gamma-Glutamylmethionine"},"466":{"study_id":"ST000040","analysis_id":"AN000061","analysis_summary":"MS negative ion mode","metabolite_name":"N-Gluconyl ethanolamine phosphate","refmet_name":"N-Gluconyl ethanolamine phosphate"},"467":{"study_id":"ST000040","analysis_id":"AN000061","analysis_summary":"MS negative ion mode","metabolite_name":"Nicotinic acid","refmet_name":"Nicotinic acid"},"468":{"study_id":"ST000040","analysis_id":"AN000061","analysis_summary":"MS negative ion mode","metabolite_name":"N-Methylcalystegine C1","refmet_name":""},"469":{"study_id":"ST000040","analysis_id":"AN000061","analysis_summary":"MS negative ion mode","metabolite_name":"Norfuraneol","refmet_name":"Norfuraneol"},"470":{"study_id":"ST000040","analysis_id":"AN000061","analysis_summary":"MS negative ion mode","metabolite_name":"Octafluorocyclobutane","refmet_name":"Octafluorocyclobutane"},"471":{"study_id":"ST000040","analysis_id":"AN000061","analysis_summary":"MS negative ion mode","metabolite_name":"Ophthalmic acid","refmet_name":"Ophthalmic acid"},"472":{"study_id":"ST000040","analysis_id":"AN000061","analysis_summary":"MS negative ion mode","metabolite_name":"Ornithine","refmet_name":"Ornithine"},"473":{"study_id":"ST000040","analysis_id":"AN000061","analysis_summary":"MS negative ion mode","metabolite_name":"Orotic acid","refmet_name":"Orotic acid"},"474":{"study_id":"ST000040","analysis_id":"AN000061","analysis_summary":"MS negative ion mode","metabolite_name":"Oxitriptan","refmet_name":"5-Hydroxy-tryptophan"},"475":{"study_id":"ST000040","analysis_id":"AN000061","analysis_summary":"MS negative ion mode","metabolite_name":"Oxoadipic acid","refmet_name":"Oxoadipic acid"},"476":{"study_id":"ST000040","analysis_id":"AN000061","analysis_summary":"MS negative ion mode","metabolite_name":"Oxoglutaric acid","refmet_name":"Oxoglutaric acid"},"477":{"study_id":"ST000040","analysis_id":"AN000061","analysis_summary":"MS negative ion mode","metabolite_name":"Pantetheine","refmet_name":"Pantetheine"},"478":{"study_id":"ST000040","analysis_id":"AN000061","analysis_summary":"MS negative ion mode","metabolite_name":"Pantothenic acid","refmet_name":"Pantothenic acid"},"479":{"study_id":"ST000040","analysis_id":"AN000061","analysis_summary":"MS negative ion mode","metabolite_name":"Pectic acid","refmet_name":""},"480":{"study_id":"ST000040","analysis_id":"AN000061","analysis_summary":"MS negative ion mode","metabolite_name":"Phaseolic acid","refmet_name":"Phaseolic acid"},"481":{"study_id":"ST000040","analysis_id":"AN000061","analysis_summary":"MS negative ion mode","metabolite_name":"Phosphodimethylethanolamine","refmet_name":"N,N-Dimethylethanolamine phosphate"},"482":{"study_id":"ST000040","analysis_id":"AN000061","analysis_summary":"MS negative ion mode","metabolite_name":"Pimelic acid","refmet_name":"Pimelic acid"},"483":{"study_id":"ST000040","analysis_id":"AN000061","analysis_summary":"MS negative ion mode","metabolite_name":"Polyethylene glycol","refmet_name":"8-Amino-7-oxononanoic acid"},"484":{"study_id":"ST000040","analysis_id":"AN000061","analysis_summary":"MS negative ion mode","metabolite_name":"Porphobilinogen","refmet_name":"Porphobilinogen"},"485":{"study_id":"ST000040","analysis_id":"AN000061","analysis_summary":"MS negative ion mode","metabolite_name":"Prenyl glucoside","refmet_name":"Phellamurin"},"486":{"study_id":"ST000040","analysis_id":"AN000061","analysis_summary":"MS negative ion mode","metabolite_name":"Prolylhydroxyproline","refmet_name":"Pro-hydroxyPro"},"487":{"study_id":"ST000040","analysis_id":"AN000061","analysis_summary":"MS negative ion mode","metabolite_name":"Prunasin","refmet_name":"Prunasin"},"488":{"study_id":"ST000040","analysis_id":"AN000061","analysis_summary":"MS negative ion mode","metabolite_name":"Pterin","refmet_name":"Pterin"},"489":{"study_id":"ST000040","analysis_id":"AN000061","analysis_summary":"MS negative ion mode","metabolite_name":"Pyridine N-oxide glucuronide","refmet_name":""},"490":{"study_id":"ST000040","analysis_id":"AN000061","analysis_summary":"MS negative ion mode","metabolite_name":"Pyridoxal","refmet_name":"Pyridoxal"},"491":{"study_id":"ST000040","analysis_id":"AN000061","analysis_summary":"MS negative ion mode","metabolite_name":"Pyridoxal 5'-phosphate","refmet_name":"Pyridoxal 5'-phosphate"},"492":{"study_id":"ST000040","analysis_id":"AN000061","analysis_summary":"MS negative ion mode","metabolite_name":"Pyroglutamic acid","refmet_name":"Pyroglutamic acid"},"493":{"study_id":"ST000040","analysis_id":"AN000061","analysis_summary":"MS negative ion mode","metabolite_name":"Pyrrole-2-carboxylic acid","refmet_name":"Pyrrole-2-carboxylic acid"},"494":{"study_id":"ST000040","analysis_id":"AN000061","analysis_summary":"MS negative ion mode","metabolite_name":"Retinyl ester","refmet_name":"Retinyl ester"},"495":{"study_id":"ST000040","analysis_id":"AN000061","analysis_summary":"MS negative ion mode","metabolite_name":"Riboflavin","refmet_name":"Riboflavin"},"496":{"study_id":"ST000040","analysis_id":"AN000061","analysis_summary":"MS negative ion mode","metabolite_name":"(S)-2-Aceto-2-hydroxybutanoic acid","refmet_name":"Acetohydroxybutyric acid"},"497":{"study_id":"ST000040","analysis_id":"AN000061","analysis_summary":"MS negative ion mode","metabolite_name":"(S)-9-Hydroxy-10-undecenoic acid","refmet_name":"(S)-9-Hydroxy-10-undecenoic acid"},"498":{"study_id":"ST000040","analysis_id":"AN000061","analysis_summary":"MS negative ion mode","metabolite_name":"Saccharopine","refmet_name":"Saccharopine"},"499":{"study_id":"ST000040","analysis_id":"AN000061","analysis_summary":"MS negative ion mode","metabolite_name":"S-Adenosylhomocysteine","refmet_name":"S-Adenosylhomocysteine"},"500":{"study_id":"ST000040","analysis_id":"AN000061","analysis_summary":"MS negative ion mode","metabolite_name":"Sarmentosin","refmet_name":"Sarmentosin"},"501":{"study_id":"ST000040","analysis_id":"AN000061","analysis_summary":"MS negative ion mode","metabolite_name":"S-Carboxymethyl-L-cysteine","refmet_name":"S-Carboxymethyl-cysteine"},"502":{"study_id":"ST000040","analysis_id":"AN000061","analysis_summary":"MS negative ion mode","metabolite_name":"Sebacic acid","refmet_name":"Sebacic acid"},"503":{"study_id":"ST000040","analysis_id":"AN000061","analysis_summary":"MS negative ion mode","metabolite_name":"Sepiapterin","refmet_name":"Sepiapterin"},"504":{"study_id":"ST000040","analysis_id":"AN000061","analysis_summary":"MS negative ion mode","metabolite_name":"Succinic acid","refmet_name":"Succinic acid"},"505":{"study_id":"ST000040","analysis_id":"AN000061","analysis_summary":"MS negative ion mode","metabolite_name":"Succinic anhydride","refmet_name":"Succinic anhydride"},"506":{"study_id":"ST000040","analysis_id":"AN000061","analysis_summary":"MS negative ion mode","metabolite_name":"Succinyladenosine","refmet_name":"Succinyladenosine"},"507":{"study_id":"ST000040","analysis_id":"AN000061","analysis_summary":"MS negative ion mode","metabolite_name":"Sucrose","refmet_name":"Sucrose"},"508":{"study_id":"ST000040","analysis_id":"AN000061","analysis_summary":"MS negative ion mode","metabolite_name":"Tetrahydropentoxyline","refmet_name":"Tetrahydropentoxyline"},"509":{"study_id":"ST000040","analysis_id":"AN000061","analysis_summary":"MS negative ion mode","metabolite_name":"Thiomorpholine 3-carboxylate","refmet_name":"Thiomorpholine-3-carboxylic acid"},"510":{"study_id":"ST000040","analysis_id":"AN000061","analysis_summary":"MS negative ion mode","metabolite_name":"Threonic acid","refmet_name":"Threonic acid"},"511":{"study_id":"ST000040","analysis_id":"AN000061","analysis_summary":"MS negative ion mode","metabolite_name":"Tiglic acid","refmet_name":"Tiglic acid"},"512":{"study_id":"ST000040","analysis_id":"AN000061","analysis_summary":"MS negative ion mode","metabolite_name":"trans-Cinnamic acid","refmet_name":"trans-Cinnamic acid"},"513":{"study_id":"ST000040","analysis_id":"AN000061","analysis_summary":"MS negative ion mode","metabolite_name":"Undecanedioic acid","refmet_name":"Undecanedioic acid"},"514":{"study_id":"ST000040","analysis_id":"AN000061","analysis_summary":"MS negative ion mode","metabolite_name":"Uracil","refmet_name":"Uracil"},"515":{"study_id":"ST000040","analysis_id":"AN000061","analysis_summary":"MS negative ion mode","metabolite_name":"Ureidosuccinic acid","refmet_name":"N-Carbamoylaspartic acid"},"516":{"study_id":"ST000040","analysis_id":"AN000061","analysis_summary":"MS negative ion mode","metabolite_name":"Uric acid","refmet_name":"Uric acid"},"517":{"study_id":"ST000040","analysis_id":"AN000061","analysis_summary":"MS negative ion mode","metabolite_name":"Uridine","refmet_name":"Uridine"},"518":{"study_id":"ST000040","analysis_id":"AN000061","analysis_summary":"MS negative ion mode","metabolite_name":"Uridine 2',3'-cyclic phosphate","refmet_name":"2',3' cyclic UMP"},"519":{"study_id":"ST000040","analysis_id":"AN000061","analysis_summary":"MS negative ion mode","metabolite_name":"Uridine 5'-monophosphate","refmet_name":"UMP"},"520":{"study_id":"ST000040","analysis_id":"AN000061","analysis_summary":"MS negative ion mode","metabolite_name":"Uridine diphosphate glucose","refmet_name":"UDP-glucose"},"521":{"study_id":"ST000040","analysis_id":"AN000061","analysis_summary":"MS negative ion mode","metabolite_name":"Uridine diphosphate-N-acetylglucosamine","refmet_name":"UDP-N-acetylglucosamine"},"522":{"study_id":"ST000040","analysis_id":"AN000061","analysis_summary":"MS negative ion mode","metabolite_name":"Urocanic acid","refmet_name":"Urocanic acid"},"523":{"study_id":"ST000040","analysis_id":"AN000061","analysis_summary":"MS negative ion mode","metabolite_name":"Vinylacetylglycine","refmet_name":"Vinylacetylglycine"},"524":{"study_id":"ST000040","analysis_id":"AN000061","analysis_summary":"MS negative ion mode","metabolite_name":"Wybutoxine","refmet_name":"Wybutoxine"},"525":{"study_id":"ST000040","analysis_id":"AN000061","analysis_summary":"MS negative ion mode","metabolite_name":"Xanthine","refmet_name":"Xanthine"},"526":{"study_id":"ST000040","analysis_id":"AN000061","analysis_summary":"MS negative ion mode","metabolite_name":"Xanthosine","refmet_name":"Xanthosine"},"527":{"study_id":"ST000040","analysis_id":"AN000061","analysis_summary":"MS negative ion mode","metabolite_name":"Zalcitabine","refmet_name":"Zalcitabine"}}