{"1":{"study_id":"ST000698","analysis_id":"AN001083","analysis_summary":"Reversed phase NEGATIVE ION MODE","metabolite_name":"16:0-18:0 PC (CAS# 59403-51-9); (M+HCOO)-","refmet_name":"PC 16:0_18:0"},"2":{"study_id":"ST000698","analysis_id":"AN001083","analysis_summary":"Reversed phase NEGATIVE ION MODE","metabolite_name":"16:0 LYSO PC (CAS# 17364-16-8); (M+CL)-","refmet_name":"LPC 16:0"},"3":{"study_id":"ST000698","analysis_id":"AN001083","analysis_summary":"Reversed phase NEGATIVE ION MODE","metabolite_name":"16:0 LYSO PC (CAS# 17364-16-8); (M+HCOO)-","refmet_name":"LPC 16:0"},"4":{"study_id":"ST000698","analysis_id":"AN001083","analysis_summary":"Reversed phase NEGATIVE ION MODE","metabolite_name":"18:0 LYSO-PE (CAS# 69747-55-3); (M-H)-","refmet_name":"LPE 18:0"},"5":{"study_id":"ST000698","analysis_id":"AN001083","analysis_summary":"Reversed phase NEGATIVE ION MODE","metabolite_name":"20:0 LYSO PC (CAS# 108341-80-6); (M+HCOO)-","refmet_name":"LPC 20:0"},"6":{"study_id":"ST000698","analysis_id":"AN001083","analysis_summary":"Reversed phase NEGATIVE ION MODE","metabolite_name":"2-AMINOETHYL DIHYDROGEN PHOSPHATE (CAS# 1071-23-4 ); (M-H)-","refmet_name":"Phosphoethanolamine"},"7":{"study_id":"ST000698","analysis_id":"AN001083","analysis_summary":"Reversed phase NEGATIVE ION MODE","metabolite_name":"2-HYDROXY-3-METHYLBUTYRIC ACID (CAS# 4026-18-0); (M-H)-","refmet_name":"2-Hydroxy-3-methylbutyric acid"},"8":{"study_id":"ST000698","analysis_id":"AN001083","analysis_summary":"Reversed phase NEGATIVE ION MODE","metabolite_name":"2-METHYLGLUTARIC ACID (CAS# 18069-17-5); (M-H)-","refmet_name":"2-Methylglutaric acid"},"9":{"study_id":"ST000698","analysis_id":"AN001083","analysis_summary":"Reversed phase NEGATIVE ION MODE","metabolite_name":"2-OXOADIPATE (CAS# 3184-35-8); (M-H)-","refmet_name":"Oxoadipic acid"},"10":{"study_id":"ST000698","analysis_id":"AN001083","analysis_summary":"Reversed phase NEGATIVE ION MODE","metabolite_name":"3-(4-HYDROXYPHENYL)LACTATE (CAS# 6482-98-0); (M-H)-","refmet_name":"Hydroxyphenyllactic acid"},"11":{"study_id":"ST000698","analysis_id":"AN001083","analysis_summary":"Reversed phase NEGATIVE ION MODE","metabolite_name":"3-HYDROXY-3-METHYLGLUTARATE (CAS# 503-49-1); (M-H)-","refmet_name":"3-Hydroxymethylglutaric acid"},"12":{"study_id":"ST000698","analysis_id":"AN001083","analysis_summary":"Reversed phase NEGATIVE ION MODE","metabolite_name":"3-HYDROXYBENZALDEHYDE (CAS# 100-83-4); (M-H)-","refmet_name":"3-Hydroxybenzaldehyde"},"13":{"study_id":"ST000698","analysis_id":"AN001083","analysis_summary":"Reversed phase NEGATIVE ION MODE","metabolite_name":"3-METHYGLUTARIC ACID (CAS# 626-51-7); (M-H)-","refmet_name":"Methylglutaric acid"},"14":{"study_id":"ST000698","analysis_id":"AN001083","analysis_summary":"Reversed phase NEGATIVE ION MODE","metabolite_name":"3-METHYLADIPIC ACID (CAS# 3058-01-3); (M-H)-","refmet_name":"3-Methyladipic acid"},"15":{"study_id":"ST000698","analysis_id":"AN001083","analysis_summary":"Reversed phase NEGATIVE ION MODE","metabolite_name":"3-PHOSPHOGLYCERATE (CAS# ); (M-H)-","refmet_name":"3-Phosphoglyceric acid"},"16":{"study_id":"ST000698","analysis_id":"AN001083","analysis_summary":"Reversed phase NEGATIVE ION MODE","metabolite_name":"4-ACETAMIDOBUTANOATE (CAS# 3025-96-5); (M-H)-","refmet_name":"4-Acetamidobutanoic acid"},"17":{"study_id":"ST000698","analysis_id":"AN001083","analysis_summary":"Reversed phase NEGATIVE ION MODE","metabolite_name":"4-HYDROXYBENZALDEHYDE (CAS# 123-08-0); (M-H)-","refmet_name":"4-Hydroxybenzaldehyde"},"18":{"study_id":"ST000698","analysis_id":"AN001083","analysis_summary":"Reversed phase NEGATIVE ION MODE","metabolite_name":"4-HYDROXY-L-PROLINE (CAS# 2584-71-6); (M-H)-","refmet_name":"cis-4-Hydroxyproline"},"19":{"study_id":"ST000698","analysis_id":"AN001083","analysis_summary":"Reversed phase NEGATIVE ION MODE","metabolite_name":"4-METHYL-2-OXOPENTANOATE (CAS# 816-66-0); (M-H)-","refmet_name":"Ketoleucine"},"20":{"study_id":"ST000698","analysis_id":"AN001083","analysis_summary":"Reversed phase NEGATIVE ION MODE","metabolite_name":"4-METHYL-2-OXOVALERIC ACID (CAS# 816-66-0); (M-H)-","refmet_name":"Ketoleucine"},"21":{"study_id":"ST000698","analysis_id":"AN001083","analysis_summary":"Reversed phase NEGATIVE ION MODE","metabolite_name":"4-NITROBENZOIC ACID (CAS# 62-23-7); (M-H)-","refmet_name":"4-Nitrobenzoic acid"},"22":{"study_id":"ST000698","analysis_id":"AN001083","analysis_summary":"Reversed phase NEGATIVE ION MODE","metabolite_name":"4-NITROCATECHOL (CAS# 3316-09-4); (M-H)-","refmet_name":"4-Nitrocatechol"},"23":{"study_id":"ST000698","analysis_id":"AN001083","analysis_summary":"Reversed phase NEGATIVE ION MODE","metabolite_name":"4-NITROPHENOL (CAS# 100-02-7); (M-H)-","refmet_name":"4-Nitrophenol"},"24":{"study_id":"ST000698","analysis_id":"AN001083","analysis_summary":"Reversed phase NEGATIVE ION MODE","metabolite_name":"5-AMINOLEVULINATE (CAS# 106-60-5); (M-H)-","refmet_name":"5-Amino-levulinic acid"},"25":{"study_id":"ST000698","analysis_id":"AN001083","analysis_summary":"Reversed phase NEGATIVE ION MODE","metabolite_name":"5-AMINOPENTANOATE (CAS# 660-88-8); (M-H)-","refmet_name":"5-Aminopentanoic acid"},"26":{"study_id":"ST000698","analysis_id":"AN001083","analysis_summary":"Reversed phase NEGATIVE ION MODE","metabolite_name":"5-HYDROXYINDOLEACETATE (CAS# 54-16-0); (M-H)-","refmet_name":"5-Hydroxyindoleacetic acid"},"27":{"study_id":"ST000698","analysis_id":"AN001083","analysis_summary":"Reversed phase NEGATIVE ION MODE","metabolite_name":"5-HYDROXYTRYPTOPHAN (CAS# 4350-09-8); (M-H)-","refmet_name":"5-Hydroxy-tryptophan"},"28":{"study_id":"ST000698","analysis_id":"AN001083","analysis_summary":"Reversed phase NEGATIVE ION MODE","metabolite_name":"5'-METHYLTHIOADENOSINE (CAS# 2457-80-9); (M+CL)-","refmet_name":"5'-Methylthioadenosine"},"29":{"study_id":"ST000698","analysis_id":"AN001083","analysis_summary":"Reversed phase NEGATIVE ION MODE","metabolite_name":"5'-METHYLTHIOADENOSINE (CAS# 2457-80-9); (M+HCOO)-","refmet_name":"5'-Methylthioadenosine"},"30":{"study_id":"ST000698","analysis_id":"AN001083","analysis_summary":"Reversed phase NEGATIVE ION MODE","metabolite_name":"5-OXOPROLINE (CAS# 4042-36-8); (M-H)-","refmet_name":"Pyroglutamic acid"},"31":{"study_id":"ST000698","analysis_id":"AN001083","analysis_summary":"Reversed phase NEGATIVE ION MODE","metabolite_name":"6-CARBOXYHEXANOATE (CAS# 111-16-0); (M-H)-","refmet_name":"Pimelic acid"},"32":{"study_id":"ST000698","analysis_id":"AN001083","analysis_summary":"Reversed phase NEGATIVE ION MODE","metabolite_name":"ADENINE (CAS# 73-24-5); (M-H)-","refmet_name":"Adenine"},"33":{"study_id":"ST000698","analysis_id":"AN001083","analysis_summary":"Reversed phase NEGATIVE ION MODE","metabolite_name":"ADENOSINE 5'-MONOPHOSPHATE (CAS# 61-19-8); (M-H)-","refmet_name":"AMP"},"34":{"study_id":"ST000698","analysis_id":"AN001083","analysis_summary":"Reversed phase NEGATIVE ION MODE","metabolite_name":"ADENOSINE (CAS# 58-61-7); (M+HCOO)-","refmet_name":"Adenosine"},"35":{"study_id":"ST000698","analysis_id":"AN001083","analysis_summary":"Reversed phase NEGATIVE ION MODE","metabolite_name":"ADIPIC ACID (CAS# 124-04-9 ); (M-H)-","refmet_name":"Adipic acid"},"36":{"study_id":"ST000698","analysis_id":"AN001083","analysis_summary":"Reversed phase NEGATIVE ION MODE","metabolite_name":"ADPGLUCOSE (CAS# ); (M-H)-","refmet_name":"ADP-glucose"},"37":{"study_id":"ST000698","analysis_id":"AN001083","analysis_summary":"Reversed phase NEGATIVE ION MODE","metabolite_name":"ADP-RIBOSE (CAS# ); (M-H)-","refmet_name":"ADP-ribose"},"38":{"study_id":"ST000698","analysis_id":"AN001083","analysis_summary":"Reversed phase NEGATIVE ION MODE","metabolite_name":"ALLANTOIN (CAS# 97-59-6); (M-H)-","refmet_name":"Allantoin"},"39":{"study_id":"ST000698","analysis_id":"AN001083","analysis_summary":"Reversed phase NEGATIVE ION MODE","metabolite_name":"ALLOSE (CAS# 2595-97-3); (M-H)+[-H2O]","refmet_name":"Allose"},"40":{"study_id":"ST000698","analysis_id":"AN001083","analysis_summary":"Reversed phase NEGATIVE ION MODE","metabolite_name":"ALPHA-D-GALACTOSE 1-PHOSPHATE (CAS# 2255-14-3); (M-H)-","refmet_name":"Galactose 1-phosphate"},"41":{"study_id":"ST000698","analysis_id":"AN001083","analysis_summary":"Reversed phase NEGATIVE ION MODE","metabolite_name":"ALPHA-KETO-GLUTARATE (CAS# 328-50-7); (M-H)-","refmet_name":"Oxoglutaric acid"},"42":{"study_id":"ST000698","analysis_id":"AN001083","analysis_summary":"Reversed phase NEGATIVE ION MODE","metabolite_name":"ALPHA-LINOLENIC ACID (CAS# 463-40-1); (M+HCOO)-","refmet_name":"alpha-Linolenic acid"},"43":{"study_id":"ST000698","analysis_id":"AN001083","analysis_summary":"Reversed phase NEGATIVE ION MODE","metabolite_name":"ARABITOL (CAS# 7643-75-6); (M+CL)-","refmet_name":"Arabitol"},"44":{"study_id":"ST000698","analysis_id":"AN001083","analysis_summary":"Reversed phase NEGATIVE ION MODE","metabolite_name":"ARACHIDIC ACID (CAS# 506-30-9); (M-H)-","refmet_name":"Arachidic acid"},"45":{"study_id":"ST000698","analysis_id":"AN001083","analysis_summary":"Reversed phase NEGATIVE ION MODE","metabolite_name":"ARACHIDONATE (CAS# 506-32-1); (M-H)-","refmet_name":"Arachidonic acid"},"46":{"study_id":"ST000698","analysis_id":"AN001083","analysis_summary":"Reversed phase NEGATIVE ION MODE","metabolite_name":"ASPARTATE (CAS# 56-84-8); (M-H)-","refmet_name":"Aspartic acid"},"47":{"study_id":"ST000698","analysis_id":"AN001083","analysis_summary":"Reversed phase NEGATIVE ION MODE","metabolite_name":"AZELAIC ACID (CAS# 123-99-9); (M-H)-","refmet_name":"Azelaic acid"},"48":{"study_id":"ST000698","analysis_id":"AN001083","analysis_summary":"Reversed phase NEGATIVE ION MODE","metabolite_name":"BENZOATE (CAS# 65-85-0); (M-H)-","refmet_name":"Benzoic acid"},"49":{"study_id":"ST000698","analysis_id":"AN001083","analysis_summary":"Reversed phase NEGATIVE ION MODE","metabolite_name":"BETA-MALTOSE (CAS# 69-79-4); (2M+CL)-[-H2O]","refmet_name":"Maltose"},"50":{"study_id":"ST000698","analysis_id":"AN001083","analysis_summary":"Reversed phase NEGATIVE ION MODE","metabolite_name":"BETA-MALTOSE (CAS# 69-79-4); (M+CL)-","refmet_name":"Maltose"},"51":{"study_id":"ST000698","analysis_id":"AN001083","analysis_summary":"Reversed phase NEGATIVE ION MODE","metabolite_name":"BETA-MALTOSE (CAS# 69-79-4); (M+HCOO)-","refmet_name":"Maltose"},"52":{"study_id":"ST000698","analysis_id":"AN001083","analysis_summary":"Reversed phase NEGATIVE ION MODE","metabolite_name":"CELLOBIOSE (CAS# 528-50-7); (M+CL)-","refmet_name":"Cellobiose"},"53":{"study_id":"ST000698","analysis_id":"AN001083","analysis_summary":"Reversed phase NEGATIVE ION MODE","metabolite_name":"CHOLINE PHOSPHATE (CAS# 107-73-3); (M+HCOO)-","refmet_name":"Choline phosphate"},"54":{"study_id":"ST000698","analysis_id":"AN001083","analysis_summary":"Reversed phase NEGATIVE ION MODE","metabolite_name":"CIS-11-EICOSENOIC ACID (CAS# 5561-99-9); (M-H)-","refmet_name":"cis-Gondoic acid"},"55":{"study_id":"ST000698","analysis_id":"AN001083","analysis_summary":"Reversed phase NEGATIVE ION MODE","metabolite_name":"CIS-ACONITATE (CAS# 585-84-2); (M-H)-","refmet_name":"cis-Aconitic acid"},"56":{"study_id":"ST000698","analysis_id":"AN001083","analysis_summary":"Reversed phase NEGATIVE ION MODE","metabolite_name":"CIS-VACCENIC ACID (CAS# 506-17-2); (M-H)-","refmet_name":"cis-Vaccenic acid"},"57":{"study_id":"ST000698","analysis_id":"AN001083","analysis_summary":"Reversed phase NEGATIVE ION MODE","metabolite_name":"CIS-ZEATIN (CAS# 1637-39-4); (M+CL)-","refmet_name":"cis-Zeatin"},"58":{"study_id":"ST000698","analysis_id":"AN001083","analysis_summary":"Reversed phase NEGATIVE ION MODE","metabolite_name":"CIS-ZEATIN (CAS# 1637-39-4); (M-H)-","refmet_name":"cis-Zeatin"},"59":{"study_id":"ST000698","analysis_id":"AN001083","analysis_summary":"Reversed phase NEGATIVE ION MODE","metabolite_name":"CITRATE (CAS# 77-92-9); (M-H)-","refmet_name":"Citric acid"},"60":{"study_id":"ST000698","analysis_id":"AN001083","analysis_summary":"Reversed phase NEGATIVE ION MODE","metabolite_name":"CITRULLINE (CAS# 372-75-8); (M-H)-","refmet_name":"Citrulline"},"61":{"study_id":"ST000698","analysis_id":"AN001083","analysis_summary":"Reversed phase NEGATIVE ION MODE","metabolite_name":"CREATINE (CAS# 57-00-1); (M-H)-","refmet_name":"Creatine"},"62":{"study_id":"ST000698","analysis_id":"AN001083","analysis_summary":"Reversed phase NEGATIVE ION MODE","metabolite_name":"CYCLOHEPTANECARBOXYLIC ACID (CAS# 1460-16-8); (M+HCOO)-","refmet_name":"Cycloheptanecarboxylic acid"},"63":{"study_id":"ST000698","analysis_id":"AN001083","analysis_summary":"Reversed phase NEGATIVE ION MODE","metabolite_name":"CYTIDINE 5'-DIPHOSPHOCHOLINE (CAS# 987-78-0); (M+CL)-","refmet_name":"Cytidine 5'-diphosphocholine"},"64":{"study_id":"ST000698","analysis_id":"AN001083","analysis_summary":"Reversed phase NEGATIVE ION MODE","metabolite_name":"CYTIDINE (CAS# 65-46-3); (M-H)-","refmet_name":"Cytidine"},"65":{"study_id":"ST000698","analysis_id":"AN001083","analysis_summary":"Reversed phase NEGATIVE ION MODE","metabolite_name":"D-(-)-ARABINOSE (CAS# 10323-20-3); (M+HCOO)-","refmet_name":"Arabinose"},"66":{"study_id":"ST000698","analysis_id":"AN001083","analysis_summary":"Reversed phase NEGATIVE ION MODE","metabolite_name":"DECANOATE (CAS# 334-48-5); (M-H)-","refmet_name":"Capric acid"},"67":{"study_id":"ST000698","analysis_id":"AN001083","analysis_summary":"Reversed phase NEGATIVE ION MODE","metabolite_name":"DEHYDROASCORBATE (CAS# 490-83-5); (M-H)-","refmet_name":"L-Dehydroascorbic acid"},"68":{"study_id":"ST000698","analysis_id":"AN001083","analysis_summary":"Reversed phase NEGATIVE ION MODE","metabolite_name":"DEHYDROASCORBATE (CAS# 490-83-5); (M+HCOO)-","refmet_name":"L-Dehydroascorbic acid"},"69":{"study_id":"ST000698","analysis_id":"AN001083","analysis_summary":"Reversed phase NEGATIVE ION MODE","metabolite_name":"DEOXYCYTIDINE (CAS# 951-77-9); (M+HCOO)-","refmet_name":"Deoxycytidine"},"70":{"study_id":"ST000698","analysis_id":"AN001083","analysis_summary":"Reversed phase NEGATIVE ION MODE","metabolite_name":"D-GALACTOSAMINE (CAS# 7535-00-4); (M+CL)-","refmet_name":"Galactosamine"},"71":{"study_id":"ST000698","analysis_id":"AN001083","analysis_summary":"Reversed phase NEGATIVE ION MODE","metabolite_name":"D-GLUCOSAMINE (CAS# 3416-24-8); (M+CL)-","refmet_name":"Glucosamine"},"72":{"study_id":"ST000698","analysis_id":"AN001083","analysis_summary":"Reversed phase NEGATIVE ION MODE","metabolite_name":"D-GLUCOSE 6-PHOSPHATE (CAS# 56-73-5); (M-H)-","refmet_name":"Glucose 6-phosphate"},"73":{"study_id":"ST000698","analysis_id":"AN001083","analysis_summary":"Reversed phase NEGATIVE ION MODE","metabolite_name":"DGMP (CAS# 902-04-5); (M-H)-","refmet_name":"dGMP"},"74":{"study_id":"ST000698","analysis_id":"AN001083","analysis_summary":"Reversed phase NEGATIVE ION MODE","metabolite_name":"DIACETYL (CAS# 431-03-8); (M+HCOO)-","refmet_name":"Diacetyl"},"75":{"study_id":"ST000698","analysis_id":"AN001083","analysis_summary":"Reversed phase NEGATIVE ION MODE","metabolite_name":"DIHYDROXYMANDELIC ACID (CAS# 775-01-9); (M-H)-","refmet_name":"3,4-Dihydroxymandelic acid"},"76":{"study_id":"ST000698","analysis_id":"AN001083","analysis_summary":"Reversed phase NEGATIVE ION MODE","metabolite_name":"D-LYXOSE (CAS# 1114-34-7); (M+CL)-","refmet_name":"Lyxose"},"77":{"study_id":"ST000698","analysis_id":"AN001083","analysis_summary":"Reversed phase NEGATIVE ION MODE","metabolite_name":"D-LYXOSE (CAS# 1114-34-7); (M-H)-","refmet_name":"Lyxose"},"78":{"study_id":"ST000698","analysis_id":"AN001083","analysis_summary":"Reversed phase NEGATIVE ION MODE","metabolite_name":"D-LYXOSE (CAS# 1114-34-7); (M+HCOO)-","refmet_name":"Lyxose"},"79":{"study_id":"ST000698","analysis_id":"AN001083","analysis_summary":"Reversed phase NEGATIVE ION MODE","metabolite_name":"DOCOSAHEXAENOIC ACID (CAS# 6217-54-5 ); (M-H)-","refmet_name":"Docosahexaenoic acid"},"80":{"study_id":"ST000698","analysis_id":"AN001083","analysis_summary":"Reversed phase NEGATIVE ION MODE","metabolite_name":"D-PSICOSE (CAS# 551-68-8); (M+CL)-","refmet_name":"Psicose"},"81":{"study_id":"ST000698","analysis_id":"AN001083","analysis_summary":"Reversed phase NEGATIVE ION MODE","metabolite_name":"D-TAGATOSE (CAS# 87-81-0); (M+CL)-","refmet_name":"D-Tagatose"},"82":{"study_id":"ST000698","analysis_id":"AN001083","analysis_summary":"Reversed phase NEGATIVE ION MODE","metabolite_name":"ELAIDIC ACID (CAS# 112-79-8); (M-H)-","refmet_name":"Elaidic acid"},"83":{"study_id":"ST000698","analysis_id":"AN001083","analysis_summary":"Reversed phase NEGATIVE ION MODE","metabolite_name":"EPIBRASSINOLIDE [ISTD] (CAS# 78821-43-9); (M+CL)-","refmet_name":"24-epi-Brassinolide"},"84":{"study_id":"ST000698","analysis_id":"AN001083","analysis_summary":"Reversed phase NEGATIVE ION MODE","metabolite_name":"EPIBRASSINOLIDE [ISTD] (CAS# 78821-43-9); (M+HCOO)-","refmet_name":"24-epi-Brassinolide"},"85":{"study_id":"ST000698","analysis_id":"AN001083","analysis_summary":"Reversed phase NEGATIVE ION MODE","metabolite_name":"ETHANOLAMINE PHOSPHATE (CAS# 1071-23-4); (M-H)-","refmet_name":"Phosphoethanolamine"},"86":{"study_id":"ST000698","analysis_id":"AN001083","analysis_summary":"Reversed phase NEGATIVE ION MODE","metabolite_name":"ETHYLMALONIC ACID (CAS# 601-75-2); (M-H)-","refmet_name":"Ethylmalonic acid"},"87":{"study_id":"ST000698","analysis_id":"AN001083","analysis_summary":"Reversed phase NEGATIVE ION MODE","metabolite_name":"FLAVIN ADENINE DINUCLEOTIDE (CAS# 146-14-5); (M-H)-","refmet_name":"FAD"},"88":{"study_id":"ST000698","analysis_id":"AN001083","analysis_summary":"Reversed phase NEGATIVE ION MODE","metabolite_name":"FOLIC ACID (CAS# 59-30-3); (M-H)-","refmet_name":"Folic acid"},"89":{"study_id":"ST000698","analysis_id":"AN001083","analysis_summary":"Reversed phase NEGATIVE ION MODE","metabolite_name":"FRUCTOSE (CAS# 57-48-7); (M+CL)-","refmet_name":"Fructose"},"90":{"study_id":"ST000698","analysis_id":"AN001083","analysis_summary":"Reversed phase NEGATIVE ION MODE","metabolite_name":"FRUCTOSE (CAS# 57-48-7); (M+HCOO)-","refmet_name":"Fructose"},"91":{"study_id":"ST000698","analysis_id":"AN001083","analysis_summary":"Reversed phase NEGATIVE ION MODE","metabolite_name":"FUMARATE (CAS# 110-17-8); (M-H)-","refmet_name":"Fumaric acid"},"92":{"study_id":"ST000698","analysis_id":"AN001083","analysis_summary":"Reversed phase NEGATIVE ION MODE","metabolite_name":"GALACTURONIC ACID (CAS# 91510-62-2); (M-H)-","refmet_name":"Galacturonic acid"},"93":{"study_id":"ST000698","analysis_id":"AN001083","analysis_summary":"Reversed phase NEGATIVE ION MODE","metabolite_name":"GAMMA-BUTYROLACTONE (CAS# 96-48-0); (M+HCOO)-","refmet_name":"gamma-Butyrolactone"},"94":{"study_id":"ST000698","analysis_id":"AN001083","analysis_summary":"Reversed phase NEGATIVE ION MODE","metabolite_name":"GAMMA-LINOLENIC ACID (CAS# 506-26-3); (M+HCOO)-","refmet_name":"gamma-Linolenic acid"},"95":{"study_id":"ST000698","analysis_id":"AN001083","analysis_summary":"Reversed phase NEGATIVE ION MODE","metabolite_name":"GDPMANNOSE (CAS# ); (M-H)-","refmet_name":"GDP-mannose"},"96":{"study_id":"ST000698","analysis_id":"AN001083","analysis_summary":"Reversed phase NEGATIVE ION MODE","metabolite_name":"GIBBERELLIC ACID [ISTD] (CAS# 77-06-5); (2M-H)-","refmet_name":"Gibberellin A3"},"97":{"study_id":"ST000698","analysis_id":"AN001083","analysis_summary":"Reversed phase NEGATIVE ION MODE","metabolite_name":"GIBBERELLIC ACID [ISTD] (CAS# 77-06-5); (M+CL)-","refmet_name":"Gibberellin A3"},"98":{"study_id":"ST000698","analysis_id":"AN001083","analysis_summary":"Reversed phase NEGATIVE ION MODE","metabolite_name":"GIBBERELLIC ACID [ISTD] (CAS# 77-06-5); (M-H)-","refmet_name":"Gibberellin A3"},"99":{"study_id":"ST000698","analysis_id":"AN001083","analysis_summary":"Reversed phase NEGATIVE ION MODE","metabolite_name":"GLUCARIC ACID (CAS# 87-73-0); (M-H)+[-H2O]","refmet_name":"Glucaric acid"},"100":{"study_id":"ST000698","analysis_id":"AN001083","analysis_summary":"Reversed phase NEGATIVE ION MODE","metabolite_name":"GLUCONIC ACID (CAS# 526-95-4); (M-H)-","refmet_name":"Gluconic acid"},"101":{"study_id":"ST000698","analysis_id":"AN001083","analysis_summary":"Reversed phase NEGATIVE ION MODE","metabolite_name":"GLUCOSE 1-PHOSPHATE (CAS# 59-56-3); (M-H)-","refmet_name":"Glucose 1-phosphate"},"102":{"study_id":"ST000698","analysis_id":"AN001083","analysis_summary":"Reversed phase NEGATIVE ION MODE","metabolite_name":"GLUCOSE (CAS# 50-99-7); (2M+CL)-[-H2O]","refmet_name":"Glucose"},"103":{"study_id":"ST000698","analysis_id":"AN001083","analysis_summary":"Reversed phase NEGATIVE ION MODE","metabolite_name":"GLUCOSE (CAS# 50-99-7); (M+CL)-","refmet_name":"Glucose"},"104":{"study_id":"ST000698","analysis_id":"AN001083","analysis_summary":"Reversed phase NEGATIVE ION MODE","metabolite_name":"GLUCURONIC ACID (CAS# 6556-12-3); (M+CL)-","refmet_name":"Glucuronic acid"},"105":{"study_id":"ST000698","analysis_id":"AN001083","analysis_summary":"Reversed phase NEGATIVE ION MODE","metabolite_name":"GLUCURONIC ACID (CAS# 6556-12-3); (M-H)-","refmet_name":"Glucuronic acid"},"106":{"study_id":"ST000698","analysis_id":"AN001083","analysis_summary":"Reversed phase NEGATIVE ION MODE","metabolite_name":"GLUTAMATE (CAS# 56-86-0); (M-H)-","refmet_name":"Glutamic acid"},"107":{"study_id":"ST000698","analysis_id":"AN001083","analysis_summary":"Reversed phase NEGATIVE ION MODE","metabolite_name":"GLUTAMINE (CAS# 56-85-9); (M-H)-","refmet_name":"Glutamine"},"108":{"study_id":"ST000698","analysis_id":"AN001083","analysis_summary":"Reversed phase NEGATIVE ION MODE","metabolite_name":"GLUTARATE (CAS# 110-94-1); (M-H)-","refmet_name":"Glutaric acid"},"109":{"study_id":"ST000698","analysis_id":"AN001083","analysis_summary":"Reversed phase NEGATIVE ION MODE","metabolite_name":"GLUTATHIONE (CAS# 27025-41-8); (M-H)-","refmet_name":"Glutathione"},"110":{"study_id":"ST000698","analysis_id":"AN001083","analysis_summary":"Reversed phase NEGATIVE ION MODE","metabolite_name":"GLYCERALDEHYDE (CAS# 367-47-5); (2M-H)-[-H2O]","refmet_name":"Glyceraldehyde"},"111":{"study_id":"ST000698","analysis_id":"AN001083","analysis_summary":"Reversed phase NEGATIVE ION MODE","metabolite_name":"GLYCEROL 2-PHOSPHATE (CAS# ); (M-H)-","refmet_name":"sn-Glycero-2-phosphate"},"112":{"study_id":"ST000698","analysis_id":"AN001083","analysis_summary":"Reversed phase NEGATIVE ION MODE","metabolite_name":"GUANOSINE 5'-DIPHOSPHO-BETA-L-FUCOSE (CAS# 0); (M-H)-","refmet_name":""},"113":{"study_id":"ST000698","analysis_id":"AN001083","analysis_summary":"Reversed phase NEGATIVE ION MODE","metabolite_name":"GUANOSINE 5'-PHOSPHATE (CAS# 85-32-5); (M-H)-","refmet_name":"GMP"},"114":{"study_id":"ST000698","analysis_id":"AN001083","analysis_summary":"Reversed phase NEGATIVE ION MODE","metabolite_name":"GUANOSINE (CAS# 118-00-3); (M+CL)-","refmet_name":"Guanosine"},"115":{"study_id":"ST000698","analysis_id":"AN001083","analysis_summary":"Reversed phase NEGATIVE ION MODE","metabolite_name":"GUANOSINE (CAS# 118-00-3); (M-H)-","refmet_name":"Guanosine"},"116":{"study_id":"ST000698","analysis_id":"AN001083","analysis_summary":"Reversed phase NEGATIVE ION MODE","metabolite_name":"HEPTADECANOATE (CAS# 506-12-7); (M-H)-","refmet_name":"Margaric acid"},"117":{"study_id":"ST000698","analysis_id":"AN001083","analysis_summary":"Reversed phase NEGATIVE ION MODE","metabolite_name":"HIPPURATE (CAS# 495-69-2); (M-H)-","refmet_name":"Hippuric acid"},"118":{"study_id":"ST000698","analysis_id":"AN001083","analysis_summary":"Reversed phase NEGATIVE ION MODE","metabolite_name":"HOMOCYSTEINE (CAS# 454-29-5); (M-H)-","refmet_name":"Homocysteine"},"119":{"study_id":"ST000698","analysis_id":"AN001083","analysis_summary":"Reversed phase NEGATIVE ION MODE","metabolite_name":"HOMOVANILLATE (CAS# 306-08-1); (M-H)-","refmet_name":"Homovanillic acid"},"120":{"study_id":"ST000698","analysis_id":"AN001083","analysis_summary":"Reversed phase NEGATIVE ION MODE","metabolite_name":"HYODEOXYCHOLATE (CAS# 83-49-8); (M-H)-","refmet_name":"Hyodeoxycholic acid"},"121":{"study_id":"ST000698","analysis_id":"AN001083","analysis_summary":"Reversed phase NEGATIVE ION MODE","metabolite_name":"INOSINE 5'-PHOSPHATE (CAS# 131-99-7); (M-H)-","refmet_name":"IMP"},"122":{"study_id":"ST000698","analysis_id":"AN001083","analysis_summary":"Reversed phase NEGATIVE ION MODE","metabolite_name":"INOSINE (CAS# 58-63-9); (M-H)-","refmet_name":"Inosine"},"123":{"study_id":"ST000698","analysis_id":"AN001083","analysis_summary":"Reversed phase NEGATIVE ION MODE","metabolite_name":"ISOCITRATE (CAS# 320-77-4); (M-H)-","refmet_name":"Isocitric acid"},"124":{"study_id":"ST000698","analysis_id":"AN001083","analysis_summary":"Reversed phase NEGATIVE ION MODE","metabolite_name":"ISOLEUCINE (CAS# 73-32-5); (M-H)-","refmet_name":"Isoleucine"},"125":{"study_id":"ST000698","analysis_id":"AN001083","analysis_summary":"Reversed phase NEGATIVE ION MODE","metabolite_name":"L-[15N]ANTHRANILIC ACID [ISTD] (CAS# ); (M-H)-","refmet_name":"2-Aminobenzoic acid"},"126":{"study_id":"ST000698","analysis_id":"AN001083","analysis_summary":"Reversed phase NEGATIVE ION MODE","metabolite_name":"LACTOSE (CAS# 63-42-3); (M+CL)-","refmet_name":"Lactose"},"127":{"study_id":"ST000698","analysis_id":"AN001083","analysis_summary":"Reversed phase NEGATIVE ION MODE","metabolite_name":"L-ARGININE (CAS# 74-79-3); (M-H)-","refmet_name":"Arginine"},"128":{"study_id":"ST000698","analysis_id":"AN001083","analysis_summary":"Reversed phase NEGATIVE ION MODE","metabolite_name":"LAURIC ACID (CAS# 143-07-7); (M-H)-","refmet_name":"Lauric acid"},"129":{"study_id":"ST000698","analysis_id":"AN001083","analysis_summary":"Reversed phase NEGATIVE ION MODE","metabolite_name":"LEUCINE (CAS# 328-39-2); (M-H)-","refmet_name":"Leucine"},"130":{"study_id":"ST000698","analysis_id":"AN001083","analysis_summary":"Reversed phase NEGATIVE ION MODE","metabolite_name":"L-GULONATE (CAS# 6322-07-2); (M-H)-","refmet_name":"Gulonic acid"},"131":{"study_id":"ST000698","analysis_id":"AN001083","analysis_summary":"Reversed phase NEGATIVE ION MODE","metabolite_name":"L-GULONATE (CAS# 6322-07-2); (M-H)+[-H2O]","refmet_name":"Gulonic acid"},"132":{"study_id":"ST000698","analysis_id":"AN001083","analysis_summary":"Reversed phase NEGATIVE ION MODE","metabolite_name":"L-HISTIDINE (CAS# 71-00-1); (M-H)-","refmet_name":"Histidine"},"133":{"study_id":"ST000698","analysis_id":"AN001083","analysis_summary":"Reversed phase NEGATIVE ION MODE","metabolite_name":"LIGNOCERIC ACID (CAS# 557-59-5); (M-H)-","refmet_name":"Lignoceric acid"},"134":{"study_id":"ST000698","analysis_id":"AN001083","analysis_summary":"Reversed phase NEGATIVE ION MODE","metabolite_name":"LINOLEATE (CAS# 60-33-3); (M-H)-","refmet_name":"Linoleic acid"},"135":{"study_id":"ST000698","analysis_id":"AN001083","analysis_summary":"Reversed phase NEGATIVE ION MODE","metabolite_name":"L-METHIONINE SULFOXIMINE (CAS# 15985-39-4); (M-H)-","refmet_name":"Methionine sulfoximine"},"136":{"study_id":"ST000698","analysis_id":"AN001083","analysis_summary":"Reversed phase NEGATIVE ION MODE","metabolite_name":"L-TRYPTOPHAN-15N2 [ISTD] (CAS# ); (M-H)-","refmet_name":"Tryptophan"},"137":{"study_id":"ST000698","analysis_id":"AN001083","analysis_summary":"Reversed phase NEGATIVE ION MODE","metabolite_name":"LYSINE (CAS# 56-87-1); (M-H)-","refmet_name":"Lysine"},"138":{"study_id":"ST000698","analysis_id":"AN001083","analysis_summary":"Reversed phase NEGATIVE ION MODE","metabolite_name":"MALATE (CAS# 97-67-6); (M-H)-","refmet_name":"Malic acid"},"139":{"study_id":"ST000698","analysis_id":"AN001083","analysis_summary":"Reversed phase NEGATIVE ION MODE","metabolite_name":"MALATE (CAS# 97-67-6); (M-H)+[-H2O]","refmet_name":"Malic acid"},"140":{"study_id":"ST000698","analysis_id":"AN001083","analysis_summary":"Reversed phase NEGATIVE ION MODE","metabolite_name":"MALEIC ACID (CAS# 110-16-7); (M-H)-","refmet_name":"Maleic acid"},"141":{"study_id":"ST000698","analysis_id":"AN001083","analysis_summary":"Reversed phase NEGATIVE ION MODE","metabolite_name":"MALTOSE (CAS# 69-79-4); (M+CL)-","refmet_name":"Maltose"},"142":{"study_id":"ST000698","analysis_id":"AN001083","analysis_summary":"Reversed phase NEGATIVE ION MODE","metabolite_name":"MALTOSE (CAS# 69-79-4); (M+HCOO)-","refmet_name":"Maltose"},"143":{"study_id":"ST000698","analysis_id":"AN001083","analysis_summary":"Reversed phase NEGATIVE ION MODE","metabolite_name":"MANNOSE-6-PHOSPHATE (CAS# 3672-15-9); (M-H)-","refmet_name":"Mannose 6-phosphate"},"144":{"study_id":"ST000698","analysis_id":"AN001083","analysis_summary":"Reversed phase NEGATIVE ION MODE","metabolite_name":"MELIBIOSE (CAS# 585-99-9); (M+CL)-","refmet_name":"Melibiose"},"145":{"study_id":"ST000698","analysis_id":"AN001083","analysis_summary":"Reversed phase NEGATIVE ION MODE","metabolite_name":"MELIBIOSE (CAS# 585-99-9); (M+HCOO)-","refmet_name":"Melibiose"},"146":{"study_id":"ST000698","analysis_id":"AN001083","analysis_summary":"Reversed phase NEGATIVE ION MODE","metabolite_name":"METHIONINE (CAS# 63-68-3); (M-H)-","refmet_name":"Methionine"},"147":{"study_id":"ST000698","analysis_id":"AN001083","analysis_summary":"Reversed phase NEGATIVE ION MODE","metabolite_name":"METHYL BETA-D-GALACTOSIDE (CAS# 1824-94-8); (M+CL)-","refmet_name":"Methyl beta-D-galactoside"},"148":{"study_id":"ST000698","analysis_id":"AN001083","analysis_summary":"Reversed phase NEGATIVE ION MODE","metabolite_name":"METHYL BETA-D-GALACTOSIDE (CAS# 1824-94-8); (M+HCOO)-","refmet_name":"Methyl beta-D-galactoside"},"149":{"study_id":"ST000698","analysis_id":"AN001083","analysis_summary":"Reversed phase NEGATIVE ION MODE","metabolite_name":"METHYLMALONATE (CAS# 516-05-2); (M-H)-","refmet_name":"Methylmalonic acid"},"150":{"study_id":"ST000698","analysis_id":"AN001083","analysis_summary":"Reversed phase NEGATIVE ION MODE","metabolite_name":"MONO-METHYL GLUTARATE (CAS# 1501-27-5); (M-H)-","refmet_name":"Monomethyl glutaric acid"},"151":{"study_id":"ST000698","analysis_id":"AN001083","analysis_summary":"Reversed phase NEGATIVE ION MODE","metabolite_name":"MYRISTIC ACID (CAS# 544-63-8); (M-H)-","refmet_name":"Myristic acid"},"152":{"study_id":"ST000698","analysis_id":"AN001083","analysis_summary":"Reversed phase NEGATIVE ION MODE","metabolite_name":"MYRISTOLEIC ACID (CAS# 544-64-9); (M-H)-","refmet_name":"Myristoleic acid"},"153":{"study_id":"ST000698","analysis_id":"AN001083","analysis_summary":"Reversed phase NEGATIVE ION MODE","metabolite_name":"N-ACETYL-D-GLUCOSAMINE (CAS# 7512-17-6); (M+CL)-","refmet_name":"N-Acetyl-D-glucosamine"},"154":{"study_id":"ST000698","analysis_id":"AN001083","analysis_summary":"Reversed phase NEGATIVE ION MODE","metabolite_name":"N-ACETYL-DL-GLUTAMIC ACID (CAS# 5817-08-3); (M-H)-","refmet_name":"N-Acetylglutamic acid"},"155":{"study_id":"ST000698","analysis_id":"AN001083","analysis_summary":"Reversed phase NEGATIVE ION MODE","metabolite_name":"N-ACETYL-DL-METHIONINE (CAS# 1115-47-5); (M-H)-","refmet_name":"N-Acetylmethionine"},"156":{"study_id":"ST000698","analysis_id":"AN001083","analysis_summary":"Reversed phase NEGATIVE ION MODE","metabolite_name":"N-ACETYL-DL-SERINE (CAS# 97-14-3); (M-H)-","refmet_name":"N-Acetylserine"},"157":{"study_id":"ST000698","analysis_id":"AN001083","analysis_summary":"Reversed phase NEGATIVE ION MODE","metabolite_name":"N-ACETYL-D-MANNOSAMINE (CAS# 3615-17-6); (M+CL)-","refmet_name":"N-Acetyl-mannosamine"},"158":{"study_id":"ST000698","analysis_id":"AN001083","analysis_summary":"Reversed phase NEGATIVE ION MODE","metabolite_name":"N-ACETYLGALACTOSAMINE (CAS# 1811-31-0); (M+CL)-","refmet_name":"N-Acetyl-D-galactosamine"},"159":{"study_id":"ST000698","analysis_id":"AN001083","analysis_summary":"Reversed phase NEGATIVE ION MODE","metabolite_name":"N-ACETYL-L-ALANINE (CAS# 97-69-8); (M-H)-","refmet_name":"N-Acetylalanine"},"160":{"study_id":"ST000698","analysis_id":"AN001083","analysis_summary":"Reversed phase NEGATIVE ION MODE","metabolite_name":"N-ACETYL-L-ASPARTIC ACID (CAS# 997-55-7); (M-H)-","refmet_name":"N-Acetylaspartic acid"},"161":{"study_id":"ST000698","analysis_id":"AN001083","analysis_summary":"Reversed phase NEGATIVE ION MODE","metabolite_name":"N-ACETYLNEURAMINATE (CAS# 131-48-6); (M-H)-","refmet_name":"N-Acetylneuraminic acid"},"162":{"study_id":"ST000698","analysis_id":"AN001083","analysis_summary":"Reversed phase NEGATIVE ION MODE","metabolite_name":"NAD (CAS# 53-84-9); (M-H)-","refmet_name":"NAD+"},"163":{"study_id":"ST000698","analysis_id":"AN001083","analysis_summary":"Reversed phase NEGATIVE ION MODE","metabolite_name":"N-AMIDINO-L-ASPARTATE (CAS# 6133-30-8); (M+CL)-","refmet_name":"Guanidinosuccinic acid"},"164":{"study_id":"ST000698","analysis_id":"AN001083","analysis_summary":"Reversed phase NEGATIVE ION MODE","metabolite_name":"NERVONIC ACID (CAS# 506-37-6); (M-H)-","refmet_name":"Nervonic acid"},"165":{"study_id":"ST000698","analysis_id":"AN001083","analysis_summary":"Reversed phase NEGATIVE ION MODE","metabolite_name":"N-METHYL-D-ASPARTIC ACID (CAS# 6384-92-5); (M-H)-","refmet_name":"N-Methyl-D-aspartic acid"},"166":{"study_id":"ST000698","analysis_id":"AN001083","analysis_summary":"Reversed phase NEGATIVE ION MODE","metabolite_name":"NORLEUCINE (CAS# 327-57-1); (M-H)-","refmet_name":"Norleucine"},"167":{"study_id":"ST000698","analysis_id":"AN001083","analysis_summary":"Reversed phase NEGATIVE ION MODE","metabolite_name":"OLEIC ACID (CAS# 112-80-1); (M-H)-","refmet_name":"Oleic acid"},"168":{"study_id":"ST000698","analysis_id":"AN001083","analysis_summary":"Reversed phase NEGATIVE ION MODE","metabolite_name":"OPHTHALMIC ACID (CAS# 495-27-2); (M-H)-","refmet_name":"Ophthalmic acid"},"169":{"study_id":"ST000698","analysis_id":"AN001083","analysis_summary":"Reversed phase NEGATIVE ION MODE","metabolite_name":"OXIDIZED GLUTATHIONE (CAS# 27025-41-8); (M-H)-","refmet_name":"Oxidized glutathione"},"170":{"study_id":"ST000698","analysis_id":"AN001083","analysis_summary":"Reversed phase NEGATIVE ION MODE","metabolite_name":"PALATINOSE (CAS# 343336-76-5); (M+CL)-","refmet_name":"Palatinose"},"171":{"study_id":"ST000698","analysis_id":"AN001083","analysis_summary":"Reversed phase NEGATIVE ION MODE","metabolite_name":"PALATINOSE (CAS# 343336-76-5); (M+HCOO)-","refmet_name":"Palatinose"},"172":{"study_id":"ST000698","analysis_id":"AN001083","analysis_summary":"Reversed phase NEGATIVE ION MODE","metabolite_name":"PALMITATE (CAS# 57-10-3); (M-H)-","refmet_name":"Palmitic acid"},"173":{"study_id":"ST000698","analysis_id":"AN001083","analysis_summary":"Reversed phase NEGATIVE ION MODE","metabolite_name":"PALMITOLEIC ACID (CAS# 373-49-9); (M-H)-","refmet_name":"Palmitoleic acid"},"174":{"study_id":"ST000698","analysis_id":"AN001083","analysis_summary":"Reversed phase NEGATIVE ION MODE","metabolite_name":"PANTOTHENATE (CAS# 79-83-4); (M+CL)-","refmet_name":"Pantothenic acid"},"175":{"study_id":"ST000698","analysis_id":"AN001083","analysis_summary":"Reversed phase NEGATIVE ION MODE","metabolite_name":"PANTOTHENATE (CAS# 79-83-4); (M-H)-","refmet_name":"Pantothenic acid"},"176":{"study_id":"ST000698","analysis_id":"AN001083","analysis_summary":"Reversed phase NEGATIVE ION MODE","metabolite_name":"PHENYL ACETATE (CAS# 122-79-2); (M+HCOO)-","refmet_name":"Phenylacetic acid"},"177":{"study_id":"ST000698","analysis_id":"AN001083","analysis_summary":"Reversed phase NEGATIVE ION MODE","metabolite_name":"PHENYLACETIC ACID (CAS# 103-82-2); (M+HCOO)-","refmet_name":"Phenylacetic acid"},"178":{"study_id":"ST000698","analysis_id":"AN001083","analysis_summary":"Reversed phase NEGATIVE ION MODE","metabolite_name":"PHENYLALANINE (CAS# 63-91-2); (M-H)-","refmet_name":"Phenylalanine"},"179":{"study_id":"ST000698","analysis_id":"AN001083","analysis_summary":"Reversed phase NEGATIVE ION MODE","metabolite_name":"PHOSPHOCREATINE (CAS# 67-07-2); (M-H)-","refmet_name":"Phosphocreatine"},"180":{"study_id":"ST000698","analysis_id":"AN001083","analysis_summary":"Reversed phase NEGATIVE ION MODE","metabolite_name":"PHTHALATE (CAS# 88-99-3); (M-H)-","refmet_name":"Phthalic acid"},"181":{"study_id":"ST000698","analysis_id":"AN001083","analysis_summary":"Reversed phase NEGATIVE ION MODE","metabolite_name":"PHYTANATE (CAS# 14721-66-5); (M-H)-","refmet_name":"Phytanic acid"},"182":{"study_id":"ST000698","analysis_id":"AN001083","analysis_summary":"Reversed phase NEGATIVE ION MODE","metabolite_name":"PINITOL (CAS# 10284-63-6); (M+CL)-","refmet_name":"Pinitol"},"183":{"study_id":"ST000698","analysis_id":"AN001083","analysis_summary":"Reversed phase NEGATIVE ION MODE","metabolite_name":"PURINE (CAS# 120-73-0); (M-H)-","refmet_name":"Purine"},"184":{"study_id":"ST000698","analysis_id":"AN001083","analysis_summary":"Reversed phase NEGATIVE ION MODE","metabolite_name":"PYRIDOXAL PHOSPHATE (CAS# 853645-22-4); (M-H)-","refmet_name":"Pyridoxal 5'-phosphate"},"185":{"study_id":"ST000698","analysis_id":"AN001083","analysis_summary":"Reversed phase NEGATIVE ION MODE","metabolite_name":"RAFFINOSE (CAS# 512-69-6); (M+CL)-","refmet_name":"Raffinose"},"186":{"study_id":"ST000698","analysis_id":"AN001083","analysis_summary":"Reversed phase NEGATIVE ION MODE","metabolite_name":"RAFFINOSE (CAS# 512-69-6); (M+HCOO)-","refmet_name":"Raffinose"},"187":{"study_id":"ST000698","analysis_id":"AN001083","analysis_summary":"Reversed phase NEGATIVE ION MODE","metabolite_name":"RIBITOL (CAS# 488-81-3); (M+CL)-","refmet_name":"Ribitol"},"188":{"study_id":"ST000698","analysis_id":"AN001083","analysis_summary":"Reversed phase NEGATIVE ION MODE","metabolite_name":"RIBOFLAVIN (CAS# 83-88-5); (M-H)-","refmet_name":"Riboflavin"},"189":{"study_id":"ST000698","analysis_id":"AN001083","analysis_summary":"Reversed phase NEGATIVE ION MODE","metabolite_name":"RIBOFLAVIN (CAS# 83-88-5); (M+HCOO)-","refmet_name":"Riboflavin"},"190":{"study_id":"ST000698","analysis_id":"AN001083","analysis_summary":"Reversed phase NEGATIVE ION MODE","metabolite_name":"RIBOSE 5-PHOSPHATE (CAS# 4300-28-1); (M-H)-","refmet_name":"Ribose 5-phosphate"},"191":{"study_id":"ST000698","analysis_id":"AN001083","analysis_summary":"Reversed phase NEGATIVE ION MODE","metabolite_name":"RIBOSE (CAS# 50-69-1); (M+CL)-","refmet_name":"Ribose"},"192":{"study_id":"ST000698","analysis_id":"AN001083","analysis_summary":"Reversed phase NEGATIVE ION MODE","metabolite_name":"(S)-2-AMINO-3-(3-HYDOXY-4-OXO-4H-PYRIDIN-1-YL)PROPANOATE OR L-MIMOSINE (CAS# 500-44-7); (M-H)-","refmet_name":"Mimosine"},"193":{"study_id":"ST000698","analysis_id":"AN001083","analysis_summary":"Reversed phase NEGATIVE ION MODE","metabolite_name":"(S)-3-METHYL-2-OXOPENTANOATE (CAS# 1460-34-0); (M-H)-","refmet_name":"3-Methyl-2-oxovaleric acid"},"194":{"study_id":"ST000698","analysis_id":"AN001083","analysis_summary":"Reversed phase NEGATIVE ION MODE","metabolite_name":"SALICYLATE (CAS# 69-72-7); (M-H)-","refmet_name":"Salicylic acid"},"195":{"study_id":"ST000698","analysis_id":"AN001083","analysis_summary":"Reversed phase NEGATIVE ION MODE","metabolite_name":"SEBACIC ACID (CAS# 111-20-6); (M-H)-","refmet_name":"Sebacic acid"},"196":{"study_id":"ST000698","analysis_id":"AN001083","analysis_summary":"Reversed phase NEGATIVE ION MODE","metabolite_name":"SERINE (CAS# 56-45-1); (M-H)-","refmet_name":"Serine"},"197":{"study_id":"ST000698","analysis_id":"AN001083","analysis_summary":"Reversed phase NEGATIVE ION MODE","metabolite_name":"SN-GLYCERO-3-PHOSPHOCHOLINE (CAS# 28319-77-9); (M+CL)-","refmet_name":"sn-Glycero-3-phosphocholine"},"198":{"study_id":"ST000698","analysis_id":"AN001083","analysis_summary":"Reversed phase NEGATIVE ION MODE","metabolite_name":"SN-GLYCERO-3-PHOSPHOCHOLINE (CAS# 28319-77-9); (M+HCOO)-","refmet_name":"sn-Glycero-3-phosphocholine"},"199":{"study_id":"ST000698","analysis_id":"AN001083","analysis_summary":"Reversed phase NEGATIVE ION MODE","metabolite_name":"STACHYOSE (CAS# 54261-98-2); (M+CL)-","refmet_name":"Stachyose"},"200":{"study_id":"ST000698","analysis_id":"AN001083","analysis_summary":"Reversed phase NEGATIVE ION MODE","metabolite_name":"STEARATE (CAS# 57-11-4); (M-H)-","refmet_name":"Stearic acid"},"201":{"study_id":"ST000698","analysis_id":"AN001083","analysis_summary":"Reversed phase NEGATIVE ION MODE","metabolite_name":"SUBERIC ACID (CAS# 505-48-6); (M-H)-","refmet_name":"Suberic acid"},"202":{"study_id":"ST000698","analysis_id":"AN001083","analysis_summary":"Reversed phase NEGATIVE ION MODE","metabolite_name":"SUCCINATE (CAS# 110-15-6); (M-H)-","refmet_name":"Succinic acid"},"203":{"study_id":"ST000698","analysis_id":"AN001083","analysis_summary":"Reversed phase NEGATIVE ION MODE","metabolite_name":"SUCROSE (CAS# 57-50-1); (M+CL)-","refmet_name":"Sucrose"},"204":{"study_id":"ST000698","analysis_id":"AN001083","analysis_summary":"Reversed phase NEGATIVE ION MODE","metabolite_name":"SUCROSE (CAS# 57-50-1); (M+HCOO)-","refmet_name":"Sucrose"},"205":{"study_id":"ST000698","analysis_id":"AN001083","analysis_summary":"Reversed phase NEGATIVE ION MODE","metabolite_name":"TAURINE (CAS# 107-35-7); (M-H)-","refmet_name":"Taurine"},"206":{"study_id":"ST000698","analysis_id":"AN001083","analysis_summary":"Reversed phase NEGATIVE ION MODE","metabolite_name":"THREONINE (CAS# 72-19-5); (M+HCOO)-[-H2O]","refmet_name":"Threonine"},"207":{"study_id":"ST000698","analysis_id":"AN001083","analysis_summary":"Reversed phase NEGATIVE ION MODE","metabolite_name":"TRANS-4-HYDROXYPROLINE (CAS# 51-35-4); (M-H)-","refmet_name":"trans-4-Hydroxyproline"},"208":{"study_id":"ST000698","analysis_id":"AN001083","analysis_summary":"Reversed phase NEGATIVE ION MODE","metabolite_name":"TRANS-ACONITATE (CAS# 4023-65-8); (M-H)-","refmet_name":"trans-Aconitic acid"},"209":{"study_id":"ST000698","analysis_id":"AN001083","analysis_summary":"Reversed phase NEGATIVE ION MODE","metabolite_name":"TRANS-VACCENIC ACID (CAS# 693-72-1); (M-H)-","refmet_name":"trans-Vaccenic acid"},"210":{"study_id":"ST000698","analysis_id":"AN001083","analysis_summary":"Reversed phase NEGATIVE ION MODE","metabolite_name":"TRICARBALLYLIC ACID (CAS# 99-14-9); (M-H)-","refmet_name":"1,2,3-Propanetricarboxylic acid"},"211":{"study_id":"ST000698","analysis_id":"AN001083","analysis_summary":"Reversed phase NEGATIVE ION MODE","metabolite_name":"TYROSINE (CAS# 60-18-4); (M-H)-","refmet_name":"Tyrosine"},"212":{"study_id":"ST000698","analysis_id":"AN001083","analysis_summary":"Reversed phase NEGATIVE ION MODE","metabolite_name":"UDP-GALACTOSE (CAS# 2956-16-3); (M-H)-","refmet_name":"UDP-galactose"},"213":{"study_id":"ST000698","analysis_id":"AN001083","analysis_summary":"Reversed phase NEGATIVE ION MODE","metabolite_name":"UDP-GLUCOSE (CAS# 133-89-1); (M-H)-","refmet_name":"UDP-glucose"},"214":{"study_id":"ST000698","analysis_id":"AN001083","analysis_summary":"Reversed phase NEGATIVE ION MODE","metabolite_name":"UDP-N-ACETYL-D-GALACTOSAMINE (CAS# ); (M-H)-","refmet_name":"UDP-N-acetylgalactosamine"},"215":{"study_id":"ST000698","analysis_id":"AN001083","analysis_summary":"Reversed phase NEGATIVE ION MODE","metabolite_name":"UDP-N-ACETYL-D-GALACTOSAMINE (CAS# ); (M-H)+[-H2O]","refmet_name":"UDP-N-acetylgalactosamine"},"216":{"study_id":"ST000698","analysis_id":"AN001083","analysis_summary":"Reversed phase NEGATIVE ION MODE","metabolite_name":"UDP-N-ACETYL-D-GLUCOSAMINE (CAS# 528-04-1); (M-H)-","refmet_name":"UDP-N-acetylglucosamine"},"217":{"study_id":"ST000698","analysis_id":"AN001083","analysis_summary":"Reversed phase NEGATIVE ION MODE","metabolite_name":"URIDINE-5-MONOPHOSPHATE (CAS# 58-97-9); (M-H)-","refmet_name":"UMP"},"218":{"study_id":"ST000698","analysis_id":"AN001083","analysis_summary":"Reversed phase NEGATIVE ION MODE","metabolite_name":"URIDINE (CAS# 58-96-8); (M+CL)-","refmet_name":"Uridine"},"219":{"study_id":"ST000698","analysis_id":"AN001083","analysis_summary":"Reversed phase NEGATIVE ION MODE","metabolite_name":"URIDINE (CAS# 58-96-8); (M-H)-","refmet_name":"Uridine"},"220":{"study_id":"ST000698","analysis_id":"AN001083","analysis_summary":"Reversed phase NEGATIVE ION MODE","metabolite_name":"URIDINE (CAS# 58-96-8); (M+HCOO)-","refmet_name":"Uridine"},"221":{"study_id":"ST000698","analysis_id":"AN001083","analysis_summary":"Reversed phase NEGATIVE ION MODE","metabolite_name":"VALINE (CAS# 72-18-4); (M-H)-","refmet_name":"Valine"},"222":{"study_id":"ST000698","analysis_id":"AN001083","analysis_summary":"Reversed phase NEGATIVE ION MODE","metabolite_name":"XANTHINE (CAS# 69-89-6); (M-H)-","refmet_name":"Xanthine"},"223":{"study_id":"ST000698","analysis_id":"AN001083","analysis_summary":"Reversed phase NEGATIVE ION MODE","metabolite_name":"XANTHOSINE (CAS# 146-80-5); (M-H)-","refmet_name":"Xanthosine"},"224":{"study_id":"ST000698","analysis_id":"AN001083","analysis_summary":"Reversed phase NEGATIVE ION MODE","metabolite_name":"XYLOSE (CAS# 58-86-6); (M+HCOO)-","refmet_name":"Xylose"},"225":{"study_id":"ST000698","analysis_id":"AN001083","analysis_summary":"Reversed phase NEGATIVE ION MODE","metabolite_name":"ZEATIN [ISTD] (CAS# 13114-27-7); (M+CL)-","refmet_name":"trans-Zeatin"},"226":{"study_id":"ST000698","analysis_id":"AN001083","analysis_summary":"Reversed phase NEGATIVE ION MODE","metabolite_name":"ZEATIN [ISTD] (CAS# 13114-27-7); (M-H)-","refmet_name":"trans-Zeatin"},"227":{"study_id":"ST000698","analysis_id":"AN001084","analysis_summary":"Reversed phase POSITIVE ION MODE","metabolite_name":"1-(5'-PHOSPHORIBOSYL)-5-AMINO-4-IMIDAZOLECARBOXAMIDE (CAS# 3031-94-5); (M+H)+","refmet_name":"AICAR"},"228":{"study_id":"ST000698","analysis_id":"AN001084","analysis_summary":"Reversed phase POSITIVE ION MODE","metabolite_name":"16:0-18:0 PC (CAS# 59403-51-9); (M+H)+","refmet_name":"PC 16:0_18:0"},"229":{"study_id":"ST000698","analysis_id":"AN001084","analysis_summary":"Reversed phase POSITIVE ION MODE","metabolite_name":"16:0-18:0 PC (CAS# 59403-51-9); (M+NA)+","refmet_name":"PC 16:0_18:0"},"230":{"study_id":"ST000698","analysis_id":"AN001084","analysis_summary":"Reversed phase POSITIVE ION MODE","metabolite_name":"16:0 LYSO PC (CAS# 17364-16-8); (M+H)+","refmet_name":"LPC 16:0"},"231":{"study_id":"ST000698","analysis_id":"AN001084","analysis_summary":"Reversed phase POSITIVE ION MODE","metabolite_name":"16:0 LYSO PC (CAS# 17364-16-8); (M+NA)+","refmet_name":"LPC 16:0"},"232":{"study_id":"ST000698","analysis_id":"AN001084","analysis_summary":"Reversed phase POSITIVE ION MODE","metabolite_name":"18:0 LYSO-PE (CAS# 69747-55-3); (M+NA)+","refmet_name":"LPE 18:0"},"233":{"study_id":"ST000698","analysis_id":"AN001084","analysis_summary":"Reversed phase POSITIVE ION MODE","metabolite_name":"1-AMINOCYCLOPROPANE-1-CARBOXYLATE (CAS# 22059-21-8); (M+H)+","refmet_name":"1-Aminocyclopropanecarboxylic acid"},"234":{"study_id":"ST000698","analysis_id":"AN001084","analysis_summary":"Reversed phase POSITIVE ION MODE","metabolite_name":"1-METHYLADENOSINE (CAS# 15763-06-1); (M+H)+","refmet_name":"1-Methyladenosine"},"235":{"study_id":"ST000698","analysis_id":"AN001084","analysis_summary":"Reversed phase POSITIVE ION MODE","metabolite_name":"1-METHYLNICOTINAMIDE (CAS# ); M+","refmet_name":"1-Methyl nicotinamide"},"236":{"study_id":"ST000698","analysis_id":"AN001084","analysis_summary":"Reversed phase POSITIVE ION MODE","metabolite_name":"1-METHYLXANTHINE (CAS# 6136-37-4); (M+H)+","refmet_name":"1-Methylxanthine"},"237":{"study_id":"ST000698","analysis_id":"AN001084","analysis_summary":"Reversed phase POSITIVE ION MODE","metabolite_name":"1-METHYLXANTHINE (CAS# 6136-37-4); (M+NA)+","refmet_name":"1-Methylxanthine"},"238":{"study_id":"ST000698","analysis_id":"AN001084","analysis_summary":"Reversed phase POSITIVE ION MODE","metabolite_name":"1-OLEOYL-RAC-GLYCEROL (CAS# 111-03-5); (M+NA)+","refmet_name":"MG 18:1"},"239":{"study_id":"ST000698","analysis_id":"AN001084","analysis_summary":"Reversed phase POSITIVE ION MODE","metabolite_name":"20:0 LYSO PC (CAS# 108341-80-6); (M+H)+","refmet_name":"LPC 20:0"},"240":{"study_id":"ST000698","analysis_id":"AN001084","analysis_summary":"Reversed phase POSITIVE ION MODE","metabolite_name":"24:0 SM (D18:1\/24:0) (CAS# 60037-60-7); (M+NA)+","refmet_name":"SM 18:1;O2\/24:0"},"241":{"study_id":"ST000698","analysis_id":"AN001084","analysis_summary":"Reversed phase POSITIVE ION MODE","metabolite_name":"2'-DEOXYGUANOSINE (CAS# 961-07-9); (M+H)+","refmet_name":"Deoxyguanosine"},"242":{"study_id":"ST000698","analysis_id":"AN001084","analysis_summary":"Reversed phase POSITIVE ION MODE","metabolite_name":"2-METHYLMALEATE (CAS# 498-23-7); (M+H)+","refmet_name":"Citraconic acid"},"243":{"study_id":"ST000698","analysis_id":"AN001084","analysis_summary":"Reversed phase POSITIVE ION MODE","metabolite_name":"3-AMINOISOBUTANOATE (CAS# 144-90-1); (M+H)+[-H2O]","refmet_name":"3-Aminoisobutanoic acid"},"244":{"study_id":"ST000698","analysis_id":"AN001084","analysis_summary":"Reversed phase POSITIVE ION MODE","metabolite_name":"3'-CMP (CAS# 63-37-6); (M+H)+","refmet_name":"3'-CMP"},"245":{"study_id":"ST000698","analysis_id":"AN001084","analysis_summary":"Reversed phase POSITIVE ION MODE","metabolite_name":"3-HYDROXY-3-METHYLGLUTARATE (CAS# 503-49-1); (M+NA)+","refmet_name":"3-Hydroxymethylglutaric acid"},"246":{"study_id":"ST000698","analysis_id":"AN001084","analysis_summary":"Reversed phase POSITIVE ION MODE","metabolite_name":"3-METHYLADIPIC ACID (CAS# 3058-01-3); (M+NA)+","refmet_name":"3-Methyladipic acid"},"247":{"study_id":"ST000698","analysis_id":"AN001084","analysis_summary":"Reversed phase POSITIVE ION MODE","metabolite_name":"4-ACETAMIDOBUTANOATE (CAS# 3025-96-5); (M+NA)+","refmet_name":"4-Acetamidobutanoic acid"},"248":{"study_id":"ST000698","analysis_id":"AN001084","analysis_summary":"Reversed phase POSITIVE ION MODE","metabolite_name":"4-HYDROXY-3-METHOXYPHENYLGLYCOL (CAS# 67423-45-4); (M+H)+[-H2O]","refmet_name":"Vanylglycol"},"249":{"study_id":"ST000698","analysis_id":"AN001084","analysis_summary":"Reversed phase POSITIVE ION MODE","metabolite_name":"5ALPHA-CHOLEST-7-EN-3BETA-OL (CAS# 80-99-9); (M+H)+[-H2O]","refmet_name":"Lathosterol"},"250":{"study_id":"ST000698","analysis_id":"AN001084","analysis_summary":"Reversed phase POSITIVE ION MODE","metabolite_name":"5-AMINOPENTANOATE (CAS# 660-88-8); (M+H)+","refmet_name":"5-Aminopentanoic acid"},"251":{"study_id":"ST000698","analysis_id":"AN001084","analysis_summary":"Reversed phase POSITIVE ION MODE","metabolite_name":"5'-METHYLTHIOADENOSINE (CAS# 2457-80-9); (M+H)+","refmet_name":"5'-Methylthioadenosine"},"252":{"study_id":"ST000698","analysis_id":"AN001084","analysis_summary":"Reversed phase POSITIVE ION MODE","metabolite_name":"5'-METHYLTHIOADENOSINE (CAS# 2457-80-9); (M+NA)+","refmet_name":"5'-Methylthioadenosine"},"253":{"study_id":"ST000698","analysis_id":"AN001084","analysis_summary":"Reversed phase POSITIVE ION MODE","metabolite_name":"5-OXOPROLINE (CAS# 4042-36-8); (M+H)+","refmet_name":"Pyroglutamic acid"},"254":{"study_id":"ST000698","analysis_id":"AN001084","analysis_summary":"Reversed phase POSITIVE ION MODE","metabolite_name":"6-CARBOXYHEXANOATE (CAS# 111-16-0); (M+NA)+","refmet_name":"Pimelic acid"},"255":{"study_id":"ST000698","analysis_id":"AN001084","analysis_summary":"Reversed phase POSITIVE ION MODE","metabolite_name":"ACETOACETATE (CAS# 541-50-4); (M+H)+","refmet_name":"Acetoacetic acid"},"256":{"study_id":"ST000698","analysis_id":"AN001084","analysis_summary":"Reversed phase POSITIVE ION MODE","metabolite_name":"ACETYLCARNITINE (CAS# 461-77-8); (M+H)+","refmet_name":"CAR 2:0"},"257":{"study_id":"ST000698","analysis_id":"AN001084","analysis_summary":"Reversed phase POSITIVE ION MODE","metabolite_name":"ACETYLCHOLINE (CAS# 51-84-3); M+","refmet_name":"Acetylcholine"},"258":{"study_id":"ST000698","analysis_id":"AN001084","analysis_summary":"Reversed phase POSITIVE ION MODE","metabolite_name":"ADENINE (CAS# 73-24-5); (M+H)+","refmet_name":"Adenine"},"259":{"study_id":"ST000698","analysis_id":"AN001084","analysis_summary":"Reversed phase POSITIVE ION MODE","metabolite_name":"ADENOSINE 5'-DIPHOSPHATE (CAS# 58-64-0); (M+H)+","refmet_name":"ADP"},"260":{"study_id":"ST000698","analysis_id":"AN001084","analysis_summary":"Reversed phase POSITIVE ION MODE","metabolite_name":"ADENOSINE 5'-MONOPHOSPHATE (CAS# 61-19-8); (M+H)+","refmet_name":"AMP"},"261":{"study_id":"ST000698","analysis_id":"AN001084","analysis_summary":"Reversed phase POSITIVE ION MODE","metabolite_name":"ADENOSINE (CAS# 58-61-7); (M+H)+","refmet_name":"Adenosine"},"262":{"study_id":"ST000698","analysis_id":"AN001084","analysis_summary":"Reversed phase POSITIVE ION MODE","metabolite_name":"ADP-RIBOSE (CAS# ); (M+H)+[-H2O]","refmet_name":"ADP-ribose"},"263":{"study_id":"ST000698","analysis_id":"AN001084","analysis_summary":"Reversed phase POSITIVE ION MODE","metabolite_name":"ADP-RIBOSE (CAS# ); (M+NA)+","refmet_name":"ADP-ribose"},"264":{"study_id":"ST000698","analysis_id":"AN001084","analysis_summary":"Reversed phase POSITIVE ION MODE","metabolite_name":"ALLOSE (CAS# 2595-97-3); (M+NA)+[-H2O]","refmet_name":"Allose"},"265":{"study_id":"ST000698","analysis_id":"AN001084","analysis_summary":"Reversed phase POSITIVE ION MODE","metabolite_name":"ASPARTATE (CAS# 56-84-8); (M+H)+","refmet_name":"Aspartic acid"},"266":{"study_id":"ST000698","analysis_id":"AN001084","analysis_summary":"Reversed phase POSITIVE ION MODE","metabolite_name":"AZELAIC ACID (CAS# 123-99-9); (M+NA)+","refmet_name":"Azelaic acid"},"267":{"study_id":"ST000698","analysis_id":"AN001084","analysis_summary":"Reversed phase POSITIVE ION MODE","metabolite_name":"BETA-ALANINE (CAS# 107-95-9); (M+H)+","refmet_name":"beta-Alanine"},"268":{"study_id":"ST000698","analysis_id":"AN001084","analysis_summary":"Reversed phase POSITIVE ION MODE","metabolite_name":"BETAINE (CAS# 107-43-7); (M+H)+","refmet_name":"Betaine"},"269":{"study_id":"ST000698","analysis_id":"AN001084","analysis_summary":"Reversed phase POSITIVE ION MODE","metabolite_name":"BETAINE (CAS# 107-43-7); (M+NA)+","refmet_name":"Betaine"},"270":{"study_id":"ST000698","analysis_id":"AN001084","analysis_summary":"Reversed phase POSITIVE ION MODE","metabolite_name":"BETA-MALTOSE (CAS# 69-79-4); (M+NA)+","refmet_name":"Maltose"},"271":{"study_id":"ST000698","analysis_id":"AN001084","analysis_summary":"Reversed phase POSITIVE ION MODE","metabolite_name":"BIS(2-ETHYLHEXYL)PHTHALATE (CAS# 117-81-7); (M+H)+","refmet_name":"bis(2-Ethylhexyl)phthalic acid"},"272":{"study_id":"ST000698","analysis_id":"AN001084","analysis_summary":"Reversed phase POSITIVE ION MODE","metabolite_name":"BIS(2-ETHYLHEXYL)PHTHALATE (CAS# 117-81-7); (M+NA)+","refmet_name":"bis(2-Ethylhexyl)phthalic acid"},"273":{"study_id":"ST000698","analysis_id":"AN001084","analysis_summary":"Reversed phase POSITIVE ION MODE","metabolite_name":"BUTYRYLCARNITINE (*) (CAS# 25576-40-3); (M+H)+","refmet_name":"CAR 4:0"},"274":{"study_id":"ST000698","analysis_id":"AN001084","analysis_summary":"Reversed phase POSITIVE ION MODE","metabolite_name":"CARNITINE (CAS# 541-15-1); (M+H)+","refmet_name":"Carnitine"},"275":{"study_id":"ST000698","analysis_id":"AN001084","analysis_summary":"Reversed phase POSITIVE ION MODE","metabolite_name":"CARNOSINE (CAS# 305-84-0); (M+H)+","refmet_name":"Carnosine"},"276":{"study_id":"ST000698","analysis_id":"AN001084","analysis_summary":"Reversed phase POSITIVE ION MODE","metabolite_name":"CARNOSINE (CAS# 305-84-0); (M+NA)+","refmet_name":"Carnosine"},"277":{"study_id":"ST000698","analysis_id":"AN001084","analysis_summary":"Reversed phase POSITIVE ION MODE","metabolite_name":"CELLOBIOSE (CAS# 528-50-7); (M+NA)+","refmet_name":"Cellobiose"},"278":{"study_id":"ST000698","analysis_id":"AN001084","analysis_summary":"Reversed phase POSITIVE ION MODE","metabolite_name":"CHOLESTEROL (CAS# 57-88-5); (M+H)+[-H2O]","refmet_name":"Cholesterol"},"279":{"study_id":"ST000698","analysis_id":"AN001084","analysis_summary":"Reversed phase POSITIVE ION MODE","metabolite_name":"CHOLESTEROL HYDROGEN SULFATE (CAS# 1256-86-6); M+[-HSO4]","refmet_name":"Cholesterol sulfate"},"280":{"study_id":"ST000698","analysis_id":"AN001084","analysis_summary":"Reversed phase POSITIVE ION MODE","metabolite_name":"CHOLINE (CAS# 62-49-7); M+","refmet_name":"Choline"},"281":{"study_id":"ST000698","analysis_id":"AN001084","analysis_summary":"Reversed phase POSITIVE ION MODE","metabolite_name":"CHOLINE PHOSPHATE (CAS# 107-73-3); (M+H)+","refmet_name":"Choline phosphate"},"282":{"study_id":"ST000698","analysis_id":"AN001084","analysis_summary":"Reversed phase POSITIVE ION MODE","metabolite_name":"CHOLINE PHOSPHATE (CAS# 107-73-3); (M+NA)+","refmet_name":"Choline phosphate"},"283":{"study_id":"ST000698","analysis_id":"AN001084","analysis_summary":"Reversed phase POSITIVE ION MODE","metabolite_name":"CIS-VACCENIC ACID (CAS# 506-17-2); (M+K)+","refmet_name":"cis-Vaccenic acid"},"284":{"study_id":"ST000698","analysis_id":"AN001084","analysis_summary":"Reversed phase POSITIVE ION MODE","metabolite_name":"CIS-ZEATIN (CAS# 1637-39-4); (M+H)+","refmet_name":"cis-Zeatin"},"285":{"study_id":"ST000698","analysis_id":"AN001084","analysis_summary":"Reversed phase POSITIVE ION MODE","metabolite_name":"CITRATE (CAS# 77-92-9); (M+NA)+","refmet_name":"Citric acid"},"286":{"study_id":"ST000698","analysis_id":"AN001084","analysis_summary":"Reversed phase POSITIVE ION MODE","metabolite_name":"CITRULLINE (CAS# 372-75-8); (M+H)+","refmet_name":"Citrulline"},"287":{"study_id":"ST000698","analysis_id":"AN001084","analysis_summary":"Reversed phase POSITIVE ION MODE","metabolite_name":"CITRULLINE (CAS# 372-75-8); (M+NA)+","refmet_name":"Citrulline"},"288":{"study_id":"ST000698","analysis_id":"AN001084","analysis_summary":"Reversed phase POSITIVE ION MODE","metabolite_name":"CMP (CAS# 63-37-6); (M+H)+","refmet_name":"CMP"},"289":{"study_id":"ST000698","analysis_id":"AN001084","analysis_summary":"Reversed phase POSITIVE ION MODE","metabolite_name":"(-)-COTININE (CAS# 486-56-6); (M+H)+","refmet_name":"Cotinine"},"290":{"study_id":"ST000698","analysis_id":"AN001084","analysis_summary":"Reversed phase POSITIVE ION MODE","metabolite_name":"CREATINE (CAS# 57-00-1); (M+H)+","refmet_name":"Creatine"},"291":{"study_id":"ST000698","analysis_id":"AN001084","analysis_summary":"Reversed phase POSITIVE ION MODE","metabolite_name":"CREATININE (CAS# 60-27-5); (M+H)+","refmet_name":"Creatinine"},"292":{"study_id":"ST000698","analysis_id":"AN001084","analysis_summary":"Reversed phase POSITIVE ION MODE","metabolite_name":"CYSTATHIONINE (CAS# 56-88-2); (M+NA)+","refmet_name":"Cystathionine"},"293":{"study_id":"ST000698","analysis_id":"AN001084","analysis_summary":"Reversed phase POSITIVE ION MODE","metabolite_name":"CYTIDINE 5'-DIPHOSPHATE (CAS# 63-38-7); (M+H)+","refmet_name":"CDP"},"294":{"study_id":"ST000698","analysis_id":"AN001084","analysis_summary":"Reversed phase POSITIVE ION MODE","metabolite_name":"CYTIDINE 5'-DIPHOSPHOCHOLINE (CAS# 987-78-0); (M+H)+","refmet_name":"Cytidine 5'-diphosphocholine"},"295":{"study_id":"ST000698","analysis_id":"AN001084","analysis_summary":"Reversed phase POSITIVE ION MODE","metabolite_name":"CYTOSINE (CAS# 71-30-7); (M+H)+","refmet_name":"Cytosine"},"296":{"study_id":"ST000698","analysis_id":"AN001084","analysis_summary":"Reversed phase POSITIVE ION MODE","metabolite_name":"DECANOATE (CAS# 334-48-5); (2M+NA)+","refmet_name":"Capric acid"},"297":{"study_id":"ST000698","analysis_id":"AN001084","analysis_summary":"Reversed phase POSITIVE ION MODE","metabolite_name":"DEOXYCYTIDINE (CAS# 951-77-9); (M+NA)+","refmet_name":"Deoxycytidine"},"298":{"study_id":"ST000698","analysis_id":"AN001084","analysis_summary":"Reversed phase POSITIVE ION MODE","metabolite_name":"DETHIOBIOTIN (CAS# 533-48-2); (M+NA)+","refmet_name":"Dethiobiotin"},"299":{"study_id":"ST000698","analysis_id":"AN001084","analysis_summary":"Reversed phase POSITIVE ION MODE","metabolite_name":"D-GALACTOSAMINE (CAS# 7535-00-4); (M+H)+[-H2O]","refmet_name":"Galactosamine"},"300":{"study_id":"ST000698","analysis_id":"AN001084","analysis_summary":"Reversed phase POSITIVE ION MODE","metabolite_name":"D-GLUCOSE 6-PHOSPHATE (CAS# 56-73-5); (M+K)+","refmet_name":"Glucose 6-phosphate"},"301":{"study_id":"ST000698","analysis_id":"AN001084","analysis_summary":"Reversed phase POSITIVE ION MODE","metabolite_name":"DGMP (CAS# 902-04-5); (M+H)+","refmet_name":"dGMP"},"302":{"study_id":"ST000698","analysis_id":"AN001084","analysis_summary":"Reversed phase POSITIVE ION MODE","metabolite_name":"D-MANNOSAMINE (CAS# 14307-02-9); (M+H)+[-H2O]","refmet_name":""},"303":{"study_id":"ST000698","analysis_id":"AN001084","analysis_summary":"Reversed phase POSITIVE ION MODE","metabolite_name":"D-ORNITHINE (CAS# 348-66-3); (M+H)+","refmet_name":"D-Ornithine"},"304":{"study_id":"ST000698","analysis_id":"AN001084","analysis_summary":"Reversed phase POSITIVE ION MODE","metabolite_name":"D-PSICOSE (CAS# 551-68-8); (2M+NA)+[-H2O]","refmet_name":"Psicose"},"305":{"study_id":"ST000698","analysis_id":"AN001084","analysis_summary":"Reversed phase POSITIVE ION MODE","metabolite_name":"EDTA (CAS# 60-00-4); (M+H)+","refmet_name":"Edetic acid"},"306":{"study_id":"ST000698","analysis_id":"AN001084","analysis_summary":"Reversed phase POSITIVE ION MODE","metabolite_name":"EICOSATRIENOYLCARNITINE (*) (CAS# 000-00-0); M+","refmet_name":"CAR 20:3"},"307":{"study_id":"ST000698","analysis_id":"AN001084","analysis_summary":"Reversed phase POSITIVE ION MODE","metabolite_name":"ELAIDIC ACID (CAS# 112-79-8); (M+NA)+","refmet_name":"Elaidic acid"},"308":{"study_id":"ST000698","analysis_id":"AN001084","analysis_summary":"Reversed phase POSITIVE ION MODE","metabolite_name":"EPIBRASSINOLIDE [ISTD] (CAS# 78821-43-9); (M+H)+","refmet_name":"24-epi-Brassinolide"},"309":{"study_id":"ST000698","analysis_id":"AN001084","analysis_summary":"Reversed phase POSITIVE ION MODE","metabolite_name":"EPIBRASSINOLIDE [ISTD] (CAS# 78821-43-9); (M+NA)+","refmet_name":"24-epi-Brassinolide"},"310":{"study_id":"ST000698","analysis_id":"AN001084","analysis_summary":"Reversed phase POSITIVE ION MODE","metabolite_name":"ERYTHRITOL (CAS# 149-32-6); (M+NA)+","refmet_name":"Erythritol"},"311":{"study_id":"ST000698","analysis_id":"AN001084","analysis_summary":"Reversed phase POSITIVE ION MODE","metabolite_name":"ETHYLMALONIC ACID (CAS# 601-75-2); (M+NA)+","refmet_name":"Ethylmalonic acid"},"312":{"study_id":"ST000698","analysis_id":"AN001084","analysis_summary":"Reversed phase POSITIVE ION MODE","metabolite_name":"FLAVIN ADENINE DINUCLEOTIDE (CAS# 146-14-5); (M+H)+","refmet_name":"FAD"},"313":{"study_id":"ST000698","analysis_id":"AN001084","analysis_summary":"Reversed phase POSITIVE ION MODE","metabolite_name":"FLUCYTOSINE (CAS# 2022-85-7); (M+H)+","refmet_name":"Flucytosine"},"314":{"study_id":"ST000698","analysis_id":"AN001084","analysis_summary":"Reversed phase POSITIVE ION MODE","metabolite_name":"FOLIC ACID (CAS# 59-30-3); (M+H)+","refmet_name":"Folic acid"},"315":{"study_id":"ST000698","analysis_id":"AN001084","analysis_summary":"Reversed phase POSITIVE ION MODE","metabolite_name":"FOLIC ACID (CAS# 59-30-3); (M+NA)+","refmet_name":"Folic acid"},"316":{"study_id":"ST000698","analysis_id":"AN001084","analysis_summary":"Reversed phase POSITIVE ION MODE","metabolite_name":"FRUCTOSE (CAS# 57-48-7); (M+NA)+","refmet_name":"Fructose"},"317":{"study_id":"ST000698","analysis_id":"AN001084","analysis_summary":"Reversed phase POSITIVE ION MODE","metabolite_name":"GAMMA-L-GLUTAMYL-L-CYSTEINE (CAS# 686-58-8); (M+H)+","refmet_name":"gamma-Glutamylcysteine"},"318":{"study_id":"ST000698","analysis_id":"AN001084","analysis_summary":"Reversed phase POSITIVE ION MODE","metabolite_name":"GAMMA-L-GLUTAMYL-L-CYSTEINE (CAS# 686-58-8); (M+H)+[-H2O]","refmet_name":"gamma-Glutamylcysteine"},"319":{"study_id":"ST000698","analysis_id":"AN001084","analysis_summary":"Reversed phase POSITIVE ION MODE","metabolite_name":"GDPMANNOSE (CAS# ); (M+H)+","refmet_name":"GDP-mannose"},"320":{"study_id":"ST000698","analysis_id":"AN001084","analysis_summary":"Reversed phase POSITIVE ION MODE","metabolite_name":"GDPMANNOSE (CAS# ); (M+NA)+","refmet_name":"GDP-mannose"},"321":{"study_id":"ST000698","analysis_id":"AN001084","analysis_summary":"Reversed phase POSITIVE ION MODE","metabolite_name":"GIBBERELLIC ACID [ISTD] (CAS# 77-06-5); (M+NA)+","refmet_name":"Gibberellin A3"},"322":{"study_id":"ST000698","analysis_id":"AN001084","analysis_summary":"Reversed phase POSITIVE ION MODE","metabolite_name":"GLUCOSE (CAS# 50-99-7); (2M+NA)+[-H2O]","refmet_name":"Glucose"},"323":{"study_id":"ST000698","analysis_id":"AN001084","analysis_summary":"Reversed phase POSITIVE ION MODE","metabolite_name":"GLUCOSE (CAS# 50-99-7); (M+NA)+","refmet_name":"Glucose"},"324":{"study_id":"ST000698","analysis_id":"AN001084","analysis_summary":"Reversed phase POSITIVE ION MODE","metabolite_name":"GLUTAMATE (CAS# 56-86-0); (M+H)+","refmet_name":"Glutamic acid"},"325":{"study_id":"ST000698","analysis_id":"AN001084","analysis_summary":"Reversed phase POSITIVE ION MODE","metabolite_name":"GLUTAMATE (CAS# 56-86-0); (M+H)+[-H2O]","refmet_name":"Glutamic acid"},"326":{"study_id":"ST000698","analysis_id":"AN001084","analysis_summary":"Reversed phase POSITIVE ION MODE","metabolite_name":"GLUTAMINE (CAS# 56-85-9); (M+NA)+","refmet_name":"Glutamine"},"327":{"study_id":"ST000698","analysis_id":"AN001084","analysis_summary":"Reversed phase POSITIVE ION MODE","metabolite_name":"GLUTARYLCARNITINE (*) (CAS# 102636-82-8); (M+H)+","refmet_name":"CAR DC5:0"},"328":{"study_id":"ST000698","analysis_id":"AN001084","analysis_summary":"Reversed phase POSITIVE ION MODE","metabolite_name":"GLUTATHIONE (CAS# 27025-41-8); (M+H)+","refmet_name":"Glutathione"},"329":{"study_id":"ST000698","analysis_id":"AN001084","analysis_summary":"Reversed phase POSITIVE ION MODE","metabolite_name":"GLUTATHIONE (CAS# 27025-41-8); (M+H2)+2","refmet_name":"Glutathione"},"330":{"study_id":"ST000698","analysis_id":"AN001084","analysis_summary":"Reversed phase POSITIVE ION MODE","metabolite_name":"GLYCOCHENODEOXYCHOLATE (CAS# 640-79-9); (M+NA)+","refmet_name":"Glycochenodeoxycholic acid"},"331":{"study_id":"ST000698","analysis_id":"AN001084","analysis_summary":"Reversed phase POSITIVE ION MODE","metabolite_name":"GUANINE (CAS# 73-40-5); (M+H)+","refmet_name":"Guanine"},"332":{"study_id":"ST000698","analysis_id":"AN001084","analysis_summary":"Reversed phase POSITIVE ION MODE","metabolite_name":"GUANOSINE 5'-PHOSPHATE (CAS# 85-32-5); (M+H)+","refmet_name":"GMP"},"333":{"study_id":"ST000698","analysis_id":"AN001084","analysis_summary":"Reversed phase POSITIVE ION MODE","metabolite_name":"GUANOSINE (CAS# 118-00-3); (M+H)+","refmet_name":"Guanosine"},"334":{"study_id":"ST000698","analysis_id":"AN001084","analysis_summary":"Reversed phase POSITIVE ION MODE","metabolite_name":"HIPPURATE (CAS# 495-69-2); (M+NA)+","refmet_name":"Hippuric acid"},"335":{"study_id":"ST000698","analysis_id":"AN001084","analysis_summary":"Reversed phase POSITIVE ION MODE","metabolite_name":"INDOLE-3-ACETALDEHYDE (CAS# 2591-98-2); (M+H)+","refmet_name":"Indoleacetaldehyde"},"336":{"study_id":"ST000698","analysis_id":"AN001084","analysis_summary":"Reversed phase POSITIVE ION MODE","metabolite_name":"INOSINE 5'-PHOSPHATE (CAS# 131-99-7); (M+H)+","refmet_name":"IMP"},"337":{"study_id":"ST000698","analysis_id":"AN001084","analysis_summary":"Reversed phase POSITIVE ION MODE","metabolite_name":"INOSINE (CAS# 58-63-9); (M+NA)+","refmet_name":"Inosine"},"338":{"study_id":"ST000698","analysis_id":"AN001084","analysis_summary":"Reversed phase POSITIVE ION MODE","metabolite_name":"ISO-BUTYRYLCARNITINE (*) (CAS# 25576-40-3); (M+H)+","refmet_name":"CAR 3:0;2Me"},"339":{"study_id":"ST000698","analysis_id":"AN001084","analysis_summary":"Reversed phase POSITIVE ION MODE","metabolite_name":"ISOLEUCINE (CAS# 73-32-5); (M+H)+","refmet_name":"Isoleucine"},"340":{"study_id":"ST000698","analysis_id":"AN001084","analysis_summary":"Reversed phase POSITIVE ION MODE","metabolite_name":"ISOLEUCINE (CAS# 73-32-5); (M+NA)+","refmet_name":"Isoleucine"},"341":{"study_id":"ST000698","analysis_id":"AN001084","analysis_summary":"Reversed phase POSITIVE ION MODE","metabolite_name":"ISOVALERYLCARNITINE (*) (CAS# 31023-24-2); (M+H)+","refmet_name":"CAR 4:0;3Me"},"342":{"study_id":"ST000698","analysis_id":"AN001084","analysis_summary":"Reversed phase POSITIVE ION MODE","metabolite_name":"KYNURENINE (CAS# 343-65-7); (M+H)+","refmet_name":"Kynurenine"},"343":{"study_id":"ST000698","analysis_id":"AN001084","analysis_summary":"Reversed phase POSITIVE ION MODE","metabolite_name":"LACTOSE (CAS# 63-42-3); (M+K)+","refmet_name":"Lactose"},"344":{"study_id":"ST000698","analysis_id":"AN001084","analysis_summary":"Reversed phase POSITIVE ION MODE","metabolite_name":"LACTOSE (CAS# 63-42-3); (M+NA)+","refmet_name":"Lactose"},"345":{"study_id":"ST000698","analysis_id":"AN001084","analysis_summary":"Reversed phase POSITIVE ION MODE","metabolite_name":"L-ALLOTHREONINE (CAS# 28954-12-3); (M+H)+[-H2O]","refmet_name":"Allothreonine"},"346":{"study_id":"ST000698","analysis_id":"AN001084","analysis_summary":"Reversed phase POSITIVE ION MODE","metabolite_name":"LANOSTEROL (CAS# 79-63-0); (M+NA)+","refmet_name":"Lanosterol"},"347":{"study_id":"ST000698","analysis_id":"AN001084","analysis_summary":"Reversed phase POSITIVE ION MODE","metabolite_name":"L-ARGININE (CAS# 74-79-3); (M+H)+","refmet_name":"Arginine"},"348":{"study_id":"ST000698","analysis_id":"AN001084","analysis_summary":"Reversed phase POSITIVE ION MODE","metabolite_name":"L-ARGININE (CAS# 74-79-3); (M+NA)+","refmet_name":"Arginine"},"349":{"study_id":"ST000698","analysis_id":"AN001084","analysis_summary":"Reversed phase POSITIVE ION MODE","metabolite_name":"LEUCINE (CAS# 328-39-2); (M+H)+","refmet_name":"Leucine"},"350":{"study_id":"ST000698","analysis_id":"AN001084","analysis_summary":"Reversed phase POSITIVE ION MODE","metabolite_name":"LEUCINE (CAS# 328-39-2); (M+NA)+","refmet_name":"Leucine"},"351":{"study_id":"ST000698","analysis_id":"AN001084","analysis_summary":"Reversed phase POSITIVE ION MODE","metabolite_name":"LEUKOTRIENE B4 (CAS# 71160-24-2); (M+H)+[-H2O]","refmet_name":"LTB4"},"352":{"study_id":"ST000698","analysis_id":"AN001084","analysis_summary":"Reversed phase POSITIVE ION MODE","metabolite_name":"L-HISTIDINE (CAS# 71-00-1); (M+H)+","refmet_name":"Histidine"},"353":{"study_id":"ST000698","analysis_id":"AN001084","analysis_summary":"Reversed phase POSITIVE ION MODE","metabolite_name":"L-HISTIDINE (CAS# 71-00-1); (M+NA)+","refmet_name":"Histidine"},"354":{"study_id":"ST000698","analysis_id":"AN001084","analysis_summary":"Reversed phase POSITIVE ION MODE","metabolite_name":"LINOLEOYLCARNITINE (*) (CAS# 000-00-0); (M+H)+","refmet_name":"CAR 18:2"},"355":{"study_id":"ST000698","analysis_id":"AN001084","analysis_summary":"Reversed phase POSITIVE ION MODE","metabolite_name":"L-ORNITHINE (CAS# 70-26-8); (M+H)+","refmet_name":"Ornithine"},"356":{"study_id":"ST000698","analysis_id":"AN001084","analysis_summary":"Reversed phase POSITIVE ION MODE","metabolite_name":"L-TRYPTOPHAN-15N2 [ISTD] (CAS# ); (M+H)+","refmet_name":"Tryptophan"},"357":{"study_id":"ST000698","analysis_id":"AN001084","analysis_summary":"Reversed phase POSITIVE ION MODE","metabolite_name":"LUMICHROME (CAS# 1086-80-2); (M+NA)+","refmet_name":"Lumichrome"},"358":{"study_id":"ST000698","analysis_id":"AN001084","analysis_summary":"Reversed phase POSITIVE ION MODE","metabolite_name":"LYSINE (CAS# 56-87-1); (M+H)+","refmet_name":"Lysine"},"359":{"study_id":"ST000698","analysis_id":"AN001084","analysis_summary":"Reversed phase POSITIVE ION MODE","metabolite_name":"MALATE (CAS# 636-61-3); (M+NA)+","refmet_name":"Malic acid"},"360":{"study_id":"ST000698","analysis_id":"AN001084","analysis_summary":"Reversed phase POSITIVE ION MODE","metabolite_name":"MALTOSE (CAS# 69-79-4); (M+NA)+","refmet_name":"Maltose"},"361":{"study_id":"ST000698","analysis_id":"AN001084","analysis_summary":"Reversed phase POSITIVE ION MODE","metabolite_name":"MANNOSE-6-PHOSPHATE (CAS# 3672-15-9); (M+H)+[-H2O]","refmet_name":"Mannose 6-phosphate"},"362":{"study_id":"ST000698","analysis_id":"AN001084","analysis_summary":"Reversed phase POSITIVE ION MODE","metabolite_name":"MELIBIOSE (CAS# 585-99-9); (M+K)+","refmet_name":"Melibiose"},"363":{"study_id":"ST000698","analysis_id":"AN001084","analysis_summary":"Reversed phase POSITIVE ION MODE","metabolite_name":"MELIBIOSE (CAS# 585-99-9); (M+NA)+","refmet_name":"Melibiose"},"364":{"study_id":"ST000698","analysis_id":"AN001084","analysis_summary":"Reversed phase POSITIVE ION MODE","metabolite_name":"METHIONINE (CAS# 63-68-3); (M+H)+","refmet_name":"Methionine"},"365":{"study_id":"ST000698","analysis_id":"AN001084","analysis_summary":"Reversed phase POSITIVE ION MODE","metabolite_name":"METHYL BETA-D-GALACTOSIDE (CAS# 1824-94-8); (M+NA)+","refmet_name":"Methyl beta-D-galactoside"},"366":{"study_id":"ST000698","analysis_id":"AN001084","analysis_summary":"Reversed phase POSITIVE ION MODE","metabolite_name":"METHYL JASMONATE (CAS# 1211-29-6); (M+NA)+","refmet_name":"Methyl jasmonate"},"367":{"study_id":"ST000698","analysis_id":"AN001084","analysis_summary":"Reversed phase POSITIVE ION MODE","metabolite_name":"MYO-INOSITOL (CAS# 87-89-8); (M+NA)+","refmet_name":"Myo-inositol"},"368":{"study_id":"ST000698","analysis_id":"AN001084","analysis_summary":"Reversed phase POSITIVE ION MODE","metabolite_name":"MYRISTOYLCARNITINE (*) (CAS# 000-00-0); (M+H)+","refmet_name":"CAR 14:0"},"369":{"study_id":"ST000698","analysis_id":"AN001084","analysis_summary":"Reversed phase POSITIVE ION MODE","metabolite_name":"N1-ACETYLSPERMINE (CAS# 77928-70-2); (M+H)+","refmet_name":"N1-Acetylspermine"},"370":{"study_id":"ST000698","analysis_id":"AN001084","analysis_summary":"Reversed phase POSITIVE ION MODE","metabolite_name":"N-ACETYL-D-GLUCOSAMINE (CAS# 7512-17-6); (M+H)+[-H2O]","refmet_name":"N-Acetyl-D-glucosamine"},"371":{"study_id":"ST000698","analysis_id":"AN001084","analysis_summary":"Reversed phase POSITIVE ION MODE","metabolite_name":"N-ACETYL-DL-GLUTAMIC ACID (CAS# 5817-08-3); (2M+NA)+","refmet_name":"N-Acetylglutamic acid"},"372":{"study_id":"ST000698","analysis_id":"AN001084","analysis_summary":"Reversed phase POSITIVE ION MODE","metabolite_name":"N-ACETYL-DL-GLUTAMIC ACID (CAS# 5817-08-3); (M+H)+","refmet_name":"N-Acetylglutamic acid"},"373":{"study_id":"ST000698","analysis_id":"AN001084","analysis_summary":"Reversed phase POSITIVE ION MODE","metabolite_name":"N-ACETYL-DL-GLUTAMIC ACID (CAS# 5817-08-3); (M+H)+[-H2O]","refmet_name":"N-Acetylglutamic acid"},"374":{"study_id":"ST000698","analysis_id":"AN001084","analysis_summary":"Reversed phase POSITIVE ION MODE","metabolite_name":"N-ACETYL-DL-GLUTAMIC ACID (CAS# 5817-08-3); (M+NA)+","refmet_name":"N-Acetylglutamic acid"},"375":{"study_id":"ST000698","analysis_id":"AN001084","analysis_summary":"Reversed phase POSITIVE ION MODE","metabolite_name":"N-ACETYL-DL-METHIONINE (CAS# 1115-47-5); (M+H)+","refmet_name":"N-Acetylmethionine"},"376":{"study_id":"ST000698","analysis_id":"AN001084","analysis_summary":"Reversed phase POSITIVE ION MODE","metabolite_name":"N-ACETYL-DL-METHIONINE (CAS# 1115-47-5); (M+NA)+","refmet_name":"N-Acetylmethionine"},"377":{"study_id":"ST000698","analysis_id":"AN001084","analysis_summary":"Reversed phase POSITIVE ION MODE","metabolite_name":"N-ACETYL-DL-SERINE (CAS# 97-14-3); (M+H)+","refmet_name":"N-Acetylserine"},"378":{"study_id":"ST000698","analysis_id":"AN001084","analysis_summary":"Reversed phase POSITIVE ION MODE","metabolite_name":"N-ACETYL-DL-SERINE (CAS# 97-14-3); (M+H)+[-H2O]","refmet_name":"N-Acetylserine"},"379":{"study_id":"ST000698","analysis_id":"AN001084","analysis_summary":"Reversed phase POSITIVE ION MODE","metabolite_name":"N-ACETYLGALACTOSAMINE (CAS# 1811-31-0); (M+H)+[-H2O]","refmet_name":"N-Acetyl-D-galactosamine"},"380":{"study_id":"ST000698","analysis_id":"AN001084","analysis_summary":"Reversed phase POSITIVE ION MODE","metabolite_name":"N-ACETYL-L-ALANINE (CAS# 97-69-8); (M+NA)+","refmet_name":"N-Acetylalanine"},"381":{"study_id":"ST000698","analysis_id":"AN001084","analysis_summary":"Reversed phase POSITIVE ION MODE","metabolite_name":"N-ACETYL-L-ASPARTIC ACID (CAS# 997-55-7); (M+H)+","refmet_name":"N-Acetylaspartic acid"},"382":{"study_id":"ST000698","analysis_id":"AN001084","analysis_summary":"Reversed phase POSITIVE ION MODE","metabolite_name":"N-ACETYL-L-ASPARTIC ACID (CAS# 997-55-7); (M+H)+[-H2O]","refmet_name":"N-Acetylaspartic acid"},"383":{"study_id":"ST000698","analysis_id":"AN001084","analysis_summary":"Reversed phase POSITIVE ION MODE","metabolite_name":"N-ACETYL-L-ASPARTIC ACID (CAS# 997-55-7); (M+NA)+","refmet_name":"N-Acetylaspartic acid"},"384":{"study_id":"ST000698","analysis_id":"AN001084","analysis_summary":"Reversed phase POSITIVE ION MODE","metabolite_name":"N-ACETYL-L-LEUCINE (CAS# 1188-21-2); (M+H)+","refmet_name":"N-Acetylleucine"},"385":{"study_id":"ST000698","analysis_id":"AN001084","analysis_summary":"Reversed phase POSITIVE ION MODE","metabolite_name":"N-ACETYL-L-LEUCINE (CAS# 1188-21-2); (M+NA)+","refmet_name":"N-Acetylleucine"},"386":{"study_id":"ST000698","analysis_id":"AN001084","analysis_summary":"Reversed phase POSITIVE ION MODE","metabolite_name":"N-ACETYLNEURAMINATE (CAS# 131-48-6); (M+H)+","refmet_name":"N-Acetylneuraminic acid"},"387":{"study_id":"ST000698","analysis_id":"AN001084","analysis_summary":"Reversed phase POSITIVE ION MODE","metabolite_name":"N-ACETYLNEURAMINATE (CAS# 131-48-6); (M+NA)+","refmet_name":"N-Acetylneuraminic acid"},"388":{"study_id":"ST000698","analysis_id":"AN001084","analysis_summary":"Reversed phase POSITIVE ION MODE","metabolite_name":"NAD (CAS# 53-84-9); (M+2H)+2","refmet_name":"NAD+"},"389":{"study_id":"ST000698","analysis_id":"AN001084","analysis_summary":"Reversed phase POSITIVE ION MODE","metabolite_name":"NAD (CAS# 53-84-9); (M+H)+","refmet_name":"NAD+"},"390":{"study_id":"ST000698","analysis_id":"AN001084","analysis_summary":"Reversed phase POSITIVE ION MODE","metabolite_name":"NAD (CAS# 53-84-9); (M+NA)+","refmet_name":"NAD+"},"391":{"study_id":"ST000698","analysis_id":"AN001084","analysis_summary":"Reversed phase POSITIVE ION MODE","metabolite_name":"N-ALPHA-ACETYL-L-LYSINE (CAS# 1946-82-3); (M+H)+","refmet_name":"N(2)-Acetyllysine"},"392":{"study_id":"ST000698","analysis_id":"AN001084","analysis_summary":"Reversed phase POSITIVE ION MODE","metabolite_name":"N-CYCLOHEXYLFORMAMIDE (CAS# 766-93-8); (M+H)+","refmet_name":"N-Cyclohexylformamide"},"393":{"study_id":"ST000698","analysis_id":"AN001084","analysis_summary":"Reversed phase POSITIVE ION MODE","metabolite_name":"N-CYCLOHEXYLFORMAMIDE (CAS# 766-93-8); (M+NA)+","refmet_name":"N-Cyclohexylformamide"},"394":{"study_id":"ST000698","analysis_id":"AN001084","analysis_summary":"Reversed phase POSITIVE ION MODE","metabolite_name":"NICOTINAMIDE (CAS# 98-92-0); (M+H)+","refmet_name":"Niacinamide"},"395":{"study_id":"ST000698","analysis_id":"AN001084","analysis_summary":"Reversed phase POSITIVE ION MODE","metabolite_name":"N-METHYL-D-ASPARTIC ACID (CAS# 6384-92-5); (M+H)+","refmet_name":"N-Methyl-D-aspartic acid"},"396":{"study_id":"ST000698","analysis_id":"AN001084","analysis_summary":"Reversed phase POSITIVE ION MODE","metabolite_name":"N-METHYLNICOTINATE (CAS# 535-83-1); (M+H)+","refmet_name":"Trigonelline"},"397":{"study_id":"ST000698","analysis_id":"AN001084","analysis_summary":"Reversed phase POSITIVE ION MODE","metabolite_name":"N-OLEOYLGLYCINE (CAS# 2601-90-3); (M+H)+","refmet_name":"N-Oleoyl glycine"},"398":{"study_id":"ST000698","analysis_id":"AN001084","analysis_summary":"Reversed phase POSITIVE ION MODE","metabolite_name":"NORADRENALINE (CAS# 51-41-2); (M+H)+","refmet_name":"Xi-Norepinephrine"},"399":{"study_id":"ST000698","analysis_id":"AN001084","analysis_summary":"Reversed phase POSITIVE ION MODE","metabolite_name":"NORLEUCINE (CAS# 327-57-1); (M+H)+","refmet_name":"Norleucine"},"400":{"study_id":"ST000698","analysis_id":"AN001084","analysis_summary":"Reversed phase POSITIVE ION MODE","metabolite_name":"NORMETANEPHRINE (CAS# 97-31-4); (M+H)+[-H2O]","refmet_name":"Normetanephrine"},"401":{"study_id":"ST000698","analysis_id":"AN001084","analysis_summary":"Reversed phase POSITIVE ION MODE","metabolite_name":"NORVALINE (CAS# 6600-40-4); M+[-CO2H]","refmet_name":"Norvaline"},"402":{"study_id":"ST000698","analysis_id":"AN001084","analysis_summary":"Reversed phase POSITIVE ION MODE","metabolite_name":"NORVALINE (CAS# 6600-40-4); (M+H)+","refmet_name":"Norvaline"},"403":{"study_id":"ST000698","analysis_id":"AN001084","analysis_summary":"Reversed phase POSITIVE ION MODE","metabolite_name":"N(PAI)-METHYL-L-HISTIDINE (CAS# 332-80-9); (M+H)+","refmet_name":"3-Methylhistidine"},"404":{"study_id":"ST000698","analysis_id":"AN001084","analysis_summary":"Reversed phase POSITIVE ION MODE","metabolite_name":"OLEAMIDE (CAS# 301-02-0); (M+H)+","refmet_name":"Oleamide"},"405":{"study_id":"ST000698","analysis_id":"AN001084","analysis_summary":"Reversed phase POSITIVE ION MODE","metabolite_name":"OLEAMIDE (CAS# 301-02-0); (M+NA)+","refmet_name":"Oleamide"},"406":{"study_id":"ST000698","analysis_id":"AN001084","analysis_summary":"Reversed phase POSITIVE ION MODE","metabolite_name":"OLEIC ACID (CAS# 112-80-1); (M+H)+","refmet_name":"Oleic acid"},"407":{"study_id":"ST000698","analysis_id":"AN001084","analysis_summary":"Reversed phase POSITIVE ION MODE","metabolite_name":"OLEIC ACID (CAS# 112-80-1); (M+NA)+","refmet_name":"Oleic acid"},"408":{"study_id":"ST000698","analysis_id":"AN001084","analysis_summary":"Reversed phase POSITIVE ION MODE","metabolite_name":"OLEOYLCARNITINE (*) (CAS# 13962-05-5); (M+H)+","refmet_name":"CAR 18:1"},"409":{"study_id":"ST000698","analysis_id":"AN001084","analysis_summary":"Reversed phase POSITIVE ION MODE","metabolite_name":"O-PHOSPHO-DL-SERINE (CAS# 17885-08-4); (2M+H)+","refmet_name":"DL-O-Phosphoserine"},"410":{"study_id":"ST000698","analysis_id":"AN001084","analysis_summary":"Reversed phase POSITIVE ION MODE","metabolite_name":"O-PHOSPHO-DL-SERINE (CAS# 17885-08-4); (2M+NA)+","refmet_name":"DL-O-Phosphoserine"},"411":{"study_id":"ST000698","analysis_id":"AN001084","analysis_summary":"Reversed phase POSITIVE ION MODE","metabolite_name":"O-PHOSPHO-DL-SERINE (CAS# 17885-08-4); (M+NA)+","refmet_name":"DL-O-Phosphoserine"},"412":{"study_id":"ST000698","analysis_id":"AN001084","analysis_summary":"Reversed phase POSITIVE ION MODE","metabolite_name":"O-PHOSPHOSERINE (CAS# 407-41-0); (M+NA)+","refmet_name":"Phosphoserine"},"413":{"study_id":"ST000698","analysis_id":"AN001084","analysis_summary":"Reversed phase POSITIVE ION MODE","metabolite_name":"OPHTHALMIC ACID (CAS# 495-27-2); (M+H)+","refmet_name":"Ophthalmic acid"},"414":{"study_id":"ST000698","analysis_id":"AN001084","analysis_summary":"Reversed phase POSITIVE ION MODE","metabolite_name":"OXIDIZED GLUTATHIONE (CAS# 27025-41-8); (M+2H)+2","refmet_name":"Oxidized glutathione"},"415":{"study_id":"ST000698","analysis_id":"AN001084","analysis_summary":"Reversed phase POSITIVE ION MODE","metabolite_name":"OXIDIZED GLUTATHIONE (CAS# 27025-41-8); (M+H)+","refmet_name":"Oxidized glutathione"},"416":{"study_id":"ST000698","analysis_id":"AN001084","analysis_summary":"Reversed phase POSITIVE ION MODE","metabolite_name":"PALATINOSE (CAS# 343336-76-5); (M+NA)+","refmet_name":"Palatinose"},"417":{"study_id":"ST000698","analysis_id":"AN001084","analysis_summary":"Reversed phase POSITIVE ION MODE","metabolite_name":"PALMITOLEYLCARNITINE (*) (CAS# 000-00-0); M+","refmet_name":"CAR 16:1"},"418":{"study_id":"ST000698","analysis_id":"AN001084","analysis_summary":"Reversed phase POSITIVE ION MODE","metabolite_name":"PALMITOYLCARNITINE (CAS# 2364-67-2); (M+H)+","refmet_name":"CAR 16:0"},"419":{"study_id":"ST000698","analysis_id":"AN001084","analysis_summary":"Reversed phase POSITIVE ION MODE","metabolite_name":"PANTOTHENATE (CAS# 79-83-4); (M+H)+","refmet_name":"Pantothenic acid"},"420":{"study_id":"ST000698","analysis_id":"AN001084","analysis_summary":"Reversed phase POSITIVE ION MODE","metabolite_name":"PANTOTHENATE (CAS# 79-83-4); (M+NA)+","refmet_name":"Pantothenic acid"},"421":{"study_id":"ST000698","analysis_id":"AN001084","analysis_summary":"Reversed phase POSITIVE ION MODE","metabolite_name":"PHENYLALANINE (CAS# 63-91-2); (M+H)+","refmet_name":"Phenylalanine"},"422":{"study_id":"ST000698","analysis_id":"AN001084","analysis_summary":"Reversed phase POSITIVE ION MODE","metabolite_name":"PHENYLALANINE (CAS# 63-91-2); (M+NA)+","refmet_name":"Phenylalanine"},"423":{"study_id":"ST000698","analysis_id":"AN001084","analysis_summary":"Reversed phase POSITIVE ION MODE","metabolite_name":"PHENYLHYDRAZINE (CAS# 100-63-0); (M+H)+","refmet_name":"Phenylhydrazine"},"424":{"study_id":"ST000698","analysis_id":"AN001084","analysis_summary":"Reversed phase POSITIVE ION MODE","metabolite_name":"PHOSPHOCREATINE (CAS# 67-07-2); (M+H)+","refmet_name":"Phosphocreatine"},"425":{"study_id":"ST000698","analysis_id":"AN001084","analysis_summary":"Reversed phase POSITIVE ION MODE","metabolite_name":"PINITOL (CAS# 10284-63-6); (M+NA)+","refmet_name":"Pinitol"},"426":{"study_id":"ST000698","analysis_id":"AN001084","analysis_summary":"Reversed phase POSITIVE ION MODE","metabolite_name":"PIPECOLATE (CAS# 535-75-1); (M+NA)+","refmet_name":"Pipecolic acid"},"427":{"study_id":"ST000698","analysis_id":"AN001084","analysis_summary":"Reversed phase POSITIVE ION MODE","metabolite_name":"PROCOLLAGEN 5-HYDROXY-L-LYSINE (CAS# 1190-94-9); (M+H)+","refmet_name":""},"428":{"study_id":"ST000698","analysis_id":"AN001084","analysis_summary":"Reversed phase POSITIVE ION MODE","metabolite_name":"PROLINE (CAS# 147-85-3); (M+H)+","refmet_name":"Proline"},"429":{"study_id":"ST000698","analysis_id":"AN001084","analysis_summary":"Reversed phase POSITIVE ION MODE","metabolite_name":"PROPIONYLCARNITINE (*) (CAS# 17298-37-2); (M+H)+","refmet_name":"CAR 3:0"},"430":{"study_id":"ST000698","analysis_id":"AN001084","analysis_summary":"Reversed phase POSITIVE ION MODE","metabolite_name":"PURINE (CAS# 120-73-0); (M+H)+","refmet_name":"Purine"},"431":{"study_id":"ST000698","analysis_id":"AN001084","analysis_summary":"Reversed phase POSITIVE ION MODE","metabolite_name":"PYRIDOXAL (CAS# 66-72-8); (M+H)+","refmet_name":"Pyridoxal"},"432":{"study_id":"ST000698","analysis_id":"AN001084","analysis_summary":"Reversed phase POSITIVE ION MODE","metabolite_name":"PYRIDOXAL PHOSPHATE (CAS# 853645-22-4); (M+H)+","refmet_name":"Pyridoxal 5'-phosphate"},"433":{"study_id":"ST000698","analysis_id":"AN001084","analysis_summary":"Reversed phase POSITIVE ION MODE","metabolite_name":"PYRIDOXINE (CAS# 65-23-6); (M+H)+","refmet_name":"Pyridoxine"},"434":{"study_id":"ST000698","analysis_id":"AN001084","analysis_summary":"Reversed phase POSITIVE ION MODE","metabolite_name":"RAC-GLYCEROL 1-MYRISTATE (CAS# 75685-84-6); (M+NA)+","refmet_name":"MG 14:0"},"435":{"study_id":"ST000698","analysis_id":"AN001084","analysis_summary":"Reversed phase POSITIVE ION MODE","metabolite_name":"RIBOFLAVIN (CAS# 83-88-5); (M+H)+","refmet_name":"Riboflavin"},"436":{"study_id":"ST000698","analysis_id":"AN001084","analysis_summary":"Reversed phase POSITIVE ION MODE","metabolite_name":"RIBOFLAVIN (CAS# 83-88-5); (M+NA)+","refmet_name":"Riboflavin"},"437":{"study_id":"ST000698","analysis_id":"AN001084","analysis_summary":"Reversed phase POSITIVE ION MODE","metabolite_name":"S-ADENOSYL-L-HOMOCYSTEINE (CAS# 979-92-0); (M+H)+","refmet_name":"S-Adenosylhomocysteine"},"438":{"study_id":"ST000698","analysis_id":"AN001084","analysis_summary":"Reversed phase POSITIVE ION MODE","metabolite_name":"S-ADENOSYLMETHIONINE (CAS# 29908-03-0); (M+H)+","refmet_name":"S-Adenosylmethionine"},"439":{"study_id":"ST000698","analysis_id":"AN001084","analysis_summary":"Reversed phase POSITIVE ION MODE","metabolite_name":"SARCOSINE (CAS# 107-97-1); (M+H)+","refmet_name":"Sarcosine"},"440":{"study_id":"ST000698","analysis_id":"AN001084","analysis_summary":"Reversed phase POSITIVE ION MODE","metabolite_name":"SERINE (CAS# 56-45-1); (M+H)+","refmet_name":"Serine"},"441":{"study_id":"ST000698","analysis_id":"AN001084","analysis_summary":"Reversed phase POSITIVE ION MODE","metabolite_name":"SEROTONIN (CAS# 50-67-9); (M+H)+","refmet_name":"Serotonin"},"442":{"study_id":"ST000698","analysis_id":"AN001084","analysis_summary":"Reversed phase POSITIVE ION MODE","metabolite_name":"SN-GLYCERO-3-PHOSPHOCHOLINE (CAS# 28319-77-9); (M+H)+","refmet_name":"sn-Glycero-3-phosphocholine"},"443":{"study_id":"ST000698","analysis_id":"AN001084","analysis_summary":"Reversed phase POSITIVE ION MODE","metabolite_name":"SPERMIDINE (CAS# 124-20-9); (M+H)+","refmet_name":"Spermidine"},"444":{"study_id":"ST000698","analysis_id":"AN001084","analysis_summary":"Reversed phase POSITIVE ION MODE","metabolite_name":"SPERMINE (CAS# 71-44-3); (M+H)+","refmet_name":"Spermine"},"445":{"study_id":"ST000698","analysis_id":"AN001084","analysis_summary":"Reversed phase POSITIVE ION MODE","metabolite_name":"SPHINGANINE (CAS# 764-22-7); (M+H)+","refmet_name":"Sphinganine"},"446":{"study_id":"ST000698","analysis_id":"AN001084","analysis_summary":"Reversed phase POSITIVE ION MODE","metabolite_name":"SPHINGOSINE (CAS# 123-78-4); (M+H)+","refmet_name":"Sphingosine"},"447":{"study_id":"ST000698","analysis_id":"AN001084","analysis_summary":"Reversed phase POSITIVE ION MODE","metabolite_name":"SPHINGOSINE (CAS# 123-78-4); (M+H)+[-H2O]","refmet_name":"Sphingosine"},"448":{"study_id":"ST000698","analysis_id":"AN001084","analysis_summary":"Reversed phase POSITIVE ION MODE","metabolite_name":"SPHINGOSINE (CAS# 123-78-4); (M+NA)+","refmet_name":"Sphingosine"},"449":{"study_id":"ST000698","analysis_id":"AN001084","analysis_summary":"Reversed phase POSITIVE ION MODE","metabolite_name":"STACHYOSE (CAS# 54261-98-2); (M+K)+","refmet_name":"Stachyose"},"450":{"study_id":"ST000698","analysis_id":"AN001084","analysis_summary":"Reversed phase POSITIVE ION MODE","metabolite_name":"STACHYOSE (CAS# 54261-98-2); (M+NA)+","refmet_name":"Stachyose"},"451":{"study_id":"ST000698","analysis_id":"AN001084","analysis_summary":"Reversed phase POSITIVE ION MODE","metabolite_name":"STEAROYLCARNITINE (*) (CAS# 1976-27-8); (M+H)+","refmet_name":"CAR 18:0"},"452":{"study_id":"ST000698","analysis_id":"AN001084","analysis_summary":"Reversed phase POSITIVE ION MODE","metabolite_name":"SUBERIC ACID (CAS# 505-48-6); (M+NA)+","refmet_name":"Suberic acid"},"453":{"study_id":"ST000698","analysis_id":"AN001084","analysis_summary":"Reversed phase POSITIVE ION MODE","metabolite_name":"SUCROSE (CAS# 57-50-1); (M+NA)+","refmet_name":"Sucrose"},"454":{"study_id":"ST000698","analysis_id":"AN001084","analysis_summary":"Reversed phase POSITIVE ION MODE","metabolite_name":"TAURINE (CAS# 107-35-7); (M+H)+","refmet_name":"Taurine"},"455":{"study_id":"ST000698","analysis_id":"AN001084","analysis_summary":"Reversed phase POSITIVE ION MODE","metabolite_name":"TAURINE (CAS# 107-35-7); (M+K)+","refmet_name":"Taurine"},"456":{"study_id":"ST000698","analysis_id":"AN001084","analysis_summary":"Reversed phase POSITIVE ION MODE","metabolite_name":"TAURINE (CAS# 107-35-7); (M+NA)+","refmet_name":"Taurine"},"457":{"study_id":"ST000698","analysis_id":"AN001084","analysis_summary":"Reversed phase POSITIVE ION MODE","metabolite_name":"THIAMIN (CAS# 59-43-8); M+","refmet_name":"Thiamine"},"458":{"study_id":"ST000698","analysis_id":"AN001084","analysis_summary":"Reversed phase POSITIVE ION MODE","metabolite_name":"THIAMIN (CAS# 59-43-8); M+[-C6H9NOS]","refmet_name":"Thiamine"},"459":{"study_id":"ST000698","analysis_id":"AN001084","analysis_summary":"Reversed phase POSITIVE ION MODE","metabolite_name":"THREONINE (CAS# 72-19-5); (M+H)+[-H2O]","refmet_name":"Threonine"},"460":{"study_id":"ST000698","analysis_id":"AN001084","analysis_summary":"Reversed phase POSITIVE ION MODE","metabolite_name":"THYMIDINE 5'-MONOPHOSPHATE (CAS# 365-07-1); (2M+NA)+","refmet_name":"TMP"},"461":{"study_id":"ST000698","analysis_id":"AN001084","analysis_summary":"Reversed phase POSITIVE ION MODE","metabolite_name":"TRYPTOPHAN (CAS# 73-22-3); (M+NA)+","refmet_name":"Tryptophan"},"462":{"study_id":"ST000698","analysis_id":"AN001084","analysis_summary":"Reversed phase POSITIVE ION MODE","metabolite_name":"TYROSINE (CAS# 60-18-4); (M+H)+","refmet_name":"Tyrosine"},"463":{"study_id":"ST000698","analysis_id":"AN001084","analysis_summary":"Reversed phase POSITIVE ION MODE","metabolite_name":"TYROSINE (CAS# 60-18-4); (M+NA)+","refmet_name":"Tyrosine"},"464":{"study_id":"ST000698","analysis_id":"AN001084","analysis_summary":"Reversed phase POSITIVE ION MODE","metabolite_name":"UDP-N-ACETYL-D-GALACTOSAMINE (CAS# ); (M+NA)+","refmet_name":"UDP-N-acetylgalactosamine"},"465":{"study_id":"ST000698","analysis_id":"AN001084","analysis_summary":"Reversed phase POSITIVE ION MODE","metabolite_name":"UDP-N-ACETYL-D-GLUCOSAMINE (CAS# 528-04-1); (M+H)+","refmet_name":"UDP-N-acetylglucosamine"},"466":{"study_id":"ST000698","analysis_id":"AN001084","analysis_summary":"Reversed phase POSITIVE ION MODE","metabolite_name":"UDP-N-ACETYL-D-GLUCOSAMINE (CAS# 528-04-1); (M+NA)+","refmet_name":"UDP-N-acetylglucosamine"},"467":{"study_id":"ST000698","analysis_id":"AN001084","analysis_summary":"Reversed phase POSITIVE ION MODE","metabolite_name":"URIDINE (CAS# 58-96-8); (M+NA)+","refmet_name":"Uridine"},"468":{"study_id":"ST000698","analysis_id":"AN001084","analysis_summary":"Reversed phase POSITIVE ION MODE","metabolite_name":"UROCANATE (CAS# 104-98-3); (M+H)+","refmet_name":"Urocanic acid"},"469":{"study_id":"ST000698","analysis_id":"AN001084","analysis_summary":"Reversed phase POSITIVE ION MODE","metabolite_name":"VALINE (CAS# 72-18-4); (M+H)+","refmet_name":"Valine"},"470":{"study_id":"ST000698","analysis_id":"AN001084","analysis_summary":"Reversed phase POSITIVE ION MODE","metabolite_name":"VALINE (CAS# 72-18-4); (M+NA)+","refmet_name":"Valine"},"471":{"study_id":"ST000698","analysis_id":"AN001084","analysis_summary":"Reversed phase POSITIVE ION MODE","metabolite_name":"XANTHINE (CAS# 69-89-6); (M+H)+","refmet_name":"Xanthine"},"472":{"study_id":"ST000698","analysis_id":"AN001084","analysis_summary":"Reversed phase POSITIVE ION MODE","metabolite_name":"XANTHOSINE (CAS# 146-80-5); (M+H)+","refmet_name":"Xanthosine"},"473":{"study_id":"ST000698","analysis_id":"AN001084","analysis_summary":"Reversed phase POSITIVE ION MODE","metabolite_name":"ZEATIN [ISTD] (CAS# 13114-27-7); (M+H)+","refmet_name":"trans-Zeatin"}}