{"1":{"study_id":"ST000011","analysis_id":"AN000027","analysis_summary":"LC\/Electro-spray \/QTOF positive ion mode","metabolite_name":"10-HYDROXYDECANOATE","refmet_name":"10-Hydroxydecanoic acid"},"2":{"study_id":"ST000011","analysis_id":"AN000027","analysis_summary":"LC\/Electro-spray \/QTOF positive ion mode","metabolite_name":"11-DEHYDROCORTICOSTERONE","refmet_name":"11-Dehydrocorticosterone"},"3":{"study_id":"ST000011","analysis_id":"AN000027","analysis_summary":"LC\/Electro-spray \/QTOF positive ion mode","metabolite_name":"12-HYDROXY-DODECANOIC ACID","refmet_name":"12-Hydroxy lauric acid"},"4":{"study_id":"ST000011","analysis_id":"AN000027","analysis_summary":"LC\/Electro-spray \/QTOF positive ion mode","metabolite_name":"[13C]-ISOLEUCINE","refmet_name":"Isoleucine"},"5":{"study_id":"ST000011","analysis_id":"AN000027","analysis_summary":"LC\/Electro-spray \/QTOF positive ion mode","metabolite_name":"[13C]-LEUCINE","refmet_name":"Leucine"},"6":{"study_id":"ST000011","analysis_id":"AN000027","analysis_summary":"LC\/Electro-spray \/QTOF positive ion mode","metabolite_name":"17ALPHA-HYDROXYPROGESTERONE","refmet_name":"17alpha-Hydroxyprogesterone"},"7":{"study_id":"ST000011","analysis_id":"AN000027","analysis_summary":"LC\/Electro-spray \/QTOF positive ion mode","metabolite_name":"1-METHYLADENOSINE","refmet_name":"1-Methyladenosine"},"8":{"study_id":"ST000011","analysis_id":"AN000027","analysis_summary":"LC\/Electro-spray \/QTOF positive ion mode","metabolite_name":"2',4'-DIHYDROXYACETOPHENONE","refmet_name":"2',4'-Dihydroxyacetophenone"},"9":{"study_id":"ST000011","analysis_id":"AN000027","analysis_summary":"LC\/Electro-spray \/QTOF positive ion mode","metabolite_name":"2-DEOXY-D-GLUCOSE","refmet_name":"2-Deoxy-glucose"},"10":{"study_id":"ST000011","analysis_id":"AN000027","analysis_summary":"LC\/Electro-spray \/QTOF positive ion mode","metabolite_name":"2-HYDROXYBUTYRIC ACID","refmet_name":"2-Hydroxybutyric acid"},"11":{"study_id":"ST000011","analysis_id":"AN000027","analysis_summary":"LC\/Electro-spray \/QTOF positive ion mode","metabolite_name":"2-HYDROXYPHENYLACETIC ACID","refmet_name":"2-Hydroxyphenylacetic acid"},"12":{"study_id":"ST000011","analysis_id":"AN000027","analysis_summary":"LC\/Electro-spray \/QTOF positive ion mode","metabolite_name":"2-HYDROXYQUINOLINE","refmet_name":"2-Hydroxyquinoline"},"13":{"study_id":"ST000011","analysis_id":"AN000027","analysis_summary":"LC\/Electro-spray \/QTOF positive ion mode","metabolite_name":"3ALPHA-HYDROXY-5BETA-CHOLANATE","refmet_name":"Lithocholic acid"},"14":{"study_id":"ST000011","analysis_id":"AN000027","analysis_summary":"LC\/Electro-spray \/QTOF positive ion mode","metabolite_name":"3-DEHYDROCARNITINE","refmet_name":"3-Dehydrocarnitine"},"15":{"study_id":"ST000011","analysis_id":"AN000027","analysis_summary":"LC\/Electro-spray \/QTOF positive ion mode","metabolite_name":"4-AMINOBUTANOATE","refmet_name":"gamma-Aminobutyric acid"},"16":{"study_id":"ST000011","analysis_id":"AN000027","analysis_summary":"LC\/Electro-spray \/QTOF positive ion mode","metabolite_name":"4-COUMARATE","refmet_name":"cis-p-Coumaric acid"},"17":{"study_id":"ST000011","analysis_id":"AN000027","analysis_summary":"LC\/Electro-spray \/QTOF positive ion mode","metabolite_name":"4-IMIDAZOLEACETIC ACID","refmet_name":"Imidazoleacetic acid"},"18":{"study_id":"ST000011","analysis_id":"AN000027","analysis_summary":"LC\/Electro-spray \/QTOF positive ion mode","metabolite_name":"4-METHYLCATECHOL","refmet_name":"4-Methylcatechol"},"19":{"study_id":"ST000011","analysis_id":"AN000027","analysis_summary":"LC\/Electro-spray \/QTOF positive ion mode","metabolite_name":"5-AMINOIMIDAZOLE-4-CARBOXAMIDE-1-BETA-D-RIBOFURANOSYL 5`-MONOPHOSPHATE","refmet_name":"AICAR"},"20":{"study_id":"ST000011","analysis_id":"AN000027","analysis_summary":"LC\/Electro-spray \/QTOF positive ion mode","metabolite_name":"5-Aminoimidazole ribotide","refmet_name":"5-Aminoimidazole ribonucleotide"},"21":{"study_id":"ST000011","analysis_id":"AN000027","analysis_summary":"LC\/Electro-spray \/QTOF positive ion mode","metabolite_name":"5BETA-DIHYDROTESTOSTERONE","refmet_name":"5beta-Dihydrotestosterone"},"22":{"study_id":"ST000011","analysis_id":"AN000027","analysis_summary":"LC\/Electro-spray \/QTOF positive ion mode","metabolite_name":"ACETYLCHOLINE","refmet_name":"Acetylcholine"},"23":{"study_id":"ST000011","analysis_id":"AN000027","analysis_summary":"LC\/Electro-spray \/QTOF positive ion mode","metabolite_name":"ADENOSINE 3',5'-CYCLIC MONOPHOSPHATE","refmet_name":"3',5' cyclic AMP"},"24":{"study_id":"ST000011","analysis_id":"AN000027","analysis_summary":"LC\/Electro-spray \/QTOF positive ion mode","metabolite_name":"ALANINE","refmet_name":"Alanine"},"25":{"study_id":"ST000011","analysis_id":"AN000027","analysis_summary":"LC\/Electro-spray \/QTOF positive ion mode","metabolite_name":"ALLANTOATE","refmet_name":"Allantoic acid"},"26":{"study_id":"ST000011","analysis_id":"AN000027","analysis_summary":"LC\/Electro-spray \/QTOF positive ion mode","metabolite_name":"ALPHA-TOCOPHEROL","refmet_name":"alpha-Tocopherol"},"27":{"study_id":"ST000011","analysis_id":"AN000027","analysis_summary":"LC\/Electro-spray \/QTOF positive ion mode","metabolite_name":"ANDROSTERONE","refmet_name":"Androsterone"},"28":{"study_id":"ST000011","analysis_id":"AN000027","analysis_summary":"LC\/Electro-spray \/QTOF positive ion mode","metabolite_name":"ANTHRANILATE","refmet_name":"2-Aminobenzoic acid"},"29":{"study_id":"ST000011","analysis_id":"AN000027","analysis_summary":"LC\/Electro-spray \/QTOF positive ion mode","metabolite_name":"ARACHIDONOYLGLYCEROPHOSPHOCHOLINE","refmet_name":"LPC 20:4"},"30":{"study_id":"ST000011","analysis_id":"AN000027","analysis_summary":"LC\/Electro-spray \/QTOF positive ion mode","metabolite_name":"AZELAIC ACID","refmet_name":"Azelaic acid"},"31":{"study_id":"ST000011","analysis_id":"AN000027","analysis_summary":"LC\/Electro-spray \/QTOF positive ion mode","metabolite_name":"BETAINE","refmet_name":"Betaine"},"32":{"study_id":"ST000011","analysis_id":"AN000027","analysis_summary":"LC\/Electro-spray \/QTOF positive ion mode","metabolite_name":"BILIVERDIN","refmet_name":"Biliverdin"},"33":{"study_id":"ST000011","analysis_id":"AN000027","analysis_summary":"LC\/Electro-spray \/QTOF positive ion mode","metabolite_name":"BIOTIN","refmet_name":"Biotin"},"34":{"study_id":"ST000011","analysis_id":"AN000027","analysis_summary":"LC\/Electro-spray \/QTOF positive ion mode","metabolite_name":"BIS(2-ETHYLHEXYL)PHTHALATE","refmet_name":"bis(2-Ethylhexyl)phthalic acid"},"35":{"study_id":"ST000011","analysis_id":"AN000027","analysis_summary":"LC\/Electro-spray \/QTOF positive ion mode","metabolite_name":"BISPHOSPHOGLYCERATE","refmet_name":"2,3-Diphosphoglyceric acid"},"36":{"study_id":"ST000011","analysis_id":"AN000027","analysis_summary":"LC\/Electro-spray \/QTOF positive ion mode","metabolite_name":"BOC-ASN","refmet_name":""},"37":{"study_id":"ST000011","analysis_id":"AN000027","analysis_summary":"LC\/Electro-spray \/QTOF positive ion mode","metabolite_name":"CARNITINE","refmet_name":"Carnitine"},"38":{"study_id":"ST000011","analysis_id":"AN000027","analysis_summary":"LC\/Electro-spray \/QTOF positive ion mode","metabolite_name":"CERAMIDE PHOSPHOCHOLINE","refmet_name":"SM 18:0;O2\/22:1"},"39":{"study_id":"ST000011","analysis_id":"AN000027","analysis_summary":"LC\/Electro-spray \/QTOF positive ion mode","metabolite_name":"CHOLINE","refmet_name":"Choline"},"40":{"study_id":"ST000011","analysis_id":"AN000027","analysis_summary":"LC\/Electro-spray \/QTOF positive ion mode","metabolite_name":"CITRULLINE","refmet_name":"Citrulline"},"41":{"study_id":"ST000011","analysis_id":"AN000027","analysis_summary":"LC\/Electro-spray \/QTOF positive ion mode","metabolite_name":"COENZYME A","refmet_name":"Coenzyme A"},"42":{"study_id":"ST000011","analysis_id":"AN000027","analysis_summary":"LC\/Electro-spray \/QTOF positive ion mode","metabolite_name":"CORTICOSTERONE","refmet_name":"Corticosterone"},"43":{"study_id":"ST000011","analysis_id":"AN000027","analysis_summary":"LC\/Electro-spray \/QTOF positive ion mode","metabolite_name":"CORTISOL","refmet_name":"Cortisol"},"44":{"study_id":"ST000011","analysis_id":"AN000027","analysis_summary":"LC\/Electro-spray \/QTOF positive ion mode","metabolite_name":"CORTISOL 21-ACETATE","refmet_name":"Cortisol 21-acetate"},"45":{"study_id":"ST000011","analysis_id":"AN000027","analysis_summary":"LC\/Electro-spray \/QTOF positive ion mode","metabolite_name":"CREATINE","refmet_name":"Creatine"},"46":{"study_id":"ST000011","analysis_id":"AN000027","analysis_summary":"LC\/Electro-spray \/QTOF positive ion mode","metabolite_name":"CREATININE FROM COMPLEX","refmet_name":"Creatinine"},"47":{"study_id":"ST000011","analysis_id":"AN000027","analysis_summary":"LC\/Electro-spray \/QTOF positive ion mode","metabolite_name":"CYSTINE","refmet_name":"Cystine"},"48":{"study_id":"ST000011","analysis_id":"AN000027","analysis_summary":"LC\/Electro-spray \/QTOF positive ion mode","metabolite_name":"CYTOSINE","refmet_name":"Cytosine"},"49":{"study_id":"ST000011","analysis_id":"AN000027","analysis_summary":"LC\/Electro-spray \/QTOF positive ion mode","metabolite_name":"DEOXYCHOLATE","refmet_name":"Deoxycholic acid"},"50":{"study_id":"ST000011","analysis_id":"AN000027","analysis_summary":"LC\/Electro-spray \/QTOF positive ion mode","metabolite_name":"DIHYDROOROTATE","refmet_name":"4,5-Dihydroorotic acid"},"51":{"study_id":"ST000011","analysis_id":"AN000027","analysis_summary":"LC\/Electro-spray \/QTOF positive ion mode","metabolite_name":"DIPALMITOYLGLYCEROL","refmet_name":"DG 16:0_16:0"},"52":{"study_id":"ST000011","analysis_id":"AN000027","analysis_summary":"LC\/Electro-spray \/QTOF positive ion mode","metabolite_name":"DOCOSAHEXAENOYLGLYCEROPHOSPHOCHOLINE","refmet_name":"LPE 22:6"},"53":{"study_id":"ST000011","analysis_id":"AN000027","analysis_summary":"LC\/Electro-spray \/QTOF positive ion mode","metabolite_name":"EPINEPHRINE","refmet_name":"Epinephrine"},"54":{"study_id":"ST000011","analysis_id":"AN000027","analysis_summary":"LC\/Electro-spray \/QTOF positive ion mode","metabolite_name":"ERYTHRITOL","refmet_name":"Erythritol"},"55":{"study_id":"ST000011","analysis_id":"AN000027","analysis_summary":"LC\/Electro-spray \/QTOF positive ion mode","metabolite_name":"ESTRADIOL 17 ALPHA","refmet_name":"Estradiol-17alpha"},"56":{"study_id":"ST000011","analysis_id":"AN000027","analysis_summary":"LC\/Electro-spray \/QTOF positive ion mode","metabolite_name":"ESTRIOL","refmet_name":"Estriol"},"57":{"study_id":"ST000011","analysis_id":"AN000027","analysis_summary":"LC\/Electro-spray \/QTOF positive ion mode","metabolite_name":"FERULATE","refmet_name":"trans-Ferulic acid"},"58":{"study_id":"ST000011","analysis_id":"AN000027","analysis_summary":"LC\/Electro-spray \/QTOF positive ion mode","metabolite_name":"GLUTAMINE","refmet_name":"Glutamine"},"59":{"study_id":"ST000011","analysis_id":"AN000027","analysis_summary":"LC\/Electro-spray \/QTOF positive ion mode","metabolite_name":"GLYCOCHOLATE","refmet_name":"Glycocholic acid"},"60":{"study_id":"ST000011","analysis_id":"AN000027","analysis_summary":"LC\/Electro-spray \/QTOF positive ion mode","metabolite_name":"GUANINE","refmet_name":"Guanine"},"61":{"study_id":"ST000011","analysis_id":"AN000027","analysis_summary":"LC\/Electro-spray \/QTOF positive ion mode","metabolite_name":"HEPTADECANOYLGLYCEROPHOSPHOCHOLINE","refmet_name":"LPC 17:0"},"62":{"study_id":"ST000011","analysis_id":"AN000027","analysis_summary":"LC\/Electro-spray \/QTOF positive ion mode","metabolite_name":"HEXOSE","refmet_name":"Hexose"},"63":{"study_id":"ST000011","analysis_id":"AN000027","analysis_summary":"LC\/Electro-spray \/QTOF positive ion mode","metabolite_name":"HIPPURATE","refmet_name":"Hippuric acid"},"64":{"study_id":"ST000011","analysis_id":"AN000027","analysis_summary":"LC\/Electro-spray \/QTOF positive ion mode","metabolite_name":"HISTIDINE","refmet_name":"Histidine"},"65":{"study_id":"ST000011","analysis_id":"AN000027","analysis_summary":"LC\/Electro-spray \/QTOF positive ion mode","metabolite_name":"HOMOCYSTEINE","refmet_name":"Homocysteine"},"66":{"study_id":"ST000011","analysis_id":"AN000027","analysis_summary":"LC\/Electro-spray \/QTOF positive ion mode","metabolite_name":"HOMOSTACHYDRINE","refmet_name":"(S)-Homostachydrine"},"67":{"study_id":"ST000011","analysis_id":"AN000027","analysis_summary":"LC\/Electro-spray \/QTOF positive ion mode","metabolite_name":"INDOLE-3-ACETIC ACID","refmet_name":"Indoleacetic acid"},"68":{"study_id":"ST000011","analysis_id":"AN000027","analysis_summary":"LC\/Electro-spray \/QTOF positive ion mode","metabolite_name":"KYNURENINE","refmet_name":"Kynurenine"},"69":{"study_id":"ST000011","analysis_id":"AN000027","analysis_summary":"LC\/Electro-spray \/QTOF positive ion mode","metabolite_name":"LENTICIN","refmet_name":"Lenticin"},"70":{"study_id":"ST000011","analysis_id":"AN000027","analysis_summary":"LC\/Electro-spray \/QTOF positive ion mode","metabolite_name":"LEUCINE","refmet_name":"Leucine"},"71":{"study_id":"ST000011","analysis_id":"AN000027","analysis_summary":"LC\/Electro-spray \/QTOF positive ion mode","metabolite_name":"LINOLEOYLGLYCEROPHOSPHOCHOLINE","refmet_name":"LPC 18:2"},"72":{"study_id":"ST000011","analysis_id":"AN000027","analysis_summary":"LC\/Electro-spray \/QTOF positive ion mode","metabolite_name":"LL-2,6-DIAMINOHEPTANEDIOATE","refmet_name":"2,6-Diaminopimelic acid"},"73":{"study_id":"ST000011","analysis_id":"AN000027","analysis_summary":"LC\/Electro-spray \/QTOF positive ion mode","metabolite_name":"LYSINE","refmet_name":"Lysine"},"74":{"study_id":"ST000011","analysis_id":"AN000027","analysis_summary":"LC\/Electro-spray \/QTOF positive ion mode","metabolite_name":"METHIONINE","refmet_name":"Methionine"},"75":{"study_id":"ST000011","analysis_id":"AN000027","analysis_summary":"LC\/Electro-spray \/QTOF positive ion mode","metabolite_name":"METHYLIMIDAZOLEACETIC ACID","refmet_name":"Methylimidazoleacetic acid"},"76":{"study_id":"ST000011","analysis_id":"AN000027","analysis_summary":"LC\/Electro-spray \/QTOF positive ion mode","metabolite_name":"METHYL JASMONATE","refmet_name":"Methyl jasmonate"},"77":{"study_id":"ST000011","analysis_id":"AN000027","analysis_summary":"LC\/Electro-spray \/QTOF positive ion mode","metabolite_name":"N1-METHYL-2-PYRIDONE-5-CARBOXAMIDE","refmet_name":"N1-Methyl-2-pyridone-5-carboxamide"},"78":{"study_id":"ST000011","analysis_id":"AN000027","analysis_summary":"LC\/Electro-spray \/QTOF positive ion mode","metabolite_name":"N-ACETYL-L-LEUCINE","refmet_name":"N-Acetylleucine"},"79":{"study_id":"ST000011","analysis_id":"AN000027","analysis_summary":"LC\/Electro-spray \/QTOF positive ion mode","metabolite_name":"N-ACETYL-L-PHENYLALANINE","refmet_name":"N-Acetylphenylalanine"},"80":{"study_id":"ST000011","analysis_id":"AN000027","analysis_summary":"LC\/Electro-spray \/QTOF positive ion mode","metabolite_name":"N-ACETYLPUTRESCINE","refmet_name":"N-Acetylputrescine"},"81":{"study_id":"ST000011","analysis_id":"AN000027","analysis_summary":"LC\/Electro-spray \/QTOF positive ion mode","metabolite_name":"N-BENZYLOXYCARBONYLGLYCINE","refmet_name":"N-Benzyloxycarbonylglycine"},"82":{"study_id":"ST000011","analysis_id":"AN000027","analysis_summary":"LC\/Electro-spray \/QTOF positive ion mode","metabolite_name":"N-CYCLOHEXYLFORMAMIDE","refmet_name":"N-Cyclohexylformamide"},"83":{"study_id":"ST000011","analysis_id":"AN000027","analysis_summary":"LC\/Electro-spray \/QTOF positive ion mode","metabolite_name":"N-ETHYLMALEIMIDE","refmet_name":"N-Ethylmaleimide"},"84":{"study_id":"ST000011","analysis_id":"AN000027","analysis_summary":"LC\/Electro-spray \/QTOF positive ion mode","metabolite_name":"NICOTINATE D-RIBONUCLEOSIDE","refmet_name":"D-Ribosylnicotinate"},"85":{"study_id":"ST000011","analysis_id":"AN000027","analysis_summary":"LC\/Electro-spray \/QTOF positive ion mode","metabolite_name":"O-ACETYL-L-CARNITINE","refmet_name":"CAR 2:0"},"86":{"study_id":"ST000011","analysis_id":"AN000027","analysis_summary":"LC\/Electro-spray \/QTOF positive ion mode","metabolite_name":"OLEOYLGLYCEROPHOSPHOCHOLINE","refmet_name":"LPC 18:1"},"87":{"study_id":"ST000011","analysis_id":"AN000027","analysis_summary":"LC\/Electro-spray \/QTOF positive ion mode","metabolite_name":"ORNITHINE","refmet_name":"Ornithine"},"88":{"study_id":"ST000011","analysis_id":"AN000027","analysis_summary":"LC\/Electro-spray \/QTOF positive ion mode","metabolite_name":"PALMITOYLCARNITINE","refmet_name":"CAR 16:0"},"89":{"study_id":"ST000011","analysis_id":"AN000027","analysis_summary":"LC\/Electro-spray \/QTOF positive ion mode","metabolite_name":"PALMITOYLGLYCEROPHOSPHOCHOLINE","refmet_name":"LPC 16:0"},"90":{"study_id":"ST000011","analysis_id":"AN000027","analysis_summary":"LC\/Electro-spray \/QTOF positive ion mode","metabolite_name":"PANTOLACTONE","refmet_name":"Pantolactone"},"91":{"study_id":"ST000011","analysis_id":"AN000027","analysis_summary":"LC\/Electro-spray \/QTOF positive ion mode","metabolite_name":"PANTOTHENIC ACID","refmet_name":"Pantothenic acid"},"92":{"study_id":"ST000011","analysis_id":"AN000027","analysis_summary":"LC\/Electro-spray \/QTOF positive ion mode","metabolite_name":"PHENYLACETYLGLUTAMINE","refmet_name":"alpha-N-Phenylacetylglutamine"},"93":{"study_id":"ST000011","analysis_id":"AN000027","analysis_summary":"LC\/Electro-spray \/QTOF positive ion mode","metabolite_name":"PHENYLALANINE","refmet_name":"Phenylalanine"},"94":{"study_id":"ST000011","analysis_id":"AN000027","analysis_summary":"LC\/Electro-spray \/QTOF positive ion mode","metabolite_name":"PHOSPHONOACETATE","refmet_name":"Phosphonoacetate"},"95":{"study_id":"ST000011","analysis_id":"AN000027","analysis_summary":"LC\/Electro-spray \/QTOF positive ion mode","metabolite_name":"PHTHALATE","refmet_name":"Phthalic acid"},"96":{"study_id":"ST000011","analysis_id":"AN000027","analysis_summary":"LC\/Electro-spray \/QTOF positive ion mode","metabolite_name":"PIPECOLIC ACID","refmet_name":"Pipecolic acid"},"97":{"study_id":"ST000011","analysis_id":"AN000027","analysis_summary":"LC\/Electro-spray \/QTOF positive ion mode","metabolite_name":"PROLINE","refmet_name":"Proline"},"98":{"study_id":"ST000011","analysis_id":"AN000027","analysis_summary":"LC\/Electro-spray \/QTOF positive ion mode","metabolite_name":"PROPIONYLCARNITINE","refmet_name":"CAR 3:0"},"99":{"study_id":"ST000011","analysis_id":"AN000027","analysis_summary":"LC\/Electro-spray \/QTOF positive ion mode","metabolite_name":"PTERIN","refmet_name":"Pterin"},"100":{"study_id":"ST000011","analysis_id":"AN000027","analysis_summary":"LC\/Electro-spray \/QTOF positive ion mode","metabolite_name":"QUINOLINE","refmet_name":"Quinoline"},"101":{"study_id":"ST000011","analysis_id":"AN000027","analysis_summary":"LC\/Electro-spray \/QTOF positive ion mode","metabolite_name":"RETINOATE","refmet_name":"Retinoic acid"},"102":{"study_id":"ST000011","analysis_id":"AN000027","analysis_summary":"LC\/Electro-spray \/QTOF positive ion mode","metabolite_name":"RIBOFLAVIN","refmet_name":"Riboflavin"},"103":{"study_id":"ST000011","analysis_id":"AN000027","analysis_summary":"LC\/Electro-spray \/QTOF positive ion mode","metabolite_name":"S-ADENOSYL METHIONINE","refmet_name":"S-Adenosylmethionine"},"104":{"study_id":"ST000011","analysis_id":"AN000027","analysis_summary":"LC\/Electro-spray \/QTOF positive ion mode","metabolite_name":"SALSOLINOL","refmet_name":"Salsolinol"},"105":{"study_id":"ST000011","analysis_id":"AN000027","analysis_summary":"LC\/Electro-spray \/QTOF positive ion mode","metabolite_name":"SPERMINE","refmet_name":"Spermine"},"106":{"study_id":"ST000011","analysis_id":"AN000027","analysis_summary":"LC\/Electro-spray \/QTOF positive ion mode","metabolite_name":"STEAROYL SPHINGOMYELIN","refmet_name":"SM 18:1;O2\/18:0"},"107":{"study_id":"ST000011","analysis_id":"AN000027","analysis_summary":"LC\/Electro-spray \/QTOF positive ion mode","metabolite_name":"SUBERIC ACID","refmet_name":"Suberic acid"},"108":{"study_id":"ST000011","analysis_id":"AN000027","analysis_summary":"LC\/Electro-spray \/QTOF positive ion mode","metabolite_name":"TRANS-CYCLOHEXANE-1,2-DIOL","refmet_name":"trans-Cyclohexane-1,2-diol"},"109":{"study_id":"ST000011","analysis_id":"AN000027","analysis_summary":"LC\/Electro-spray \/QTOF positive ion mode","metabolite_name":"TRIMETHYLAMINE","refmet_name":"Trimethylamine"},"110":{"study_id":"ST000011","analysis_id":"AN000027","analysis_summary":"LC\/Electro-spray \/QTOF positive ion mode","metabolite_name":"TRYPTOPHAN","refmet_name":"Tryptophan"},"111":{"study_id":"ST000011","analysis_id":"AN000027","analysis_summary":"LC\/Electro-spray \/QTOF positive ion mode","metabolite_name":"TYROSINE","refmet_name":"Tyrosine"},"112":{"study_id":"ST000011","analysis_id":"AN000027","analysis_summary":"LC\/Electro-spray \/QTOF positive ion mode","metabolite_name":"URATE","refmet_name":"Uric acid"},"113":{"study_id":"ST000011","analysis_id":"AN000027","analysis_summary":"LC\/Electro-spray \/QTOF positive ion mode","metabolite_name":"URIDINE","refmet_name":"Uridine"},"114":{"study_id":"ST000011","analysis_id":"AN000027","analysis_summary":"LC\/Electro-spray \/QTOF positive ion mode","metabolite_name":"UROCANATE","refmet_name":"Urocanic acid"},"115":{"study_id":"ST000011","analysis_id":"AN000027","analysis_summary":"LC\/Electro-spray \/QTOF positive ion mode","metabolite_name":"VALINE","refmet_name":"Valine"},"116":{"study_id":"ST000011","analysis_id":"AN000028","analysis_summary":"LC\/Electro-spray \/QTOF negative ion mode","metabolite_name":"11-BETA-HYDROXYANDROST-4-ENE-3,17-DIONE","refmet_name":"11beta-Hydroxyandrost-4-ene-3,17-dione"},"117":{"study_id":"ST000011","analysis_id":"AN000028","analysis_summary":"LC\/Electro-spray \/QTOF negative ion mode","metabolite_name":"15(S)-HETE","refmet_name":"15S-HETE"},"118":{"study_id":"ST000011","analysis_id":"AN000028","analysis_summary":"LC\/Electro-spray \/QTOF negative ion mode","metabolite_name":"1-AMINOCYCLOPROPANE-1-CARBOXYLATE","refmet_name":"1-Aminocyclopropanecarboxylic acid"},"119":{"study_id":"ST000011","analysis_id":"AN000028","analysis_summary":"LC\/Electro-spray \/QTOF negative ion mode","metabolite_name":"2-CARBOXY-2,3-DIHYDRO-5,6-DIHYDROXYINDOLE","refmet_name":"Leucodopachrome"},"120":{"study_id":"ST000011","analysis_id":"AN000028","analysis_summary":"LC\/Electro-spray \/QTOF negative ion mode","metabolite_name":"2'-DEOXYURIDINE 5'-MONOPHOSPHATE","refmet_name":"dUMP"},"121":{"study_id":"ST000011","analysis_id":"AN000028","analysis_summary":"LC\/Electro-spray \/QTOF negative ion mode","metabolite_name":"2-HYDROXYBUTYRIC ACID","refmet_name":"2-Hydroxybutyric acid"},"122":{"study_id":"ST000011","analysis_id":"AN000028","analysis_summary":"LC\/Electro-spray \/QTOF negative ion mode","metabolite_name":"2-HYDROXYGLUTARATE","refmet_name":"2-Hydroxyglutaric acid"},"123":{"study_id":"ST000011","analysis_id":"AN000028","analysis_summary":"LC\/Electro-spray \/QTOF negative ion mode","metabolite_name":"2-HYDROXYSTEARATE","refmet_name":"2-Hydroxystearic acid"},"124":{"study_id":"ST000011","analysis_id":"AN000028","analysis_summary":"LC\/Electro-spray \/QTOF negative ion mode","metabolite_name":"2-OXOADIPATE","refmet_name":"Oxoadipic acid"},"125":{"study_id":"ST000011","analysis_id":"AN000028","analysis_summary":"LC\/Electro-spray \/QTOF negative ion mode","metabolite_name":"3-(2-HYDROXYPHENYL)PROPANOATE","refmet_name":"3-(2-Hydroxyphenyl)propanoic acid"},"126":{"study_id":"ST000011","analysis_id":"AN000028","analysis_summary":"LC\/Electro-spray \/QTOF negative ion mode","metabolite_name":"3,4-DIHYDROXYBENZOATE","refmet_name":"Protocatechuic acid"},"127":{"study_id":"ST000011","analysis_id":"AN000028","analysis_summary":"LC\/Electro-spray \/QTOF negative ion mode","metabolite_name":"3-(4-HYDROXYPHENYL)LACTATE","refmet_name":"Hydroxyphenyllactic acid"},"128":{"study_id":"ST000011","analysis_id":"AN000028","analysis_summary":"LC\/Electro-spray \/QTOF negative ion mode","metabolite_name":"3ALPHA,7ALPHA,12ALPHA,26-TETRAHYDROXY-5BETA-CHOLESTANE","refmet_name":"27-Deoxy-5beta-cyprinol"},"129":{"study_id":"ST000011","analysis_id":"AN000028","analysis_summary":"LC\/Electro-spray \/QTOF negative ion mode","metabolite_name":"3ALPHA,7ALPHA-DIHYDROXY-5BETA-CHOLESTANATE","refmet_name":"3alpha,7alpha-Dihydroxy-5beta-cholestanoic acid"},"130":{"study_id":"ST000011","analysis_id":"AN000028","analysis_summary":"LC\/Electro-spray \/QTOF negative ion mode","metabolite_name":"3ALPHA-HYDROXY-5BETA-CHOLANATE","refmet_name":"Lithocholic acid"},"131":{"study_id":"ST000011","analysis_id":"AN000028","analysis_summary":"LC\/Electro-spray \/QTOF negative ion mode","metabolite_name":"3-HYDROXY-3-METHYLGLUTARATE","refmet_name":"3-Hydroxymethylglutaric acid"},"132":{"study_id":"ST000011","analysis_id":"AN000028","analysis_summary":"LC\/Electro-spray \/QTOF negative ion mode","metabolite_name":"3-HYDROXYBENZALDEHYDE","refmet_name":"3-Hydroxybenzaldehyde"},"133":{"study_id":"ST000011","analysis_id":"AN000028","analysis_summary":"LC\/Electro-spray \/QTOF negative ion mode","metabolite_name":"3-HYDROXYBENZYL ALCOHOL","refmet_name":"3-Hydroxybenzyl alcohol"},"134":{"study_id":"ST000011","analysis_id":"AN000028","analysis_summary":"LC\/Electro-spray \/QTOF negative ion mode","metabolite_name":"3-METHYL-2-OXOVALERIC ACID","refmet_name":"3-Methyl-2-oxovaleric acid"},"135":{"study_id":"ST000011","analysis_id":"AN000028","analysis_summary":"LC\/Electro-spray \/QTOF negative ion mode","metabolite_name":"3-METHYLADENINE","refmet_name":"3-Methyladenine"},"136":{"study_id":"ST000011","analysis_id":"AN000028","analysis_summary":"LC\/Electro-spray \/QTOF negative ion mode","metabolite_name":"4-(2-AMINO-3-HYDROXYPHENYL)-2,4-DIOXOBUTANOATE","refmet_name":"4-(2-Amino-3-hydroxyphenyl)-2,4-dioxobutanoic acid"},"137":{"study_id":"ST000011","analysis_id":"AN000028","analysis_summary":"LC\/Electro-spray \/QTOF negative ion mode","metabolite_name":"4-(2-AMINOPHENYL)-2,4-DIOXOBUTANOATE","refmet_name":"4-(2-Aminophenyl)-2,4-dioxobutanoic acid"},"138":{"study_id":"ST000011","analysis_id":"AN000028","analysis_summary":"LC\/Electro-spray \/QTOF negative ion mode","metabolite_name":"4-ACETAMIDOBUTANOATE","refmet_name":"4-Acetamidobutanoic acid"},"139":{"study_id":"ST000011","analysis_id":"AN000028","analysis_summary":"LC\/Electro-spray \/QTOF negative ion mode","metabolite_name":"4-ANDROSTEN-3BETA,17BETA-DIOL DISULFATE","refmet_name":"4-Androsten-3beta,17beta-diol disulfate"},"140":{"study_id":"ST000011","analysis_id":"AN000028","analysis_summary":"LC\/Electro-spray \/QTOF negative ion mode","metabolite_name":"4-HYDROXY-2-QUINOLINECARBOXYLIC ACID","refmet_name":"Kynurenic acid"},"141":{"study_id":"ST000011","analysis_id":"AN000028","analysis_summary":"LC\/Electro-spray \/QTOF negative ion mode","metabolite_name":"4-HYDROXYPHENYLACETATE","refmet_name":"4-Hydroxyphenylacetic acid"},"142":{"study_id":"ST000011","analysis_id":"AN000028","analysis_summary":"LC\/Electro-spray \/QTOF negative ion mode","metabolite_name":"4-METHYL-2-OXO-PENTANOIC ACID","refmet_name":"Ketoleucine"},"143":{"study_id":"ST000011","analysis_id":"AN000028","analysis_summary":"LC\/Electro-spray \/QTOF negative ion mode","metabolite_name":"4-PYRIDOXATE","refmet_name":"4-Pyridoxic acid"},"144":{"study_id":"ST000011","analysis_id":"AN000028","analysis_summary":"LC\/Electro-spray \/QTOF negative ion mode","metabolite_name":"4-VINYLPHENOL SULFATE","refmet_name":"4-Hydroxystyrene"},"145":{"study_id":"ST000011","analysis_id":"AN000028","analysis_summary":"LC\/Electro-spray \/QTOF negative ion mode","metabolite_name":"5,6-DIHYDROURACIL","refmet_name":"Dihydrouracil"},"146":{"study_id":"ST000011","analysis_id":"AN000028","analysis_summary":"LC\/Electro-spray \/QTOF negative ion mode","metabolite_name":"5-AMINOLEVULINIC ACID","refmet_name":"5-Amino-levulinic acid"},"147":{"study_id":"ST000011","analysis_id":"AN000028","analysis_summary":"LC\/Electro-spray \/QTOF negative ion mode","metabolite_name":"5-HYDROXYINDOLE-3-ACETIC ACID","refmet_name":"5-Hydroxyindoleacetic acid"},"148":{"study_id":"ST000011","analysis_id":"AN000028","analysis_summary":"LC\/Electro-spray \/QTOF negative ion mode","metabolite_name":"5-HYDROXY-L-TRYPTOPHAN","refmet_name":"5-Hydroxy-tryptophan"},"149":{"study_id":"ST000011","analysis_id":"AN000028","analysis_summary":"LC\/Electro-spray \/QTOF negative ion mode","metabolite_name":"5-OXO-PROLINE","refmet_name":"Pyroglutamic acid"},"150":{"study_id":"ST000011","analysis_id":"AN000028","analysis_summary":"LC\/Electro-spray \/QTOF negative ion mode","metabolite_name":"7-ALPHA-HYDROXY-3-OXO-4-CHOLESTENOATE","refmet_name":"7alpha-Hydroxy-3-oxo-4-cholestenoic acid"},"151":{"study_id":"ST000011","analysis_id":"AN000028","analysis_summary":"LC\/Electro-spray \/QTOF negative ion mode","metabolite_name":"9(10)-EPOME","refmet_name":"9(10)-EpOME"},"152":{"study_id":"ST000011","analysis_id":"AN000028","analysis_summary":"LC\/Electro-spray \/QTOF negative ion mode","metabolite_name":"ACETYLENEDICARBOXYLATE","refmet_name":"Acetylenedicarboxylate"},"153":{"study_id":"ST000011","analysis_id":"AN000028","analysis_summary":"LC\/Electro-spray \/QTOF negative ion mode","metabolite_name":"ACONITATE","refmet_name":"trans-Aconitic acid"},"154":{"study_id":"ST000011","analysis_id":"AN000028","analysis_summary":"LC\/Electro-spray \/QTOF negative ion mode","metabolite_name":"ADENOSINE 3`,5`-CYCLIC MONOPHOSPHATE","refmet_name":"3',5' cyclic AMP"},"155":{"study_id":"ST000011","analysis_id":"AN000028","analysis_summary":"LC\/Electro-spray \/QTOF negative ion mode","metabolite_name":"ALDOSTERONE","refmet_name":"Aldosterone"},"156":{"study_id":"ST000011","analysis_id":"AN000028","analysis_summary":"LC\/Electro-spray \/QTOF negative ion mode","metabolite_name":"ALPHA-TOCOPHEROL","refmet_name":"alpha-Tocopherol"},"157":{"study_id":"ST000011","analysis_id":"AN000028","analysis_summary":"LC\/Electro-spray \/QTOF negative ion mode","metabolite_name":"ANDROSTERONE GLUCURONIDE","refmet_name":"Androsterone 3-glucuronide"},"158":{"study_id":"ST000011","analysis_id":"AN000028","analysis_summary":"LC\/Electro-spray \/QTOF negative ion mode","metabolite_name":"ANDROSTERONE SULFATE","refmet_name":"5alpha-Androstane-3alpha-ol-17-one sulfate"},"159":{"study_id":"ST000011","analysis_id":"AN000028","analysis_summary":"LC\/Electro-spray \/QTOF negative ion mode","metabolite_name":"ARGININE","refmet_name":"Arginine"},"160":{"study_id":"ST000011","analysis_id":"AN000028","analysis_summary":"LC\/Electro-spray \/QTOF negative ion mode","metabolite_name":"ASPARTATE","refmet_name":"Aspartic acid"},"161":{"study_id":"ST000011","analysis_id":"AN000028","analysis_summary":"LC\/Electro-spray \/QTOF negative ion mode","metabolite_name":"AZELAIC ACID","refmet_name":"Azelaic acid"},"162":{"study_id":"ST000011","analysis_id":"AN000028","analysis_summary":"LC\/Electro-spray \/QTOF negative ion mode","metabolite_name":"B-ALANYL-N(PAI)-METHYL-L-HISTIDINE","refmet_name":"Anserine"},"163":{"study_id":"ST000011","analysis_id":"AN000028","analysis_summary":"LC\/Electro-spray \/QTOF negative ion mode","metabolite_name":"BENZOATE","refmet_name":"Benzoic acid"},"164":{"study_id":"ST000011","analysis_id":"AN000028","analysis_summary":"LC\/Electro-spray \/QTOF negative ion mode","metabolite_name":"BILIVERDIN","refmet_name":"Biliverdin"},"165":{"study_id":"ST000011","analysis_id":"AN000028","analysis_summary":"LC\/Electro-spray \/QTOF negative ion mode","metabolite_name":"[C13] PHENYLALANINE","refmet_name":"Phenylalanine"},"166":{"study_id":"ST000011","analysis_id":"AN000028","analysis_summary":"LC\/Electro-spray \/QTOF negative ion mode","metabolite_name":"CAPRYLIC ACID","refmet_name":"Caprylic acid"},"167":{"study_id":"ST000011","analysis_id":"AN000028","analysis_summary":"LC\/Electro-spray \/QTOF negative ion mode","metabolite_name":"CATECHOL","refmet_name":"Pyrocatechol"},"168":{"study_id":"ST000011","analysis_id":"AN000028","analysis_summary":"LC\/Electro-spray \/QTOF negative ion mode","metabolite_name":"CHENODEOXYCHOLATE","refmet_name":"Chenodeoxycholic acid"},"169":{"study_id":"ST000011","analysis_id":"AN000028","analysis_summary":"LC\/Electro-spray \/QTOF negative ion mode","metabolite_name":"CHOLATE","refmet_name":"Cholic acid"},"170":{"study_id":"ST000011","analysis_id":"AN000028","analysis_summary":"LC\/Electro-spray \/QTOF negative ion mode","metabolite_name":"CHOLESTEROL","refmet_name":"Cholesterol"},"171":{"study_id":"ST000011","analysis_id":"AN000028","analysis_summary":"LC\/Electro-spray \/QTOF negative ion mode","metabolite_name":"CINNAVALININATE","refmet_name":"Cinnavalininate"},"172":{"study_id":"ST000011","analysis_id":"AN000028","analysis_summary":"LC\/Electro-spray \/QTOF negative ion mode","metabolite_name":"CITRATE","refmet_name":"Citric acid"},"173":{"study_id":"ST000011","analysis_id":"AN000028","analysis_summary":"LC\/Electro-spray \/QTOF negative ion mode","metabolite_name":"CORTICOSTERONE","refmet_name":"Corticosterone"},"174":{"study_id":"ST000011","analysis_id":"AN000028","analysis_summary":"LC\/Electro-spray \/QTOF negative ion mode","metabolite_name":"CYS-GLY","refmet_name":"Cys-Gly"},"175":{"study_id":"ST000011","analysis_id":"AN000028","analysis_summary":"LC\/Electro-spray \/QTOF negative ion mode","metabolite_name":"CYSTEIC ACID","refmet_name":"Cysteic acid"},"176":{"study_id":"ST000011","analysis_id":"AN000028","analysis_summary":"LC\/Electro-spray \/QTOF negative ion mode","metabolite_name":"DECANOATE","refmet_name":"Capric acid"},"177":{"study_id":"ST000011","analysis_id":"AN000028","analysis_summary":"LC\/Electro-spray \/QTOF negative ion mode","metabolite_name":"DEHYDROISOANDROSTERONE 3-SULFATE","refmet_name":"Dehydroepiandrosterone sulfate"},"178":{"study_id":"ST000011","analysis_id":"AN000028","analysis_summary":"LC\/Electro-spray \/QTOF negative ion mode","metabolite_name":"DODECANEDIOATE","refmet_name":"Dodecanedioic acid"},"179":{"study_id":"ST000011","analysis_id":"AN000028","analysis_summary":"LC\/Electro-spray \/QTOF negative ion mode","metabolite_name":"DOPAMINE 3-O-SULFATE","refmet_name":"Dopamine 3-O-sulfate"},"180":{"study_id":"ST000011","analysis_id":"AN000028","analysis_summary":"LC\/Electro-spray \/QTOF negative ion mode","metabolite_name":"ESTRONE GLUCURONIDE","refmet_name":"Estrone 3-glucuronide"},"181":{"study_id":"ST000011","analysis_id":"AN000028","analysis_summary":"LC\/Electro-spray \/QTOF negative ion mode","metabolite_name":"FORMYL-L-METHIONINE","refmet_name":"N-Formylmethionine"},"182":{"study_id":"ST000011","analysis_id":"AN000028","analysis_summary":"LC\/Electro-spray \/QTOF negative ion mode","metabolite_name":"FUMARIC ACID","refmet_name":"Fumaric acid"},"183":{"study_id":"ST000011","analysis_id":"AN000028","analysis_summary":"LC\/Electro-spray \/QTOF negative ion mode","metabolite_name":"GAMMA-LINOLENIC ACID","refmet_name":"gamma-Linolenic acid"},"184":{"study_id":"ST000011","analysis_id":"AN000028","analysis_summary":"LC\/Electro-spray \/QTOF negative ion mode","metabolite_name":"GLUCONIC ACID","refmet_name":"Gluconic acid"},"185":{"study_id":"ST000011","analysis_id":"AN000028","analysis_summary":"LC\/Electro-spray \/QTOF negative ion mode","metabolite_name":"GLUTAMINE","refmet_name":"Glutamine"},"186":{"study_id":"ST000011","analysis_id":"AN000028","analysis_summary":"LC\/Electro-spray \/QTOF negative ion mode","metabolite_name":"GLYCOCHOLATE","refmet_name":"Glycocholic acid"},"187":{"study_id":"ST000011","analysis_id":"AN000028","analysis_summary":"LC\/Electro-spray \/QTOF negative ion mode","metabolite_name":"GLYCODEOXYCHOLATE \/ GLYCOCHENODEOXYCHOLATE","refmet_name":"Glycodeoxycholic acid"},"188":{"study_id":"ST000011","analysis_id":"AN000028","analysis_summary":"LC\/Electro-spray \/QTOF negative ion mode","metabolite_name":"GLYOXAL","refmet_name":"Glyoxal"},"189":{"study_id":"ST000011","analysis_id":"AN000028","analysis_summary":"LC\/Electro-spray \/QTOF negative ion mode","metabolite_name":"GULONO-1,4-LACTONE","refmet_name":"D-Gulonolactone"},"190":{"study_id":"ST000011","analysis_id":"AN000028","analysis_summary":"LC\/Electro-spray \/QTOF negative ion mode","metabolite_name":"HEXADECANEDIOATE","refmet_name":"Hexadecanedioic acid"},"191":{"study_id":"ST000011","analysis_id":"AN000028","analysis_summary":"LC\/Electro-spray \/QTOF negative ion mode","metabolite_name":"HEXANOATE","refmet_name":"Caproic acid"},"192":{"study_id":"ST000011","analysis_id":"AN000028","analysis_summary":"LC\/Electro-spray \/QTOF negative ion mode","metabolite_name":"HEXOSE","refmet_name":"Hexose"},"193":{"study_id":"ST000011","analysis_id":"AN000028","analysis_summary":"LC\/Electro-spray \/QTOF negative ion mode","metabolite_name":"HIPPURATE","refmet_name":"Hippuric acid"},"194":{"study_id":"ST000011","analysis_id":"AN000028","analysis_summary":"LC\/Electro-spray \/QTOF negative ion mode","metabolite_name":"HYPOXANTHINE","refmet_name":"Hypoxanthine"},"195":{"study_id":"ST000011","analysis_id":"AN000028","analysis_summary":"LC\/Electro-spray \/QTOF negative ion mode","metabolite_name":"INDICAN","refmet_name":"Indican"},"196":{"study_id":"ST000011","analysis_id":"AN000028","analysis_summary":"LC\/Electro-spray \/QTOF negative ion mode","metabolite_name":"INDOLE-3-ACETIC ACID","refmet_name":"Indoleacetic acid"},"197":{"study_id":"ST000011","analysis_id":"AN000028","analysis_summary":"LC\/Electro-spray \/QTOF negative ion mode","metabolite_name":"INOSINE 5`-DIPHOSPHATE","refmet_name":"IDP"},"198":{"study_id":"ST000011","analysis_id":"AN000028","analysis_summary":"LC\/Electro-spray \/QTOF negative ion mode","metabolite_name":"LACTATE","refmet_name":"Lactic acid"},"199":{"study_id":"ST000011","analysis_id":"AN000028","analysis_summary":"LC\/Electro-spray \/QTOF negative ion mode","metabolite_name":"LAURIC ACID","refmet_name":"Lauric acid"},"200":{"study_id":"ST000011","analysis_id":"AN000028","analysis_summary":"LC\/Electro-spray \/QTOF negative ion mode","metabolite_name":"LEUKOTRIENE A4","refmet_name":"LTA4"},"201":{"study_id":"ST000011","analysis_id":"AN000028","analysis_summary":"LC\/Electro-spray \/QTOF negative ion mode","metabolite_name":"LL-2,6-DIAMINOHEPTANEDIOATE","refmet_name":"2,6-Diaminopimelic acid"},"202":{"study_id":"ST000011","analysis_id":"AN000028","analysis_summary":"LC\/Electro-spray \/QTOF negative ion mode","metabolite_name":"MALATE","refmet_name":"Malic acid"},"203":{"study_id":"ST000011","analysis_id":"AN000028","analysis_summary":"LC\/Electro-spray \/QTOF negative ion mode","metabolite_name":"MALEIMIDE","refmet_name":"Maleimide"},"204":{"study_id":"ST000011","analysis_id":"AN000028","analysis_summary":"LC\/Electro-spray \/QTOF negative ion mode","metabolite_name":"MELATONIN","refmet_name":"Melatonin"},"205":{"study_id":"ST000011","analysis_id":"AN000028","analysis_summary":"LC\/Electro-spray \/QTOF negative ion mode","metabolite_name":"METHIONINE","refmet_name":"Methionine"},"206":{"study_id":"ST000011","analysis_id":"AN000028","analysis_summary":"LC\/Electro-spray \/QTOF negative ion mode","metabolite_name":"METHYL BETA-D-GALACTOSIDE","refmet_name":"Methyl beta-D-galactoside"},"207":{"study_id":"ST000011","analysis_id":"AN000028","analysis_summary":"LC\/Electro-spray \/QTOF negative ion mode","metabolite_name":"MYRISTIC ACID","refmet_name":"Myristic acid"},"208":{"study_id":"ST000011","analysis_id":"AN000028","analysis_summary":"LC\/Electro-spray \/QTOF negative ion mode","metabolite_name":"MYRISTOLEIC ACID","refmet_name":"Myristoleic acid"},"209":{"study_id":"ST000011","analysis_id":"AN000028","analysis_summary":"LC\/Electro-spray \/QTOF negative ion mode","metabolite_name":"N2-SUCCINYL-L-GLUTAMATE","refmet_name":"N2-Succinylglutamate"},"210":{"study_id":"ST000011","analysis_id":"AN000028","analysis_summary":"LC\/Electro-spray \/QTOF negative ion mode","metabolite_name":"N-ACETYL-D-HEXOSAMINE","refmet_name":"N-Acetylhexosamine"},"211":{"study_id":"ST000011","analysis_id":"AN000028","analysis_summary":"LC\/Electro-spray \/QTOF negative ion mode","metabolite_name":"N-ACETYL-D-TRYPTOPHAN","refmet_name":"N-Acetyl-D-tryptophan"},"212":{"study_id":"ST000011","analysis_id":"AN000028","analysis_summary":"LC\/Electro-spray \/QTOF negative ion mode","metabolite_name":"N-ACETYL-L-PHENYLALANINE","refmet_name":"N-Acetylphenylalanine"},"213":{"study_id":"ST000011","analysis_id":"AN000028","analysis_summary":"LC\/Electro-spray \/QTOF negative ion mode","metabolite_name":"N-ACETYLNEURAMINATE","refmet_name":"N-Acetylneuraminic acid"},"214":{"study_id":"ST000011","analysis_id":"AN000028","analysis_summary":"LC\/Electro-spray \/QTOF negative ion mode","metabolite_name":"NONANOATE","refmet_name":"Pelargonic acid"},"215":{"study_id":"ST000011","analysis_id":"AN000028","analysis_summary":"LC\/Electro-spray \/QTOF negative ion mode","metabolite_name":"ORNITHINE","refmet_name":"Ornithine"},"216":{"study_id":"ST000011","analysis_id":"AN000028","analysis_summary":"LC\/Electro-spray \/QTOF negative ion mode","metabolite_name":"OXALOSUCCINATE","refmet_name":"Oxalosuccinic acid"},"217":{"study_id":"ST000011","analysis_id":"AN000028","analysis_summary":"LC\/Electro-spray \/QTOF negative ion mode","metabolite_name":"PALMITOLEIC ACID","refmet_name":"Palmitoleic acid"},"218":{"study_id":"ST000011","analysis_id":"AN000028","analysis_summary":"LC\/Electro-spray \/QTOF negative ion mode","metabolite_name":"PANTOATE","refmet_name":"(R)-Pantoic acid"},"219":{"study_id":"ST000011","analysis_id":"AN000028","analysis_summary":"LC\/Electro-spray \/QTOF negative ion mode","metabolite_name":"PANTOTHENIC ACID","refmet_name":"Pantothenic acid"},"220":{"study_id":"ST000011","analysis_id":"AN000028","analysis_summary":"LC\/Electro-spray \/QTOF negative ion mode","metabolite_name":"PHENYLACETATE","refmet_name":"Phenylacetic acid"},"221":{"study_id":"ST000011","analysis_id":"AN000028","analysis_summary":"LC\/Electro-spray \/QTOF negative ion mode","metabolite_name":"PHOSPHATE","refmet_name":"Phosphoric acid"},"222":{"study_id":"ST000011","analysis_id":"AN000028","analysis_summary":"LC\/Electro-spray \/QTOF negative ion mode","metabolite_name":"PREGN STEROID MONOSULFATE","refmet_name":"Pregnenolone sulfate"},"223":{"study_id":"ST000011","analysis_id":"AN000028","analysis_summary":"LC\/Electro-spray \/QTOF negative ion mode","metabolite_name":"PROSTAGLANDIN B1","refmet_name":"PGB1"},"224":{"study_id":"ST000011","analysis_id":"AN000028","analysis_summary":"LC\/Electro-spray \/QTOF negative ion mode","metabolite_name":"PROSTAGLANDIN E3","refmet_name":"PGE3"},"225":{"study_id":"ST000011","analysis_id":"AN000028","analysis_summary":"LC\/Electro-spray \/QTOF negative ion mode","metabolite_name":"PROSTAGLANDIN F2 ALPHA","refmet_name":"PGF2alpha"},"226":{"study_id":"ST000011","analysis_id":"AN000028","analysis_summary":"LC\/Electro-spray \/QTOF negative ion mode","metabolite_name":"PYRIDINE-2,3-DICARBOXYLATE","refmet_name":"Quinolinic acid"},"227":{"study_id":"ST000011","analysis_id":"AN000028","analysis_summary":"LC\/Electro-spray \/QTOF negative ion mode","metabolite_name":"PYRIDOXAL","refmet_name":"Pyridoxal"},"228":{"study_id":"ST000011","analysis_id":"AN000028","analysis_summary":"LC\/Electro-spray \/QTOF negative ion mode","metabolite_name":"PYRUVATE","refmet_name":"Pyruvic acid"},"229":{"study_id":"ST000011","analysis_id":"AN000028","analysis_summary":"LC\/Electro-spray \/QTOF negative ion mode","metabolite_name":"QUINATE","refmet_name":"Quinic acid"},"230":{"study_id":"ST000011","analysis_id":"AN000028","analysis_summary":"LC\/Electro-spray \/QTOF negative ion mode","metabolite_name":"RIBOFLAVIN","refmet_name":"Riboflavin"},"231":{"study_id":"ST000011","analysis_id":"AN000028","analysis_summary":"LC\/Electro-spray \/QTOF negative ion mode","metabolite_name":"(S)-DIHYDROOROTATE","refmet_name":"4,5-Dihydroorotic acid"},"232":{"study_id":"ST000011","analysis_id":"AN000028","analysis_summary":"LC\/Electro-spray \/QTOF negative ion mode","metabolite_name":"SERINE","refmet_name":"Serine"},"233":{"study_id":"ST000011","analysis_id":"AN000028","analysis_summary":"LC\/Electro-spray \/QTOF negative ion mode","metabolite_name":"S-(FORMYLMETHYL)GLUTATHIONE","refmet_name":"S-(Formylmethyl)glutathione"},"234":{"study_id":"ST000011","analysis_id":"AN000028","analysis_summary":"LC\/Electro-spray \/QTOF negative ion mode","metabolite_name":"(S)-LACTATE","refmet_name":"Lactic acid"},"235":{"study_id":"ST000011","analysis_id":"AN000028","analysis_summary":"LC\/Electro-spray \/QTOF negative ion mode","metabolite_name":"SPHINGOSINE 1-PHOSPHATE","refmet_name":"Sphingosine 1-phosphate"},"236":{"study_id":"ST000011","analysis_id":"AN000028","analysis_summary":"LC\/Electro-spray \/QTOF negative ion mode","metabolite_name":"STEARIDONATE","refmet_name":"Stearidonic acid"},"237":{"study_id":"ST000011","analysis_id":"AN000028","analysis_summary":"LC\/Electro-spray \/QTOF negative ion mode","metabolite_name":"TAURINE","refmet_name":"Taurine"},"238":{"study_id":"ST000011","analysis_id":"AN000028","analysis_summary":"LC\/Electro-spray \/QTOF negative ion mode","metabolite_name":"TAUROCHENODEOXYCHOLATE","refmet_name":"Taurochenodeoxycholic acid"},"239":{"study_id":"ST000011","analysis_id":"AN000028","analysis_summary":"LC\/Electro-spray \/QTOF negative ion mode","metabolite_name":"TAUROCHOLATE","refmet_name":"Taurocholic acid"},"240":{"study_id":"ST000011","analysis_id":"AN000028","analysis_summary":"LC\/Electro-spray \/QTOF negative ion mode","metabolite_name":"TAUROLITHOCHOLATE","refmet_name":"Taurolithocholic acid"},"241":{"study_id":"ST000011","analysis_id":"AN000028","analysis_summary":"LC\/Electro-spray \/QTOF negative ion mode","metabolite_name":"TESTOSTERONE","refmet_name":"Testosterone"},"242":{"study_id":"ST000011","analysis_id":"AN000028","analysis_summary":"LC\/Electro-spray \/QTOF negative ion mode","metabolite_name":"THIOPURINE S-METHYLETHER","refmet_name":"6-Methylthiopurine"},"243":{"study_id":"ST000011","analysis_id":"AN000028","analysis_summary":"LC\/Electro-spray \/QTOF negative ion mode","metabolite_name":"THYMIDINE 5`-MONOPHOSPHATE","refmet_name":"TMP"},"244":{"study_id":"ST000011","analysis_id":"AN000028","analysis_summary":"LC\/Electro-spray \/QTOF negative ion mode","metabolite_name":"THYROTROPIN RELEASING HORMONE","refmet_name":"Thyrotropin releasing hormone"},"245":{"study_id":"ST000011","analysis_id":"AN000028","analysis_summary":"LC\/Electro-spray \/QTOF negative ion mode","metabolite_name":"THYROXINE","refmet_name":"Thyroxine"},"246":{"study_id":"ST000011","analysis_id":"AN000028","analysis_summary":"LC\/Electro-spray \/QTOF negative ion mode","metabolite_name":"TRYPTOPHAN","refmet_name":"Tryptophan"},"247":{"study_id":"ST000011","analysis_id":"AN000028","analysis_summary":"LC\/Electro-spray \/QTOF negative ion mode","metabolite_name":"URATE","refmet_name":"Uric acid"},"248":{"study_id":"ST000011","analysis_id":"AN000028","analysis_summary":"LC\/Electro-spray \/QTOF negative ion mode","metabolite_name":"URIDINE","refmet_name":"Uridine"},"249":{"study_id":"ST000011","analysis_id":"AN000028","analysis_summary":"LC\/Electro-spray \/QTOF negative ion mode","metabolite_name":"URSODIOL","refmet_name":"Ursodeoxycholic acid"},"250":{"study_id":"ST000011","analysis_id":"AN000028","analysis_summary":"LC\/Electro-spray \/QTOF negative ion mode","metabolite_name":"XANTHINE","refmet_name":"Xanthine"}}