{"1":{"study_id":"ST000554","analysis_id":"AN000849","analysis_summary":"Reversed phase POSITIVE ION MODE","metabolite_name":"2',4'-DIHYDROXYACETOPHENONE","refmet_name":"2',4'-Dihydroxyacetophenone"},"2":{"study_id":"ST000554","analysis_id":"AN000849","analysis_summary":"Reversed phase POSITIVE ION MODE","metabolite_name":"2-Hydroxyphenylalanine","refmet_name":"2-Hydroxy-L-Phenylalanine"},"3":{"study_id":"ST000554","analysis_id":"AN000849","analysis_summary":"Reversed phase POSITIVE ION MODE","metabolite_name":"3,4-Dimethylbenzoic acid","refmet_name":"3,4-Dimethylbenzoic acid"},"4":{"study_id":"ST000554","analysis_id":"AN000849","analysis_summary":"Reversed phase POSITIVE ION MODE","metabolite_name":"3,5-Di-tert-butylbenzaldehyde","refmet_name":"Valerenal"},"5":{"study_id":"ST000554","analysis_id":"AN000849","analysis_summary":"Reversed phase POSITIVE ION MODE","metabolite_name":"3-UREIDOPROPIONATE","refmet_name":"Ureidopropionic acid"},"6":{"study_id":"ST000554","analysis_id":"AN000849","analysis_summary":"Reversed phase POSITIVE ION MODE","metabolite_name":"4-AMINOBUTANOATE (GABA)_R1","refmet_name":"gamma-Aminobutyric acid"},"7":{"study_id":"ST000554","analysis_id":"AN000849","analysis_summary":"Reversed phase POSITIVE ION MODE","metabolite_name":"4-AMINOBUTANOATE (GABA)_R2","refmet_name":"gamma-Aminobutyric acid"},"8":{"study_id":"ST000554","analysis_id":"AN000849","analysis_summary":"Reversed phase POSITIVE ION MODE","metabolite_name":"5-AMINOLEVULINIC ACID","refmet_name":"5-Amino-levulinic acid"},"9":{"study_id":"ST000554","analysis_id":"AN000849","analysis_summary":"Reversed phase POSITIVE ION MODE","metabolite_name":"5-OXO-L-PROLINE","refmet_name":"Pyroglutamic acid"},"10":{"study_id":"ST000554","analysis_id":"AN000849","analysis_summary":"Reversed phase POSITIVE ION MODE","metabolite_name":"Acyl-Carnitine(5-OH)","refmet_name":"CAR 5:0;OH"},"11":{"study_id":"ST000554","analysis_id":"AN000849","analysis_summary":"Reversed phase POSITIVE ION MODE","metabolite_name":"ADENINE","refmet_name":"Adenine"},"12":{"study_id":"ST000554","analysis_id":"AN000849","analysis_summary":"Reversed phase POSITIVE ION MODE","metabolite_name":"ADENOSINE","refmet_name":"Adenosine"},"13":{"study_id":"ST000554","analysis_id":"AN000849","analysis_summary":"Reversed phase POSITIVE ION MODE","metabolite_name":"ALANINE\/SARCOSINE","refmet_name":"Alanine\/Sarcosine"},"14":{"study_id":"ST000554","analysis_id":"AN000849","analysis_summary":"Reversed phase POSITIVE ION MODE","metabolite_name":"Allopurinol","refmet_name":"Allopurinol"},"15":{"study_id":"ST000554","analysis_id":"AN000849","analysis_summary":"Reversed phase POSITIVE ION MODE","metabolite_name":"ALPHA-AMINOADIPATE\/N-METHYL-L-GLUTAMATE","refmet_name":""},"16":{"study_id":"ST000554","analysis_id":"AN000849","analysis_summary":"Reversed phase POSITIVE ION MODE","metabolite_name":"Anthranilate","refmet_name":"2-Aminobenzoic acid"},"17":{"study_id":"ST000554","analysis_id":"AN000849","analysis_summary":"Reversed phase POSITIVE ION MODE","metabolite_name":"ANTHRANILATE-Water","refmet_name":""},"18":{"study_id":"ST000554","analysis_id":"AN000849","analysis_summary":"Reversed phase POSITIVE ION MODE","metabolite_name":"ASPARTATE","refmet_name":"Aspartic acid"},"19":{"study_id":"ST000554","analysis_id":"AN000849","analysis_summary":"Reversed phase POSITIVE ION MODE","metabolite_name":"Bis(2-ethylhexyl) phthalate","refmet_name":"Bis(2-ethylhexyl)phthalate"},"20":{"study_id":"ST000554","analysis_id":"AN000849","analysis_summary":"Reversed phase POSITIVE ION MODE","metabolite_name":"BOC-D-Phenylalanine","refmet_name":""},"21":{"study_id":"ST000554","analysis_id":"AN000849","analysis_summary":"Reversed phase POSITIVE ION MODE","metabolite_name":"BOC-L-Tyrosine","refmet_name":"Tyrosine"},"22":{"study_id":"ST000554","analysis_id":"AN000849","analysis_summary":"Reversed phase POSITIVE ION MODE","metabolite_name":"Caffeine-D3","refmet_name":"Caffeine"},"23":{"study_id":"ST000554","analysis_id":"AN000849","analysis_summary":"Reversed phase POSITIVE ION MODE","metabolite_name":"Camphor","refmet_name":"Camphor"},"24":{"study_id":"ST000554","analysis_id":"AN000849","analysis_summary":"Reversed phase POSITIVE ION MODE","metabolite_name":"CARNOSINE","refmet_name":"Carnosine"},"25":{"study_id":"ST000554","analysis_id":"AN000849","analysis_summary":"Reversed phase POSITIVE ION MODE","metabolite_name":"Choline","refmet_name":"Choline"},"26":{"study_id":"ST000554","analysis_id":"AN000849","analysis_summary":"Reversed phase POSITIVE ION MODE","metabolite_name":"CITRATE","refmet_name":"Citric acid"},"27":{"study_id":"ST000554","analysis_id":"AN000849","analysis_summary":"Reversed phase POSITIVE ION MODE","metabolite_name":"CMP","refmet_name":"CMP"},"28":{"study_id":"ST000554","analysis_id":"AN000849","analysis_summary":"Reversed phase POSITIVE ION MODE","metabolite_name":"CREATINE","refmet_name":"Creatine"},"29":{"study_id":"ST000554","analysis_id":"AN000849","analysis_summary":"Reversed phase POSITIVE ION MODE","metabolite_name":"Creatine-D3","refmet_name":"Creatine"},"30":{"study_id":"ST000554","analysis_id":"AN000849","analysis_summary":"Reversed phase POSITIVE ION MODE","metabolite_name":"CYS-GLY","refmet_name":"Cys-Gly"},"31":{"study_id":"ST000554","analysis_id":"AN000849","analysis_summary":"Reversed phase POSITIVE ION MODE","metabolite_name":"CYTIDINE","refmet_name":"Cytidine"},"32":{"study_id":"ST000554","analysis_id":"AN000849","analysis_summary":"Reversed phase POSITIVE ION MODE","metabolite_name":"DEOXYCARNITINE","refmet_name":"3-Dehydroxycarnitine"},"33":{"study_id":"ST000554","analysis_id":"AN000849","analysis_summary":"Reversed phase POSITIVE ION MODE","metabolite_name":"DEOXYCYTIDINE","refmet_name":"Deoxycytidine"},"34":{"study_id":"ST000554","analysis_id":"AN000849","analysis_summary":"Reversed phase POSITIVE ION MODE","metabolite_name":"DEOXYURIDINE","refmet_name":"Deoxyuridine"},"35":{"study_id":"ST000554","analysis_id":"AN000849","analysis_summary":"Reversed phase POSITIVE ION MODE","metabolite_name":"Dibutyl phthalate","refmet_name":"Dibutyl phthalate"},"36":{"study_id":"ST000554","analysis_id":"AN000849","analysis_summary":"Reversed phase POSITIVE ION MODE","metabolite_name":"Diphenylamine","refmet_name":"Diphenylamine"},"37":{"study_id":"ST000554","analysis_id":"AN000849","analysis_summary":"Reversed phase POSITIVE ION MODE","metabolite_name":"Dipropylene glycol","refmet_name":""},"38":{"study_id":"ST000554","analysis_id":"AN000849","analysis_summary":"Reversed phase POSITIVE ION MODE","metabolite_name":"Dipropyleneglycol dibenzoate","refmet_name":""},"39":{"study_id":"ST000554","analysis_id":"AN000849","analysis_summary":"Reversed phase POSITIVE ION MODE","metabolite_name":"D-Ribose","refmet_name":"Ribose"},"40":{"study_id":"ST000554","analysis_id":"AN000849","analysis_summary":"Reversed phase POSITIVE ION MODE","metabolite_name":"Ergothioneine","refmet_name":"Ergothioneine"},"41":{"study_id":"ST000554","analysis_id":"AN000849","analysis_summary":"Reversed phase POSITIVE ION MODE","metabolite_name":"Erucamide","refmet_name":"13-Docosenamide"},"42":{"study_id":"ST000554","analysis_id":"AN000849","analysis_summary":"Reversed phase POSITIVE ION MODE","metabolite_name":"GLUCOSAMINE\/MANNOSAMINE","refmet_name":""},"43":{"study_id":"ST000554","analysis_id":"AN000849","analysis_summary":"Reversed phase POSITIVE ION MODE","metabolite_name":"Glutathione Disulfide","refmet_name":"Oxidized glutathione"},"44":{"study_id":"ST000554","analysis_id":"AN000849","analysis_summary":"Reversed phase POSITIVE ION MODE","metabolite_name":"Glycerophosphocholine","refmet_name":"sn-Glycero-3-phosphocholine"},"45":{"study_id":"ST000554","analysis_id":"AN000849","analysis_summary":"Reversed phase POSITIVE ION MODE","metabolite_name":"GLYCINE","refmet_name":"Glycine"},"46":{"study_id":"ST000554","analysis_id":"AN000849","analysis_summary":"Reversed phase POSITIVE ION MODE","metabolite_name":"Glycyl-L-leucine","refmet_name":"Gly-Leu"},"47":{"study_id":"ST000554","analysis_id":"AN000849","analysis_summary":"Reversed phase POSITIVE ION MODE","metabolite_name":"GUANINE","refmet_name":"Guanine"},"48":{"study_id":"ST000554","analysis_id":"AN000849","analysis_summary":"Reversed phase POSITIVE ION MODE","metabolite_name":"GUANOSINE","refmet_name":"Guanosine"},"49":{"study_id":"ST000554","analysis_id":"AN000849","analysis_summary":"Reversed phase POSITIVE ION MODE","metabolite_name":"HOMOCYSTEINE","refmet_name":"Homocysteine"},"50":{"study_id":"ST000554","analysis_id":"AN000849","analysis_summary":"Reversed phase POSITIVE ION MODE","metabolite_name":"HYPOTAURINE","refmet_name":"Hypotaurine"},"51":{"study_id":"ST000554","analysis_id":"AN000849","analysis_summary":"Reversed phase POSITIVE ION MODE","metabolite_name":"HYPOXANTHINE","refmet_name":"Hypoxanthine"},"52":{"study_id":"ST000554","analysis_id":"AN000849","analysis_summary":"Reversed phase POSITIVE ION MODE","metabolite_name":"INOSINE","refmet_name":"Inosine"},"53":{"study_id":"ST000554","analysis_id":"AN000849","analysis_summary":"Reversed phase POSITIVE ION MODE","metabolite_name":"Isobutyrylcarnitine","refmet_name":"CAR 3:0;2Me"},"54":{"study_id":"ST000554","analysis_id":"AN000849","analysis_summary":"Reversed phase POSITIVE ION MODE","metabolite_name":"Isocytosine","refmet_name":"2-Amino-4-hydroxypyrimidine"},"55":{"study_id":"ST000554","analysis_id":"AN000849","analysis_summary":"Reversed phase POSITIVE ION MODE","metabolite_name":"Isovalerylcarnitine","refmet_name":"CAR 4:0;3Me"},"56":{"study_id":"ST000554","analysis_id":"AN000849","analysis_summary":"Reversed phase POSITIVE ION MODE","metabolite_name":"L-2-PHOSPHOGLYCERIC ACID_R1","refmet_name":"2-Phosphoglyceric acid"},"57":{"study_id":"ST000554","analysis_id":"AN000849","analysis_summary":"Reversed phase POSITIVE ION MODE","metabolite_name":"L-2-PHOSPHOGLYCERIC ACID_R2","refmet_name":"2-Phosphoglyceric acid"},"58":{"study_id":"ST000554","analysis_id":"AN000849","analysis_summary":"Reversed phase POSITIVE ION MODE","metabolite_name":"L-ARGININE","refmet_name":"Arginine"},"59":{"study_id":"ST000554","analysis_id":"AN000849","analysis_summary":"Reversed phase POSITIVE ION MODE","metabolite_name":"L-ASPARAGINE","refmet_name":"Asparagine"},"60":{"study_id":"ST000554","analysis_id":"AN000849","analysis_summary":"Reversed phase POSITIVE ION MODE","metabolite_name":"L-CARNITINE","refmet_name":"Carnitine"},"61":{"study_id":"ST000554","analysis_id":"AN000849","analysis_summary":"Reversed phase POSITIVE ION MODE","metabolite_name":"L-CYSTEINE","refmet_name":"Cysteine"},"62":{"study_id":"ST000554","analysis_id":"AN000849","analysis_summary":"Reversed phase POSITIVE ION MODE","metabolite_name":"LEUCINE","refmet_name":"Leucine"},"63":{"study_id":"ST000554","analysis_id":"AN000849","analysis_summary":"Reversed phase POSITIVE ION MODE","metabolite_name":"Leu Pro","refmet_name":"Leu-Pro"},"64":{"study_id":"ST000554","analysis_id":"AN000849","analysis_summary":"Reversed phase POSITIVE ION MODE","metabolite_name":"L-GLUTAMINE","refmet_name":"Glutamine"},"65":{"study_id":"ST000554","analysis_id":"AN000849","analysis_summary":"Reversed phase POSITIVE ION MODE","metabolite_name":"L-HISTIDINE","refmet_name":"Histidine"},"66":{"study_id":"ST000554","analysis_id":"AN000849","analysis_summary":"Reversed phase POSITIVE ION MODE","metabolite_name":"LL-2,6-DIAMINOHEPTANEDIOATE","refmet_name":"2,6-Diaminopimelic acid"},"67":{"study_id":"ST000554","analysis_id":"AN000849","analysis_summary":"Reversed phase POSITIVE ION MODE","metabolite_name":"L-Leucine 13C6","refmet_name":"Leucine"},"68":{"study_id":"ST000554","analysis_id":"AN000849","analysis_summary":"Reversed phase POSITIVE ION MODE","metabolite_name":"L-Leucine-D10","refmet_name":""},"69":{"study_id":"ST000554","analysis_id":"AN000849","analysis_summary":"Reversed phase POSITIVE ION MODE","metabolite_name":"L-LYSINE","refmet_name":"Lysine"},"70":{"study_id":"ST000554","analysis_id":"AN000849","analysis_summary":"Reversed phase POSITIVE ION MODE","metabolite_name":"L-METHIONINE","refmet_name":"Methionine"},"71":{"study_id":"ST000554","analysis_id":"AN000849","analysis_summary":"Reversed phase POSITIVE ION MODE","metabolite_name":"L-Phenylalanine 13C6","refmet_name":"Phenylalanine"},"72":{"study_id":"ST000554","analysis_id":"AN000849","analysis_summary":"Reversed phase POSITIVE ION MODE","metabolite_name":"L-PROLINE","refmet_name":"Proline"},"73":{"study_id":"ST000554","analysis_id":"AN000849","analysis_summary":"Reversed phase POSITIVE ION MODE","metabolite_name":"L-SERINE","refmet_name":"Serine"},"74":{"study_id":"ST000554","analysis_id":"AN000849","analysis_summary":"Reversed phase POSITIVE ION MODE","metabolite_name":"L-Tryptophan 13C11","refmet_name":"Tryptophan"},"75":{"study_id":"ST000554","analysis_id":"AN000849","analysis_summary":"Reversed phase POSITIVE ION MODE","metabolite_name":"L-Tyrosine 13C6","refmet_name":"Tyrosine"},"76":{"study_id":"ST000554","analysis_id":"AN000849","analysis_summary":"Reversed phase POSITIVE ION MODE","metabolite_name":"L-VALINE\/5-AMINOPENTANOATE\/L-NORVALINE","refmet_name":""},"77":{"study_id":"ST000554","analysis_id":"AN000849","analysis_summary":"Reversed phase POSITIVE ION MODE","metabolite_name":"LysoPC (16:0)","refmet_name":"LPC 16:0"},"78":{"study_id":"ST000554","analysis_id":"AN000849","analysis_summary":"Reversed phase POSITIVE ION MODE","metabolite_name":"LysoPC (16:1)","refmet_name":"LPC 16:1"},"79":{"study_id":"ST000554","analysis_id":"AN000849","analysis_summary":"Reversed phase POSITIVE ION MODE","metabolite_name":"LysoPC (18:0)","refmet_name":"LPC 18:0"},"80":{"study_id":"ST000554","analysis_id":"AN000849","analysis_summary":"Reversed phase POSITIVE ION MODE","metabolite_name":"LysoPE (18:1)_R1","refmet_name":"LPE 18:1"},"81":{"study_id":"ST000554","analysis_id":"AN000849","analysis_summary":"Reversed phase POSITIVE ION MODE","metabolite_name":"LysoPE (18:1)_R2","refmet_name":"LPE 18:1"},"82":{"study_id":"ST000554","analysis_id":"AN000849","analysis_summary":"Reversed phase POSITIVE ION MODE","metabolite_name":"LysoPE (20:4)","refmet_name":"LPE 20:4"},"83":{"study_id":"ST000554","analysis_id":"AN000849","analysis_summary":"Reversed phase POSITIVE ION MODE","metabolite_name":"LysoPE (22:4)","refmet_name":"LPE 22:4"},"84":{"study_id":"ST000554","analysis_id":"AN000849","analysis_summary":"Reversed phase POSITIVE ION MODE","metabolite_name":"METHYL BETA-D-GALACTOSIDE","refmet_name":"Methyl beta-D-galactoside"},"85":{"study_id":"ST000554","analysis_id":"AN000849","analysis_summary":"Reversed phase POSITIVE ION MODE","metabolite_name":"METHYL JASMONATE","refmet_name":"Methyl jasmonate"},"86":{"study_id":"ST000554","analysis_id":"AN000849","analysis_summary":"Reversed phase POSITIVE ION MODE","metabolite_name":"Monobutyl phthalate","refmet_name":"Monobutylphthalate"},"87":{"study_id":"ST000554","analysis_id":"AN000849","analysis_summary":"Reversed phase POSITIVE ION MODE","metabolite_name":"N-ACETYL-DL-GLUTAMIC ACID","refmet_name":"N-Acetylglutamic acid"},"88":{"study_id":"ST000554","analysis_id":"AN000849","analysis_summary":"Reversed phase POSITIVE ION MODE","metabolite_name":"N-ACETYL-L-ALANINE","refmet_name":"N-Acetylalanine"},"89":{"study_id":"ST000554","analysis_id":"AN000849","analysis_summary":"Reversed phase POSITIVE ION MODE","metabolite_name":"N-ACETYL-L-ASPARTIC ACID","refmet_name":"N-Acetylaspartic acid"},"90":{"study_id":"ST000554","analysis_id":"AN000849","analysis_summary":"Reversed phase POSITIVE ION MODE","metabolite_name":"N-ACETYLNEURAMINATE","refmet_name":"N-Acetylneuraminic acid"},"91":{"study_id":"ST000554","analysis_id":"AN000849","analysis_summary":"Reversed phase POSITIVE ION MODE","metabolite_name":"N-BOC-L-Aspartic Acid","refmet_name":"Aspartic acid"},"92":{"study_id":"ST000554","analysis_id":"AN000849","analysis_summary":"Reversed phase POSITIVE ION MODE","metabolite_name":"N-BOC-L-Tryptophan","refmet_name":"Pentaethylene glycol"},"93":{"study_id":"ST000554","analysis_id":"AN000849","analysis_summary":"Reversed phase POSITIVE ION MODE","metabolite_name":"NICOTINAMIDE","refmet_name":"Niacinamide"},"94":{"study_id":"ST000554","analysis_id":"AN000849","analysis_summary":"Reversed phase POSITIVE ION MODE","metabolite_name":"N-METHYL-D-ASPARTIC ACID","refmet_name":"N-Methyl-D-aspartic acid"},"95":{"study_id":"ST000554","analysis_id":"AN000849","analysis_summary":"Reversed phase POSITIVE ION MODE","metabolite_name":"N-Methylnicotinamide","refmet_name":"N-Methylnicotinamide"},"96":{"study_id":"ST000554","analysis_id":"AN000849","analysis_summary":"Reversed phase POSITIVE ION MODE","metabolite_name":"N(PAI)-METHYL-L-HISTIDINE","refmet_name":"3-Methylhistidine"},"97":{"study_id":"ST000554","analysis_id":"AN000849","analysis_summary":"Reversed phase POSITIVE ION MODE","metabolite_name":"Orthophosphate","refmet_name":"Phosphoric acid"},"98":{"study_id":"ST000554","analysis_id":"AN000849","analysis_summary":"Reversed phase POSITIVE ION MODE","metabolite_name":"Palmitoleic acid","refmet_name":"Palmitoleic acid"},"99":{"study_id":"ST000554","analysis_id":"AN000849","analysis_summary":"Reversed phase POSITIVE ION MODE","metabolite_name":"Pantothenic Acid","refmet_name":"Pantothenic acid"},"100":{"study_id":"ST000554","analysis_id":"AN000849","analysis_summary":"Reversed phase POSITIVE ION MODE","metabolite_name":"PEG n5","refmet_name":"Pentaethylene glycol"},"101":{"study_id":"ST000554","analysis_id":"AN000849","analysis_summary":"Reversed phase POSITIVE ION MODE","metabolite_name":"PHENETHYLAMINE","refmet_name":"Phenylethylamine"},"102":{"study_id":"ST000554","analysis_id":"AN000849","analysis_summary":"Reversed phase POSITIVE ION MODE","metabolite_name":"Phenylalanine","refmet_name":"Phenylalanine"},"103":{"study_id":"ST000554","analysis_id":"AN000849","analysis_summary":"Reversed phase POSITIVE ION MODE","metabolite_name":"Phe-Phe","refmet_name":"Phe-Phe"},"104":{"study_id":"ST000554","analysis_id":"AN000849","analysis_summary":"Reversed phase POSITIVE ION MODE","metabolite_name":"PHOSPHOCHOLINE","refmet_name":"Choline phosphate"},"105":{"study_id":"ST000554","analysis_id":"AN000849","analysis_summary":"Reversed phase POSITIVE ION MODE","metabolite_name":"PHOSPHO(ENOL)PYRUVIC ACID","refmet_name":"Phosphoenolpyruvic acid"},"106":{"study_id":"ST000554","analysis_id":"AN000849","analysis_summary":"Reversed phase POSITIVE ION MODE","metabolite_name":"PIPECOLATE\/L-PIPECOLIC ACID","refmet_name":"Pipecolic acid"},"107":{"study_id":"ST000554","analysis_id":"AN000849","analysis_summary":"Reversed phase POSITIVE ION MODE","metabolite_name":"Proprionylcarnitine","refmet_name":"CAR DC3:0"},"108":{"study_id":"ST000554","analysis_id":"AN000849","analysis_summary":"Reversed phase POSITIVE ION MODE","metabolite_name":"PYRIDOXAL","refmet_name":"Pyridoxal"},"109":{"study_id":"ST000554","analysis_id":"AN000849","analysis_summary":"Reversed phase POSITIVE ION MODE","metabolite_name":"PYRIDOXAL 5'-PHOSPHATE","refmet_name":"Pyridoxal 5'-phosphate"},"110":{"study_id":"ST000554","analysis_id":"AN000849","analysis_summary":"Reversed phase POSITIVE ION MODE","metabolite_name":"PYRIDOXINE","refmet_name":"Pyridoxine"},"111":{"study_id":"ST000554","analysis_id":"AN000849","analysis_summary":"Reversed phase POSITIVE ION MODE","metabolite_name":"SUCCINATE","refmet_name":"Succinic acid"},"112":{"study_id":"ST000554","analysis_id":"AN000849","analysis_summary":"Reversed phase POSITIVE ION MODE","metabolite_name":"Sulcatol","refmet_name":"(R)-Sulcatol"},"113":{"study_id":"ST000554","analysis_id":"AN000849","analysis_summary":"Reversed phase POSITIVE ION MODE","metabolite_name":"TAURINE","refmet_name":"Taurine"},"114":{"study_id":"ST000554","analysis_id":"AN000849","analysis_summary":"Reversed phase POSITIVE ION MODE","metabolite_name":"Taurocholic acid (TCA)","refmet_name":"Taurocholic acid"},"115":{"study_id":"ST000554","analysis_id":"AN000849","analysis_summary":"Reversed phase POSITIVE ION MODE","metabolite_name":"Tetrahydrothiophene-1-oxide","refmet_name":"Tetrahydrothiophene-1-oxide"},"116":{"study_id":"ST000554","analysis_id":"AN000849","analysis_summary":"Reversed phase POSITIVE ION MODE","metabolite_name":"THREONINE\/HOMOSERINE","refmet_name":"Threonine\/Homoserine"},"117":{"study_id":"ST000554","analysis_id":"AN000849","analysis_summary":"Reversed phase POSITIVE ION MODE","metabolite_name":"THYMINE","refmet_name":"Thymine"},"118":{"study_id":"ST000554","analysis_id":"AN000849","analysis_summary":"Reversed phase POSITIVE ION MODE","metabolite_name":"TRANS-CINNAMATE","refmet_name":"trans-Cinnamic acid"},"119":{"study_id":"ST000554","analysis_id":"AN000849","analysis_summary":"Reversed phase POSITIVE ION MODE","metabolite_name":"Triethyl phosphate","refmet_name":"Triethyl phosphate"},"120":{"study_id":"ST000554","analysis_id":"AN000849","analysis_summary":"Reversed phase POSITIVE ION MODE","metabolite_name":"Tryptophan","refmet_name":"Tryptophan"},"121":{"study_id":"ST000554","analysis_id":"AN000849","analysis_summary":"Reversed phase POSITIVE ION MODE","metabolite_name":"Tryptophan-2,3,3-D3","refmet_name":"Tryptophan"},"122":{"study_id":"ST000554","analysis_id":"AN000849","analysis_summary":"Reversed phase POSITIVE ION MODE","metabolite_name":"Tryptophan-2,3,3-D3-NH3","refmet_name":"Tryptophan"},"123":{"study_id":"ST000554","analysis_id":"AN000849","analysis_summary":"Reversed phase POSITIVE ION MODE","metabolite_name":"Tryptophan-NH3","refmet_name":"Tryptophan"},"124":{"study_id":"ST000554","analysis_id":"AN000849","analysis_summary":"Reversed phase POSITIVE ION MODE","metabolite_name":"URACIL","refmet_name":"Uracil"},"125":{"study_id":"ST000554","analysis_id":"AN000849","analysis_summary":"Reversed phase POSITIVE ION MODE","metabolite_name":"URATE","refmet_name":"Uric acid"},"126":{"study_id":"ST000554","analysis_id":"AN000849","analysis_summary":"Reversed phase POSITIVE ION MODE","metabolite_name":"URIDINE","refmet_name":"Uridine"},"127":{"study_id":"ST000554","analysis_id":"AN000849","analysis_summary":"Reversed phase POSITIVE ION MODE","metabolite_name":"URIDINE-5-MONOPHOSPHATE","refmet_name":"UMP"},"128":{"study_id":"ST000554","analysis_id":"AN000850","analysis_summary":"Reversed phase NEGATIVE ION MODE","metabolite_name":"2',4'-DIHYDROXYACETOPHENONE","refmet_name":"2',4'-Dihydroxyacetophenone"},"129":{"study_id":"ST000554","analysis_id":"AN000850","analysis_summary":"Reversed phase NEGATIVE ION MODE","metabolite_name":"2'-DEOXYCYTIDINE 5'-MONOPHOSPHATE","refmet_name":"dCMP"},"130":{"study_id":"ST000554","analysis_id":"AN000850","analysis_summary":"Reversed phase NEGATIVE ION MODE","metabolite_name":"3-HYDROXY-3-METHYLGLUTARATE","refmet_name":"3-Hydroxymethylglutaric acid"},"131":{"study_id":"ST000554","analysis_id":"AN000850","analysis_summary":"Reversed phase NEGATIVE ION MODE","metabolite_name":"3-Hydroxydecanoic acid","refmet_name":"3-Hydroxydecanoic acid"},"132":{"study_id":"ST000554","analysis_id":"AN000850","analysis_summary":"Reversed phase NEGATIVE ION MODE","metabolite_name":"3-METHYL-2-OXOVALERIC ACID","refmet_name":"3-Methyl-2-oxovaleric acid"},"133":{"study_id":"ST000554","analysis_id":"AN000850","analysis_summary":"Reversed phase NEGATIVE ION MODE","metabolite_name":"3-methyladipic acid","refmet_name":"3-Methyladipic acid"},"134":{"study_id":"ST000554","analysis_id":"AN000850","analysis_summary":"Reversed phase NEGATIVE ION MODE","metabolite_name":"3-SULFINO-L-ALANINE","refmet_name":"3-Sulfino-alanine"},"135":{"study_id":"ST000554","analysis_id":"AN000850","analysis_summary":"Reversed phase NEGATIVE ION MODE","metabolite_name":"3-tert-Butyladipic acid","refmet_name":"Sebacic acid"},"136":{"study_id":"ST000554","analysis_id":"AN000850","analysis_summary":"Reversed phase NEGATIVE ION MODE","metabolite_name":"4-HYDROXYBENZALDEHYDE","refmet_name":"4-Hydroxybenzaldehyde"},"137":{"study_id":"ST000554","analysis_id":"AN000850","analysis_summary":"Reversed phase NEGATIVE ION MODE","metabolite_name":"4-METHYL-2-OXO-PENTANOIC ACID_R1","refmet_name":"Ketoleucine"},"138":{"study_id":"ST000554","analysis_id":"AN000850","analysis_summary":"Reversed phase NEGATIVE ION MODE","metabolite_name":"4-METHYL-2-OXO-PENTANOIC ACID_R2","refmet_name":"Ketoleucine"},"139":{"study_id":"ST000554","analysis_id":"AN000850","analysis_summary":"Reversed phase NEGATIVE ION MODE","metabolite_name":"4-oxoproline","refmet_name":"4-Oxo-proline"},"140":{"study_id":"ST000554","analysis_id":"AN000850","analysis_summary":"Reversed phase NEGATIVE ION MODE","metabolite_name":"5-AMINOLEVULINIC ACID","refmet_name":"5-Amino-levulinic acid"},"141":{"study_id":"ST000554","analysis_id":"AN000850","analysis_summary":"Reversed phase NEGATIVE ION MODE","metabolite_name":"ADENINE","refmet_name":"Adenine"},"142":{"study_id":"ST000554","analysis_id":"AN000850","analysis_summary":"Reversed phase NEGATIVE ION MODE","metabolite_name":"ADENOSINE 5'-MONOPHOSPHATE","refmet_name":"AMP"},"143":{"study_id":"ST000554","analysis_id":"AN000850","analysis_summary":"Reversed phase NEGATIVE ION MODE","metabolite_name":"ADP","refmet_name":"Adenosine"},"144":{"study_id":"ST000554","analysis_id":"AN000850","analysis_summary":"Reversed phase NEGATIVE ION MODE","metabolite_name":"Arachidonic Acid (20:4)","refmet_name":"Arachidonic acid"},"145":{"study_id":"ST000554","analysis_id":"AN000850","analysis_summary":"Reversed phase NEGATIVE ION MODE","metabolite_name":"ASPARAGINE","refmet_name":"Asparagine"},"146":{"study_id":"ST000554","analysis_id":"AN000850","analysis_summary":"Reversed phase NEGATIVE ION MODE","metabolite_name":"ASPARTATE","refmet_name":"Aspartic acid"},"147":{"study_id":"ST000554","analysis_id":"AN000850","analysis_summary":"Reversed phase NEGATIVE ION MODE","metabolite_name":"BOC-L-Tyrosine_R1","refmet_name":"Tyrosine"},"148":{"study_id":"ST000554","analysis_id":"AN000850","analysis_summary":"Reversed phase NEGATIVE ION MODE","metabolite_name":"BOC-L-Tyrosine_R2","refmet_name":"Tyrosine"},"149":{"study_id":"ST000554","analysis_id":"AN000850","analysis_summary":"Reversed phase NEGATIVE ION MODE","metabolite_name":"C6H12O6-HEXOSE\/KETOSE\/INOSITOL","refmet_name":"Hexose"},"150":{"study_id":"ST000554","analysis_id":"AN000850","analysis_summary":"Reversed phase NEGATIVE ION MODE","metabolite_name":"Caffeic Acid","refmet_name":"Caffeic acid"},"151":{"study_id":"ST000554","analysis_id":"AN000850","analysis_summary":"Reversed phase NEGATIVE ION MODE","metabolite_name":"CITRATE","refmet_name":"Citric acid"},"152":{"study_id":"ST000554","analysis_id":"AN000850","analysis_summary":"Reversed phase NEGATIVE ION MODE","metabolite_name":"CITRIC ACID-13C6","refmet_name":"Citric acid"},"153":{"study_id":"ST000554","analysis_id":"AN000850","analysis_summary":"Reversed phase NEGATIVE ION MODE","metabolite_name":"CMP_R1","refmet_name":"CMP"},"154":{"study_id":"ST000554","analysis_id":"AN000850","analysis_summary":"Reversed phase NEGATIVE ION MODE","metabolite_name":"CMP_R2","refmet_name":"CMP"},"155":{"study_id":"ST000554","analysis_id":"AN000850","analysis_summary":"Reversed phase NEGATIVE ION MODE","metabolite_name":"CREATINE","refmet_name":"Creatine"},"156":{"study_id":"ST000554","analysis_id":"AN000850","analysis_summary":"Reversed phase NEGATIVE ION MODE","metabolite_name":"CYS-GLY","refmet_name":"Cys-Gly"},"157":{"study_id":"ST000554","analysis_id":"AN000850","analysis_summary":"Reversed phase NEGATIVE ION MODE","metabolite_name":"CYTIDINE","refmet_name":"Cytidine"},"158":{"study_id":"ST000554","analysis_id":"AN000850","analysis_summary":"Reversed phase NEGATIVE ION MODE","metabolite_name":"DEOXYCYTIDINE","refmet_name":"Deoxycytidine"},"159":{"study_id":"ST000554","analysis_id":"AN000850","analysis_summary":"Reversed phase NEGATIVE ION MODE","metabolite_name":"D-GLUCURONIC ACID\/D-GLUCURONOLACTONE\/D-(+)-GALACTURONIC ACID","refmet_name":""},"160":{"study_id":"ST000554","analysis_id":"AN000850","analysis_summary":"Reversed phase NEGATIVE ION MODE","metabolite_name":"DIHYDROXYACETONE PHOSPHATE","refmet_name":"Dihydroxyacetone phosphate"},"161":{"study_id":"ST000554","analysis_id":"AN000850","analysis_summary":"Reversed phase NEGATIVE ION MODE","metabolite_name":"Dinoterb (herbicide)","refmet_name":""},"162":{"study_id":"ST000554","analysis_id":"AN000850","analysis_summary":"Reversed phase NEGATIVE ION MODE","metabolite_name":"Docosahexaenoic Acid (22:6)","refmet_name":"DHA"},"163":{"study_id":"ST000554","analysis_id":"AN000850","analysis_summary":"Reversed phase NEGATIVE ION MODE","metabolite_name":"D-RIBOSE 5-PHOSPHATE\/RIBULOSE 5-PHOSPHATE","refmet_name":"Ribose"},"164":{"study_id":"ST000554","analysis_id":"AN000850","analysis_summary":"Reversed phase NEGATIVE ION MODE","metabolite_name":"Fumaric Acid","refmet_name":"Fumaric acid"},"165":{"study_id":"ST000554","analysis_id":"AN000850","analysis_summary":"Reversed phase NEGATIVE ION MODE","metabolite_name":"GLUCONIC ACID\/D-GULONIC ACID GAMA-LACTONE","refmet_name":"Gluconic acid\/Gulonolactone"},"166":{"study_id":"ST000554","analysis_id":"AN000850","analysis_summary":"Reversed phase NEGATIVE ION MODE","metabolite_name":"GLUCOSE\/FRUCTOSE_R1","refmet_name":"Hexose"},"167":{"study_id":"ST000554","analysis_id":"AN000850","analysis_summary":"Reversed phase NEGATIVE ION MODE","metabolite_name":"GLUCOSE\/FRUCTOSE_R2","refmet_name":"Hexose"},"168":{"study_id":"ST000554","analysis_id":"AN000850","analysis_summary":"Reversed phase NEGATIVE ION MODE","metabolite_name":"GLUTATHIONE","refmet_name":"Glutathione"},"169":{"study_id":"ST000554","analysis_id":"AN000850","analysis_summary":"Reversed phase NEGATIVE ION MODE","metabolite_name":"Glyceraldehyde","refmet_name":"Glyceraldehyde"},"170":{"study_id":"ST000554","analysis_id":"AN000850","analysis_summary":"Reversed phase NEGATIVE ION MODE","metabolite_name":"GLYCERALDEHYDE\/LACTATE","refmet_name":""},"171":{"study_id":"ST000554","analysis_id":"AN000850","analysis_summary":"Reversed phase NEGATIVE ION MODE","metabolite_name":"GLYCERIC ACID","refmet_name":"Glyceric acid"},"172":{"study_id":"ST000554","analysis_id":"AN000850","analysis_summary":"Reversed phase NEGATIVE ION MODE","metabolite_name":"GUANINE","refmet_name":"Guanine"},"173":{"study_id":"ST000554","analysis_id":"AN000850","analysis_summary":"Reversed phase NEGATIVE ION MODE","metabolite_name":"Guanosine","refmet_name":"Guanosine"},"174":{"study_id":"ST000554","analysis_id":"AN000850","analysis_summary":"Reversed phase NEGATIVE ION MODE","metabolite_name":"HYPOXANTHINE","refmet_name":"Hypoxanthine"},"175":{"study_id":"ST000554","analysis_id":"AN000850","analysis_summary":"Reversed phase NEGATIVE ION MODE","metabolite_name":"INOSINE","refmet_name":"Inosine"},"176":{"study_id":"ST000554","analysis_id":"AN000850","analysis_summary":"Reversed phase NEGATIVE ION MODE","metabolite_name":"ISOCITRIC ACID","refmet_name":"Isocitric acid"},"177":{"study_id":"ST000554","analysis_id":"AN000850","analysis_summary":"Reversed phase NEGATIVE ION MODE","metabolite_name":"L-2-PHOSPHOGLYCERIC ACID","refmet_name":"2-Phosphoglyceric acid"},"178":{"study_id":"ST000554","analysis_id":"AN000850","analysis_summary":"Reversed phase NEGATIVE ION MODE","metabolite_name":"L-ARGININE","refmet_name":"Arginine"},"179":{"study_id":"ST000554","analysis_id":"AN000850","analysis_summary":"Reversed phase NEGATIVE ION MODE","metabolite_name":"L-CYSTATHIONINE","refmet_name":"Cystathionine"},"180":{"study_id":"ST000554","analysis_id":"AN000850","analysis_summary":"Reversed phase NEGATIVE ION MODE","metabolite_name":"L-CYSTEINE","refmet_name":"Cysteine"},"181":{"study_id":"ST000554","analysis_id":"AN000850","analysis_summary":"Reversed phase NEGATIVE ION MODE","metabolite_name":"L-GLUTAMIC ACID","refmet_name":"Glutamic acid"},"182":{"study_id":"ST000554","analysis_id":"AN000850","analysis_summary":"Reversed phase NEGATIVE ION MODE","metabolite_name":"L-GLUTAMINE","refmet_name":"Glutamine"},"183":{"study_id":"ST000554","analysis_id":"AN000850","analysis_summary":"Reversed phase NEGATIVE ION MODE","metabolite_name":"L-HISTIDINE","refmet_name":"Histidine"},"184":{"study_id":"ST000554","analysis_id":"AN000850","analysis_summary":"Reversed phase NEGATIVE ION MODE","metabolite_name":"Linoleic Acid (18:2)","refmet_name":"Linoleic acid"},"185":{"study_id":"ST000554","analysis_id":"AN000850","analysis_summary":"Reversed phase NEGATIVE ION MODE","metabolite_name":"L-ISOLEUCINE_R1","refmet_name":"Isoleucine"},"186":{"study_id":"ST000554","analysis_id":"AN000850","analysis_summary":"Reversed phase NEGATIVE ION MODE","metabolite_name":"L-ISOLEUCINE_R2","refmet_name":"Isoleucine"},"187":{"study_id":"ST000554","analysis_id":"AN000850","analysis_summary":"Reversed phase NEGATIVE ION MODE","metabolite_name":"LL-2,6-DIAMINOHEPTANEDIOATE","refmet_name":"2,6-Diaminopimelic acid"},"188":{"study_id":"ST000554","analysis_id":"AN000850","analysis_summary":"Reversed phase NEGATIVE ION MODE","metabolite_name":"L-METHIONINE","refmet_name":"Methionine"},"189":{"study_id":"ST000554","analysis_id":"AN000850","analysis_summary":"Reversed phase NEGATIVE ION MODE","metabolite_name":"L-Tryptophan-13C11","refmet_name":"Tryptophan"},"190":{"study_id":"ST000554","analysis_id":"AN000850","analysis_summary":"Reversed phase NEGATIVE ION MODE","metabolite_name":"L-TYROSINE","refmet_name":"Tyrosine"},"191":{"study_id":"ST000554","analysis_id":"AN000850","analysis_summary":"Reversed phase NEGATIVE ION MODE","metabolite_name":"L-VALINE","refmet_name":"Valine"},"192":{"study_id":"ST000554","analysis_id":"AN000850","analysis_summary":"Reversed phase NEGATIVE ION MODE","metabolite_name":"LysoPC (18:1)","refmet_name":"LPC 18:1"},"193":{"study_id":"ST000554","analysis_id":"AN000850","analysis_summary":"Reversed phase NEGATIVE ION MODE","metabolite_name":"LysoPE (16:0)","refmet_name":"LPE 16:0"},"194":{"study_id":"ST000554","analysis_id":"AN000850","analysis_summary":"Reversed phase NEGATIVE ION MODE","metabolite_name":"LysoPE (18:0)","refmet_name":"LPE 18:0"},"195":{"study_id":"ST000554","analysis_id":"AN000850","analysis_summary":"Reversed phase NEGATIVE ION MODE","metabolite_name":"LysoPE (18:1)_R1","refmet_name":"LPE 18:1"},"196":{"study_id":"ST000554","analysis_id":"AN000850","analysis_summary":"Reversed phase NEGATIVE ION MODE","metabolite_name":"LysoPE (18:1)_R2","refmet_name":"LPE 18:1"},"197":{"study_id":"ST000554","analysis_id":"AN000850","analysis_summary":"Reversed phase NEGATIVE ION MODE","metabolite_name":"LysoPE (20:4)_R1","refmet_name":"LPE 20:4"},"198":{"study_id":"ST000554","analysis_id":"AN000850","analysis_summary":"Reversed phase NEGATIVE ION MODE","metabolite_name":"LysoPE (20:4)_R2","refmet_name":"LPE 20:4"},"199":{"study_id":"ST000554","analysis_id":"AN000850","analysis_summary":"Reversed phase NEGATIVE ION MODE","metabolite_name":"LysoPE (22:6)","refmet_name":"LPE 22:6"},"200":{"study_id":"ST000554","analysis_id":"AN000850","analysis_summary":"Reversed phase NEGATIVE ION MODE","metabolite_name":"MALATE","refmet_name":"Malic acid"},"201":{"study_id":"ST000554","analysis_id":"AN000850","analysis_summary":"Reversed phase NEGATIVE ION MODE","metabolite_name":"Mannitol","refmet_name":"Mannitol"},"202":{"study_id":"ST000554","analysis_id":"AN000850","analysis_summary":"Reversed phase NEGATIVE ION MODE","metabolite_name":"Mono-(2-Ethylhexyl) Phthalate Dimer","refmet_name":"Monoethylhexyl phthalic acid"},"203":{"study_id":"ST000554","analysis_id":"AN000850","analysis_summary":"Reversed phase NEGATIVE ION MODE","metabolite_name":"Monobutyl phthalate","refmet_name":"Monobutylphthalate"},"204":{"study_id":"ST000554","analysis_id":"AN000850","analysis_summary":"Reversed phase NEGATIVE ION MODE","metabolite_name":"N-Acetylaspartylglutamic acid","refmet_name":"N-Acetyl-Asp-Glu"},"205":{"study_id":"ST000554","analysis_id":"AN000850","analysis_summary":"Reversed phase NEGATIVE ION MODE","metabolite_name":"N-ACETYL-DL-GLUTAMIC ACID_R1","refmet_name":"N-Acetylglutamic acid"},"206":{"study_id":"ST000554","analysis_id":"AN000850","analysis_summary":"Reversed phase NEGATIVE ION MODE","metabolite_name":"N-ACETYL-DL-GLUTAMIC ACID_R2","refmet_name":"N-Acetylglutamic acid"},"207":{"study_id":"ST000554","analysis_id":"AN000850","analysis_summary":"Reversed phase NEGATIVE ION MODE","metabolite_name":"N-ACETYL-D-MANNOSAMINE","refmet_name":"N-Acetyl-mannosamine"},"208":{"study_id":"ST000554","analysis_id":"AN000850","analysis_summary":"Reversed phase NEGATIVE ION MODE","metabolite_name":"N-ACETYL-HEXOSAMINE","refmet_name":"N-Acetylhexosamine"},"209":{"study_id":"ST000554","analysis_id":"AN000850","analysis_summary":"Reversed phase NEGATIVE ION MODE","metabolite_name":"N-ACETYL-L-ALANINE","refmet_name":"N-Acetylalanine"},"210":{"study_id":"ST000554","analysis_id":"AN000850","analysis_summary":"Reversed phase NEGATIVE ION MODE","metabolite_name":"N-ACETYL-L-ASPARTIC ACID","refmet_name":"N-Acetylaspartic acid"},"211":{"study_id":"ST000554","analysis_id":"AN000850","analysis_summary":"Reversed phase NEGATIVE ION MODE","metabolite_name":"N-ACETYLNEURAMINATE","refmet_name":"N-Acetylneuraminic acid"},"212":{"study_id":"ST000554","analysis_id":"AN000850","analysis_summary":"Reversed phase NEGATIVE ION MODE","metabolite_name":"N-BOC-L-Aspartic Acid_R1","refmet_name":"Aspartic acid"},"213":{"study_id":"ST000554","analysis_id":"AN000850","analysis_summary":"Reversed phase NEGATIVE ION MODE","metabolite_name":"N-BOC-L-Aspartic Acid_R2","refmet_name":"Aspartic acid"},"214":{"study_id":"ST000554","analysis_id":"AN000850","analysis_summary":"Reversed phase NEGATIVE ION MODE","metabolite_name":"N-BOC-L-tert-Leucine_R1","refmet_name":""},"215":{"study_id":"ST000554","analysis_id":"AN000850","analysis_summary":"Reversed phase NEGATIVE ION MODE","metabolite_name":"N-BOC-L-tert-Leucine_R2","refmet_name":""},"216":{"study_id":"ST000554","analysis_id":"AN000850","analysis_summary":"Reversed phase NEGATIVE ION MODE","metabolite_name":"N-BOC-L-Tryptophan_R1","refmet_name":"Tryptophan"},"217":{"study_id":"ST000554","analysis_id":"AN000850","analysis_summary":"Reversed phase NEGATIVE ION MODE","metabolite_name":"N-BOC-L-Tryptophan_R2","refmet_name":"Tryptophan"},"218":{"study_id":"ST000554","analysis_id":"AN000850","analysis_summary":"Reversed phase NEGATIVE ION MODE","metabolite_name":"NICOTINAMIDE","refmet_name":"Niacinamide"},"219":{"study_id":"ST000554","analysis_id":"AN000850","analysis_summary":"Reversed phase NEGATIVE ION MODE","metabolite_name":"N-METHYL-L-GLUTAMATE_R1","refmet_name":"N-Methyl-glutamic acid"},"220":{"study_id":"ST000554","analysis_id":"AN000850","analysis_summary":"Reversed phase NEGATIVE ION MODE","metabolite_name":"N-METHYL-L-GLUTAMATE_R2","refmet_name":"N-Methyl-glutamic acid"},"221":{"study_id":"ST000554","analysis_id":"AN000850","analysis_summary":"Reversed phase NEGATIVE ION MODE","metabolite_name":"OROTIC ACID","refmet_name":"Orotic acid"},"222":{"study_id":"ST000554","analysis_id":"AN000850","analysis_summary":"Reversed phase NEGATIVE ION MODE","metabolite_name":"Pantetheine","refmet_name":"Pantetheine"},"223":{"study_id":"ST000554","analysis_id":"AN000850","analysis_summary":"Reversed phase NEGATIVE ION MODE","metabolite_name":"Plasmenyl-LysoPE (P-18:1)","refmet_name":"LPE P-18:1"},"224":{"study_id":"ST000554","analysis_id":"AN000850","analysis_summary":"Reversed phase NEGATIVE ION MODE","metabolite_name":"Proline","refmet_name":"Proline"},"225":{"study_id":"ST000554","analysis_id":"AN000850","analysis_summary":"Reversed phase NEGATIVE ION MODE","metabolite_name":"PYRIDOXAL","refmet_name":"Pyridoxal"},"226":{"study_id":"ST000554","analysis_id":"AN000850","analysis_summary":"Reversed phase NEGATIVE ION MODE","metabolite_name":"PYRIDOXINE","refmet_name":"Pyridoxine"},"227":{"study_id":"ST000554","analysis_id":"AN000850","analysis_summary":"Reversed phase NEGATIVE ION MODE","metabolite_name":"S-(5'-ADENOSYL)-L-HOMOCYSTEINE","refmet_name":"S-Adenosylhomocysteine"},"228":{"study_id":"ST000554","analysis_id":"AN000850","analysis_summary":"Reversed phase NEGATIVE ION MODE","metabolite_name":"Salicylic Acid-D4","refmet_name":"Salicylic acid"},"229":{"study_id":"ST000554","analysis_id":"AN000850","analysis_summary":"Reversed phase NEGATIVE ION MODE","metabolite_name":"SARCOSINE\/BETA-ALANINE","refmet_name":""},"230":{"study_id":"ST000554","analysis_id":"AN000850","analysis_summary":"Reversed phase NEGATIVE ION MODE","metabolite_name":"(S)-DIHYDROOROTATE","refmet_name":"4,5-Dihydroorotic acid"},"231":{"study_id":"ST000554","analysis_id":"AN000850","analysis_summary":"Reversed phase NEGATIVE ION MODE","metabolite_name":"S-HEXYL-GLUTATHIONE","refmet_name":"S-Hexyl-glutathione"},"232":{"study_id":"ST000554","analysis_id":"AN000850","analysis_summary":"Reversed phase NEGATIVE ION MODE","metabolite_name":"SUCCINATE","refmet_name":"Succinic acid"},"233":{"study_id":"ST000554","analysis_id":"AN000850","analysis_summary":"Reversed phase NEGATIVE ION MODE","metabolite_name":"SUCCINIC ACID-13C4","refmet_name":"Succinic acid"},"234":{"study_id":"ST000554","analysis_id":"AN000850","analysis_summary":"Reversed phase NEGATIVE ION MODE","metabolite_name":"TAURINE","refmet_name":"Taurine"},"235":{"study_id":"ST000554","analysis_id":"AN000850","analysis_summary":"Reversed phase NEGATIVE ION MODE","metabolite_name":"THREONINE\/HOMOSERINE","refmet_name":"Threonine\/Homoserine"},"236":{"study_id":"ST000554","analysis_id":"AN000850","analysis_summary":"Reversed phase NEGATIVE ION MODE","metabolite_name":"THYMIDINE 5'-MONOPHOSPHATE","refmet_name":"TMP"},"237":{"study_id":"ST000554","analysis_id":"AN000850","analysis_summary":"Reversed phase NEGATIVE ION MODE","metabolite_name":"Tryptophan","refmet_name":"Tryptophan"},"238":{"study_id":"ST000554","analysis_id":"AN000850","analysis_summary":"Reversed phase NEGATIVE ION MODE","metabolite_name":"UDP","refmet_name":"UDP"},"239":{"study_id":"ST000554","analysis_id":"AN000850","analysis_summary":"Reversed phase NEGATIVE ION MODE","metabolite_name":"URACIL","refmet_name":"Uracil"},"240":{"study_id":"ST000554","analysis_id":"AN000850","analysis_summary":"Reversed phase NEGATIVE ION MODE","metabolite_name":"URATE","refmet_name":"Uric acid"},"241":{"study_id":"ST000554","analysis_id":"AN000850","analysis_summary":"Reversed phase NEGATIVE ION MODE","metabolite_name":"URIDINE","refmet_name":"Uridine"},"242":{"study_id":"ST000554","analysis_id":"AN000850","analysis_summary":"Reversed phase NEGATIVE ION MODE","metabolite_name":"URIDINE-5-MONOPHOSPHATE","refmet_name":"UMP"},"243":{"study_id":"ST000554","analysis_id":"AN000850","analysis_summary":"Reversed phase NEGATIVE ION MODE","metabolite_name":"XANTHINE","refmet_name":"Xanthine"}}