{"1":{"study_id":"ST000025","analysis_id":"AN000045","analysis_summary":"GCMS positive ion mode","metabolite_name":"1-monostearin","refmet_name":"MG 18:0\/0:0\/0:0"},"2":{"study_id":"ST000025","analysis_id":"AN000045","analysis_summary":"GCMS positive ion mode","metabolite_name":"2,5-dihydroxypyrazine NIST","refmet_name":"2,5-Dihydroxypyrazine"},"3":{"study_id":"ST000025","analysis_id":"AN000045","analysis_summary":"GCMS positive ion mode","metabolite_name":"adenine","refmet_name":"Adenine"},"4":{"study_id":"ST000025","analysis_id":"AN000045","analysis_summary":"GCMS positive ion mode","metabolite_name":"adenosine","refmet_name":"Adenosine"},"5":{"study_id":"ST000025","analysis_id":"AN000045","analysis_summary":"GCMS positive ion mode","metabolite_name":"adenosine-5-monophosphate","refmet_name":"AMP"},"6":{"study_id":"ST000025","analysis_id":"AN000045","analysis_summary":"GCMS positive ion mode","metabolite_name":"alanine","refmet_name":"Alanine"},"7":{"study_id":"ST000025","analysis_id":"AN000045","analysis_summary":"GCMS positive ion mode","metabolite_name":"arabitol","refmet_name":"Arabitol"},"8":{"study_id":"ST000025","analysis_id":"AN000045","analysis_summary":"GCMS positive ion mode","metabolite_name":"arachidonic acid","refmet_name":"Arachidonic acid"},"9":{"study_id":"ST000025","analysis_id":"AN000045","analysis_summary":"GCMS positive ion mode","metabolite_name":"asparagine minor","refmet_name":"Asparagine"},"10":{"study_id":"ST000025","analysis_id":"AN000045","analysis_summary":"GCMS positive ion mode","metabolite_name":"benzoic acid","refmet_name":"Benzoic acid"},"11":{"study_id":"ST000025","analysis_id":"AN000045","analysis_summary":"GCMS positive ion mode","metabolite_name":"butyrolactam NIST","refmet_name":"2-Pyrrolidinone"},"12":{"study_id":"ST000025","analysis_id":"AN000045","analysis_summary":"GCMS positive ion mode","metabolite_name":"cholesterol","refmet_name":"Cholesterol"},"13":{"study_id":"ST000025","analysis_id":"AN000045","analysis_summary":"GCMS positive ion mode","metabolite_name":"citric acid","refmet_name":"Citric acid"},"14":{"study_id":"ST000025","analysis_id":"AN000045","analysis_summary":"GCMS positive ion mode","metabolite_name":"cystine","refmet_name":"Cystine"},"15":{"study_id":"ST000025","analysis_id":"AN000045","analysis_summary":"GCMS positive ion mode","metabolite_name":"dihydroxyacetone","refmet_name":"Dihydroxyacetone"},"16":{"study_id":"ST000025","analysis_id":"AN000045","analysis_summary":"GCMS positive ion mode","metabolite_name":"dodecanol","refmet_name":"Dodecanol"},"17":{"study_id":"ST000025","analysis_id":"AN000045","analysis_summary":"GCMS positive ion mode","metabolite_name":"erythritol","refmet_name":"Erythritol"},"18":{"study_id":"ST000025","analysis_id":"AN000045","analysis_summary":"GCMS positive ion mode","metabolite_name":"ethanolamine","refmet_name":"Ethanolamine"},"19":{"study_id":"ST000025","analysis_id":"AN000045","analysis_summary":"GCMS positive ion mode","metabolite_name":"fumaric acid","refmet_name":"Fumaric acid"},"20":{"study_id":"ST000025","analysis_id":"AN000045","analysis_summary":"GCMS positive ion mode","metabolite_name":"galactose","refmet_name":"Galactose"},"21":{"study_id":"ST000025","analysis_id":"AN000045","analysis_summary":"GCMS positive ion mode","metabolite_name":"gluconic acid lactone","refmet_name":"Gluconolactone"},"22":{"study_id":"ST000025","analysis_id":"AN000045","analysis_summary":"GCMS positive ion mode","metabolite_name":"glucose 4tms","refmet_name":"Glucose"},"23":{"study_id":"ST000025","analysis_id":"AN000045","analysis_summary":"GCMS positive ion mode","metabolite_name":"glucose tms4x","refmet_name":"Glucose"},"24":{"study_id":"ST000025","analysis_id":"AN000045","analysis_summary":"GCMS positive ion mode","metabolite_name":"glyceric acid","refmet_name":"Glyceric acid"},"25":{"study_id":"ST000025","analysis_id":"AN000045","analysis_summary":"GCMS positive ion mode","metabolite_name":"glycine TMS1x","refmet_name":"Glycine"},"26":{"study_id":"ST000025","analysis_id":"AN000045","analysis_summary":"GCMS positive ion mode","metabolite_name":"glycolic acid","refmet_name":"Glycolic acid"},"27":{"study_id":"ST000025","analysis_id":"AN000045","analysis_summary":"GCMS positive ion mode","metabolite_name":"heptadecanoic acid","refmet_name":"Margaric acid"},"28":{"study_id":"ST000025","analysis_id":"AN000045","analysis_summary":"GCMS positive ion mode","metabolite_name":"hydroxylamine","refmet_name":"Hydroxylamine"},"29":{"study_id":"ST000025","analysis_id":"AN000045","analysis_summary":"GCMS positive ion mode","metabolite_name":"inosine","refmet_name":"Inosine"},"30":{"study_id":"ST000025","analysis_id":"AN000045","analysis_summary":"GCMS positive ion mode","metabolite_name":"isoleucine","refmet_name":"Isoleucine"},"31":{"study_id":"ST000025","analysis_id":"AN000045","analysis_summary":"GCMS positive ion mode","metabolite_name":"lactic acid","refmet_name":"Lactic acid"},"32":{"study_id":"ST000025","analysis_id":"AN000045","analysis_summary":"GCMS positive ion mode","metabolite_name":"lauric acid","refmet_name":"Lauric acid"},"33":{"study_id":"ST000025","analysis_id":"AN000045","analysis_summary":"GCMS positive ion mode","metabolite_name":"leucine","refmet_name":"Leucine"},"34":{"study_id":"ST000025","analysis_id":"AN000045","analysis_summary":"GCMS positive ion mode","metabolite_name":"linoleic acid","refmet_name":"Linoleic acid"},"35":{"study_id":"ST000025","analysis_id":"AN000045","analysis_summary":"GCMS positive ion mode","metabolite_name":"malic acid","refmet_name":"Malic acid"},"36":{"study_id":"ST000025","analysis_id":"AN000045","analysis_summary":"GCMS positive ion mode","metabolite_name":"maltose 1","refmet_name":"Maltose"},"37":{"study_id":"ST000025","analysis_id":"AN000045","analysis_summary":"GCMS positive ion mode","metabolite_name":"mannitol","refmet_name":"Mannitol"},"38":{"study_id":"ST000025","analysis_id":"AN000045","analysis_summary":"GCMS positive ion mode","metabolite_name":"melezitose","refmet_name":"Melezitose"},"39":{"study_id":"ST000025","analysis_id":"AN000045","analysis_summary":"GCMS positive ion mode","metabolite_name":"methylmaleic acid","refmet_name":"Citraconic acid"},"40":{"study_id":"ST000025","analysis_id":"AN000045","analysis_summary":"GCMS positive ion mode","metabolite_name":"myo-inositol","refmet_name":"Myo-inositol"},"41":{"study_id":"ST000025","analysis_id":"AN000045","analysis_summary":"GCMS positive ion mode","metabolite_name":"myristic acid","refmet_name":"Myristic acid"},"42":{"study_id":"ST000025","analysis_id":"AN000045","analysis_summary":"GCMS positive ion mode","metabolite_name":"octadecanol","refmet_name":"Stearyl alcohol"},"43":{"study_id":"ST000025","analysis_id":"AN000045","analysis_summary":"GCMS positive ion mode","metabolite_name":"oleic acid","refmet_name":"Oleic acid"},"44":{"study_id":"ST000025","analysis_id":"AN000045","analysis_summary":"GCMS positive ion mode","metabolite_name":"ornithine 3tms minor","refmet_name":"Ornithine"},"45":{"study_id":"ST000025","analysis_id":"AN000045","analysis_summary":"GCMS positive ion mode","metabolite_name":"ornithine 4tms","refmet_name":"Ornithine"},"46":{"study_id":"ST000025","analysis_id":"AN000045","analysis_summary":"GCMS positive ion mode","metabolite_name":"oxoproline","refmet_name":"Pyroglutamic acid"},"47":{"study_id":"ST000025","analysis_id":"AN000045","analysis_summary":"GCMS positive ion mode","metabolite_name":"palmitoleic acid","refmet_name":"Palmitoleic acid"},"48":{"study_id":"ST000025","analysis_id":"AN000045","analysis_summary":"GCMS positive ion mode","metabolite_name":"pantothenic acid","refmet_name":"Pantothenic acid"},"49":{"study_id":"ST000025","analysis_id":"AN000045","analysis_summary":"GCMS positive ion mode","metabolite_name":"pelargonic acid","refmet_name":"Pelargonic acid"},"50":{"study_id":"ST000025","analysis_id":"AN000045","analysis_summary":"GCMS positive ion mode","metabolite_name":"pipecolinic acid","refmet_name":"Pipecolic acid"},"51":{"study_id":"ST000025","analysis_id":"AN000045","analysis_summary":"GCMS positive ion mode","metabolite_name":"putrescine","refmet_name":"Putrescine"},"52":{"study_id":"ST000025","analysis_id":"AN000045","analysis_summary":"GCMS positive ion mode","metabolite_name":"ribitol","refmet_name":"Ribitol"},"53":{"study_id":"ST000025","analysis_id":"AN000045","analysis_summary":"GCMS positive ion mode","metabolite_name":"salicylic acid","refmet_name":"Salicylic acid"},"54":{"study_id":"ST000025","analysis_id":"AN000045","analysis_summary":"GCMS positive ion mode","metabolite_name":"serine","refmet_name":"Serine"},"55":{"study_id":"ST000025","analysis_id":"AN000045","analysis_summary":"GCMS positive ion mode","metabolite_name":"serine minor","refmet_name":"Serine"},"56":{"study_id":"ST000025","analysis_id":"AN000045","analysis_summary":"GCMS positive ion mode","metabolite_name":"spermidine TMS 3x","refmet_name":"Spermidine"},"57":{"study_id":"ST000025","analysis_id":"AN000045","analysis_summary":"GCMS positive ion mode","metabolite_name":"stearic acid","refmet_name":"Stearic acid"},"58":{"study_id":"ST000025","analysis_id":"AN000045","analysis_summary":"GCMS positive ion mode","metabolite_name":"threonine minor","refmet_name":"Threonine"},"59":{"study_id":"ST000025","analysis_id":"AN000045","analysis_summary":"GCMS positive ion mode","metabolite_name":"tocopherol alpha-","refmet_name":"alpha-Tocopherol"},"60":{"study_id":"ST000025","analysis_id":"AN000045","analysis_summary":"GCMS positive ion mode","metabolite_name":"trans-4-hydroxyproline","refmet_name":"trans-4-Hydroxyproline"},"61":{"study_id":"ST000025","analysis_id":"AN000045","analysis_summary":"GCMS positive ion mode","metabolite_name":"tyrosine","refmet_name":"Tyrosine"},"62":{"study_id":"ST000025","analysis_id":"AN000045","analysis_summary":"GCMS positive ion mode","metabolite_name":"tyrosine minor with glucose contaminant ions","refmet_name":"Tyrosine"},"63":{"study_id":"ST000025","analysis_id":"AN000045","analysis_summary":"GCMS positive ion mode","metabolite_name":"urea","refmet_name":"Urea"},"64":{"study_id":"ST000025","analysis_id":"AN000045","analysis_summary":"GCMS positive ion mode","metabolite_name":"uridine","refmet_name":"Uridine"},"65":{"study_id":"ST000025","analysis_id":"AN000045","analysis_summary":"GCMS positive ion mode","metabolite_name":"valine","refmet_name":"Valine"},"66":{"study_id":"ST000025","analysis_id":"AN000045","analysis_summary":"GCMS positive ion mode","metabolite_name":"valine 1TMS","refmet_name":"Valine"},"67":{"study_id":"ST000025","analysis_id":"AN000045","analysis_summary":"GCMS positive ion mode","metabolite_name":"xanthine","refmet_name":"Xanthine"},"68":{"study_id":"ST000025","analysis_id":"AN000045","analysis_summary":"GCMS positive ion mode","metabolite_name":"xylose","refmet_name":"Xylose"}}