{"1":{"study_id":"ST000202","analysis_id":"AN000304","analysis_summary":"ESI negative ion mode","metabolite_name":"2 or 3-phosphoglycerate_2PG\/3PG","refmet_name":"3-Phosphoglyceric acid"},"2":{"study_id":"ST000202","analysis_id":"AN000304","analysis_summary":"ESI negative ion mode","metabolite_name":"6-Phosphogluconate","refmet_name":"6-Phosphogluconic acid"},"3":{"study_id":"ST000202","analysis_id":"AN000304","analysis_summary":"ESI negative ion mode","metabolite_name":"Acetyl-CoA","refmet_name":"Acetyl-CoA"},"4":{"study_id":"ST000202","analysis_id":"AN000304","analysis_summary":"ESI negative ion mode","metabolite_name":"ADP","refmet_name":"Adenosine"},"5":{"study_id":"ST000202","analysis_id":"AN000304","analysis_summary":"ESI negative ion mode","metabolite_name":"AMP","refmet_name":"AMP"},"6":{"study_id":"ST000202","analysis_id":"AN000304","analysis_summary":"ESI negative ion mode","metabolite_name":"ATP","refmet_name":"ATP"},"7":{"study_id":"ST000202","analysis_id":"AN000304","analysis_summary":"ESI negative ion mode","metabolite_name":"Citrate or Isocitrate","refmet_name":"Citric acid\/Isocitric acid"},"8":{"study_id":"ST000202","analysis_id":"AN000304","analysis_summary":"ESI negative ion mode","metabolite_name":"Erythrose 4-phosphate","refmet_name":"Erythrose 4-phosphate"},"9":{"study_id":"ST000202","analysis_id":"AN000304","analysis_summary":"ESI negative ion mode","metabolite_name":"flavin adenine dinucleotide","refmet_name":"FAD"},"10":{"study_id":"ST000202","analysis_id":"AN000304","analysis_summary":"ESI negative ion mode","metabolite_name":"Fructose 1,6-bisphosphate","refmet_name":"Fructose 1,6-bisphosphate"},"11":{"study_id":"ST000202","analysis_id":"AN000304","analysis_summary":"ESI negative ion mode","metabolite_name":"Glucose 6-phosphate or fructose-6-phosphate","refmet_name":"Glucose 6-phosphate"},"12":{"study_id":"ST000202","analysis_id":"AN000304","analysis_summary":"ESI negative ion mode","metabolite_name":"Lactate","refmet_name":"Lactic acid"},"13":{"study_id":"ST000202","analysis_id":"AN000304","analysis_summary":"ESI negative ion mode","metabolite_name":"Malate","refmet_name":"Malic acid"},"14":{"study_id":"ST000202","analysis_id":"AN000304","analysis_summary":"ESI negative ion mode","metabolite_name":"Nicotinamide Adenine Dinucleotide oxidized","refmet_name":"NAD+"},"15":{"study_id":"ST000202","analysis_id":"AN000304","analysis_summary":"ESI negative ion mode","metabolite_name":"nicotinamide adenine dinucleotide phosphate oxidized","refmet_name":"NADP+"},"16":{"study_id":"ST000202","analysis_id":"AN000304","analysis_summary":"ESI negative ion mode","metabolite_name":"nicotinamide adenine dinucleotide phosphate reduced","refmet_name":"NADP+"},"17":{"study_id":"ST000202","analysis_id":"AN000304","analysis_summary":"ESI negative ion mode","metabolite_name":"Nicotinamide Adenine Dinucleotide reduced","refmet_name":"NADH"},"18":{"study_id":"ST000202","analysis_id":"AN000304","analysis_summary":"ESI negative ion mode","metabolite_name":"Phosphoenolpyruvate","refmet_name":"Phosphoenolpyruvic acid"},"19":{"study_id":"ST000202","analysis_id":"AN000304","analysis_summary":"ESI negative ion mode","metabolite_name":"Ribose-5-phosphate or xylulose 5-phosphate","refmet_name":"Ribose 5-phosphate"},"20":{"study_id":"ST000202","analysis_id":"AN000304","analysis_summary":"ESI negative ion mode","metabolite_name":"Sedoheptulose 7-phosphate","refmet_name":"Sedoheptulose 7-phosphate"},"21":{"study_id":"ST000202","analysis_id":"AN000304","analysis_summary":"ESI negative ion mode","metabolite_name":"Sucrose","refmet_name":"Sucrose"}}