{"1":{"study_id":"ST000339","analysis_id":"AN000550","analysis_summary":"UPLC POSITIVE ION MODE","metabolite_name":"CE (18:1)","refmet_name":"CE 18:1"},"2":{"study_id":"ST000339","analysis_id":"AN000550","analysis_summary":"UPLC POSITIVE ION MODE","metabolite_name":"CE (20:4)","refmet_name":"CE 20:4"},"3":{"study_id":"ST000339","analysis_id":"AN000550","analysis_summary":"UPLC POSITIVE ION MODE","metabolite_name":"CE (22:6)","refmet_name":"CE 22:6"},"4":{"study_id":"ST000339","analysis_id":"AN000550","analysis_summary":"UPLC POSITIVE ION MODE","metabolite_name":"Ceramide (d18:1\/23:0)","refmet_name":"Cer 18:1;O2\/23:0"},"5":{"study_id":"ST000339","analysis_id":"AN000550","analysis_summary":"UPLC POSITIVE ION MODE","metabolite_name":"Ceramide (d40:1)","refmet_name":"Cer 40:1;O2"},"6":{"study_id":"ST000339","analysis_id":"AN000550","analysis_summary":"UPLC POSITIVE ION MODE","metabolite_name":"Ceramide (d42:1)","refmet_name":"Cer 42:1;O2"},"7":{"study_id":"ST000339","analysis_id":"AN000550","analysis_summary":"UPLC POSITIVE ION MODE","metabolite_name":"Ceramide (d42:2)","refmet_name":"Cer 42:2;O2"},"8":{"study_id":"ST000339","analysis_id":"AN000550","analysis_summary":"UPLC POSITIVE ION MODE","metabolite_name":"Cholesterol","refmet_name":"Cholesterol"},"9":{"study_id":"ST000339","analysis_id":"AN000550","analysis_summary":"UPLC POSITIVE ION MODE","metabolite_name":"Gal-Gal-Cer(d18:1\/16:0) or Lactosylceramide(d18:1\/16:0)","refmet_name":"LacCer 18:1;O2\/16:0"},"10":{"study_id":"ST000339","analysis_id":"AN000550","analysis_summary":"UPLC POSITIVE ION MODE","metabolite_name":"GlcCer (d40:1)","refmet_name":"GlcCer 40:1;O2"},"11":{"study_id":"ST000339","analysis_id":"AN000550","analysis_summary":"UPLC POSITIVE ION MODE","metabolite_name":"GlcCer (d42:1)","refmet_name":"GlcCer 42:1;O2"},"12":{"study_id":"ST000339","analysis_id":"AN000550","analysis_summary":"UPLC POSITIVE ION MODE","metabolite_name":"GlcCer (d42:2)","refmet_name":"GlcCer 42:2;O2"},"13":{"study_id":"ST000339","analysis_id":"AN000550","analysis_summary":"UPLC POSITIVE ION MODE","metabolite_name":"LPC (16:0)","refmet_name":"LPC 16:0"},"14":{"study_id":"ST000339","analysis_id":"AN000550","analysis_summary":"UPLC POSITIVE ION MODE","metabolite_name":"LPC (18:0)","refmet_name":"LPC 18:0"},"15":{"study_id":"ST000339","analysis_id":"AN000550","analysis_summary":"UPLC POSITIVE ION MODE","metabolite_name":"LPC (18:1)","refmet_name":"LPC 18:1"},"16":{"study_id":"ST000339","analysis_id":"AN000550","analysis_summary":"UPLC POSITIVE ION MODE","metabolite_name":"PC (28:0)","refmet_name":"PC 28:0"},"17":{"study_id":"ST000339","analysis_id":"AN000550","analysis_summary":"UPLC POSITIVE ION MODE","metabolite_name":"PC (30:0)","refmet_name":"PC 30:0"},"18":{"study_id":"ST000339","analysis_id":"AN000550","analysis_summary":"UPLC POSITIVE ION MODE","metabolite_name":"PC (30:1)","refmet_name":"PC 30:1"},"19":{"study_id":"ST000339","analysis_id":"AN000550","analysis_summary":"UPLC POSITIVE ION MODE","metabolite_name":"PC (31:0)","refmet_name":"PC 31:0"},"20":{"study_id":"ST000339","analysis_id":"AN000550","analysis_summary":"UPLC POSITIVE ION MODE","metabolite_name":"PC (32:0)","refmet_name":"PC 32:0"},"21":{"study_id":"ST000339","analysis_id":"AN000550","analysis_summary":"UPLC POSITIVE ION MODE","metabolite_name":"PC (32:1)","refmet_name":"PC 32:1"},"22":{"study_id":"ST000339","analysis_id":"AN000550","analysis_summary":"UPLC POSITIVE ION MODE","metabolite_name":"PC (33:0)","refmet_name":"PC 33:0"},"23":{"study_id":"ST000339","analysis_id":"AN000550","analysis_summary":"UPLC POSITIVE ION MODE","metabolite_name":"PC (33:1)","refmet_name":"PC 33:1"},"24":{"study_id":"ST000339","analysis_id":"AN000550","analysis_summary":"UPLC POSITIVE ION MODE","metabolite_name":"PC (34:0)","refmet_name":"PC 34:0"},"25":{"study_id":"ST000339","analysis_id":"AN000550","analysis_summary":"UPLC POSITIVE ION MODE","metabolite_name":"PC (34:1)","refmet_name":"PC 34:1"},"26":{"study_id":"ST000339","analysis_id":"AN000550","analysis_summary":"UPLC POSITIVE ION MODE","metabolite_name":"PC (34:2)","refmet_name":"PC 34:2"},"27":{"study_id":"ST000339","analysis_id":"AN000550","analysis_summary":"UPLC POSITIVE ION MODE","metabolite_name":"PC (34:3)","refmet_name":"PC 34:3"},"28":{"study_id":"ST000339","analysis_id":"AN000550","analysis_summary":"UPLC POSITIVE ION MODE","metabolite_name":"PC (34:4)","refmet_name":"PC 34:4"},"29":{"study_id":"ST000339","analysis_id":"AN000550","analysis_summary":"UPLC POSITIVE ION MODE","metabolite_name":"PC (35:1)","refmet_name":"PC 35:1"},"30":{"study_id":"ST000339","analysis_id":"AN000550","analysis_summary":"UPLC POSITIVE ION MODE","metabolite_name":"PC (36:1)","refmet_name":"PC 36:1"},"31":{"study_id":"ST000339","analysis_id":"AN000550","analysis_summary":"UPLC POSITIVE ION MODE","metabolite_name":"PC (36:2)","refmet_name":"PC 36:2"},"32":{"study_id":"ST000339","analysis_id":"AN000550","analysis_summary":"UPLC POSITIVE ION MODE","metabolite_name":"PC (36:3)","refmet_name":"PC 36:3"},"33":{"study_id":"ST000339","analysis_id":"AN000550","analysis_summary":"UPLC POSITIVE ION MODE","metabolite_name":"PC (36:4)","refmet_name":"PC 36:4"},"34":{"study_id":"ST000339","analysis_id":"AN000550","analysis_summary":"UPLC POSITIVE ION MODE","metabolite_name":"PC (36:5)","refmet_name":"PC 36:5"},"35":{"study_id":"ST000339","analysis_id":"AN000550","analysis_summary":"UPLC POSITIVE ION MODE","metabolite_name":"PC (38:2)","refmet_name":"PC 38:2"},"36":{"study_id":"ST000339","analysis_id":"AN000550","analysis_summary":"UPLC POSITIVE ION MODE","metabolite_name":"PC (38:3)","refmet_name":"PC 38:3"},"37":{"study_id":"ST000339","analysis_id":"AN000550","analysis_summary":"UPLC POSITIVE ION MODE","metabolite_name":"PC (38:4)","refmet_name":"PC 38:4"},"38":{"study_id":"ST000339","analysis_id":"AN000550","analysis_summary":"UPLC POSITIVE ION MODE","metabolite_name":"PC (38:5)","refmet_name":"PC 38:5"},"39":{"study_id":"ST000339","analysis_id":"AN000550","analysis_summary":"UPLC POSITIVE ION MODE","metabolite_name":"PC (38:6)","refmet_name":"PC 38:6"},"40":{"study_id":"ST000339","analysis_id":"AN000550","analysis_summary":"UPLC POSITIVE ION MODE","metabolite_name":"PC (40:4)","refmet_name":"PC 40:4"},"41":{"study_id":"ST000339","analysis_id":"AN000550","analysis_summary":"UPLC POSITIVE ION MODE","metabolite_name":"PC (40:5)","refmet_name":"PC 40:5"},"42":{"study_id":"ST000339","analysis_id":"AN000550","analysis_summary":"UPLC POSITIVE ION MODE","metabolite_name":"PC (40:6)","refmet_name":"PC 40:6"},"43":{"study_id":"ST000339","analysis_id":"AN000550","analysis_summary":"UPLC POSITIVE ION MODE","metabolite_name":"PC (40:7)","refmet_name":"PC 40:7"},"44":{"study_id":"ST000339","analysis_id":"AN000550","analysis_summary":"UPLC POSITIVE ION MODE","metabolite_name":"PC (40:8)","refmet_name":"PC 40:8"},"45":{"study_id":"ST000339","analysis_id":"AN000550","analysis_summary":"UPLC POSITIVE ION MODE","metabolite_name":"PC (42:5)","refmet_name":"PC 42:5"},"46":{"study_id":"ST000339","analysis_id":"AN000550","analysis_summary":"UPLC POSITIVE ION MODE","metabolite_name":"PC (42:6)","refmet_name":"PC 42:6"},"47":{"study_id":"ST000339","analysis_id":"AN000550","analysis_summary":"UPLC POSITIVE ION MODE","metabolite_name":"PC (42:7)","refmet_name":"PC 42:7"},"48":{"study_id":"ST000339","analysis_id":"AN000550","analysis_summary":"UPLC POSITIVE ION MODE","metabolite_name":"PC (o-32:0)","refmet_name":"PC O-32:0"},"49":{"study_id":"ST000339","analysis_id":"AN000550","analysis_summary":"UPLC POSITIVE ION MODE","metabolite_name":"PC (o-34:0)","refmet_name":"PC O-34:0"},"50":{"study_id":"ST000339","analysis_id":"AN000550","analysis_summary":"UPLC POSITIVE ION MODE","metabolite_name":"PC (p-34:0) or PC (o-34:1)","refmet_name":"PC P-34:0 or PC O-34:1"},"51":{"study_id":"ST000339","analysis_id":"AN000550","analysis_summary":"UPLC POSITIVE ION MODE","metabolite_name":"PC (p-34:1) or PC (o-34:2)","refmet_name":"PC P-34:1 or PC O-34:2"},"52":{"study_id":"ST000339","analysis_id":"AN000550","analysis_summary":"UPLC POSITIVE ION MODE","metabolite_name":"PC (p-36:1) or PC (o-36:2)","refmet_name":"PC P-36:1 or PC O-36:2"},"53":{"study_id":"ST000339","analysis_id":"AN000550","analysis_summary":"UPLC POSITIVE ION MODE","metabolite_name":"PC (p-36:3) or PC (o-36:4)","refmet_name":"PC P-36:3 or PC O-36:4"},"54":{"study_id":"ST000339","analysis_id":"AN000550","analysis_summary":"UPLC POSITIVE ION MODE","metabolite_name":"PC (p-36:4) or PC (o-36:5)","refmet_name":"PC P-36:4 or PC O-36:5"},"55":{"study_id":"ST000339","analysis_id":"AN000550","analysis_summary":"UPLC POSITIVE ION MODE","metabolite_name":"PC (p-38:3) or PC (o-38:4)","refmet_name":"PC P-38:3 or PC O-38:4"},"56":{"study_id":"ST000339","analysis_id":"AN000550","analysis_summary":"UPLC POSITIVE ION MODE","metabolite_name":"PC (p-38:4) or PC (o-38:5)","refmet_name":"PC P-38:4 or PC O-38:5"},"57":{"study_id":"ST000339","analysis_id":"AN000550","analysis_summary":"UPLC POSITIVE ION MODE","metabolite_name":"PC (p-38:5) or PC (o-38:6)","refmet_name":"PC P-38:5 or PC O-38:6"},"58":{"study_id":"ST000339","analysis_id":"AN000550","analysis_summary":"UPLC POSITIVE ION MODE","metabolite_name":"PC (p-40:3) or PC (o-40:4)","refmet_name":"PC P-40:3 or PC O-40:4"},"59":{"study_id":"ST000339","analysis_id":"AN000550","analysis_summary":"UPLC POSITIVE ION MODE","metabolite_name":"PC (p-40:4) or PC (o-40:5)","refmet_name":"PC P-40:4 or PC O-40:5"},"60":{"study_id":"ST000339","analysis_id":"AN000550","analysis_summary":"UPLC POSITIVE ION MODE","metabolite_name":"PC (p-40:6) or PC (o-40:7)","refmet_name":"PC P-40:6 or PC O-40:7"},"61":{"study_id":"ST000339","analysis_id":"AN000550","analysis_summary":"UPLC POSITIVE ION MODE","metabolite_name":"PC (p-42:3) or PC (o-42:4)","refmet_name":"PC P-42:3 or PC O-42:4"},"62":{"study_id":"ST000339","analysis_id":"AN000550","analysis_summary":"UPLC POSITIVE ION MODE","metabolite_name":"PC (p-42:4) or PC (o-42:5)","refmet_name":"PC P-42:4 or PC O-42:5"},"63":{"study_id":"ST000339","analysis_id":"AN000550","analysis_summary":"UPLC POSITIVE ION MODE","metabolite_name":"PC (p-42:5) or PC (o-42:6)","refmet_name":"PC P-42:5 or PC O-42:6"},"64":{"study_id":"ST000339","analysis_id":"AN000550","analysis_summary":"UPLC POSITIVE ION MODE","metabolite_name":"PE (38:6)","refmet_name":"PE 38:6"},"65":{"study_id":"ST000339","analysis_id":"AN000550","analysis_summary":"UPLC POSITIVE ION MODE","metabolite_name":"PE (p-36:4) or PE (o-36:5)","refmet_name":"PE P-36:4 or PE O-36:5"},"66":{"study_id":"ST000339","analysis_id":"AN000550","analysis_summary":"UPLC POSITIVE ION MODE","metabolite_name":"PE (p-38:4) or PE (o-38:5)","refmet_name":"PE P-38:4 or PE O-38:5"},"67":{"study_id":"ST000339","analysis_id":"AN000550","analysis_summary":"UPLC POSITIVE ION MODE","metabolite_name":"PE (p-38:5) or PE (o-38:6)","refmet_name":"PE P-38:5 or PE O-38:6"},"68":{"study_id":"ST000339","analysis_id":"AN000550","analysis_summary":"UPLC POSITIVE ION MODE","metabolite_name":"PE (p-40:5) or PE (o-40:6)","refmet_name":"PE P-40:5 or PE O-40:6"},"69":{"study_id":"ST000339","analysis_id":"AN000550","analysis_summary":"UPLC POSITIVE ION MODE","metabolite_name":"SM (d32:1)","refmet_name":"SM 32:1;O2"},"70":{"study_id":"ST000339","analysis_id":"AN000550","analysis_summary":"UPLC POSITIVE ION MODE","metabolite_name":"SM (d33:1)","refmet_name":"SM 33:1;O2"},"71":{"study_id":"ST000339","analysis_id":"AN000550","analysis_summary":"UPLC POSITIVE ION MODE","metabolite_name":"SM (d34:1)","refmet_name":"SM 34:1;O2"},"72":{"study_id":"ST000339","analysis_id":"AN000550","analysis_summary":"UPLC POSITIVE ION MODE","metabolite_name":"SM (d34:2)","refmet_name":"SM 34:2;O2"},"73":{"study_id":"ST000339","analysis_id":"AN000550","analysis_summary":"UPLC POSITIVE ION MODE","metabolite_name":"SM (d36:1)","refmet_name":"SM 36:1;O2"},"74":{"study_id":"ST000339","analysis_id":"AN000550","analysis_summary":"UPLC POSITIVE ION MODE","metabolite_name":"SM (d38:1)","refmet_name":"SM 38:1;O2"},"75":{"study_id":"ST000339","analysis_id":"AN000550","analysis_summary":"UPLC POSITIVE ION MODE","metabolite_name":"SM (d39:1)","refmet_name":"SM 39:1;O2"},"76":{"study_id":"ST000339","analysis_id":"AN000550","analysis_summary":"UPLC POSITIVE ION MODE","metabolite_name":"SM (d40:1)","refmet_name":"SM 40:1;O2"},"77":{"study_id":"ST000339","analysis_id":"AN000550","analysis_summary":"UPLC POSITIVE ION MODE","metabolite_name":"SM (d41:1)","refmet_name":"SM 41:1;O2"},"78":{"study_id":"ST000339","analysis_id":"AN000550","analysis_summary":"UPLC POSITIVE ION MODE","metabolite_name":"SM (d41:2)","refmet_name":"SM 41:2;O2"},"79":{"study_id":"ST000339","analysis_id":"AN000550","analysis_summary":"UPLC POSITIVE ION MODE","metabolite_name":"SM (d42:1)","refmet_name":"SM 42:1;O2"},"80":{"study_id":"ST000339","analysis_id":"AN000550","analysis_summary":"UPLC POSITIVE ION MODE","metabolite_name":"SM (d42:2)","refmet_name":"SM 42:2;O2"},"81":{"study_id":"ST000339","analysis_id":"AN000550","analysis_summary":"UPLC POSITIVE ION MODE","metabolite_name":"SM (d42:3)","refmet_name":"SM 42:3;O2"},"82":{"study_id":"ST000339","analysis_id":"AN000550","analysis_summary":"UPLC POSITIVE ION MODE","metabolite_name":"SM (d43:2)","refmet_name":"SM 43:2;O2"},"83":{"study_id":"ST000339","analysis_id":"AN000550","analysis_summary":"UPLC POSITIVE ION MODE","metabolite_name":"TG (14:0\/14:0\/14:0)","refmet_name":"TG 14:0\/14:0\/14:0"},"84":{"study_id":"ST000339","analysis_id":"AN000550","analysis_summary":"UPLC POSITIVE ION MODE","metabolite_name":"TG (46:0)","refmet_name":"TG 46:0"},"85":{"study_id":"ST000339","analysis_id":"AN000550","analysis_summary":"UPLC POSITIVE ION MODE","metabolite_name":"TG (48:0)","refmet_name":"TG 48:0"},"86":{"study_id":"ST000339","analysis_id":"AN000550","analysis_summary":"UPLC POSITIVE ION MODE","metabolite_name":"TG (48:1)","refmet_name":"TG 48:1"},"87":{"study_id":"ST000339","analysis_id":"AN000550","analysis_summary":"UPLC POSITIVE ION MODE","metabolite_name":"TG (48:2)","refmet_name":"TG 48:2"},"88":{"study_id":"ST000339","analysis_id":"AN000550","analysis_summary":"UPLC POSITIVE ION MODE","metabolite_name":"TG (49:0)","refmet_name":"TG 49:0"},"89":{"study_id":"ST000339","analysis_id":"AN000550","analysis_summary":"UPLC POSITIVE ION MODE","metabolite_name":"TG (50:0)","refmet_name":"TG 50:0"},"90":{"study_id":"ST000339","analysis_id":"AN000550","analysis_summary":"UPLC POSITIVE ION MODE","metabolite_name":"TG (50:1)","refmet_name":"TG 50:1"},"91":{"study_id":"ST000339","analysis_id":"AN000550","analysis_summary":"UPLC POSITIVE ION MODE","metabolite_name":"TG (50:2)","refmet_name":"TG 50:2"},"92":{"study_id":"ST000339","analysis_id":"AN000550","analysis_summary":"UPLC POSITIVE ION MODE","metabolite_name":"TG (51:1)","refmet_name":"TG 51:1"},"93":{"study_id":"ST000339","analysis_id":"AN000550","analysis_summary":"UPLC POSITIVE ION MODE","metabolite_name":"TG (52:0)","refmet_name":"TG 52:0"},"94":{"study_id":"ST000339","analysis_id":"AN000550","analysis_summary":"UPLC POSITIVE ION MODE","metabolite_name":"TG (52:1)","refmet_name":"TG 52:1"},"95":{"study_id":"ST000339","analysis_id":"AN000550","analysis_summary":"UPLC POSITIVE ION MODE","metabolite_name":"TG (52:2)","refmet_name":"TG 52:2"},"96":{"study_id":"ST000339","analysis_id":"AN000550","analysis_summary":"UPLC POSITIVE ION MODE","metabolite_name":"TG (52:3)","refmet_name":"TG 52:3"},"97":{"study_id":"ST000339","analysis_id":"AN000550","analysis_summary":"UPLC POSITIVE ION MODE","metabolite_name":"TG (52:4)","refmet_name":"TG 52:4"},"98":{"study_id":"ST000339","analysis_id":"AN000550","analysis_summary":"UPLC POSITIVE ION MODE","metabolite_name":"TG (54:1)","refmet_name":"TG 54:1"},"99":{"study_id":"ST000339","analysis_id":"AN000550","analysis_summary":"UPLC POSITIVE ION MODE","metabolite_name":"TG (54:2)","refmet_name":"TG 54:2"},"100":{"study_id":"ST000339","analysis_id":"AN000550","analysis_summary":"UPLC POSITIVE ION MODE","metabolite_name":"TG (54:3)","refmet_name":"TG 54:3"},"101":{"study_id":"ST000339","analysis_id":"AN000550","analysis_summary":"UPLC POSITIVE ION MODE","metabolite_name":"TG (54:4)","refmet_name":"TG 54:4"},"102":{"study_id":"ST000339","analysis_id":"AN000550","analysis_summary":"UPLC POSITIVE ION MODE","metabolite_name":"TG (54:6)","refmet_name":"TG 54:6"},"103":{"study_id":"ST000339","analysis_id":"AN000550","analysis_summary":"UPLC POSITIVE ION MODE","metabolite_name":"TG (56:1)","refmet_name":"TG 56:1"},"104":{"study_id":"ST000339","analysis_id":"AN000550","analysis_summary":"UPLC POSITIVE ION MODE","metabolite_name":"TG (56:2)","refmet_name":"TG 56:2"},"105":{"study_id":"ST000339","analysis_id":"AN000550","analysis_summary":"UPLC POSITIVE ION MODE","metabolite_name":"TG (56:4)","refmet_name":"TG 56:4"},"106":{"study_id":"ST000339","analysis_id":"AN000550","analysis_summary":"UPLC POSITIVE ION MODE","metabolite_name":"TG (56:5)","refmet_name":"TG 56:5"},"107":{"study_id":"ST000339","analysis_id":"AN000550","analysis_summary":"UPLC POSITIVE ION MODE","metabolite_name":"TG (56:6)","refmet_name":"TG 56:6"},"108":{"study_id":"ST000339","analysis_id":"AN000550","analysis_summary":"UPLC POSITIVE ION MODE","metabolite_name":"TG (58:1)","refmet_name":"TG 58:1"},"109":{"study_id":"ST000339","analysis_id":"AN000550","analysis_summary":"UPLC POSITIVE ION MODE","metabolite_name":"TG (58:2)","refmet_name":"TG 58:2"},"110":{"study_id":"ST000339","analysis_id":"AN000550","analysis_summary":"UPLC POSITIVE ION MODE","metabolite_name":"TG (58:4)","refmet_name":"TG 58:4"},"111":{"study_id":"ST000339","analysis_id":"AN000550","analysis_summary":"UPLC POSITIVE ION MODE","metabolite_name":"TG (58:6)","refmet_name":"TG 58:6"},"112":{"study_id":"ST000339","analysis_id":"AN000550","analysis_summary":"UPLC POSITIVE ION MODE","metabolite_name":"TG (58:8)","refmet_name":"TG 58:8"},"113":{"study_id":"ST000339","analysis_id":"AN000550","analysis_summary":"UPLC POSITIVE ION MODE","metabolite_name":"TG (60:2)","refmet_name":"TG 60:2"},"114":{"study_id":"ST000339","analysis_id":"AN000551","analysis_summary":"UPLC NEGATIVE ION MODE","metabolite_name":"Ceramide (d33:1)","refmet_name":"Cer 33:1;O2"},"115":{"study_id":"ST000339","analysis_id":"AN000551","analysis_summary":"UPLC NEGATIVE ION MODE","metabolite_name":"Ceramide (d34:0)","refmet_name":"Cer 34:0;O2"},"116":{"study_id":"ST000339","analysis_id":"AN000551","analysis_summary":"UPLC NEGATIVE ION MODE","metabolite_name":"Ceramide (d34:1)","refmet_name":"Cer 34:1;O2"},"117":{"study_id":"ST000339","analysis_id":"AN000551","analysis_summary":"UPLC NEGATIVE ION MODE","metabolite_name":"Ceramide (d36:1)","refmet_name":"Cer 36:1;O2"},"118":{"study_id":"ST000339","analysis_id":"AN000551","analysis_summary":"UPLC NEGATIVE ION MODE","metabolite_name":"Ceramide (d38:1)","refmet_name":"Cer 38:1;O2"},"119":{"study_id":"ST000339","analysis_id":"AN000551","analysis_summary":"UPLC NEGATIVE ION MODE","metabolite_name":"Ceramide (d40:1)","refmet_name":"Cer 40:1;O2"},"120":{"study_id":"ST000339","analysis_id":"AN000551","analysis_summary":"UPLC NEGATIVE ION MODE","metabolite_name":"Ceramide (d41:1)","refmet_name":"Cer 41:1;O2"},"121":{"study_id":"ST000339","analysis_id":"AN000551","analysis_summary":"UPLC NEGATIVE ION MODE","metabolite_name":"Ceramide (d42:1)","refmet_name":"Cer 42:1;O2"},"122":{"study_id":"ST000339","analysis_id":"AN000551","analysis_summary":"UPLC NEGATIVE ION MODE","metabolite_name":"Ceramide (d42:2)","refmet_name":"Cer 42:2;O2"},"123":{"study_id":"ST000339","analysis_id":"AN000551","analysis_summary":"UPLC NEGATIVE ION MODE","metabolite_name":"FA (20:1) (eicosenoic acid)","refmet_name":"Heneicosenoic acid"},"124":{"study_id":"ST000339","analysis_id":"AN000551","analysis_summary":"UPLC NEGATIVE ION MODE","metabolite_name":"FA (20:4) (arachidonic acid)","refmet_name":"Arachidonic acid"},"125":{"study_id":"ST000339","analysis_id":"AN000551","analysis_summary":"UPLC NEGATIVE ION MODE","metabolite_name":"FA (22:0) (behenic acid)","refmet_name":"Behenic acid"},"126":{"study_id":"ST000339","analysis_id":"AN000551","analysis_summary":"UPLC NEGATIVE ION MODE","metabolite_name":"FA (22:6) (docosahexaenoic acid)","refmet_name":"DHA"},"127":{"study_id":"ST000339","analysis_id":"AN000551","analysis_summary":"UPLC NEGATIVE ION MODE","metabolite_name":"FA (24:0) (lignoceric acid)","refmet_name":"Lignoceric acid"},"128":{"study_id":"ST000339","analysis_id":"AN000551","analysis_summary":"UPLC NEGATIVE ION MODE","metabolite_name":"FA (24:1) (nervonic acid)","refmet_name":"Tetracosenoic acid"},"129":{"study_id":"ST000339","analysis_id":"AN000551","analysis_summary":"UPLC NEGATIVE ION MODE","metabolite_name":"GlcCer(d14:1(4E)\/20:0(2OH))","refmet_name":"GlcCer 14:1;O2(4E)\/20:0;O"},"130":{"study_id":"ST000339","analysis_id":"AN000551","analysis_summary":"UPLC NEGATIVE ION MODE","metabolite_name":"GlcCer (d40:1)","refmet_name":"GlcCer 40:1;O2"},"131":{"study_id":"ST000339","analysis_id":"AN000551","analysis_summary":"UPLC NEGATIVE ION MODE","metabolite_name":"GlcCer (d41:1)","refmet_name":"GlcCer 41:1;O2"},"132":{"study_id":"ST000339","analysis_id":"AN000551","analysis_summary":"UPLC NEGATIVE ION MODE","metabolite_name":"GlcCer (d42:1)","refmet_name":"GlcCer 42:1;O2"},"133":{"study_id":"ST000339","analysis_id":"AN000551","analysis_summary":"UPLC NEGATIVE ION MODE","metabolite_name":"GlcCer (d42:2)","refmet_name":"GlcCer 42:2;O2"},"134":{"study_id":"ST000339","analysis_id":"AN000551","analysis_summary":"UPLC NEGATIVE ION MODE","metabolite_name":"LPC (16:0)","refmet_name":"LPC 16:0"},"135":{"study_id":"ST000339","analysis_id":"AN000551","analysis_summary":"UPLC NEGATIVE ION MODE","metabolite_name":"LPC (18:0)","refmet_name":"LPC 18:0"},"136":{"study_id":"ST000339","analysis_id":"AN000551","analysis_summary":"UPLC NEGATIVE ION MODE","metabolite_name":"PC (32:1)","refmet_name":"PC 32:1"},"137":{"study_id":"ST000339","analysis_id":"AN000551","analysis_summary":"UPLC NEGATIVE ION MODE","metabolite_name":"PC (34:0)","refmet_name":"PC 34:0"},"138":{"study_id":"ST000339","analysis_id":"AN000551","analysis_summary":"UPLC NEGATIVE ION MODE","metabolite_name":"PC (34:1)","refmet_name":"PC 34:1"},"139":{"study_id":"ST000339","analysis_id":"AN000551","analysis_summary":"UPLC NEGATIVE ION MODE","metabolite_name":"PC (34:2)","refmet_name":"PC 34:2"},"140":{"study_id":"ST000339","analysis_id":"AN000551","analysis_summary":"UPLC NEGATIVE ION MODE","metabolite_name":"PC (36:1)","refmet_name":"PC 36:1"},"141":{"study_id":"ST000339","analysis_id":"AN000551","analysis_summary":"UPLC NEGATIVE ION MODE","metabolite_name":"PC (36:2)","refmet_name":"PC 36:2"},"142":{"study_id":"ST000339","analysis_id":"AN000551","analysis_summary":"UPLC NEGATIVE ION MODE","metabolite_name":"PC (36:3)","refmet_name":"PC 36:3"},"143":{"study_id":"ST000339","analysis_id":"AN000551","analysis_summary":"UPLC NEGATIVE ION MODE","metabolite_name":"PC (36:4)","refmet_name":"PC 36:4"},"144":{"study_id":"ST000339","analysis_id":"AN000551","analysis_summary":"UPLC NEGATIVE ION MODE","metabolite_name":"PC (38:3)","refmet_name":"PC 38:3"},"145":{"study_id":"ST000339","analysis_id":"AN000551","analysis_summary":"UPLC NEGATIVE ION MODE","metabolite_name":"PC (38:4)","refmet_name":"PC 38:4"},"146":{"study_id":"ST000339","analysis_id":"AN000551","analysis_summary":"UPLC NEGATIVE ION MODE","metabolite_name":"PC (38:5)","refmet_name":"PC 38:5"},"147":{"study_id":"ST000339","analysis_id":"AN000551","analysis_summary":"UPLC NEGATIVE ION MODE","metabolite_name":"PC (38:6)","refmet_name":"PC 38:6"},"148":{"study_id":"ST000339","analysis_id":"AN000551","analysis_summary":"UPLC NEGATIVE ION MODE","metabolite_name":"PC (40:4)","refmet_name":"PC 40:4"},"149":{"study_id":"ST000339","analysis_id":"AN000551","analysis_summary":"UPLC NEGATIVE ION MODE","metabolite_name":"PC (p-34:0) or PC (o-34:1)","refmet_name":"PC P-34:0 or PC O-34:1"},"150":{"study_id":"ST000339","analysis_id":"AN000551","analysis_summary":"UPLC NEGATIVE ION MODE","metabolite_name":"PC (p-36:3) or PC (o-36:4)","refmet_name":"PC P-36:3 or PC O-36:4"},"151":{"study_id":"ST000339","analysis_id":"AN000551","analysis_summary":"UPLC NEGATIVE ION MODE","metabolite_name":"PC (p-36:4) or PC (o-36:5)","refmet_name":"PC P-36:4 or PC O-36:5"},"152":{"study_id":"ST000339","analysis_id":"AN000551","analysis_summary":"UPLC NEGATIVE ION MODE","metabolite_name":"PC (p-38:3) or PC (o-38:4)","refmet_name":"PC P-38:3 or PC O-38:4"},"153":{"study_id":"ST000339","analysis_id":"AN000551","analysis_summary":"UPLC NEGATIVE ION MODE","metabolite_name":"PC (p-38:4) or PC (o-38:5)","refmet_name":"PC P-38:4 or PC O-38:5"},"154":{"study_id":"ST000339","analysis_id":"AN000551","analysis_summary":"UPLC NEGATIVE ION MODE","metabolite_name":"PE (34:1)","refmet_name":"PE 34:1"},"155":{"study_id":"ST000339","analysis_id":"AN000551","analysis_summary":"UPLC NEGATIVE ION MODE","metabolite_name":"PE (36:2)","refmet_name":"PE 36:2"},"156":{"study_id":"ST000339","analysis_id":"AN000551","analysis_summary":"UPLC NEGATIVE ION MODE","metabolite_name":"PE (36:4)","refmet_name":"PE 36:4"},"157":{"study_id":"ST000339","analysis_id":"AN000551","analysis_summary":"UPLC NEGATIVE ION MODE","metabolite_name":"PE (38:4)","refmet_name":"PE 38:4"},"158":{"study_id":"ST000339","analysis_id":"AN000551","analysis_summary":"UPLC NEGATIVE ION MODE","metabolite_name":"PE (p-34:1) or PE (o-34:2)","refmet_name":"PE P-34:1 or PE O-34:2"},"159":{"study_id":"ST000339","analysis_id":"AN000551","analysis_summary":"UPLC NEGATIVE ION MODE","metabolite_name":"PE (p-34:2) or PE (o-34:3)","refmet_name":"PE P-34:2 or PE O-34:3"},"160":{"study_id":"ST000339","analysis_id":"AN000551","analysis_summary":"UPLC NEGATIVE ION MODE","metabolite_name":"PE (p-36:1) or PE (o-36:2)","refmet_name":"PE P-36:1 or PE O-36:2"},"161":{"study_id":"ST000339","analysis_id":"AN000551","analysis_summary":"UPLC NEGATIVE ION MODE","metabolite_name":"PE (p-36:2) or PE (o-36:3)","refmet_name":"PE P-36:2 or PE O-36:3"},"162":{"study_id":"ST000339","analysis_id":"AN000551","analysis_summary":"UPLC NEGATIVE ION MODE","metabolite_name":"PE (p-36:4) or PE (o-36:5)","refmet_name":"PE P-36:4 or PE O-36:5"},"163":{"study_id":"ST000339","analysis_id":"AN000551","analysis_summary":"UPLC NEGATIVE ION MODE","metabolite_name":"PE (p-36:5) or PE (o-36:6)","refmet_name":"PE P-36:5 or PE O-36:6"},"164":{"study_id":"ST000339","analysis_id":"AN000551","analysis_summary":"UPLC NEGATIVE ION MODE","metabolite_name":"PE (p-38:4) or PE (o-38:5)","refmet_name":"PE P-38:4 or PE O-38:5"},"165":{"study_id":"ST000339","analysis_id":"AN000551","analysis_summary":"UPLC NEGATIVE ION MODE","metabolite_name":"PE (p-38:5) or PE (o-38:6)","refmet_name":"PE P-38:5 or PE O-38:6"},"166":{"study_id":"ST000339","analysis_id":"AN000551","analysis_summary":"UPLC NEGATIVE ION MODE","metabolite_name":"PE (p-40:4) or PE (o-40:5)","refmet_name":"PE P-40:4 or PE O-40:5"},"167":{"study_id":"ST000339","analysis_id":"AN000551","analysis_summary":"UPLC NEGATIVE ION MODE","metabolite_name":"PE (p-40:5) or PE (o-40:6)","refmet_name":"PE P-40:5 or PE O-40:6"},"168":{"study_id":"ST000339","analysis_id":"AN000551","analysis_summary":"UPLC NEGATIVE ION MODE","metabolite_name":"PE (p-40:6) or PE (o-40:7)","refmet_name":"PE P-40:6 or PE O-40:7"},"169":{"study_id":"ST000339","analysis_id":"AN000551","analysis_summary":"UPLC NEGATIVE ION MODE","metabolite_name":"PE (p-40:7) or PE (o-40:8)","refmet_name":"PE P-40:7 or PE O-40:8"},"170":{"study_id":"ST000339","analysis_id":"AN000551","analysis_summary":"UPLC NEGATIVE ION MODE","metabolite_name":"SM (d34:1)","refmet_name":"SM 34:1;O2"},"171":{"study_id":"ST000339","analysis_id":"AN000551","analysis_summary":"UPLC NEGATIVE ION MODE","metabolite_name":"SM (d34:2)","refmet_name":"SM 34:2;O2"},"172":{"study_id":"ST000339","analysis_id":"AN000551","analysis_summary":"UPLC NEGATIVE ION MODE","metabolite_name":"SM (d40:1)","refmet_name":"SM 40:1;O2"},"173":{"study_id":"ST000339","analysis_id":"AN000551","analysis_summary":"UPLC NEGATIVE ION MODE","metabolite_name":"SM (d41:2)","refmet_name":"SM 41:2;O2"},"174":{"study_id":"ST000339","analysis_id":"AN000551","analysis_summary":"UPLC NEGATIVE ION MODE","metabolite_name":"SM (d42:1)","refmet_name":"SM 42:1;O2"},"175":{"study_id":"ST000339","analysis_id":"AN000551","analysis_summary":"UPLC NEGATIVE ION MODE","metabolite_name":"SM (d42:2)","refmet_name":"SM 42:2;O2"},"176":{"study_id":"ST000339","analysis_id":"AN000551","analysis_summary":"UPLC NEGATIVE ION MODE","metabolite_name":"SM (d42:3)","refmet_name":"SM 42:3;O2"}}