{"1":{"study_id":"ST000212","analysis_id":"AN000314","analysis_summary":"ESI negative ion mode","metabolite_name":"?a-Muricholic acid","refmet_name":"alpha-Muricholic acid"},"2":{"study_id":"ST000212","analysis_id":"AN000314","analysis_summary":"ESI negative ion mode","metabolite_name":"b-Muricholic acid","refmet_name":"beta-Muricholic acid"},"3":{"study_id":"ST000212","analysis_id":"AN000314","analysis_summary":"ESI negative ion mode","metabolite_name":"Chenodeoxycholic acid","refmet_name":"Chenodeoxycholic acid"},"4":{"study_id":"ST000212","analysis_id":"AN000314","analysis_summary":"ESI negative ion mode","metabolite_name":"Cholic acid","refmet_name":"Cholic acid"},"5":{"study_id":"ST000212","analysis_id":"AN000314","analysis_summary":"ESI negative ion mode","metabolite_name":"Deoxycholic acid","refmet_name":"Deoxycholic acid"},"6":{"study_id":"ST000212","analysis_id":"AN000314","analysis_summary":"ESI negative ion mode","metabolite_name":"Glychocholic acid","refmet_name":"Glycocholic acid"},"7":{"study_id":"ST000212","analysis_id":"AN000314","analysis_summary":"ESI negative ion mode","metabolite_name":"Glycochenodeoxycholic acid","refmet_name":"Glycochenodeoxycholic acid"},"8":{"study_id":"ST000212","analysis_id":"AN000314","analysis_summary":"ESI negative ion mode","metabolite_name":"Glycodeoxycholic acid","refmet_name":"Glycodeoxycholic acid"},"9":{"study_id":"ST000212","analysis_id":"AN000314","analysis_summary":"ESI negative ion mode","metabolite_name":"GLYCO-HYODEOXYCHOLIC ACID\/GLYCOURSODEOXYCHOLIC ACID","refmet_name":"Glycoursodeoxycholic acid"},"10":{"study_id":"ST000212","analysis_id":"AN000314","analysis_summary":"ESI negative ion mode","metabolite_name":"Glycolithocholic acid","refmet_name":"Glycolithocholic acid"},"11":{"study_id":"ST000212","analysis_id":"AN000314","analysis_summary":"ESI negative ion mode","metabolite_name":"g-Muricholic acid (hyocholic acid)","refmet_name":"Hyocholic acid"},"12":{"study_id":"ST000212","analysis_id":"AN000314","analysis_summary":"ESI negative ion mode","metabolite_name":"Hyodeoxycholic acid","refmet_name":"Hyodeoxycholic acid"},"13":{"study_id":"ST000212","analysis_id":"AN000314","analysis_summary":"ESI negative ion mode","metabolite_name":"Lithocholic acid","refmet_name":"Lithocholic acid"},"14":{"study_id":"ST000212","analysis_id":"AN000314","analysis_summary":"ESI negative ion mode","metabolite_name":"Taurochenodeoxycholic acid","refmet_name":"Taurochenodeoxycholic acid"},"15":{"study_id":"ST000212","analysis_id":"AN000314","analysis_summary":"ESI negative ion mode","metabolite_name":"Taurocholic acid","refmet_name":"Taurocholic acid"},"16":{"study_id":"ST000212","analysis_id":"AN000314","analysis_summary":"ESI negative ion mode","metabolite_name":"Taurodeoxycholic acid","refmet_name":"Taurodeoxycholic acid"},"17":{"study_id":"ST000212","analysis_id":"AN000314","analysis_summary":"ESI negative ion mode","metabolite_name":"Taurolithocolic acid","refmet_name":"Taurolithocholic acid"},"18":{"study_id":"ST000212","analysis_id":"AN000314","analysis_summary":"ESI negative ion mode","metabolite_name":"Tauroursodeoxycholic acid\/Tauro-hyodeoxycholic acid","refmet_name":"Tauroursodeoxycholic acid"},"19":{"study_id":"ST000212","analysis_id":"AN000314","analysis_summary":"ESI negative ion mode","metabolite_name":"w-Muricholic acid","refmet_name":"omega-Muricholic acid"}}