{"1":{"study_id":"ST000386","analysis_id":"AN000621","analysis_summary":"GC POSITIVE ION MODE","metabolite_name":"1,5-anhydroglucitol","refmet_name":"1,5-Anhydrosorbitol"},"2":{"study_id":"ST000386","analysis_id":"AN000621","analysis_summary":"GC POSITIVE ION MODE","metabolite_name":"1-monopalmitin","refmet_name":"MG 16:0\/0:0\/0:0"},"3":{"study_id":"ST000386","analysis_id":"AN000621","analysis_summary":"GC POSITIVE ION MODE","metabolite_name":"1-monostearin","refmet_name":"MG 18:0\/0:0\/0:0"},"4":{"study_id":"ST000386","analysis_id":"AN000621","analysis_summary":"GC POSITIVE ION MODE","metabolite_name":"2,3,5-trihydroxypyrazine NIST","refmet_name":""},"5":{"study_id":"ST000386","analysis_id":"AN000621","analysis_summary":"GC POSITIVE ION MODE","metabolite_name":"238267 trisaccharide","refmet_name":""},"6":{"study_id":"ST000386","analysis_id":"AN000621","analysis_summary":"GC POSITIVE ION MODE","metabolite_name":"2,3-dihydroxybutanoic acid NIST","refmet_name":"2,3-Dihydroxybutanoic acid"},"7":{"study_id":"ST000386","analysis_id":"AN000621","analysis_summary":"GC POSITIVE ION MODE","metabolite_name":"2-aminoadipic acid","refmet_name":"alpha-Aminoadipic acid"},"8":{"study_id":"ST000386","analysis_id":"AN000621","analysis_summary":"GC POSITIVE ION MODE","metabolite_name":"2-deoxyerythritol","refmet_name":"2-Deoxyerythritol"},"9":{"study_id":"ST000386","analysis_id":"AN000621","analysis_summary":"GC POSITIVE ION MODE","metabolite_name":"2-deoxytetronic acid","refmet_name":"3,4-Dihydroxybutyric acid"},"10":{"study_id":"ST000386","analysis_id":"AN000621","analysis_summary":"GC POSITIVE ION MODE","metabolite_name":"2-hydroxybutanoic acid","refmet_name":"2-Hydroxybutyric acid"},"11":{"study_id":"ST000386","analysis_id":"AN000621","analysis_summary":"GC POSITIVE ION MODE","metabolite_name":"2-hydroxyglutaric acid","refmet_name":"2-Hydroxyglutaric acid"},"12":{"study_id":"ST000386","analysis_id":"AN000621","analysis_summary":"GC POSITIVE ION MODE","metabolite_name":"2-hydroxyhippuric acid","refmet_name":"Salicyluric acid"},"13":{"study_id":"ST000386","analysis_id":"AN000621","analysis_summary":"GC POSITIVE ION MODE","metabolite_name":"2-hydroxyvaleric acid","refmet_name":"2-Hydroxyvaleric acid"},"14":{"study_id":"ST000386","analysis_id":"AN000621","analysis_summary":"GC POSITIVE ION MODE","metabolite_name":"2-ketoisocaproic acid","refmet_name":"Ketoleucine"},"15":{"study_id":"ST000386","analysis_id":"AN000621","analysis_summary":"GC POSITIVE ION MODE","metabolite_name":"2-oxogluconic acid NIST","refmet_name":"2-Dehydro-D-gluconic acid"},"16":{"study_id":"ST000386","analysis_id":"AN000621","analysis_summary":"GC POSITIVE ION MODE","metabolite_name":"3-aminoisobutyric acid","refmet_name":"3-Aminoisobutanoic acid"},"17":{"study_id":"ST000386","analysis_id":"AN000621","analysis_summary":"GC POSITIVE ION MODE","metabolite_name":"3-hydroxybutanoic acid","refmet_name":"3-Hydroxybutyric acid"},"18":{"study_id":"ST000386","analysis_id":"AN000621","analysis_summary":"GC POSITIVE ION MODE","metabolite_name":"3-phosphoglycerate","refmet_name":"3-Phosphoglyceric acid"},"19":{"study_id":"ST000386","analysis_id":"AN000621","analysis_summary":"GC POSITIVE ION MODE","metabolite_name":"400671 carbohydrate","refmet_name":""},"20":{"study_id":"ST000386","analysis_id":"AN000621","analysis_summary":"GC POSITIVE ION MODE","metabolite_name":"4-hydroxyphenylacetic acid","refmet_name":"4-Hydroxyphenylacetic acid"},"21":{"study_id":"ST000386","analysis_id":"AN000621","analysis_summary":"GC POSITIVE ION MODE","metabolite_name":"4-hydroxyproline","refmet_name":"cis-4-Hydroxyproline"},"22":{"study_id":"ST000386","analysis_id":"AN000621","analysis_summary":"GC POSITIVE ION MODE","metabolite_name":"5-aminovaleric acid lactame","refmet_name":"2-Piperidinone"},"23":{"study_id":"ST000386","analysis_id":"AN000621","analysis_summary":"GC POSITIVE ION MODE","metabolite_name":"5-hydroxynorvaline NIST","refmet_name":"L-2-Amino-5-hydroxypentanoic acid"},"24":{"study_id":"ST000386","analysis_id":"AN000621","analysis_summary":"GC POSITIVE ION MODE","metabolite_name":"5-methoxytryptamine","refmet_name":"5-Methoxytryptamine"},"25":{"study_id":"ST000386","analysis_id":"AN000621","analysis_summary":"GC POSITIVE ION MODE","metabolite_name":"6-deoxyglucitol NIST","refmet_name":"6-Deoxyglucitol"},"26":{"study_id":"ST000386","analysis_id":"AN000621","analysis_summary":"GC POSITIVE ION MODE","metabolite_name":"715929 carbohydrate","refmet_name":""},"27":{"study_id":"ST000386","analysis_id":"AN000621","analysis_summary":"GC POSITIVE ION MODE","metabolite_name":"acetophenone NIST","refmet_name":"Acetophenone"},"28":{"study_id":"ST000386","analysis_id":"AN000621","analysis_summary":"GC POSITIVE ION MODE","metabolite_name":"aconitic acid","refmet_name":"cis-Aconitic acid"},"29":{"study_id":"ST000386","analysis_id":"AN000621","analysis_summary":"GC POSITIVE ION MODE","metabolite_name":"adenosine-5-phosphate","refmet_name":"AMP"},"30":{"study_id":"ST000386","analysis_id":"AN000621","analysis_summary":"GC POSITIVE ION MODE","metabolite_name":"adipic acid","refmet_name":"Adipic acid"},"31":{"study_id":"ST000386","analysis_id":"AN000621","analysis_summary":"GC POSITIVE ION MODE","metabolite_name":"alanine","refmet_name":"Alanine"},"32":{"study_id":"ST000386","analysis_id":"AN000621","analysis_summary":"GC POSITIVE ION MODE","metabolite_name":"allantoic acid","refmet_name":"Allantoic acid"},"33":{"study_id":"ST000386","analysis_id":"AN000621","analysis_summary":"GC POSITIVE ION MODE","metabolite_name":"alpha ketoglutaric acid","refmet_name":"Oxoglutaric acid"},"34":{"study_id":"ST000386","analysis_id":"AN000621","analysis_summary":"GC POSITIVE ION MODE","metabolite_name":"aminomalonic acid","refmet_name":"Aminomalonic acid"},"35":{"study_id":"ST000386","analysis_id":"AN000621","analysis_summary":"GC POSITIVE ION MODE","metabolite_name":"arabinose","refmet_name":"Arabinose"},"36":{"study_id":"ST000386","analysis_id":"AN000621","analysis_summary":"GC POSITIVE ION MODE","metabolite_name":"arabitol","refmet_name":"Arabitol"},"37":{"study_id":"ST000386","analysis_id":"AN000621","analysis_summary":"GC POSITIVE ION MODE","metabolite_name":"arachidic acid","refmet_name":"Arachidic acid"},"38":{"study_id":"ST000386","analysis_id":"AN000621","analysis_summary":"GC POSITIVE ION MODE","metabolite_name":"arachidonic acid","refmet_name":"Arachidonic acid"},"39":{"study_id":"ST000386","analysis_id":"AN000621","analysis_summary":"GC POSITIVE ION MODE","metabolite_name":"asparagine","refmet_name":"Asparagine"},"40":{"study_id":"ST000386","analysis_id":"AN000621","analysis_summary":"GC POSITIVE ION MODE","metabolite_name":"aspartic acid","refmet_name":"Aspartic acid"},"41":{"study_id":"ST000386","analysis_id":"AN000621","analysis_summary":"GC POSITIVE ION MODE","metabolite_name":"azelaic acid","refmet_name":"Azelaic acid"},"42":{"study_id":"ST000386","analysis_id":"AN000621","analysis_summary":"GC POSITIVE ION MODE","metabolite_name":"behenic acid","refmet_name":"Behenic acid"},"43":{"study_id":"ST000386","analysis_id":"AN000621","analysis_summary":"GC POSITIVE ION MODE","metabolite_name":"benzoic acid","refmet_name":"Benzoic acid"},"44":{"study_id":"ST000386","analysis_id":"AN000621","analysis_summary":"GC POSITIVE ION MODE","metabolite_name":"benzylalcohol","refmet_name":"Benzyl alcohol"},"45":{"study_id":"ST000386","analysis_id":"AN000621","analysis_summary":"GC POSITIVE ION MODE","metabolite_name":"beta-alanine","refmet_name":"beta-Alanine"},"46":{"study_id":"ST000386","analysis_id":"AN000621","analysis_summary":"GC POSITIVE ION MODE","metabolite_name":"beta-sitosterol","refmet_name":"Sitosterol"},"47":{"study_id":"ST000386","analysis_id":"AN000621","analysis_summary":"GC POSITIVE ION MODE","metabolite_name":"butane-2,3-diol (NIST)","refmet_name":"2,3-Butanediol"},"48":{"study_id":"ST000386","analysis_id":"AN000621","analysis_summary":"GC POSITIVE ION MODE","metabolite_name":"capric acid","refmet_name":"Capric acid"},"49":{"study_id":"ST000386","analysis_id":"AN000621","analysis_summary":"GC POSITIVE ION MODE","metabolite_name":"caprylic acid","refmet_name":"Caprylic acid"},"50":{"study_id":"ST000386","analysis_id":"AN000621","analysis_summary":"GC POSITIVE ION MODE","metabolite_name":"cellobiotol","refmet_name":"Cellobiotol"},"51":{"study_id":"ST000386","analysis_id":"AN000621","analysis_summary":"GC POSITIVE ION MODE","metabolite_name":"cholesterol","refmet_name":"Cholesterol"},"52":{"study_id":"ST000386","analysis_id":"AN000621","analysis_summary":"GC POSITIVE ION MODE","metabolite_name":"citric acid","refmet_name":"Citric acid"},"53":{"study_id":"ST000386","analysis_id":"AN000621","analysis_summary":"GC POSITIVE ION MODE","metabolite_name":"citrulline","refmet_name":"Citrulline"},"54":{"study_id":"ST000386","analysis_id":"AN000621","analysis_summary":"GC POSITIVE ION MODE","metabolite_name":"conduritol beta expoxide","refmet_name":"Conduritol epoxide"},"55":{"study_id":"ST000386","analysis_id":"AN000621","analysis_summary":"GC POSITIVE ION MODE","metabolite_name":"creatinine","refmet_name":"Creatinine"},"56":{"study_id":"ST000386","analysis_id":"AN000621","analysis_summary":"GC POSITIVE ION MODE","metabolite_name":"cyano-L-alanine","refmet_name":"Cyanoalanine"},"57":{"study_id":"ST000386","analysis_id":"AN000621","analysis_summary":"GC POSITIVE ION MODE","metabolite_name":"cysteine","refmet_name":"Cysteine"},"58":{"study_id":"ST000386","analysis_id":"AN000621","analysis_summary":"GC POSITIVE ION MODE","metabolite_name":"cysteine-glycine","refmet_name":"Cys-Gly"},"59":{"study_id":"ST000386","analysis_id":"AN000621","analysis_summary":"GC POSITIVE ION MODE","metabolite_name":"cystine","refmet_name":"Cystine"},"60":{"study_id":"ST000386","analysis_id":"AN000621","analysis_summary":"GC POSITIVE ION MODE","metabolite_name":"cytidine-5'-diphosphate","refmet_name":"CDP"},"61":{"study_id":"ST000386","analysis_id":"AN000621","analysis_summary":"GC POSITIVE ION MODE","metabolite_name":"deoxytetronic acid NIST","refmet_name":""},"62":{"study_id":"ST000386","analysis_id":"AN000621","analysis_summary":"GC POSITIVE ION MODE","metabolite_name":"deoxythreittol NIST","refmet_name":"2-Deoxyerythritol"},"63":{"study_id":"ST000386","analysis_id":"AN000621","analysis_summary":"GC POSITIVE ION MODE","metabolite_name":"dihydro-3-coumaric acid","refmet_name":"3-(3-Hydroxyphenyl)propanoic acid"},"64":{"study_id":"ST000386","analysis_id":"AN000621","analysis_summary":"GC POSITIVE ION MODE","metabolite_name":"dodecanol","refmet_name":"Dodecanol"},"65":{"study_id":"ST000386","analysis_id":"AN000621","analysis_summary":"GC POSITIVE ION MODE","metabolite_name":"erythritol","refmet_name":"Erythritol"},"66":{"study_id":"ST000386","analysis_id":"AN000621","analysis_summary":"GC POSITIVE ION MODE","metabolite_name":"ethanolamine","refmet_name":"Ethanolamine"},"67":{"study_id":"ST000386","analysis_id":"AN000621","analysis_summary":"GC POSITIVE ION MODE","metabolite_name":"fructose","refmet_name":"Fructose"},"68":{"study_id":"ST000386","analysis_id":"AN000621","analysis_summary":"GC POSITIVE ION MODE","metabolite_name":"fucose","refmet_name":"Fucose"},"69":{"study_id":"ST000386","analysis_id":"AN000621","analysis_summary":"GC POSITIVE ION MODE","metabolite_name":"fucose + rhamnose","refmet_name":""},"70":{"study_id":"ST000386","analysis_id":"AN000621","analysis_summary":"GC POSITIVE ION MODE","metabolite_name":"fumaric acid","refmet_name":"Fumaric acid"},"71":{"study_id":"ST000386","analysis_id":"AN000621","analysis_summary":"GC POSITIVE ION MODE","metabolite_name":"galactonic acid","refmet_name":"Galactonic acid"},"72":{"study_id":"ST000386","analysis_id":"AN000621","analysis_summary":"GC POSITIVE ION MODE","metabolite_name":"galactose-6-phosphate","refmet_name":"Galactose 6-phosphate"},"73":{"study_id":"ST000386","analysis_id":"AN000621","analysis_summary":"GC POSITIVE ION MODE","metabolite_name":"gamma-glutamyl-valine","refmet_name":"gamma-Glutamylvaline"},"74":{"study_id":"ST000386","analysis_id":"AN000621","analysis_summary":"GC POSITIVE ION MODE","metabolite_name":"gamma-tocopherol","refmet_name":"gamma-Tocopherol"},"75":{"study_id":"ST000386","analysis_id":"AN000621","analysis_summary":"GC POSITIVE ION MODE","metabolite_name":"gluconic acid","refmet_name":"Gluconic acid"},"76":{"study_id":"ST000386","analysis_id":"AN000621","analysis_summary":"GC POSITIVE ION MODE","metabolite_name":"glucose","refmet_name":"Glucose"},"77":{"study_id":"ST000386","analysis_id":"AN000621","analysis_summary":"GC POSITIVE ION MODE","metabolite_name":"glucuronic acid","refmet_name":"Glucuronic acid"},"78":{"study_id":"ST000386","analysis_id":"AN000621","analysis_summary":"GC POSITIVE ION MODE","metabolite_name":"glutamic acid","refmet_name":"Glutamic acid"},"79":{"study_id":"ST000386","analysis_id":"AN000621","analysis_summary":"GC POSITIVE ION MODE","metabolite_name":"glutamine","refmet_name":"Glutamine"},"80":{"study_id":"ST000386","analysis_id":"AN000621","analysis_summary":"GC POSITIVE ION MODE","metabolite_name":"glutaric acid","refmet_name":"Glutaric acid"},"81":{"study_id":"ST000386","analysis_id":"AN000621","analysis_summary":"GC POSITIVE ION MODE","metabolite_name":"glyceric acid","refmet_name":"Glyceric acid"},"82":{"study_id":"ST000386","analysis_id":"AN000621","analysis_summary":"GC POSITIVE ION MODE","metabolite_name":"glycerol","refmet_name":"Glycerol"},"83":{"study_id":"ST000386","analysis_id":"AN000621","analysis_summary":"GC POSITIVE ION MODE","metabolite_name":"glycerol-3-galactoside","refmet_name":"Galactosylglycerol"},"84":{"study_id":"ST000386","analysis_id":"AN000621","analysis_summary":"GC POSITIVE ION MODE","metabolite_name":"glycerol-alpha-phosphate","refmet_name":"sn-Glycero-3-phosphate"},"85":{"study_id":"ST000386","analysis_id":"AN000621","analysis_summary":"GC POSITIVE ION MODE","metabolite_name":"glycine","refmet_name":"Glycine"},"86":{"study_id":"ST000386","analysis_id":"AN000621","analysis_summary":"GC POSITIVE ION MODE","metabolite_name":"glycolic acid","refmet_name":"Glycolic acid"},"87":{"study_id":"ST000386","analysis_id":"AN000621","analysis_summary":"GC POSITIVE ION MODE","metabolite_name":"glyoxalurea NIST","refmet_name":""},"88":{"study_id":"ST000386","analysis_id":"AN000621","analysis_summary":"GC POSITIVE ION MODE","metabolite_name":"guanosine","refmet_name":"Guanosine"},"89":{"study_id":"ST000386","analysis_id":"AN000621","analysis_summary":"GC POSITIVE ION MODE","metabolite_name":"heptadecanoic acid NIST","refmet_name":"Margaric acid"},"90":{"study_id":"ST000386","analysis_id":"AN000621","analysis_summary":"GC POSITIVE ION MODE","metabolite_name":"hippuric acid","refmet_name":"Hippuric acid"},"91":{"study_id":"ST000386","analysis_id":"AN000621","analysis_summary":"GC POSITIVE ION MODE","metabolite_name":"histidine","refmet_name":"Histidine"},"92":{"study_id":"ST000386","analysis_id":"AN000621","analysis_summary":"GC POSITIVE ION MODE","metabolite_name":"hydroxylamine","refmet_name":"Hydroxylamine"},"93":{"study_id":"ST000386","analysis_id":"AN000621","analysis_summary":"GC POSITIVE ION MODE","metabolite_name":"hypoxanthine","refmet_name":"Hypoxanthine"},"94":{"study_id":"ST000386","analysis_id":"AN000621","analysis_summary":"GC POSITIVE ION MODE","metabolite_name":"indole-3-acetate","refmet_name":"Indoleacetic acid"},"95":{"study_id":"ST000386","analysis_id":"AN000621","analysis_summary":"GC POSITIVE ION MODE","metabolite_name":"indole-3-lactate","refmet_name":"Indolelactic acid"},"96":{"study_id":"ST000386","analysis_id":"AN000621","analysis_summary":"GC POSITIVE ION MODE","metabolite_name":"inosine","refmet_name":"Inosine"},"97":{"study_id":"ST000386","analysis_id":"AN000621","analysis_summary":"GC POSITIVE ION MODE","metabolite_name":"inosine 5'-monophosphate","refmet_name":"IMP"},"98":{"study_id":"ST000386","analysis_id":"AN000621","analysis_summary":"GC POSITIVE ION MODE","metabolite_name":"inositol myo-","refmet_name":"Myo-inositol"},"99":{"study_id":"ST000386","analysis_id":"AN000621","analysis_summary":"GC POSITIVE ION MODE","metabolite_name":"inulobiose","refmet_name":"Inulobiose"},"100":{"study_id":"ST000386","analysis_id":"AN000621","analysis_summary":"GC POSITIVE ION MODE","metabolite_name":"isocitric acid","refmet_name":"Isocitric acid"},"101":{"study_id":"ST000386","analysis_id":"AN000621","analysis_summary":"GC POSITIVE ION MODE","metabolite_name":"isoleucine","refmet_name":"Isoleucine"},"102":{"study_id":"ST000386","analysis_id":"AN000621","analysis_summary":"GC POSITIVE ION MODE","metabolite_name":"isolinoleic acid NIST","refmet_name":""},"103":{"study_id":"ST000386","analysis_id":"AN000621","analysis_summary":"GC POSITIVE ION MODE","metabolite_name":"isothreonic acid","refmet_name":"D-Threonic acid"},"104":{"study_id":"ST000386","analysis_id":"AN000621","analysis_summary":"GC POSITIVE ION MODE","metabolite_name":"kynurenine","refmet_name":"Kynurenine"},"105":{"study_id":"ST000386","analysis_id":"AN000621","analysis_summary":"GC POSITIVE ION MODE","metabolite_name":"lactamide","refmet_name":"Lactamide"},"106":{"study_id":"ST000386","analysis_id":"AN000621","analysis_summary":"GC POSITIVE ION MODE","metabolite_name":"lactic acid","refmet_name":"Lactic acid"},"107":{"study_id":"ST000386","analysis_id":"AN000621","analysis_summary":"GC POSITIVE ION MODE","metabolite_name":"lathosterol NIST","refmet_name":"Lathosterol"},"108":{"study_id":"ST000386","analysis_id":"AN000621","analysis_summary":"GC POSITIVE ION MODE","metabolite_name":"lauric acid","refmet_name":"Lauric acid"},"109":{"study_id":"ST000386","analysis_id":"AN000621","analysis_summary":"GC POSITIVE ION MODE","metabolite_name":"leucine","refmet_name":"Leucine"},"110":{"study_id":"ST000386","analysis_id":"AN000621","analysis_summary":"GC POSITIVE ION MODE","metabolite_name":"levanbiose","refmet_name":"Levanbiose"},"111":{"study_id":"ST000386","analysis_id":"AN000621","analysis_summary":"GC POSITIVE ION MODE","metabolite_name":"levoglucosan","refmet_name":"Glucosan"},"112":{"study_id":"ST000386","analysis_id":"AN000621","analysis_summary":"GC POSITIVE ION MODE","metabolite_name":"lignoceric acid","refmet_name":"Lignoceric acid"},"113":{"study_id":"ST000386","analysis_id":"AN000621","analysis_summary":"GC POSITIVE ION MODE","metabolite_name":"linoleic acid","refmet_name":"Linoleic acid"},"114":{"study_id":"ST000386","analysis_id":"AN000621","analysis_summary":"GC POSITIVE ION MODE","metabolite_name":"linolenic acid","refmet_name":"Octadecatrienoic acid"},"115":{"study_id":"ST000386","analysis_id":"AN000621","analysis_summary":"GC POSITIVE ION MODE","metabolite_name":"lysine","refmet_name":"Lysine"},"116":{"study_id":"ST000386","analysis_id":"AN000621","analysis_summary":"GC POSITIVE ION MODE","metabolite_name":"lyxose","refmet_name":"Lyxose"},"117":{"study_id":"ST000386","analysis_id":"AN000621","analysis_summary":"GC POSITIVE ION MODE","metabolite_name":"maleimide","refmet_name":"Maleimide"},"118":{"study_id":"ST000386","analysis_id":"AN000621","analysis_summary":"GC POSITIVE ION MODE","metabolite_name":"malic acid","refmet_name":"Malic acid"},"119":{"study_id":"ST000386","analysis_id":"AN000621","analysis_summary":"GC POSITIVE ION MODE","metabolite_name":"malonic acid","refmet_name":"Malonic acid"},"120":{"study_id":"ST000386","analysis_id":"AN000621","analysis_summary":"GC POSITIVE ION MODE","metabolite_name":"maltose","refmet_name":"Maltose"},"121":{"study_id":"ST000386","analysis_id":"AN000621","analysis_summary":"GC POSITIVE ION MODE","metabolite_name":"maltotriose","refmet_name":"Maltotriose"},"122":{"study_id":"ST000386","analysis_id":"AN000621","analysis_summary":"GC POSITIVE ION MODE","metabolite_name":"mannitol","refmet_name":"Mannitol"},"123":{"study_id":"ST000386","analysis_id":"AN000621","analysis_summary":"GC POSITIVE ION MODE","metabolite_name":"methanolphosphate","refmet_name":"Methanolphosphate"},"124":{"study_id":"ST000386","analysis_id":"AN000621","analysis_summary":"GC POSITIVE ION MODE","metabolite_name":"methionine","refmet_name":"Methionine"},"125":{"study_id":"ST000386","analysis_id":"AN000621","analysis_summary":"GC POSITIVE ION MODE","metabolite_name":"methionine sulfoxide","refmet_name":"Methionine sulfoxide"},"126":{"study_id":"ST000386","analysis_id":"AN000621","analysis_summary":"GC POSITIVE ION MODE","metabolite_name":"methylhexadecanoic acid","refmet_name":"Methylhexadecanoic acid"},"127":{"study_id":"ST000386","analysis_id":"AN000621","analysis_summary":"GC POSITIVE ION MODE","metabolite_name":"myristic acid","refmet_name":"Myristic acid"},"128":{"study_id":"ST000386","analysis_id":"AN000621","analysis_summary":"GC POSITIVE ION MODE","metabolite_name":"N-acetylglutamate","refmet_name":"N-Acetylglutamic acid"},"129":{"study_id":"ST000386","analysis_id":"AN000621","analysis_summary":"GC POSITIVE ION MODE","metabolite_name":"N-acetylglycine NIST","refmet_name":"N-Acetylglycine"},"130":{"study_id":"ST000386","analysis_id":"AN000621","analysis_summary":"GC POSITIVE ION MODE","metabolite_name":"N-acetylmannosamine","refmet_name":"N-Acetyl-mannosamine"},"131":{"study_id":"ST000386","analysis_id":"AN000621","analysis_summary":"GC POSITIVE ION MODE","metabolite_name":"naproxen","refmet_name":"Naproxen"},"132":{"study_id":"ST000386","analysis_id":"AN000621","analysis_summary":"GC POSITIVE ION MODE","metabolite_name":"nicotinic acid","refmet_name":"Nicotinic acid"},"133":{"study_id":"ST000386","analysis_id":"AN000621","analysis_summary":"GC POSITIVE ION MODE","metabolite_name":"N-methylalanine","refmet_name":"N-Methylalanine"},"134":{"study_id":"ST000386","analysis_id":"AN000621","analysis_summary":"GC POSITIVE ION MODE","metabolite_name":"octadecanol","refmet_name":"Stearyl alcohol"},"135":{"study_id":"ST000386","analysis_id":"AN000621","analysis_summary":"GC POSITIVE ION MODE","metabolite_name":"oleic acid","refmet_name":"Oleic acid"},"136":{"study_id":"ST000386","analysis_id":"AN000621","analysis_summary":"GC POSITIVE ION MODE","metabolite_name":"ornithine","refmet_name":"Ornithine"},"137":{"study_id":"ST000386","analysis_id":"AN000621","analysis_summary":"GC POSITIVE ION MODE","metabolite_name":"oxalic acid","refmet_name":"Oxalic acid"},"138":{"study_id":"ST000386","analysis_id":"AN000621","analysis_summary":"GC POSITIVE ION MODE","metabolite_name":"oxoproline","refmet_name":"Pyroglutamic acid"},"139":{"study_id":"ST000386","analysis_id":"AN000621","analysis_summary":"GC POSITIVE ION MODE","metabolite_name":"palmitic acid","refmet_name":"Palmitic acid"},"140":{"study_id":"ST000386","analysis_id":"AN000621","analysis_summary":"GC POSITIVE ION MODE","metabolite_name":"palmitoleic acid","refmet_name":"Palmitoleic acid"},"141":{"study_id":"ST000386","analysis_id":"AN000621","analysis_summary":"GC POSITIVE ION MODE","metabolite_name":"parabanic acid NIST","refmet_name":"Parabanic acid"},"142":{"study_id":"ST000386","analysis_id":"AN000621","analysis_summary":"GC POSITIVE ION MODE","metabolite_name":"paracetamol","refmet_name":"Acetaminophen"},"143":{"study_id":"ST000386","analysis_id":"AN000621","analysis_summary":"GC POSITIVE ION MODE","metabolite_name":"p-cresol","refmet_name":"P-Cresol"},"144":{"study_id":"ST000386","analysis_id":"AN000621","analysis_summary":"GC POSITIVE ION MODE","metabolite_name":"pelargonic acid","refmet_name":"Pelargonic acid"},"145":{"study_id":"ST000386","analysis_id":"AN000621","analysis_summary":"GC POSITIVE ION MODE","metabolite_name":"phenylalanine","refmet_name":"Phenylalanine"},"146":{"study_id":"ST000386","analysis_id":"AN000621","analysis_summary":"GC POSITIVE ION MODE","metabolite_name":"phenylethylamine","refmet_name":"Phenylethylamine"},"147":{"study_id":"ST000386","analysis_id":"AN000621","analysis_summary":"GC POSITIVE ION MODE","metabolite_name":"phosphoethanolamine","refmet_name":"Phosphoethanolamine"},"148":{"study_id":"ST000386","analysis_id":"AN000621","analysis_summary":"GC POSITIVE ION MODE","metabolite_name":"pipecolic acid","refmet_name":"Pipecolic acid"},"149":{"study_id":"ST000386","analysis_id":"AN000621","analysis_summary":"GC POSITIVE ION MODE","metabolite_name":"proline","refmet_name":"Proline"},"150":{"study_id":"ST000386","analysis_id":"AN000621","analysis_summary":"GC POSITIVE ION MODE","metabolite_name":"pseudo uridine","refmet_name":"Pseudouridine"},"151":{"study_id":"ST000386","analysis_id":"AN000621","analysis_summary":"GC POSITIVE ION MODE","metabolite_name":"pyrophosphate","refmet_name":"Pyrophosphate"},"152":{"study_id":"ST000386","analysis_id":"AN000621","analysis_summary":"GC POSITIVE ION MODE","metabolite_name":"pyruvic acid","refmet_name":"Pyruvic acid"},"153":{"study_id":"ST000386","analysis_id":"AN000621","analysis_summary":"GC POSITIVE ION MODE","metabolite_name":"quinic acid","refmet_name":"Quinic acid"},"154":{"study_id":"ST000386","analysis_id":"AN000621","analysis_summary":"GC POSITIVE ION MODE","metabolite_name":"ribitol","refmet_name":"Ribitol"},"155":{"study_id":"ST000386","analysis_id":"AN000621","analysis_summary":"GC POSITIVE ION MODE","metabolite_name":"saccharic acid","refmet_name":"Glucaric acid"},"156":{"study_id":"ST000386","analysis_id":"AN000621","analysis_summary":"GC POSITIVE ION MODE","metabolite_name":"salicylaldehyde","refmet_name":"2-Hydroxybenzaldehyde"},"157":{"study_id":"ST000386","analysis_id":"AN000621","analysis_summary":"GC POSITIVE ION MODE","metabolite_name":"salicylic acid","refmet_name":"Salicylic acid"},"158":{"study_id":"ST000386","analysis_id":"AN000621","analysis_summary":"GC POSITIVE ION MODE","metabolite_name":"serine","refmet_name":"Serine"},"159":{"study_id":"ST000386","analysis_id":"AN000621","analysis_summary":"GC POSITIVE ION MODE","metabolite_name":"shikimic acid","refmet_name":"Shikimic acid"},"160":{"study_id":"ST000386","analysis_id":"AN000621","analysis_summary":"GC POSITIVE ION MODE","metabolite_name":"sorbitol","refmet_name":"Sorbitol"},"161":{"study_id":"ST000386","analysis_id":"AN000621","analysis_summary":"GC POSITIVE ION MODE","metabolite_name":"stearic acid","refmet_name":"Stearic acid"},"162":{"study_id":"ST000386","analysis_id":"AN000621","analysis_summary":"GC POSITIVE ION MODE","metabolite_name":"stigmasterol","refmet_name":"Stigmasterol"},"163":{"study_id":"ST000386","analysis_id":"AN000621","analysis_summary":"GC POSITIVE ION MODE","metabolite_name":"succinic acid","refmet_name":"Succinic acid"},"164":{"study_id":"ST000386","analysis_id":"AN000621","analysis_summary":"GC POSITIVE ION MODE","metabolite_name":"sucrose","refmet_name":"Sucrose"},"165":{"study_id":"ST000386","analysis_id":"AN000621","analysis_summary":"GC POSITIVE ION MODE","metabolite_name":"tagatose","refmet_name":"D-Tagatose"},"166":{"study_id":"ST000386","analysis_id":"AN000621","analysis_summary":"GC POSITIVE ION MODE","metabolite_name":"taurine","refmet_name":"Taurine"},"167":{"study_id":"ST000386","analysis_id":"AN000621","analysis_summary":"GC POSITIVE ION MODE","metabolite_name":"threitol","refmet_name":"Threitol"},"168":{"study_id":"ST000386","analysis_id":"AN000621","analysis_summary":"GC POSITIVE ION MODE","metabolite_name":"threonic acid","refmet_name":"Threonic acid"},"169":{"study_id":"ST000386","analysis_id":"AN000621","analysis_summary":"GC POSITIVE ION MODE","metabolite_name":"threonine","refmet_name":"Threonine"},"170":{"study_id":"ST000386","analysis_id":"AN000621","analysis_summary":"GC POSITIVE ION MODE","metabolite_name":"tocopherol alpha","refmet_name":"Retinal"},"171":{"study_id":"ST000386","analysis_id":"AN000621","analysis_summary":"GC POSITIVE ION MODE","metabolite_name":"trans-4-hydroxyproline","refmet_name":"trans-4-Hydroxyproline"},"172":{"study_id":"ST000386","analysis_id":"AN000621","analysis_summary":"GC POSITIVE ION MODE","metabolite_name":"trihydroxypyrazine NIST","refmet_name":"Trihydroxypyrazine"},"173":{"study_id":"ST000386","analysis_id":"AN000621","analysis_summary":"GC POSITIVE ION MODE","metabolite_name":"tryptophan","refmet_name":"Tryptophan"},"174":{"study_id":"ST000386","analysis_id":"AN000621","analysis_summary":"GC POSITIVE ION MODE","metabolite_name":"tyrosine","refmet_name":"Tyrosine"},"175":{"study_id":"ST000386","analysis_id":"AN000621","analysis_summary":"GC POSITIVE ION MODE","metabolite_name":"urea","refmet_name":"Urea"},"176":{"study_id":"ST000386","analysis_id":"AN000621","analysis_summary":"GC POSITIVE ION MODE","metabolite_name":"uric acid","refmet_name":"Uric acid"},"177":{"study_id":"ST000386","analysis_id":"AN000621","analysis_summary":"GC POSITIVE ION MODE","metabolite_name":"uridine","refmet_name":"Uridine"},"178":{"study_id":"ST000386","analysis_id":"AN000621","analysis_summary":"GC POSITIVE ION MODE","metabolite_name":"valine","refmet_name":"Valine"},"179":{"study_id":"ST000386","analysis_id":"AN000621","analysis_summary":"GC POSITIVE ION MODE","metabolite_name":"xanthine","refmet_name":"Xanthine"},"180":{"study_id":"ST000386","analysis_id":"AN000621","analysis_summary":"GC POSITIVE ION MODE","metabolite_name":"xylitol","refmet_name":"Xylitol"},"181":{"study_id":"ST000386","analysis_id":"AN000621","analysis_summary":"GC POSITIVE ION MODE","metabolite_name":"xylose","refmet_name":"Xylose"}}