{"1":{"study_id":"ST000324","analysis_id":"AN000516","analysis_summary":"Reversed phase POSITIVE ION MODE","metabolite_name":"CE (16:1)","refmet_name":"CE 16:1"},"2":{"study_id":"ST000324","analysis_id":"AN000516","analysis_summary":"Reversed phase POSITIVE ION MODE","metabolite_name":"CE (18:1)","refmet_name":"CE 18:1"},"3":{"study_id":"ST000324","analysis_id":"AN000516","analysis_summary":"Reversed phase POSITIVE ION MODE","metabolite_name":"CE (18:2)","refmet_name":"CE 18:2"},"4":{"study_id":"ST000324","analysis_id":"AN000516","analysis_summary":"Reversed phase POSITIVE ION MODE","metabolite_name":"CE (18:3)","refmet_name":"CE 18:3"},"5":{"study_id":"ST000324","analysis_id":"AN000516","analysis_summary":"Reversed phase POSITIVE ION MODE","metabolite_name":"CE (20:3)","refmet_name":"CE 20:3"},"6":{"study_id":"ST000324","analysis_id":"AN000516","analysis_summary":"Reversed phase POSITIVE ION MODE","metabolite_name":"CE (20:4)","refmet_name":"CE 20:4"},"7":{"study_id":"ST000324","analysis_id":"AN000516","analysis_summary":"Reversed phase POSITIVE ION MODE","metabolite_name":"CE (20:5)","refmet_name":"CE 20:5"},"8":{"study_id":"ST000324","analysis_id":"AN000516","analysis_summary":"Reversed phase POSITIVE ION MODE","metabolite_name":"CE (22:6)","refmet_name":"CE 22:6"},"9":{"study_id":"ST000324","analysis_id":"AN000516","analysis_summary":"Reversed phase POSITIVE ION MODE","metabolite_name":"Ceramide (d40:1)","refmet_name":"Cer 40:1;O2"},"10":{"study_id":"ST000324","analysis_id":"AN000516","analysis_summary":"Reversed phase POSITIVE ION MODE","metabolite_name":"Ceramide (d42:1)","refmet_name":"Cer 42:1;O2"},"11":{"study_id":"ST000324","analysis_id":"AN000516","analysis_summary":"Reversed phase POSITIVE ION MODE","metabolite_name":"Ceramide (d42:2)","refmet_name":"Cer 42:2;O2"},"12":{"study_id":"ST000324","analysis_id":"AN000516","analysis_summary":"Reversed phase POSITIVE ION MODE","metabolite_name":"Gal-Gal-Cer(d18:1\/16:0) or Lactosylceramide(d18:1\/16:0)","refmet_name":"LacCer 18:1;O2\/16:0"},"13":{"study_id":"ST000324","analysis_id":"AN000516","analysis_summary":"Reversed phase POSITIVE ION MODE","metabolite_name":"LPC (14:0)","refmet_name":"LPC 14:0"},"14":{"study_id":"ST000324","analysis_id":"AN000516","analysis_summary":"Reversed phase POSITIVE ION MODE","metabolite_name":"LPC (15:0)","refmet_name":"LPC 15:0"},"15":{"study_id":"ST000324","analysis_id":"AN000516","analysis_summary":"Reversed phase POSITIVE ION MODE","metabolite_name":"LPC (16:0)","refmet_name":"LPC 16:0"},"16":{"study_id":"ST000324","analysis_id":"AN000516","analysis_summary":"Reversed phase POSITIVE ION MODE","metabolite_name":"LPC (16:1)","refmet_name":"LPC 16:1"},"17":{"study_id":"ST000324","analysis_id":"AN000516","analysis_summary":"Reversed phase POSITIVE ION MODE","metabolite_name":"LPC (17:1)","refmet_name":"LPC 17:1"},"18":{"study_id":"ST000324","analysis_id":"AN000516","analysis_summary":"Reversed phase POSITIVE ION MODE","metabolite_name":"LPC (18:0)","refmet_name":"LPC 18:0"},"19":{"study_id":"ST000324","analysis_id":"AN000516","analysis_summary":"Reversed phase POSITIVE ION MODE","metabolite_name":"LPC (18:1)","refmet_name":"LPC 18:1"},"20":{"study_id":"ST000324","analysis_id":"AN000516","analysis_summary":"Reversed phase POSITIVE ION MODE","metabolite_name":"LPC (18:2)","refmet_name":"LPC 18:2"},"21":{"study_id":"ST000324","analysis_id":"AN000516","analysis_summary":"Reversed phase POSITIVE ION MODE","metabolite_name":"LPC (18:3)","refmet_name":"LPC 18:3"},"22":{"study_id":"ST000324","analysis_id":"AN000516","analysis_summary":"Reversed phase POSITIVE ION MODE","metabolite_name":"LPC (20:2)","refmet_name":"LPC 20:2"},"23":{"study_id":"ST000324","analysis_id":"AN000516","analysis_summary":"Reversed phase POSITIVE ION MODE","metabolite_name":"LPC (20:3)","refmet_name":"LPC 20:3"},"24":{"study_id":"ST000324","analysis_id":"AN000516","analysis_summary":"Reversed phase POSITIVE ION MODE","metabolite_name":"LPC (22:4)","refmet_name":"LPC 22:4"},"25":{"study_id":"ST000324","analysis_id":"AN000516","analysis_summary":"Reversed phase POSITIVE ION MODE","metabolite_name":"LPC (22:5)","refmet_name":"LPC 22:5"},"26":{"study_id":"ST000324","analysis_id":"AN000516","analysis_summary":"Reversed phase POSITIVE ION MODE","metabolite_name":"LPC (22:6)","refmet_name":"LPC 22:6"},"27":{"study_id":"ST000324","analysis_id":"AN000516","analysis_summary":"Reversed phase POSITIVE ION MODE","metabolite_name":"LPC (o-16:0)","refmet_name":"LPC O-16:0"},"28":{"study_id":"ST000324","analysis_id":"AN000516","analysis_summary":"Reversed phase POSITIVE ION MODE","metabolite_name":"LPC (p-16:0) or LPC (o-16:1)","refmet_name":"LPC P-16:0 or LPC O-16:1"},"29":{"study_id":"ST000324","analysis_id":"AN000516","analysis_summary":"Reversed phase POSITIVE ION MODE","metabolite_name":"LPC (p-18:0) or LPC (o-18:1)","refmet_name":"LPC P-18:0 or LPC O-18:1"},"30":{"study_id":"ST000324","analysis_id":"AN000516","analysis_summary":"Reversed phase POSITIVE ION MODE","metabolite_name":"PC (28:0)","refmet_name":"PC 28:0"},"31":{"study_id":"ST000324","analysis_id":"AN000516","analysis_summary":"Reversed phase POSITIVE ION MODE","metabolite_name":"PC (30:0)","refmet_name":"PC 30:0"},"32":{"study_id":"ST000324","analysis_id":"AN000516","analysis_summary":"Reversed phase POSITIVE ION MODE","metabolite_name":"PC (31:0)","refmet_name":"PC 31:0"},"33":{"study_id":"ST000324","analysis_id":"AN000516","analysis_summary":"Reversed phase POSITIVE ION MODE","metabolite_name":"PC (32:0)","refmet_name":"PC 32:0"},"34":{"study_id":"ST000324","analysis_id":"AN000516","analysis_summary":"Reversed phase POSITIVE ION MODE","metabolite_name":"PC (32:1)","refmet_name":"PC 32:1"},"35":{"study_id":"ST000324","analysis_id":"AN000516","analysis_summary":"Reversed phase POSITIVE ION MODE","metabolite_name":"PC (32:2)","refmet_name":"PC 32:2"},"36":{"study_id":"ST000324","analysis_id":"AN000516","analysis_summary":"Reversed phase POSITIVE ION MODE","metabolite_name":"PC (32:3)","refmet_name":"PC 32:3"},"37":{"study_id":"ST000324","analysis_id":"AN000516","analysis_summary":"Reversed phase POSITIVE ION MODE","metabolite_name":"PC (33:0)","refmet_name":"PC 33:0"},"38":{"study_id":"ST000324","analysis_id":"AN000516","analysis_summary":"Reversed phase POSITIVE ION MODE","metabolite_name":"PC (33:1)","refmet_name":"PC 33:1"},"39":{"study_id":"ST000324","analysis_id":"AN000516","analysis_summary":"Reversed phase POSITIVE ION MODE","metabolite_name":"PC (33:2)","refmet_name":"PC 33:2"},"40":{"study_id":"ST000324","analysis_id":"AN000516","analysis_summary":"Reversed phase POSITIVE ION MODE","metabolite_name":"PC (34:0)","refmet_name":"PC 34:0"},"41":{"study_id":"ST000324","analysis_id":"AN000516","analysis_summary":"Reversed phase POSITIVE ION MODE","metabolite_name":"PC (34:2)","refmet_name":"PC 34:2"},"42":{"study_id":"ST000324","analysis_id":"AN000516","analysis_summary":"Reversed phase POSITIVE ION MODE","metabolite_name":"PC (34:3)","refmet_name":"PC 34:3"},"43":{"study_id":"ST000324","analysis_id":"AN000516","analysis_summary":"Reversed phase POSITIVE ION MODE","metabolite_name":"PC (34:4)","refmet_name":"PC 34:4"},"44":{"study_id":"ST000324","analysis_id":"AN000516","analysis_summary":"Reversed phase POSITIVE ION MODE","metabolite_name":"PC (35:1)","refmet_name":"PC 35:1"},"45":{"study_id":"ST000324","analysis_id":"AN000516","analysis_summary":"Reversed phase POSITIVE ION MODE","metabolite_name":"PC (35:2)","refmet_name":"PC 35:2"},"46":{"study_id":"ST000324","analysis_id":"AN000516","analysis_summary":"Reversed phase POSITIVE ION MODE","metabolite_name":"PC (35:3)","refmet_name":"PC 35:3"},"47":{"study_id":"ST000324","analysis_id":"AN000516","analysis_summary":"Reversed phase POSITIVE ION MODE","metabolite_name":"PC (36:1)","refmet_name":"PC 36:1"},"48":{"study_id":"ST000324","analysis_id":"AN000516","analysis_summary":"Reversed phase POSITIVE ION MODE","metabolite_name":"PC (36:2)","refmet_name":"PC 36:2"},"49":{"study_id":"ST000324","analysis_id":"AN000516","analysis_summary":"Reversed phase POSITIVE ION MODE","metabolite_name":"PC (36:3)","refmet_name":"PC 36:3"},"50":{"study_id":"ST000324","analysis_id":"AN000516","analysis_summary":"Reversed phase POSITIVE ION MODE","metabolite_name":"PC (36:4) A","refmet_name":"PC 36:4"},"51":{"study_id":"ST000324","analysis_id":"AN000516","analysis_summary":"Reversed phase POSITIVE ION MODE","metabolite_name":"PC (36:4) B","refmet_name":"PC 36:4"},"52":{"study_id":"ST000324","analysis_id":"AN000516","analysis_summary":"Reversed phase POSITIVE ION MODE","metabolite_name":"PC (36:5)","refmet_name":"PC 36:5"},"53":{"study_id":"ST000324","analysis_id":"AN000516","analysis_summary":"Reversed phase POSITIVE ION MODE","metabolite_name":"PC (37:2)","refmet_name":"PC 37:2"},"54":{"study_id":"ST000324","analysis_id":"AN000516","analysis_summary":"Reversed phase POSITIVE ION MODE","metabolite_name":"PC (37:3)","refmet_name":"PC 37:3"},"55":{"study_id":"ST000324","analysis_id":"AN000516","analysis_summary":"Reversed phase POSITIVE ION MODE","metabolite_name":"PC (37:4)","refmet_name":"PC 37:4"},"56":{"study_id":"ST000324","analysis_id":"AN000516","analysis_summary":"Reversed phase POSITIVE ION MODE","metabolite_name":"PC (38:3)","refmet_name":"PC 38:3"},"57":{"study_id":"ST000324","analysis_id":"AN000516","analysis_summary":"Reversed phase POSITIVE ION MODE","metabolite_name":"PC (38:4)","refmet_name":"PC 38:4"},"58":{"study_id":"ST000324","analysis_id":"AN000516","analysis_summary":"Reversed phase POSITIVE ION MODE","metabolite_name":"PC (38:5)","refmet_name":"PC 38:5"},"59":{"study_id":"ST000324","analysis_id":"AN000516","analysis_summary":"Reversed phase POSITIVE ION MODE","metabolite_name":"PC (38:6)","refmet_name":"PC 38:6"},"60":{"study_id":"ST000324","analysis_id":"AN000516","analysis_summary":"Reversed phase POSITIVE ION MODE","metabolite_name":"PC (38:7)","refmet_name":"PC 38:7"},"61":{"study_id":"ST000324","analysis_id":"AN000516","analysis_summary":"Reversed phase POSITIVE ION MODE","metabolite_name":"PC (40:4)","refmet_name":"PC 40:4"},"62":{"study_id":"ST000324","analysis_id":"AN000516","analysis_summary":"Reversed phase POSITIVE ION MODE","metabolite_name":"PC (40:5)","refmet_name":"PC 40:5"},"63":{"study_id":"ST000324","analysis_id":"AN000516","analysis_summary":"Reversed phase POSITIVE ION MODE","metabolite_name":"PC (40:6)","refmet_name":"PC 40:6"},"64":{"study_id":"ST000324","analysis_id":"AN000516","analysis_summary":"Reversed phase POSITIVE ION MODE","metabolite_name":"PC (40:8)","refmet_name":"PC 40:8"},"65":{"study_id":"ST000324","analysis_id":"AN000516","analysis_summary":"Reversed phase POSITIVE ION MODE","metabolite_name":"PC (42:6)","refmet_name":"PC 42:6"},"66":{"study_id":"ST000324","analysis_id":"AN000516","analysis_summary":"Reversed phase POSITIVE ION MODE","metabolite_name":"PC (42:7)","refmet_name":"PC 42:7"},"67":{"study_id":"ST000324","analysis_id":"AN000516","analysis_summary":"Reversed phase POSITIVE ION MODE","metabolite_name":"PC (o-32:0)","refmet_name":"PC O-32:0"},"68":{"study_id":"ST000324","analysis_id":"AN000516","analysis_summary":"Reversed phase POSITIVE ION MODE","metabolite_name":"PC (o-34:0)","refmet_name":"PC O-34:0"},"69":{"study_id":"ST000324","analysis_id":"AN000516","analysis_summary":"Reversed phase POSITIVE ION MODE","metabolite_name":"PC (p-32:0) or PC (o-32:1)","refmet_name":"PC P-32:0 or PC O-32:1"},"70":{"study_id":"ST000324","analysis_id":"AN000516","analysis_summary":"Reversed phase POSITIVE ION MODE","metabolite_name":"PC (p-34:0) or PC (o-34:1)","refmet_name":"PC P-34:0 or PC O-34:1"},"71":{"study_id":"ST000324","analysis_id":"AN000516","analysis_summary":"Reversed phase POSITIVE ION MODE","metabolite_name":"PC (p-34:1) or PC (o-34:2)","refmet_name":"PC P-34:1 or PC O-34:2"},"72":{"study_id":"ST000324","analysis_id":"AN000516","analysis_summary":"Reversed phase POSITIVE ION MODE","metabolite_name":"PC (p-34:2) or PC (o-34:3)","refmet_name":"PC P-34:2 or PC O-34:3"},"73":{"study_id":"ST000324","analysis_id":"AN000516","analysis_summary":"Reversed phase POSITIVE ION MODE","metabolite_name":"PC (p-36:1) or PC (o-36:2)","refmet_name":"PC P-36:1 or PC O-36:2"},"74":{"study_id":"ST000324","analysis_id":"AN000516","analysis_summary":"Reversed phase POSITIVE ION MODE","metabolite_name":"PC (p-36:2) or PC (o-36:3)","refmet_name":"PC P-36:2 or PC O-36:3"},"75":{"study_id":"ST000324","analysis_id":"AN000516","analysis_summary":"Reversed phase POSITIVE ION MODE","metabolite_name":"PC (p-36:3) or PC (o-36:4)","refmet_name":"PC P-36:3 or PC O-36:4"},"76":{"study_id":"ST000324","analysis_id":"AN000516","analysis_summary":"Reversed phase POSITIVE ION MODE","metabolite_name":"PC (p-36:4) or PC (o-36:5)","refmet_name":"PC P-36:4 or PC O-36:5"},"77":{"study_id":"ST000324","analysis_id":"AN000516","analysis_summary":"Reversed phase POSITIVE ION MODE","metabolite_name":"PC (p-38:3) or PC (o-38:4)","refmet_name":"PC P-38:3 or PC O-38:4"},"78":{"study_id":"ST000324","analysis_id":"AN000516","analysis_summary":"Reversed phase POSITIVE ION MODE","metabolite_name":"PC (p-38:4) or PC (o-38:5)","refmet_name":"PC P-38:4 or PC O-38:5"},"79":{"study_id":"ST000324","analysis_id":"AN000516","analysis_summary":"Reversed phase POSITIVE ION MODE","metabolite_name":"PC (p-38:5) or PC (o-38:6)","refmet_name":"PC P-38:5 or PC O-38:6"},"80":{"study_id":"ST000324","analysis_id":"AN000516","analysis_summary":"Reversed phase POSITIVE ION MODE","metabolite_name":"PC (p-40:3) or PC (o-40:4)","refmet_name":"PC P-40:3 or PC O-40:4"},"81":{"study_id":"ST000324","analysis_id":"AN000516","analysis_summary":"Reversed phase POSITIVE ION MODE","metabolite_name":"PC (p-40:4) or PC (o-40:5)","refmet_name":"PC P-40:4 or PC O-40:5"},"82":{"study_id":"ST000324","analysis_id":"AN000516","analysis_summary":"Reversed phase POSITIVE ION MODE","metabolite_name":"PC (p-40:5) or PC (o-40:6)","refmet_name":"PC P-40:5 or PC O-40:6"},"83":{"study_id":"ST000324","analysis_id":"AN000516","analysis_summary":"Reversed phase POSITIVE ION MODE","metabolite_name":"PC (p-40:6) A or PC (o-40:7) A","refmet_name":"PC P-40:6 or PC O-40:7"},"84":{"study_id":"ST000324","analysis_id":"AN000516","analysis_summary":"Reversed phase POSITIVE ION MODE","metabolite_name":"PC (p-40:6) B or PC (o-40:7) B","refmet_name":"PC P-40:6 or PC O-40:7"},"85":{"study_id":"ST000324","analysis_id":"AN000516","analysis_summary":"Reversed phase POSITIVE ION MODE","metabolite_name":"PC (p-40:7) or PC (o-40:8)","refmet_name":"PC P-40:7 or PC O-40:8"},"86":{"study_id":"ST000324","analysis_id":"AN000516","analysis_summary":"Reversed phase POSITIVE ION MODE","metabolite_name":"PC (p-42:4) or PC (o-42:5)","refmet_name":"PC P-42:4 or PC O-42:5"},"87":{"study_id":"ST000324","analysis_id":"AN000516","analysis_summary":"Reversed phase POSITIVE ION MODE","metabolite_name":"PC (p-42:5) or PC (o-42:6)","refmet_name":"PC P-42:5 or PC O-42:6"},"88":{"study_id":"ST000324","analysis_id":"AN000516","analysis_summary":"Reversed phase POSITIVE ION MODE","metabolite_name":"PE (34:3)","refmet_name":"PE 34:3"},"89":{"study_id":"ST000324","analysis_id":"AN000516","analysis_summary":"Reversed phase POSITIVE ION MODE","metabolite_name":"PE (p-36:4) or PE (o-36:5)","refmet_name":"PE P-36:4 or PE O-36:5"},"90":{"study_id":"ST000324","analysis_id":"AN000516","analysis_summary":"Reversed phase POSITIVE ION MODE","metabolite_name":"PE (p-38:4) or PE (o-38:5)","refmet_name":"PE P-38:4 or PE O-38:5"},"91":{"study_id":"ST000324","analysis_id":"AN000516","analysis_summary":"Reversed phase POSITIVE ION MODE","metabolite_name":"SM (d30:1)","refmet_name":"SM 30:1;O2"},"92":{"study_id":"ST000324","analysis_id":"AN000516","analysis_summary":"Reversed phase POSITIVE ION MODE","metabolite_name":"SM (d32:0)","refmet_name":"SM 32:0;O2"},"93":{"study_id":"ST000324","analysis_id":"AN000516","analysis_summary":"Reversed phase POSITIVE ION MODE","metabolite_name":"SM (d32:1)","refmet_name":"SM 32:1;O2"},"94":{"study_id":"ST000324","analysis_id":"AN000516","analysis_summary":"Reversed phase POSITIVE ION MODE","metabolite_name":"SM (d32:2)","refmet_name":"SM 32:2;O2"},"95":{"study_id":"ST000324","analysis_id":"AN000516","analysis_summary":"Reversed phase POSITIVE ION MODE","metabolite_name":"SM (d33:1)","refmet_name":"SM 33:1;O2"},"96":{"study_id":"ST000324","analysis_id":"AN000516","analysis_summary":"Reversed phase POSITIVE ION MODE","metabolite_name":"SM (d34:1)","refmet_name":"SM 34:1;O2"},"97":{"study_id":"ST000324","analysis_id":"AN000516","analysis_summary":"Reversed phase POSITIVE ION MODE","metabolite_name":"SM (d34:2)","refmet_name":"SM 34:2;O2"},"98":{"study_id":"ST000324","analysis_id":"AN000516","analysis_summary":"Reversed phase POSITIVE ION MODE","metabolite_name":"SM (d36:1)","refmet_name":"SM 36:1;O2"},"99":{"study_id":"ST000324","analysis_id":"AN000516","analysis_summary":"Reversed phase POSITIVE ION MODE","metabolite_name":"SM (d36:3)","refmet_name":"SM 36:3;O2"},"100":{"study_id":"ST000324","analysis_id":"AN000516","analysis_summary":"Reversed phase POSITIVE ION MODE","metabolite_name":"SM (d38:1)","refmet_name":"SM 38:1;O2"},"101":{"study_id":"ST000324","analysis_id":"AN000516","analysis_summary":"Reversed phase POSITIVE ION MODE","metabolite_name":"SM (d39:1)","refmet_name":"SM 39:1;O2"},"102":{"study_id":"ST000324","analysis_id":"AN000516","analysis_summary":"Reversed phase POSITIVE ION MODE","metabolite_name":"SM (d40:1)","refmet_name":"SM 40:1;O2"},"103":{"study_id":"ST000324","analysis_id":"AN000516","analysis_summary":"Reversed phase POSITIVE ION MODE","metabolite_name":"SM (d40:2)","refmet_name":"SM 40:2;O2"},"104":{"study_id":"ST000324","analysis_id":"AN000516","analysis_summary":"Reversed phase POSITIVE ION MODE","metabolite_name":"SM (d41:1)","refmet_name":"SM 41:1;O2"},"105":{"study_id":"ST000324","analysis_id":"AN000516","analysis_summary":"Reversed phase POSITIVE ION MODE","metabolite_name":"SM (d41:2)","refmet_name":"SM 41:2;O2"},"106":{"study_id":"ST000324","analysis_id":"AN000516","analysis_summary":"Reversed phase POSITIVE ION MODE","metabolite_name":"SM (d42:1)","refmet_name":"SM 42:1;O2"},"107":{"study_id":"ST000324","analysis_id":"AN000516","analysis_summary":"Reversed phase POSITIVE ION MODE","metabolite_name":"SM (d42:2)","refmet_name":"SM 42:2;O2"},"108":{"study_id":"ST000324","analysis_id":"AN000516","analysis_summary":"Reversed phase POSITIVE ION MODE","metabolite_name":"SM (d42:3)","refmet_name":"SM 42:3;O2"},"109":{"study_id":"ST000324","analysis_id":"AN000516","analysis_summary":"Reversed phase POSITIVE ION MODE","metabolite_name":"SM (d43:1)","refmet_name":"SM 43:1;O2"},"110":{"study_id":"ST000324","analysis_id":"AN000516","analysis_summary":"Reversed phase POSITIVE ION MODE","metabolite_name":"SM (d43:2)","refmet_name":"SM 43:2;O2"},"111":{"study_id":"ST000324","analysis_id":"AN000516","analysis_summary":"Reversed phase POSITIVE ION MODE","metabolite_name":"SM (d44:2)","refmet_name":"SM 44:2;O2"},"112":{"study_id":"ST000324","analysis_id":"AN000516","analysis_summary":"Reversed phase POSITIVE ION MODE","metabolite_name":"TG (14:0\/14:0\/14:0)","refmet_name":"TG 14:0\/14:0\/14:0"},"113":{"study_id":"ST000324","analysis_id":"AN000516","analysis_summary":"Reversed phase POSITIVE ION MODE","metabolite_name":"TG (46:0)","refmet_name":"TG 46:0"},"114":{"study_id":"ST000324","analysis_id":"AN000516","analysis_summary":"Reversed phase POSITIVE ION MODE","metabolite_name":"TG (46:1)","refmet_name":"TG 46:1"},"115":{"study_id":"ST000324","analysis_id":"AN000516","analysis_summary":"Reversed phase POSITIVE ION MODE","metabolite_name":"TG (48:0) A","refmet_name":"TG 48:0"},"116":{"study_id":"ST000324","analysis_id":"AN000516","analysis_summary":"Reversed phase POSITIVE ION MODE","metabolite_name":"TG (48:0) B","refmet_name":"TG 48:0"},"117":{"study_id":"ST000324","analysis_id":"AN000516","analysis_summary":"Reversed phase POSITIVE ION MODE","metabolite_name":"TG (48:1)","refmet_name":"TG 48:1"},"118":{"study_id":"ST000324","analysis_id":"AN000516","analysis_summary":"Reversed phase POSITIVE ION MODE","metabolite_name":"TG (48:2)","refmet_name":"TG 48:2"},"119":{"study_id":"ST000324","analysis_id":"AN000516","analysis_summary":"Reversed phase POSITIVE ION MODE","metabolite_name":"TG (49:0)","refmet_name":"TG 49:0"},"120":{"study_id":"ST000324","analysis_id":"AN000516","analysis_summary":"Reversed phase POSITIVE ION MODE","metabolite_name":"TG (49:1)","refmet_name":"TG 49:1"},"121":{"study_id":"ST000324","analysis_id":"AN000516","analysis_summary":"Reversed phase POSITIVE ION MODE","metabolite_name":"TG (49:2)","refmet_name":"TG 49:2"},"122":{"study_id":"ST000324","analysis_id":"AN000516","analysis_summary":"Reversed phase POSITIVE ION MODE","metabolite_name":"TG (50:0)","refmet_name":"TG 50:0"},"123":{"study_id":"ST000324","analysis_id":"AN000516","analysis_summary":"Reversed phase POSITIVE ION MODE","metabolite_name":"TG (50:1)","refmet_name":"TG 50:1"},"124":{"study_id":"ST000324","analysis_id":"AN000516","analysis_summary":"Reversed phase POSITIVE ION MODE","metabolite_name":"TG (50:2)","refmet_name":"TG 50:2"},"125":{"study_id":"ST000324","analysis_id":"AN000516","analysis_summary":"Reversed phase POSITIVE ION MODE","metabolite_name":"TG (50:3)","refmet_name":"TG 50:3"},"126":{"study_id":"ST000324","analysis_id":"AN000516","analysis_summary":"Reversed phase POSITIVE ION MODE","metabolite_name":"TG (50:4)","refmet_name":"TG 50:4"},"127":{"study_id":"ST000324","analysis_id":"AN000516","analysis_summary":"Reversed phase POSITIVE ION MODE","metabolite_name":"TG (51:1)","refmet_name":"TG 51:1"},"128":{"study_id":"ST000324","analysis_id":"AN000516","analysis_summary":"Reversed phase POSITIVE ION MODE","metabolite_name":"TG (51:2)","refmet_name":"TG 51:2"},"129":{"study_id":"ST000324","analysis_id":"AN000516","analysis_summary":"Reversed phase POSITIVE ION MODE","metabolite_name":"TG (51:3)","refmet_name":"TG 51:3"},"130":{"study_id":"ST000324","analysis_id":"AN000516","analysis_summary":"Reversed phase POSITIVE ION MODE","metabolite_name":"TG (52:0)","refmet_name":"TG 52:0"},"131":{"study_id":"ST000324","analysis_id":"AN000516","analysis_summary":"Reversed phase POSITIVE ION MODE","metabolite_name":"TG (52:1)","refmet_name":"TG 52:1"},"132":{"study_id":"ST000324","analysis_id":"AN000516","analysis_summary":"Reversed phase POSITIVE ION MODE","metabolite_name":"TG (52:2)","refmet_name":"TG 52:2"},"133":{"study_id":"ST000324","analysis_id":"AN000516","analysis_summary":"Reversed phase POSITIVE ION MODE","metabolite_name":"TG (52:3)","refmet_name":"TG 52:3"},"134":{"study_id":"ST000324","analysis_id":"AN000516","analysis_summary":"Reversed phase POSITIVE ION MODE","metabolite_name":"TG (52:4)","refmet_name":"TG 52:4"},"135":{"study_id":"ST000324","analysis_id":"AN000516","analysis_summary":"Reversed phase POSITIVE ION MODE","metabolite_name":"TG (52:5)","refmet_name":"TG 52:5"},"136":{"study_id":"ST000324","analysis_id":"AN000516","analysis_summary":"Reversed phase POSITIVE ION MODE","metabolite_name":"TG (53:1)","refmet_name":"TG 53:1"},"137":{"study_id":"ST000324","analysis_id":"AN000516","analysis_summary":"Reversed phase POSITIVE ION MODE","metabolite_name":"TG (53:2)","refmet_name":"TG 53:2"},"138":{"study_id":"ST000324","analysis_id":"AN000516","analysis_summary":"Reversed phase POSITIVE ION MODE","metabolite_name":"TG (53:3)","refmet_name":"TG 53:3"},"139":{"study_id":"ST000324","analysis_id":"AN000516","analysis_summary":"Reversed phase POSITIVE ION MODE","metabolite_name":"TG (53:4)","refmet_name":"TG 53:4"},"140":{"study_id":"ST000324","analysis_id":"AN000516","analysis_summary":"Reversed phase POSITIVE ION MODE","metabolite_name":"TG (54:1)","refmet_name":"TG 54:1"},"141":{"study_id":"ST000324","analysis_id":"AN000516","analysis_summary":"Reversed phase POSITIVE ION MODE","metabolite_name":"TG (54:2)","refmet_name":"TG 54:2"},"142":{"study_id":"ST000324","analysis_id":"AN000516","analysis_summary":"Reversed phase POSITIVE ION MODE","metabolite_name":"TG (54:3)","refmet_name":"TG 54:3"},"143":{"study_id":"ST000324","analysis_id":"AN000516","analysis_summary":"Reversed phase POSITIVE ION MODE","metabolite_name":"TG (54:4)","refmet_name":"TG 54:4"},"144":{"study_id":"ST000324","analysis_id":"AN000516","analysis_summary":"Reversed phase POSITIVE ION MODE","metabolite_name":"TG (54:5)","refmet_name":"TG 54:5"},"145":{"study_id":"ST000324","analysis_id":"AN000516","analysis_summary":"Reversed phase POSITIVE ION MODE","metabolite_name":"TG (54:6)","refmet_name":"TG 54:6"},"146":{"study_id":"ST000324","analysis_id":"AN000516","analysis_summary":"Reversed phase POSITIVE ION MODE","metabolite_name":"TG (55:3)","refmet_name":"TG 55:3"},"147":{"study_id":"ST000324","analysis_id":"AN000516","analysis_summary":"Reversed phase POSITIVE ION MODE","metabolite_name":"TG (56:2) A","refmet_name":"TG 56:2"},"148":{"study_id":"ST000324","analysis_id":"AN000516","analysis_summary":"Reversed phase POSITIVE ION MODE","metabolite_name":"TG (56:2) B","refmet_name":"TG 56:2"},"149":{"study_id":"ST000324","analysis_id":"AN000516","analysis_summary":"Reversed phase POSITIVE ION MODE","metabolite_name":"TG (56:3)","refmet_name":"TG 56:3"},"150":{"study_id":"ST000324","analysis_id":"AN000516","analysis_summary":"Reversed phase POSITIVE ION MODE","metabolite_name":"TG (56:4)","refmet_name":"TG 56:4"},"151":{"study_id":"ST000324","analysis_id":"AN000516","analysis_summary":"Reversed phase POSITIVE ION MODE","metabolite_name":"TG (56:5)","refmet_name":"TG 56:5"},"152":{"study_id":"ST000324","analysis_id":"AN000516","analysis_summary":"Reversed phase POSITIVE ION MODE","metabolite_name":"TG (56:6) A","refmet_name":"TG 56:6"},"153":{"study_id":"ST000324","analysis_id":"AN000516","analysis_summary":"Reversed phase POSITIVE ION MODE","metabolite_name":"TG (56:6) B","refmet_name":"TG 56:6"},"154":{"study_id":"ST000324","analysis_id":"AN000516","analysis_summary":"Reversed phase POSITIVE ION MODE","metabolite_name":"TG (56:7)","refmet_name":"TG 56:7"},"155":{"study_id":"ST000324","analysis_id":"AN000516","analysis_summary":"Reversed phase POSITIVE ION MODE","metabolite_name":"TG (58:1)","refmet_name":"TG 58:1"},"156":{"study_id":"ST000324","analysis_id":"AN000516","analysis_summary":"Reversed phase POSITIVE ION MODE","metabolite_name":"TG (58:2)","refmet_name":"TG 58:2"},"157":{"study_id":"ST000324","analysis_id":"AN000516","analysis_summary":"Reversed phase POSITIVE ION MODE","metabolite_name":"TG (58:3)","refmet_name":"TG 58:3"},"158":{"study_id":"ST000324","analysis_id":"AN000516","analysis_summary":"Reversed phase POSITIVE ION MODE","metabolite_name":"TG (58:6)","refmet_name":"TG 58:6"},"159":{"study_id":"ST000324","analysis_id":"AN000516","analysis_summary":"Reversed phase POSITIVE ION MODE","metabolite_name":"TG (60:2)","refmet_name":"TG 60:2"},"160":{"study_id":"ST000324","analysis_id":"AN000517","analysis_summary":"Reversed phase NEGATIVE ION MODE","metabolite_name":"Ceramide (d34:1)","refmet_name":"Cer 34:1;O2"},"161":{"study_id":"ST000324","analysis_id":"AN000517","analysis_summary":"Reversed phase NEGATIVE ION MODE","metabolite_name":"Ceramide (d41:1)","refmet_name":"Cer 41:1;O2"},"162":{"study_id":"ST000324","analysis_id":"AN000517","analysis_summary":"Reversed phase NEGATIVE ION MODE","metabolite_name":"FA (16:1) (palmitoleic acid)","refmet_name":"Palmitoleic acid"},"163":{"study_id":"ST000324","analysis_id":"AN000517","analysis_summary":"Reversed phase NEGATIVE ION MODE","metabolite_name":"FA (17:1) (heptadecenoic acid)","refmet_name":"Heptadecenoic acid"},"164":{"study_id":"ST000324","analysis_id":"AN000517","analysis_summary":"Reversed phase NEGATIVE ION MODE","metabolite_name":"FA (18:1) (oleic acid)","refmet_name":"Oleic acid"},"165":{"study_id":"ST000324","analysis_id":"AN000517","analysis_summary":"Reversed phase NEGATIVE ION MODE","metabolite_name":"FA (18:2) (linoleic acid)","refmet_name":"Linoleic acid"},"166":{"study_id":"ST000324","analysis_id":"AN000517","analysis_summary":"Reversed phase NEGATIVE ION MODE","metabolite_name":"FA (18:3) (linolenic acid)","refmet_name":"Octadecatrienoic acid"},"167":{"study_id":"ST000324","analysis_id":"AN000517","analysis_summary":"Reversed phase NEGATIVE ION MODE","metabolite_name":"FA (20:1) (eicosenoic acid)","refmet_name":"Heneicosenoic acid"},"168":{"study_id":"ST000324","analysis_id":"AN000517","analysis_summary":"Reversed phase NEGATIVE ION MODE","metabolite_name":"FA (20:2) (eicosadienoic acid)","refmet_name":"Eicosadienoic acid"},"169":{"study_id":"ST000324","analysis_id":"AN000517","analysis_summary":"Reversed phase NEGATIVE ION MODE","metabolite_name":"FA (20:3) (homo-gamma-linolenic acid)","refmet_name":"Dihomo-gamma-linolenic acid"},"170":{"study_id":"ST000324","analysis_id":"AN000517","analysis_summary":"Reversed phase NEGATIVE ION MODE","metabolite_name":"FA (20:4) (arachidonic acid)","refmet_name":"Arachidonic acid"},"171":{"study_id":"ST000324","analysis_id":"AN000517","analysis_summary":"Reversed phase NEGATIVE ION MODE","metabolite_name":"FA (20:5) (eicosapentaenoic acid)","refmet_name":"Eicosapentaenoic acid"},"172":{"study_id":"ST000324","analysis_id":"AN000517","analysis_summary":"Reversed phase NEGATIVE ION MODE","metabolite_name":"FA (22:6) (docosahexaenoic acid)","refmet_name":"DHA"},"173":{"study_id":"ST000324","analysis_id":"AN000517","analysis_summary":"Reversed phase NEGATIVE ION MODE","metabolite_name":"FA (24:0) (lignoceric acid)","refmet_name":"Lignoceric acid"},"174":{"study_id":"ST000324","analysis_id":"AN000517","analysis_summary":"Reversed phase NEGATIVE ION MODE","metabolite_name":"FA (24:1) (nervonic acid)","refmet_name":"Tetracosenoic acid"},"175":{"study_id":"ST000324","analysis_id":"AN000517","analysis_summary":"Reversed phase NEGATIVE ION MODE","metabolite_name":"GlcCer (d42:1)","refmet_name":"GlcCer 42:1;O2"},"176":{"study_id":"ST000324","analysis_id":"AN000517","analysis_summary":"Reversed phase NEGATIVE ION MODE","metabolite_name":"PC (34:1)","refmet_name":"PC 34:1"},"177":{"study_id":"ST000324","analysis_id":"AN000517","analysis_summary":"Reversed phase NEGATIVE ION MODE","metabolite_name":"PE (34:1)","refmet_name":"PE 34:1"},"178":{"study_id":"ST000324","analysis_id":"AN000517","analysis_summary":"Reversed phase NEGATIVE ION MODE","metabolite_name":"PE (36:2)","refmet_name":"PE 36:2"},"179":{"study_id":"ST000324","analysis_id":"AN000517","analysis_summary":"Reversed phase NEGATIVE ION MODE","metabolite_name":"PE (38:4)","refmet_name":"PE 38:4"},"180":{"study_id":"ST000324","analysis_id":"AN000517","analysis_summary":"Reversed phase NEGATIVE ION MODE","metabolite_name":"SM (d36:2)","refmet_name":"SM 36:2;O2"},"181":{"study_id":"ST000324","analysis_id":"AN000517","analysis_summary":"Reversed phase NEGATIVE ION MODE","metabolite_name":"SM (d40:0)","refmet_name":"SM 40:0;O2"}}