{"1":{"study_id":"ST000635","analysis_id":"AN000967","analysis_summary":"Reversed phase POSITIVE ION MODE","metabolite_name":"1-Methylhistidine","refmet_name":"1-Methylhistidine"},"2":{"study_id":"ST000635","analysis_id":"AN000967","analysis_summary":"Reversed phase POSITIVE ION MODE","metabolite_name":"3-Methylhistidine","refmet_name":"3-Methylhistidine"},"3":{"study_id":"ST000635","analysis_id":"AN000967","analysis_summary":"Reversed phase POSITIVE ION MODE","metabolite_name":"Alanine","refmet_name":"Alanine"},"4":{"study_id":"ST000635","analysis_id":"AN000967","analysis_summary":"Reversed phase POSITIVE ION MODE","metabolite_name":"allo-Isoleucine","refmet_name":"Alloisoleucine"},"5":{"study_id":"ST000635","analysis_id":"AN000967","analysis_summary":"Reversed phase POSITIVE ION MODE","metabolite_name":"alpha-Aminoadipic-acid","refmet_name":"alpha-Aminoadipic acid"},"6":{"study_id":"ST000635","analysis_id":"AN000967","analysis_summary":"Reversed phase POSITIVE ION MODE","metabolite_name":"alpha-Amino-N-butyric-acid","refmet_name":"2-Aminobutyric acid"},"7":{"study_id":"ST000635","analysis_id":"AN000967","analysis_summary":"Reversed phase POSITIVE ION MODE","metabolite_name":"Anserine","refmet_name":"Anserine"},"8":{"study_id":"ST000635","analysis_id":"AN000967","analysis_summary":"Reversed phase POSITIVE ION MODE","metabolite_name":"Arginine","refmet_name":"Arginine"},"9":{"study_id":"ST000635","analysis_id":"AN000967","analysis_summary":"Reversed phase POSITIVE ION MODE","metabolite_name":"Asparagine","refmet_name":"Asparagine"},"10":{"study_id":"ST000635","analysis_id":"AN000967","analysis_summary":"Reversed phase POSITIVE ION MODE","metabolite_name":"Aspartic Acid","refmet_name":"Aspartic acid"},"11":{"study_id":"ST000635","analysis_id":"AN000967","analysis_summary":"Reversed phase POSITIVE ION MODE","metabolite_name":"beta-Alanine","refmet_name":"beta-Alanine"},"12":{"study_id":"ST000635","analysis_id":"AN000967","analysis_summary":"Reversed phase POSITIVE ION MODE","metabolite_name":"beta-Aminoisobutyric-acid","refmet_name":"beta-Aminoisobutyric acid"},"13":{"study_id":"ST000635","analysis_id":"AN000967","analysis_summary":"Reversed phase POSITIVE ION MODE","metabolite_name":"Carnosine","refmet_name":"Carnosine"},"14":{"study_id":"ST000635","analysis_id":"AN000967","analysis_summary":"Reversed phase POSITIVE ION MODE","metabolite_name":"Citrulline","refmet_name":"Citrulline"},"15":{"study_id":"ST000635","analysis_id":"AN000967","analysis_summary":"Reversed phase POSITIVE ION MODE","metabolite_name":"Cystathionine 1","refmet_name":"Cystathionine"},"16":{"study_id":"ST000635","analysis_id":"AN000967","analysis_summary":"Reversed phase POSITIVE ION MODE","metabolite_name":"Cystathionine 2","refmet_name":"Cystathionine"},"17":{"study_id":"ST000635","analysis_id":"AN000967","analysis_summary":"Reversed phase POSITIVE ION MODE","metabolite_name":"Cystine","refmet_name":"Cystine"},"18":{"study_id":"ST000635","analysis_id":"AN000967","analysis_summary":"Reversed phase POSITIVE ION MODE","metabolite_name":"Ethanolamine","refmet_name":"Ethanolamine"},"19":{"study_id":"ST000635","analysis_id":"AN000967","analysis_summary":"Reversed phase POSITIVE ION MODE","metabolite_name":"gamma-Amino-N-butyric-acid","refmet_name":"gamma-Aminobutyric acid"},"20":{"study_id":"ST000635","analysis_id":"AN000967","analysis_summary":"Reversed phase POSITIVE ION MODE","metabolite_name":"Glutamic Acid","refmet_name":"Glutamic acid"},"21":{"study_id":"ST000635","analysis_id":"AN000967","analysis_summary":"Reversed phase POSITIVE ION MODE","metabolite_name":"Glutamine","refmet_name":"Glutamine"},"22":{"study_id":"ST000635","analysis_id":"AN000967","analysis_summary":"Reversed phase POSITIVE ION MODE","metabolite_name":"Glycine","refmet_name":"Glycine"},"23":{"study_id":"ST000635","analysis_id":"AN000967","analysis_summary":"Reversed phase POSITIVE ION MODE","metabolite_name":"Histidine","refmet_name":"Histidine"},"24":{"study_id":"ST000635","analysis_id":"AN000967","analysis_summary":"Reversed phase POSITIVE ION MODE","metabolite_name":"Homocystine","refmet_name":"DL-Homocystine"},"25":{"study_id":"ST000635","analysis_id":"AN000967","analysis_summary":"Reversed phase POSITIVE ION MODE","metabolite_name":"Hydroxylysine 1","refmet_name":"5-Hydroxylysine"},"26":{"study_id":"ST000635","analysis_id":"AN000967","analysis_summary":"Reversed phase POSITIVE ION MODE","metabolite_name":"Hydroxylysine 2","refmet_name":"5-Hydroxylysine"},"27":{"study_id":"ST000635","analysis_id":"AN000967","analysis_summary":"Reversed phase POSITIVE ION MODE","metabolite_name":"Hydroxyproline","refmet_name":"cis-3-Hydroxyproline"},"28":{"study_id":"ST000635","analysis_id":"AN000967","analysis_summary":"Reversed phase POSITIVE ION MODE","metabolite_name":"Isoleucine","refmet_name":"Isoleucine"},"29":{"study_id":"ST000635","analysis_id":"AN000967","analysis_summary":"Reversed phase POSITIVE ION MODE","metabolite_name":"Leucine","refmet_name":"Leucine"},"30":{"study_id":"ST000635","analysis_id":"AN000967","analysis_summary":"Reversed phase POSITIVE ION MODE","metabolite_name":"Lysine","refmet_name":"Lysine"},"31":{"study_id":"ST000635","analysis_id":"AN000967","analysis_summary":"Reversed phase POSITIVE ION MODE","metabolite_name":"Methionine","refmet_name":"Methionine"},"32":{"study_id":"ST000635","analysis_id":"AN000967","analysis_summary":"Reversed phase POSITIVE ION MODE","metabolite_name":"Ornithine","refmet_name":"Ornithine"},"33":{"study_id":"ST000635","analysis_id":"AN000967","analysis_summary":"Reversed phase POSITIVE ION MODE","metabolite_name":"Phenylalanine","refmet_name":"Phenylalanine"},"34":{"study_id":"ST000635","analysis_id":"AN000967","analysis_summary":"Reversed phase POSITIVE ION MODE","metabolite_name":"Phosphoethanolamine","refmet_name":"Phosphoethanolamine"},"35":{"study_id":"ST000635","analysis_id":"AN000967","analysis_summary":"Reversed phase POSITIVE ION MODE","metabolite_name":"Proline","refmet_name":"Proline"},"36":{"study_id":"ST000635","analysis_id":"AN000967","analysis_summary":"Reversed phase POSITIVE ION MODE","metabolite_name":"Sarcosine","refmet_name":"Sarcosine"},"37":{"study_id":"ST000635","analysis_id":"AN000967","analysis_summary":"Reversed phase POSITIVE ION MODE","metabolite_name":"Serine","refmet_name":"Serine"},"38":{"study_id":"ST000635","analysis_id":"AN000967","analysis_summary":"Reversed phase POSITIVE ION MODE","metabolite_name":"Taurine","refmet_name":"Taurine"},"39":{"study_id":"ST000635","analysis_id":"AN000967","analysis_summary":"Reversed phase POSITIVE ION MODE","metabolite_name":"Threonine","refmet_name":"Threonine"},"40":{"study_id":"ST000635","analysis_id":"AN000967","analysis_summary":"Reversed phase POSITIVE ION MODE","metabolite_name":"Tryptophan","refmet_name":"Tryptophan"},"41":{"study_id":"ST000635","analysis_id":"AN000967","analysis_summary":"Reversed phase POSITIVE ION MODE","metabolite_name":"Tyrosine","refmet_name":"Tyrosine"},"42":{"study_id":"ST000635","analysis_id":"AN000967","analysis_summary":"Reversed phase POSITIVE ION MODE","metabolite_name":"Valine","refmet_name":"Valine"}}