{"1":{"study_id":"ST000718","analysis_id":"AN001122","analysis_summary":"GC POSITIVE ION MODE","metabolite_name":"2-AMINOISOBUTYRIC ACID","refmet_name":"Aminoisobutyric acid"},"2":{"study_id":"ST000718","analysis_id":"AN001122","analysis_summary":"GC POSITIVE ION MODE","metabolite_name":"GLYCINE","refmet_name":"Glycine"},"3":{"study_id":"ST000718","analysis_id":"AN001122","analysis_summary":"GC POSITIVE ION MODE","metabolite_name":"L-ALANINE","refmet_name":"Alanine"},"4":{"study_id":"ST000718","analysis_id":"AN001122","analysis_summary":"GC POSITIVE ION MODE","metabolite_name":"L-ASPARAGINE","refmet_name":"Asparagine"},"5":{"study_id":"ST000718","analysis_id":"AN001122","analysis_summary":"GC POSITIVE ION MODE","metabolite_name":"L-ASPARTIC ACID","refmet_name":"Aspartic acid"},"6":{"study_id":"ST000718","analysis_id":"AN001122","analysis_summary":"GC POSITIVE ION MODE","metabolite_name":"L-GLUTAMIC ACID","refmet_name":"Glutamic acid"},"7":{"study_id":"ST000718","analysis_id":"AN001122","analysis_summary":"GC POSITIVE ION MODE","metabolite_name":"L-GLUTAMINE","refmet_name":"Glutamine"},"8":{"study_id":"ST000718","analysis_id":"AN001122","analysis_summary":"GC POSITIVE ION MODE","metabolite_name":"L-HISTIDINE","refmet_name":"Histidine"},"9":{"study_id":"ST000718","analysis_id":"AN001122","analysis_summary":"GC POSITIVE ION MODE","metabolite_name":"L-ISOLEUCINE","refmet_name":"Isoleucine"},"10":{"study_id":"ST000718","analysis_id":"AN001122","analysis_summary":"GC POSITIVE ION MODE","metabolite_name":"L-LEUCINE","refmet_name":"Leucine"},"11":{"study_id":"ST000718","analysis_id":"AN001122","analysis_summary":"GC POSITIVE ION MODE","metabolite_name":"L-LYSINE","refmet_name":"Lysine"},"12":{"study_id":"ST000718","analysis_id":"AN001122","analysis_summary":"GC POSITIVE ION MODE","metabolite_name":"L-METHIONINE","refmet_name":"Methionine"},"13":{"study_id":"ST000718","analysis_id":"AN001122","analysis_summary":"GC POSITIVE ION MODE","metabolite_name":"L-ORNITHINE","refmet_name":"Ornithine"},"14":{"study_id":"ST000718","analysis_id":"AN001122","analysis_summary":"GC POSITIVE ION MODE","metabolite_name":"L-PHENYLALANINE","refmet_name":"Phenylalanine"},"15":{"study_id":"ST000718","analysis_id":"AN001122","analysis_summary":"GC POSITIVE ION MODE","metabolite_name":"L-PROLINE","refmet_name":"Proline"},"16":{"study_id":"ST000718","analysis_id":"AN001122","analysis_summary":"GC POSITIVE ION MODE","metabolite_name":"L-SERINE","refmet_name":"Serine"},"17":{"study_id":"ST000718","analysis_id":"AN001122","analysis_summary":"GC POSITIVE ION MODE","metabolite_name":"L-THREONINE","refmet_name":"Threonine"},"18":{"study_id":"ST000718","analysis_id":"AN001122","analysis_summary":"GC POSITIVE ION MODE","metabolite_name":"L-TRYPTOPHAN","refmet_name":"Tryptophan"},"19":{"study_id":"ST000718","analysis_id":"AN001122","analysis_summary":"GC POSITIVE ION MODE","metabolite_name":"L-TYROSINE","refmet_name":"Tyrosine"},"20":{"study_id":"ST000718","analysis_id":"AN001122","analysis_summary":"GC POSITIVE ION MODE","metabolite_name":"L-VALINE","refmet_name":"Valine"},"21":{"study_id":"ST000718","analysis_id":"AN001122","analysis_summary":"GC POSITIVE ION MODE","metabolite_name":"SARCOSINE","refmet_name":"Sarcosine"},"22":{"study_id":"ST000718","analysis_id":"AN001123","analysis_summary":"HILIC NEGATIVE ION MODE\/Amino, Aminopropyl ","metabolite_name":"ADENOSINE 5'-MONOPHOSPHATE","refmet_name":"AMP"},"23":{"study_id":"ST000718","analysis_id":"AN001123","analysis_summary":"HILIC NEGATIVE ION MODE\/Amino, Aminopropyl ","metabolite_name":"COENZYME II","refmet_name":"NADP+"},"24":{"study_id":"ST000718","analysis_id":"AN001123","analysis_summary":"HILIC NEGATIVE ION MODE\/Amino, Aminopropyl ","metabolite_name":"CREATINE","refmet_name":"Creatine"},"25":{"study_id":"ST000718","analysis_id":"AN001123","analysis_summary":"HILIC NEGATIVE ION MODE\/Amino, Aminopropyl ","metabolite_name":"D-FRUCTOSE, 1,6-BIS(DIHYDROGEN PHOSPHATE)","refmet_name":"Fructose 1,6-bisphosphate"},"26":{"study_id":"ST000718","analysis_id":"AN001123","analysis_summary":"HILIC NEGATIVE ION MODE\/Amino, Aminopropyl ","metabolite_name":"FAD","refmet_name":"FAD"},"27":{"study_id":"ST000718","analysis_id":"AN001123","analysis_summary":"HILIC NEGATIVE ION MODE\/Amino, Aminopropyl ","metabolite_name":"GLUCONIC ACID","refmet_name":"Gluconic acid"},"28":{"study_id":"ST000718","analysis_id":"AN001123","analysis_summary":"HILIC NEGATIVE ION MODE\/Amino, Aminopropyl ","metabolite_name":"GLYCERATE 3-PHOSPHATE","refmet_name":"3-Phosphoglyceric acid"},"29":{"study_id":"ST000718","analysis_id":"AN001123","analysis_summary":"HILIC NEGATIVE ION MODE\/Amino, Aminopropyl ","metabolite_name":"HEXOPYRANOSE","refmet_name":"Hexose"},"30":{"study_id":"ST000718","analysis_id":"AN001123","analysis_summary":"HILIC NEGATIVE ION MODE\/Amino, Aminopropyl ","metabolite_name":"HYPOXANTHINE","refmet_name":"Hypoxanthine"},"31":{"study_id":"ST000718","analysis_id":"AN001123","analysis_summary":"HILIC NEGATIVE ION MODE\/Amino, Aminopropyl ","metabolite_name":"INOSINIC ACID","refmet_name":"IMP"},"32":{"study_id":"ST000718","analysis_id":"AN001123","analysis_summary":"HILIC NEGATIVE ION MODE\/Amino, Aminopropyl ","metabolite_name":"NADH","refmet_name":"NADH"},"33":{"study_id":"ST000718","analysis_id":"AN001123","analysis_summary":"HILIC NEGATIVE ION MODE\/Amino, Aminopropyl ","metabolite_name":"OLEIC ACID","refmet_name":"Oleic acid"},"34":{"study_id":"ST000718","analysis_id":"AN001123","analysis_summary":"HILIC NEGATIVE ION MODE\/Amino, Aminopropyl ","metabolite_name":"PALMITIC ACID","refmet_name":"Palmitic acid"},"35":{"study_id":"ST000718","analysis_id":"AN001123","analysis_summary":"HILIC NEGATIVE ION MODE\/Amino, Aminopropyl ","metabolite_name":"PHOSPHOENOLPYRUVATE","refmet_name":"Phosphoenolpyruvic acid"},"36":{"study_id":"ST000718","analysis_id":"AN001123","analysis_summary":"HILIC NEGATIVE ION MODE\/Amino, Aminopropyl ","metabolite_name":"RIBOSE PHOSPHATE","refmet_name":"Ribose 5-phosphate"},"37":{"study_id":"ST000718","analysis_id":"AN001123","analysis_summary":"HILIC NEGATIVE ION MODE\/Amino, Aminopropyl ","metabolite_name":"ROBISON ESTER","refmet_name":"Glucose 6-phosphate"},"38":{"study_id":"ST000718","analysis_id":"AN001123","analysis_summary":"HILIC NEGATIVE ION MODE\/Amino, Aminopropyl ","metabolite_name":"SEDOHEPTULOSE 7-PHOSPHATE","refmet_name":"Sedoheptulose 7-phosphate"},"39":{"study_id":"ST000718","analysis_id":"AN001123","analysis_summary":"HILIC NEGATIVE ION MODE\/Amino, Aminopropyl ","metabolite_name":"STEARIC ACID","refmet_name":"Stearic acid"},"40":{"study_id":"ST000718","analysis_id":"AN001123","analysis_summary":"HILIC NEGATIVE ION MODE\/Amino, Aminopropyl ","metabolite_name":"UDP-N-ACETYLGLUCOSAMINE","refmet_name":"UDP-N-acetylglucosamine"},"41":{"study_id":"ST000718","analysis_id":"AN001124","analysis_summary":"HILIC NEGATIVE ION MODE\/D4 steroids","metabolite_name":"21-DEOXYCORTISOL","refmet_name":"21-Deoxycortisol"},"42":{"study_id":"ST000718","analysis_id":"AN001124","analysis_summary":"HILIC NEGATIVE ION MODE\/D4 steroids","metabolite_name":"CORTEXOLONE","refmet_name":"11-Deoxycortisol"},"43":{"study_id":"ST000718","analysis_id":"AN001124","analysis_summary":"HILIC NEGATIVE ION MODE\/D4 steroids","metabolite_name":"CORTICOSTERONE","refmet_name":"Corticosterone"},"44":{"study_id":"ST000718","analysis_id":"AN001124","analysis_summary":"HILIC NEGATIVE ION MODE\/D4 steroids","metabolite_name":"CORTISONE","refmet_name":"Cortisone"},"45":{"study_id":"ST000718","analysis_id":"AN001124","analysis_summary":"HILIC NEGATIVE ION MODE\/D4 steroids","metabolite_name":"DESOXYCORTICOSTERONE","refmet_name":"11-Deoxycorticosterone"},"46":{"study_id":"ST000718","analysis_id":"AN001124","analysis_summary":"HILIC NEGATIVE ION MODE\/D4 steroids","metabolite_name":"HYDROCORTISONE","refmet_name":"Cortisol"}}