{"1":{"study_id":"ST000708","analysis_id":"AN001099","analysis_summary":"Reversed phase POSITIVE ION MODE","metabolite_name":"16:0 LYSO PC (M+H)+","refmet_name":"LPC 16:0"},"2":{"study_id":"ST000708","analysis_id":"AN001099","analysis_summary":"Reversed phase POSITIVE ION MODE","metabolite_name":"18:0 LYSO-PE (2M+H)+","refmet_name":"LPE 18:0"},"3":{"study_id":"ST000708","analysis_id":"AN001099","analysis_summary":"Reversed phase POSITIVE ION MODE","metabolite_name":"1-METHYLXANTHINE (M+H)+","refmet_name":"1-Methylxanthine"},"4":{"study_id":"ST000708","analysis_id":"AN001099","analysis_summary":"Reversed phase POSITIVE ION MODE","metabolite_name":"1-METHYLXANTHINE (M+NA)+","refmet_name":"1-Methylxanthine"},"5":{"study_id":"ST000708","analysis_id":"AN001099","analysis_summary":"Reversed phase POSITIVE ION MODE","metabolite_name":"24:0 SM (D18:1\/24:0) (M+H)+","refmet_name":"SM 18:1;O2\/24:0"},"6":{"study_id":"ST000708","analysis_id":"AN001099","analysis_summary":"Reversed phase POSITIVE ION MODE","metabolite_name":"24:0 SM (D18:1\/24:0) (M+NA)+","refmet_name":"SM 18:1;O2\/24:0"},"7":{"study_id":"ST000708","analysis_id":"AN001099","analysis_summary":"Reversed phase POSITIVE ION MODE","metabolite_name":"2-AMINOBUTANOIC ACID (M+H)+","refmet_name":"2-Aminobutyric acid"},"8":{"study_id":"ST000708","analysis_id":"AN001099","analysis_summary":"Reversed phase POSITIVE ION MODE","metabolite_name":"2'-DEOXYGUANOSINE (M+H)+","refmet_name":"Deoxyguanosine"},"9":{"study_id":"ST000708","analysis_id":"AN001099","analysis_summary":"Reversed phase POSITIVE ION MODE","metabolite_name":"3-AMINOISOBUTYRIC ACID (M+H)+[-H2O]","refmet_name":"3-Aminoisobutanoic acid"},"10":{"study_id":"ST000708","analysis_id":"AN001099","analysis_summary":"Reversed phase POSITIVE ION MODE","metabolite_name":"3-METHOXYTYROSINE (M+H)+","refmet_name":"3-Methoxytyrosine"},"11":{"study_id":"ST000708","analysis_id":"AN001099","analysis_summary":"Reversed phase POSITIVE ION MODE","metabolite_name":"4-PYRIDOXIC ACID (M+NA)+","refmet_name":"4-Pyridoxic acid"},"12":{"study_id":"ST000708","analysis_id":"AN001099","analysis_summary":"Reversed phase POSITIVE ION MODE","metabolite_name":"5-AMINOPENTANOIC ACID (M+H)+","refmet_name":"5-Aminopentanoic acid"},"13":{"study_id":"ST000708","analysis_id":"AN001099","analysis_summary":"Reversed phase POSITIVE ION MODE","metabolite_name":"ACETAMINOPHEN (TN TYLENOL) (M+H)+","refmet_name":"Acetaminophen"},"14":{"study_id":"ST000708","analysis_id":"AN001099","analysis_summary":"Reversed phase POSITIVE ION MODE","metabolite_name":"ACETAMINOPHEN (TN TYLENOL) (M+NA)+","refmet_name":"Acetaminophen"},"15":{"study_id":"ST000708","analysis_id":"AN001099","analysis_summary":"Reversed phase POSITIVE ION MODE","metabolite_name":"ALPHA-LINOLENIC ACID (M+NA)+","refmet_name":"alpha-Linolenic acid"},"16":{"study_id":"ST000708","analysis_id":"AN001099","analysis_summary":"Reversed phase POSITIVE ION MODE","metabolite_name":"ALPHA-TOCOPHEROL (M+H)+","refmet_name":"alpha-Tocopherol"},"17":{"study_id":"ST000708","analysis_id":"AN001099","analysis_summary":"Reversed phase POSITIVE ION MODE","metabolite_name":"BILIVERDIN (M+H)+","refmet_name":"Biliverdin"},"18":{"study_id":"ST000708","analysis_id":"AN001099","analysis_summary":"Reversed phase POSITIVE ION MODE","metabolite_name":"BIS(2-ETHYLHEXYL)PHTHALIC ACID (M+H)+","refmet_name":"bis(2-Ethylhexyl)phthalic acid"},"19":{"study_id":"ST000708","analysis_id":"AN001099","analysis_summary":"Reversed phase POSITIVE ION MODE","metabolite_name":"BUTYRYLCARNITINE (*) (M+H)+","refmet_name":"CAR 4:0"},"20":{"study_id":"ST000708","analysis_id":"AN001099","analysis_summary":"Reversed phase POSITIVE ION MODE","metabolite_name":"CARNITINE (M+H)+","refmet_name":"Carnitine"},"21":{"study_id":"ST000708","analysis_id":"AN001099","analysis_summary":"Reversed phase POSITIVE ION MODE","metabolite_name":"CHOLIC ACID (2M+NA)+","refmet_name":"Cholic acid"},"22":{"study_id":"ST000708","analysis_id":"AN001099","analysis_summary":"Reversed phase POSITIVE ION MODE","metabolite_name":"CHOLINE M+","refmet_name":"Choline"},"23":{"study_id":"ST000708","analysis_id":"AN001099","analysis_summary":"Reversed phase POSITIVE ION MODE","metabolite_name":"CITRIC ACID (M+NA)+","refmet_name":"Citric acid"},"24":{"study_id":"ST000708","analysis_id":"AN001099","analysis_summary":"Reversed phase POSITIVE ION MODE","metabolite_name":"DECANOYLCARNITINE (*) (M+H)+","refmet_name":"CAR 10:0"},"25":{"study_id":"ST000708","analysis_id":"AN001099","analysis_summary":"Reversed phase POSITIVE ION MODE","metabolite_name":"DECENOYLCARNITINE (*) (M+H)+","refmet_name":"CAR 10:1"},"26":{"study_id":"ST000708","analysis_id":"AN001099","analysis_summary":"Reversed phase POSITIVE ION MODE","metabolite_name":"DEHYDROEPIANDROSTERONE (M+NA)+","refmet_name":"Dehydroepiandrosterone"},"27":{"study_id":"ST000708","analysis_id":"AN001099","analysis_summary":"Reversed phase POSITIVE ION MODE","metabolite_name":"DEHYDROEPIANDROSTERONE SULFATE M+[-HSO4]","refmet_name":"Dehydroepiandrosterone sulfate"},"28":{"study_id":"ST000708","analysis_id":"AN001099","analysis_summary":"Reversed phase POSITIVE ION MODE","metabolite_name":"DESMOSTEROL (M+H)+[-H2O]","refmet_name":"Desmosterol"},"29":{"study_id":"ST000708","analysis_id":"AN001099","analysis_summary":"Reversed phase POSITIVE ION MODE","metabolite_name":"DIPALMITOYL-GLYCEROL (M+H)+[-H2O]","refmet_name":"DG 16:0_16:0"},"30":{"study_id":"ST000708","analysis_id":"AN001099","analysis_summary":"Reversed phase POSITIVE ION MODE","metabolite_name":"DODECENOYLCARNITINE (*) II M+","refmet_name":"CAR 12:1"},"31":{"study_id":"ST000708","analysis_id":"AN001099","analysis_summary":"Reversed phase POSITIVE ION MODE","metabolite_name":"EDTA (M+NA)+","refmet_name":"Edetic acid"},"32":{"study_id":"ST000708","analysis_id":"AN001099","analysis_summary":"Reversed phase POSITIVE ION MODE","metabolite_name":"EICOSANOYLCARNITINE (*) (M+H)+","refmet_name":"CAR 20:0"},"33":{"study_id":"ST000708","analysis_id":"AN001099","analysis_summary":"Reversed phase POSITIVE ION MODE","metabolite_name":"EPINEPHRINE (M+H)+","refmet_name":"Epinephrine"},"34":{"study_id":"ST000708","analysis_id":"AN001099","analysis_summary":"Reversed phase POSITIVE ION MODE","metabolite_name":"EPINEPHRINE (M+H)+[-H2O]","refmet_name":"Epinephrine"},"35":{"study_id":"ST000708","analysis_id":"AN001099","analysis_summary":"Reversed phase POSITIVE ION MODE","metabolite_name":"GLUCOSE (2M+NA)+","refmet_name":"Glucose"},"36":{"study_id":"ST000708","analysis_id":"AN001099","analysis_summary":"Reversed phase POSITIVE ION MODE","metabolite_name":"GLUCOSE (M+NA)+","refmet_name":"Glucose"},"37":{"study_id":"ST000708","analysis_id":"AN001099","analysis_summary":"Reversed phase POSITIVE ION MODE","metabolite_name":"GLUTAMINE (M+NA)+","refmet_name":"Glutamine"},"38":{"study_id":"ST000708","analysis_id":"AN001099","analysis_summary":"Reversed phase POSITIVE ION MODE","metabolite_name":"GLYCEROL MYRISTATE (M+H)+[-H2O]","refmet_name":"MG 14:0"},"39":{"study_id":"ST000708","analysis_id":"AN001099","analysis_summary":"Reversed phase POSITIVE ION MODE","metabolite_name":"GLYCOCHENODEOXYCHOLIC ACID (M+H)+[-H2O]","refmet_name":"Glycochenodeoxycholic acid"},"40":{"study_id":"ST000708","analysis_id":"AN001099","analysis_summary":"Reversed phase POSITIVE ION MODE","metabolite_name":"GLYCOCHENODEOXYCHOLIC ACID (M+NA)+","refmet_name":"Glycochenodeoxycholic acid"},"41":{"study_id":"ST000708","analysis_id":"AN001099","analysis_summary":"Reversed phase POSITIVE ION MODE","metabolite_name":"GLYCOCHOLIC ACID (M+H)+","refmet_name":"Glycocholic acid"},"42":{"study_id":"ST000708","analysis_id":"AN001099","analysis_summary":"Reversed phase POSITIVE ION MODE","metabolite_name":"GLYCOCHOLIC ACID (M+H)+[-H2O]","refmet_name":"Glycocholic acid"},"43":{"study_id":"ST000708","analysis_id":"AN001099","analysis_summary":"Reversed phase POSITIVE ION MODE","metabolite_name":"GLYCOCHOLIC ACID (M+NA)+","refmet_name":"Glycocholic acid"},"44":{"study_id":"ST000708","analysis_id":"AN001099","analysis_summary":"Reversed phase POSITIVE ION MODE","metabolite_name":"GUANOSINE (M+H)+","refmet_name":"Guanosine"},"45":{"study_id":"ST000708","analysis_id":"AN001099","analysis_summary":"Reversed phase POSITIVE ION MODE","metabolite_name":"HEXANOYLCARNITINE (*) M+","refmet_name":"CAR 6:0"},"46":{"study_id":"ST000708","analysis_id":"AN001099","analysis_summary":"Reversed phase POSITIVE ION MODE","metabolite_name":"IBUPROFEN CARBOXYLIC ACID (M+H)+[-H2O]","refmet_name":""},"47":{"study_id":"ST000708","analysis_id":"AN001099","analysis_summary":"Reversed phase POSITIVE ION MODE","metabolite_name":"INDOLE-3-ACETALDEHYDE (M+H)+","refmet_name":"Indoleacetaldehyde"},"48":{"study_id":"ST000708","analysis_id":"AN001099","analysis_summary":"Reversed phase POSITIVE ION MODE","metabolite_name":"ISO-BUTYRYLCARNITINE (*) (M+H)+","refmet_name":"CAR 3:0;2Me"},"49":{"study_id":"ST000708","analysis_id":"AN001099","analysis_summary":"Reversed phase POSITIVE ION MODE","metabolite_name":"ISOLEUCINE (M+H)+","refmet_name":"Isoleucine"},"50":{"study_id":"ST000708","analysis_id":"AN001099","analysis_summary":"Reversed phase POSITIVE ION MODE","metabolite_name":"ISOVALERYLCARNITINE (*) (M+H)+","refmet_name":"CAR 4:0;3Me"},"51":{"study_id":"ST000708","analysis_id":"AN001099","analysis_summary":"Reversed phase POSITIVE ION MODE","metabolite_name":"KYNURENIC ACID (M+H)+","refmet_name":"Kynurenic acid"},"52":{"study_id":"ST000708","analysis_id":"AN001099","analysis_summary":"Reversed phase POSITIVE ION MODE","metabolite_name":"LEUCINE (M+H)+","refmet_name":"Leucine"},"53":{"study_id":"ST000708","analysis_id":"AN001099","analysis_summary":"Reversed phase POSITIVE ION MODE","metabolite_name":"LYSINE (M+H)+","refmet_name":"Lysine"},"54":{"study_id":"ST000708","analysis_id":"AN001099","analysis_summary":"Reversed phase POSITIVE ION MODE","metabolite_name":"LYSINE (M+NA)+","refmet_name":"Lysine"},"55":{"study_id":"ST000708","analysis_id":"AN001099","analysis_summary":"Reversed phase POSITIVE ION MODE","metabolite_name":"METHYL JASMONATE (M+NA)+","refmet_name":"Methyl jasmonate"},"56":{"study_id":"ST000708","analysis_id":"AN001099","analysis_summary":"Reversed phase POSITIVE ION MODE","metabolite_name":"N-ACETYL-D-GLUCOSAMINE (M+NA)+","refmet_name":"N-Acetyl-D-glucosamine"},"57":{"study_id":"ST000708","analysis_id":"AN001099","analysis_summary":"Reversed phase POSITIVE ION MODE","metabolite_name":"N-ACETYL-DL-SERINE (M+H)+[-H2O]","refmet_name":"N-Acetylserine"},"58":{"study_id":"ST000708","analysis_id":"AN001099","analysis_summary":"Reversed phase POSITIVE ION MODE","metabolite_name":"N-ACETYL-D-TRYPTOPHAN (M+NA)+","refmet_name":"N-Acetyl-D-tryptophan"},"59":{"study_id":"ST000708","analysis_id":"AN001099","analysis_summary":"Reversed phase POSITIVE ION MODE","metabolite_name":"NAD (M+H)+","refmet_name":"NAD+"},"60":{"study_id":"ST000708","analysis_id":"AN001099","analysis_summary":"Reversed phase POSITIVE ION MODE","metabolite_name":"NAPROXEN (M+H)+","refmet_name":"Naproxen"},"61":{"study_id":"ST000708","analysis_id":"AN001099","analysis_summary":"Reversed phase POSITIVE ION MODE","metabolite_name":"NAPROXEN (M+NA)+","refmet_name":"Naproxen"},"62":{"study_id":"ST000708","analysis_id":"AN001099","analysis_summary":"Reversed phase POSITIVE ION MODE","metabolite_name":"N-METHYL-GLUTAMIC ACID (M+NA)+","refmet_name":"N-Methyl-glutamic acid"},"63":{"study_id":"ST000708","analysis_id":"AN001099","analysis_summary":"Reversed phase POSITIVE ION MODE","metabolite_name":"OCTENOYLCARNITINE (*) M+","refmet_name":"CAR 8:1"},"64":{"study_id":"ST000708","analysis_id":"AN001099","analysis_summary":"Reversed phase POSITIVE ION MODE","metabolite_name":"OLEAMIDE (M+H)+","refmet_name":"Oleamide"},"65":{"study_id":"ST000708","analysis_id":"AN001099","analysis_summary":"Reversed phase POSITIVE ION MODE","metabolite_name":"OLEOYL-GLYCEROL (M+H)+","refmet_name":"MG 18:1"},"66":{"study_id":"ST000708","analysis_id":"AN001099","analysis_summary":"Reversed phase POSITIVE ION MODE","metabolite_name":"OMEPRAZOLE (M+H)+","refmet_name":"Omeprazole"},"67":{"study_id":"ST000708","analysis_id":"AN001099","analysis_summary":"Reversed phase POSITIVE ION MODE","metabolite_name":"OMEPRAZOLE SULFONE (2M+NA)+","refmet_name":"Omeprazole sulfone"},"68":{"study_id":"ST000708","analysis_id":"AN001099","analysis_summary":"Reversed phase POSITIVE ION MODE","metabolite_name":"OMEPRAZOLE SULFONE (M+H)+","refmet_name":"Omeprazole sulfone"},"69":{"study_id":"ST000708","analysis_id":"AN001099","analysis_summary":"Reversed phase POSITIVE ION MODE","metabolite_name":"ORNITHINE (M+H)+","refmet_name":"Ornithine"},"70":{"study_id":"ST000708","analysis_id":"AN001099","analysis_summary":"Reversed phase POSITIVE ION MODE","metabolite_name":"PANTOTHENIC ACID (M+NA)+","refmet_name":"Pantothenic acid"},"71":{"study_id":"ST000708","analysis_id":"AN001099","analysis_summary":"Reversed phase POSITIVE ION MODE","metabolite_name":"PHENYLALANINE (M+H)+","refmet_name":"Phenylalanine"},"72":{"study_id":"ST000708","analysis_id":"AN001099","analysis_summary":"Reversed phase POSITIVE ION MODE","metabolite_name":"PIPECOLIC ACID (M+H)+","refmet_name":"Pipecolic acid"},"73":{"study_id":"ST000708","analysis_id":"AN001099","analysis_summary":"Reversed phase POSITIVE ION MODE","metabolite_name":"PROGESTERONE (M+H)+","refmet_name":"Progesterone"},"74":{"study_id":"ST000708","analysis_id":"AN001099","analysis_summary":"Reversed phase POSITIVE ION MODE","metabolite_name":"PROLINE (M+H)+","refmet_name":"Proline"},"75":{"study_id":"ST000708","analysis_id":"AN001099","analysis_summary":"Reversed phase POSITIVE ION MODE","metabolite_name":"PROSTAGLANDIN E2 (M+H)+","refmet_name":"PGE2"},"76":{"study_id":"ST000708","analysis_id":"AN001099","analysis_summary":"Reversed phase POSITIVE ION MODE","metabolite_name":"RIBOFLAVIN (M+NA)+","refmet_name":"Riboflavin"},"77":{"study_id":"ST000708","analysis_id":"AN001099","analysis_summary":"Reversed phase POSITIVE ION MODE","metabolite_name":"S-ADENOSYL-L-HOMOCYSTEINE (M+H)+","refmet_name":"S-Adenosylhomocysteine"},"78":{"study_id":"ST000708","analysis_id":"AN001099","analysis_summary":"Reversed phase POSITIVE ION MODE","metabolite_name":"SUCROSE (M+NA)+","refmet_name":"Sucrose"},"79":{"study_id":"ST000708","analysis_id":"AN001099","analysis_summary":"Reversed phase POSITIVE ION MODE","metabolite_name":"TAUROCHOLIC ACID (M+NA)+","refmet_name":"Taurocholic acid"},"80":{"study_id":"ST000708","analysis_id":"AN001099","analysis_summary":"Reversed phase POSITIVE ION MODE","metabolite_name":"THEOBROMINE (M+H)+","refmet_name":"Theobromine"},"81":{"study_id":"ST000708","analysis_id":"AN001099","analysis_summary":"Reversed phase POSITIVE ION MODE","metabolite_name":"THEOBROMINE (M+NA)+","refmet_name":"Theobromine"},"82":{"study_id":"ST000708","analysis_id":"AN001099","analysis_summary":"Reversed phase POSITIVE ION MODE","metabolite_name":"THEOPHYLLINE (M+H)+","refmet_name":"Theophylline"},"83":{"study_id":"ST000708","analysis_id":"AN001099","analysis_summary":"Reversed phase POSITIVE ION MODE","metabolite_name":"THEOPHYLLINE (M+NA)+","refmet_name":"Theophylline"},"84":{"study_id":"ST000708","analysis_id":"AN001099","analysis_summary":"Reversed phase POSITIVE ION MODE","metabolite_name":"TRYPTOPHAN (M+NA)+","refmet_name":"Tryptophan"},"85":{"study_id":"ST000708","analysis_id":"AN001099","analysis_summary":"Reversed phase POSITIVE ION MODE","metabolite_name":"TYROSINE (M+H)+","refmet_name":"Tyrosine"},"86":{"study_id":"ST000708","analysis_id":"AN001099","analysis_summary":"Reversed phase POSITIVE ION MODE","metabolite_name":"TYROSINE (M+NA)+","refmet_name":"Tyrosine"},"87":{"study_id":"ST000708","analysis_id":"AN001099","analysis_summary":"Reversed phase POSITIVE ION MODE","metabolite_name":"URIC ACID (M+H)+","refmet_name":"Uric acid"},"88":{"study_id":"ST000708","analysis_id":"AN001099","analysis_summary":"Reversed phase POSITIVE ION MODE","metabolite_name":"URIDINE (M+NA)+","refmet_name":"Uridine"},"89":{"study_id":"ST000708","analysis_id":"AN001100","analysis_summary":"Reversed phase NEGATIVE ION MODE","metabolite_name":"16:0 LYSO PC (M+CL)-","refmet_name":"LPC 16:0"},"90":{"study_id":"ST000708","analysis_id":"AN001100","analysis_summary":"Reversed phase NEGATIVE ION MODE","metabolite_name":"18:0 LYSO-PE (M-H)-","refmet_name":"LPE 18:0"},"91":{"study_id":"ST000708","analysis_id":"AN001100","analysis_summary":"Reversed phase NEGATIVE ION MODE","metabolite_name":"1-METHYLADENOSINE (M+CL)-","refmet_name":"1-Methyladenosine"},"92":{"study_id":"ST000708","analysis_id":"AN001100","analysis_summary":"Reversed phase NEGATIVE ION MODE","metabolite_name":"1-METHYLURIC ACID (M-H)-","refmet_name":"1-Methyluric acid"},"93":{"study_id":"ST000708","analysis_id":"AN001100","analysis_summary":"Reversed phase NEGATIVE ION MODE","metabolite_name":"1-METHYLXANTHINE (M-H)-","refmet_name":"1-Methylxanthine"},"94":{"study_id":"ST000708","analysis_id":"AN001100","analysis_summary":"Reversed phase NEGATIVE ION MODE","metabolite_name":"3-METHYLXANTHINE (M-H)-","refmet_name":"3-Methylxanthine"},"95":{"study_id":"ST000708","analysis_id":"AN001100","analysis_summary":"Reversed phase NEGATIVE ION MODE","metabolite_name":"4-NITROPHENOL (M-H)-","refmet_name":"4-Nitrophenol"},"96":{"study_id":"ST000708","analysis_id":"AN001100","analysis_summary":"Reversed phase NEGATIVE ION MODE","metabolite_name":"4-PYRIDOXIC ACID (M-H)-","refmet_name":"4-Pyridoxic acid"},"97":{"study_id":"ST000708","analysis_id":"AN001100","analysis_summary":"Reversed phase NEGATIVE ION MODE","metabolite_name":"5'-METHYLTHIOADENOSINE (M+CL)-","refmet_name":"5'-Methylthioadenosine"},"98":{"study_id":"ST000708","analysis_id":"AN001100","analysis_summary":"Reversed phase NEGATIVE ION MODE","metabolite_name":"5-VALEROLACTONE (M+HCOO)-","refmet_name":"5-Valerolactone"},"99":{"study_id":"ST000708","analysis_id":"AN001100","analysis_summary":"Reversed phase NEGATIVE ION MODE","metabolite_name":"ARACHIDIC ACID (M-H)-","refmet_name":"Arachidic acid"},"100":{"study_id":"ST000708","analysis_id":"AN001100","analysis_summary":"Reversed phase NEGATIVE ION MODE","metabolite_name":"ARACHIDONIC ACID (M-H)-","refmet_name":"Arachidonic acid"},"101":{"study_id":"ST000708","analysis_id":"AN001100","analysis_summary":"Reversed phase NEGATIVE ION MODE","metabolite_name":"BEHENIC ACID (M-H)-","refmet_name":"Behenic acid"},"102":{"study_id":"ST000708","analysis_id":"AN001100","analysis_summary":"Reversed phase NEGATIVE ION MODE","metabolite_name":"BILIVERDIN (M-H)-","refmet_name":"Biliverdin"},"103":{"study_id":"ST000708","analysis_id":"AN001100","analysis_summary":"Reversed phase NEGATIVE ION MODE","metabolite_name":"CIS-VACCENIC ACID (M-H)-","refmet_name":"cis-Vaccenic acid"},"104":{"study_id":"ST000708","analysis_id":"AN001100","analysis_summary":"Reversed phase NEGATIVE ION MODE","metabolite_name":"CITRAMALIC ACID (M-H)-","refmet_name":"Citramalic acid"},"105":{"study_id":"ST000708","analysis_id":"AN001100","analysis_summary":"Reversed phase NEGATIVE ION MODE","metabolite_name":"CITRIC ACID (M-H)-","refmet_name":"Citric acid"},"106":{"study_id":"ST000708","analysis_id":"AN001100","analysis_summary":"Reversed phase NEGATIVE ION MODE","metabolite_name":"CORTICOSTERONE (M+CL)-","refmet_name":"Corticosterone"},"107":{"study_id":"ST000708","analysis_id":"AN001100","analysis_summary":"Reversed phase NEGATIVE ION MODE","metabolite_name":"CORTICOSTERONE (M+HCOO)-","refmet_name":"Corticosterone"},"108":{"study_id":"ST000708","analysis_id":"AN001100","analysis_summary":"Reversed phase NEGATIVE ION MODE","metabolite_name":"CORTISOL (M+CL)-","refmet_name":"Cortisol"},"109":{"study_id":"ST000708","analysis_id":"AN001100","analysis_summary":"Reversed phase NEGATIVE ION MODE","metabolite_name":"CORTISOL (M+HCOO)-","refmet_name":"Cortisol"},"110":{"study_id":"ST000708","analysis_id":"AN001100","analysis_summary":"Reversed phase NEGATIVE ION MODE","metabolite_name":"CORTISONE (M+CL)-","refmet_name":"Cortisone"},"111":{"study_id":"ST000708","analysis_id":"AN001100","analysis_summary":"Reversed phase NEGATIVE ION MODE","metabolite_name":"DEOXYADENOSINE (M+CL)-","refmet_name":"Deoxyadenosine"},"112":{"study_id":"ST000708","analysis_id":"AN001100","analysis_summary":"Reversed phase NEGATIVE ION MODE","metabolite_name":"DEOXYCHOLIC ACID (2M-H)-","refmet_name":"Deoxycholic acid"},"113":{"study_id":"ST000708","analysis_id":"AN001100","analysis_summary":"Reversed phase NEGATIVE ION MODE","metabolite_name":"DEOXYCHOLIC ACID (M+CL)-","refmet_name":"Deoxycholic acid"},"114":{"study_id":"ST000708","analysis_id":"AN001100","analysis_summary":"Reversed phase NEGATIVE ION MODE","metabolite_name":"DEOXYCHOLIC ACID (M-H)-","refmet_name":"Deoxycholic acid"},"115":{"study_id":"ST000708","analysis_id":"AN001100","analysis_summary":"Reversed phase NEGATIVE ION MODE","metabolite_name":"EPIBRASSINOLIDE [ISTD] (M+CL)-","refmet_name":"24-epi-Brassinolide"},"116":{"study_id":"ST000708","analysis_id":"AN001100","analysis_summary":"Reversed phase NEGATIVE ION MODE","metabolite_name":"EPIBRASSINOLIDE [ISTD] (M+HCOO)-","refmet_name":"24-epi-Brassinolide"},"117":{"study_id":"ST000708","analysis_id":"AN001100","analysis_summary":"Reversed phase NEGATIVE ION MODE","metabolite_name":"ERUCIC ACID (M-H)-","refmet_name":"cis-Erucic acid"},"118":{"study_id":"ST000708","analysis_id":"AN001100","analysis_summary":"Reversed phase NEGATIVE ION MODE","metabolite_name":"GLUCOSE (M+CL)-","refmet_name":"Glucose"},"119":{"study_id":"ST000708","analysis_id":"AN001100","analysis_summary":"Reversed phase NEGATIVE ION MODE","metabolite_name":"HEPTADECANOIC ACID (M-H)-","refmet_name":"Margaric acid"},"120":{"study_id":"ST000708","analysis_id":"AN001100","analysis_summary":"Reversed phase NEGATIVE ION MODE","metabolite_name":"HYODEOXYCHOLIC ACID (M-H)-","refmet_name":"Hyodeoxycholic acid"},"121":{"study_id":"ST000708","analysis_id":"AN001100","analysis_summary":"Reversed phase NEGATIVE ION MODE","metabolite_name":"HYPOXANTHINE (M-H)-","refmet_name":"Hypoxanthine"},"122":{"study_id":"ST000708","analysis_id":"AN001100","analysis_summary":"Reversed phase NEGATIVE ION MODE","metabolite_name":"IBUPROFEN (M-H)-","refmet_name":"Ibuprofen"},"123":{"study_id":"ST000708","analysis_id":"AN001100","analysis_summary":"Reversed phase NEGATIVE ION MODE","metabolite_name":"ISOLEUCINE (M-H)-","refmet_name":"Isoleucine"},"124":{"study_id":"ST000708","analysis_id":"AN001100","analysis_summary":"Reversed phase NEGATIVE ION MODE","metabolite_name":"KYNURENIC ACID (M-H)-","refmet_name":"Kynurenic acid"},"125":{"study_id":"ST000708","analysis_id":"AN001100","analysis_summary":"Reversed phase NEGATIVE ION MODE","metabolite_name":"L-[15N]ANTHRANILIC ACID [ISTD] (M-H)-","refmet_name":"2-Aminobenzoic acid"},"126":{"study_id":"ST000708","analysis_id":"AN001100","analysis_summary":"Reversed phase NEGATIVE ION MODE","metabolite_name":"LIGNOCERIC ACID (M-H)-","refmet_name":"Lignoceric acid"},"127":{"study_id":"ST000708","analysis_id":"AN001100","analysis_summary":"Reversed phase NEGATIVE ION MODE","metabolite_name":"L-TRYPTOPHAN-15N2 [ISTD] (M-H)-","refmet_name":"Tryptophan"},"128":{"study_id":"ST000708","analysis_id":"AN001100","analysis_summary":"Reversed phase NEGATIVE ION MODE","metabolite_name":"MANDELIC ACID (M-H)-","refmet_name":"Mandelic acid"},"129":{"study_id":"ST000708","analysis_id":"AN001100","analysis_summary":"Reversed phase NEGATIVE ION MODE","metabolite_name":"MEVALONIC ACID (M-H)-","refmet_name":"Mevalonic acid"},"130":{"study_id":"ST000708","analysis_id":"AN001100","analysis_summary":"Reversed phase NEGATIVE ION MODE","metabolite_name":"N-ACETYL-DL-METHIONINE (M-H)-","refmet_name":"N-Acetylmethionine"},"131":{"study_id":"ST000708","analysis_id":"AN001100","analysis_summary":"Reversed phase NEGATIVE ION MODE","metabolite_name":"OMEPRAZOLE SULFONE (M-H)-","refmet_name":"Omeprazole sulfone"},"132":{"study_id":"ST000708","analysis_id":"AN001100","analysis_summary":"Reversed phase NEGATIVE ION MODE","metabolite_name":"PHYTANIC ACID (M-H)-","refmet_name":"Phytanic acid"},"133":{"study_id":"ST000708","analysis_id":"AN001100","analysis_summary":"Reversed phase NEGATIVE ION MODE","metabolite_name":"S-ADENOSYL-L-HOMOCYSTEINE (M-H)-","refmet_name":"S-Adenosylhomocysteine"},"134":{"study_id":"ST000708","analysis_id":"AN001100","analysis_summary":"Reversed phase NEGATIVE ION MODE","metabolite_name":"THEOPHYLLINE (M-H)-","refmet_name":"Theophylline"},"135":{"study_id":"ST000708","analysis_id":"AN001100","analysis_summary":"Reversed phase NEGATIVE ION MODE","metabolite_name":"URACIL 5-CARBOXYLIC ACID (M-H)-","refmet_name":"Uracil-5-carboxylic acid"},"136":{"study_id":"ST000708","analysis_id":"AN001100","analysis_summary":"Reversed phase NEGATIVE ION MODE","metabolite_name":"URIC ACID (M-H)-","refmet_name":"Uric acid"},"137":{"study_id":"ST000708","analysis_id":"AN001100","analysis_summary":"Reversed phase NEGATIVE ION MODE","metabolite_name":"URIDINE (M+CL)-","refmet_name":"Uridine"},"138":{"study_id":"ST000708","analysis_id":"AN001100","analysis_summary":"Reversed phase NEGATIVE ION MODE","metabolite_name":"URSODIOL (M-H)-","refmet_name":"Ursodeoxycholic acid"},"139":{"study_id":"ST000708","analysis_id":"AN001101","analysis_summary":"C18 NEGATIVE ION MODE","metabolite_name":"Arachidonic acid","refmet_name":"Arachidonic acid"},"140":{"study_id":"ST000708","analysis_id":"AN001101","analysis_summary":"C18 NEGATIVE ION MODE","metabolite_name":"CerP 34:1; [M-H]-@5.83","refmet_name":"CerP 34:1;O2"},"141":{"study_id":"ST000708","analysis_id":"AN001101","analysis_summary":"C18 NEGATIVE ION MODE","metabolite_name":"CL 66:1; [M-2H](2-)@6.23","refmet_name":"CL 66:1"},"142":{"study_id":"ST000708","analysis_id":"AN001101","analysis_summary":"C18 NEGATIVE ION MODE","metabolite_name":"CL 74:1; [M-2H](2-)@6.79","refmet_name":"CL 74:1"},"143":{"study_id":"ST000708","analysis_id":"AN001101","analysis_summary":"C18 NEGATIVE ION MODE","metabolite_name":"CL 76:3; [M-2H](2-)@7.08","refmet_name":"CL 76:3"},"144":{"study_id":"ST000708","analysis_id":"AN001101","analysis_summary":"C18 NEGATIVE ION MODE","metabolite_name":"CL 78:1; [M-2H](2-)@7.90","refmet_name":"CL 78:1"},"145":{"study_id":"ST000708","analysis_id":"AN001101","analysis_summary":"C18 NEGATIVE ION MODE","metabolite_name":"CL 82:15; [M-2H](2-)@5.89","refmet_name":"CL 82:15"},"146":{"study_id":"ST000708","analysis_id":"AN001101","analysis_summary":"C18 NEGATIVE ION MODE","metabolite_name":"FFA(16:0)","refmet_name":"Palmitic acid"},"147":{"study_id":"ST000708","analysis_id":"AN001101","analysis_summary":"C18 NEGATIVE ION MODE","metabolite_name":"FFA(18:0)","refmet_name":"Stearic acid"},"148":{"study_id":"ST000708","analysis_id":"AN001101","analysis_summary":"C18 NEGATIVE ION MODE","metabolite_name":"FFA(18:1)","refmet_name":"Octadecenoic acid"},"149":{"study_id":"ST000708","analysis_id":"AN001101","analysis_summary":"C18 NEGATIVE ION MODE","metabolite_name":"FFA(18:2)","refmet_name":"Octadecadienoic acid"},"150":{"study_id":"ST000708","analysis_id":"AN001101","analysis_summary":"C18 NEGATIVE ION MODE","metabolite_name":"FFA(20:0)","refmet_name":"Arachidic acid"},"151":{"study_id":"ST000708","analysis_id":"AN001101","analysis_summary":"C18 NEGATIVE ION MODE","metabolite_name":"FFA(20:1)","refmet_name":"Heneicosenoic acid"},"152":{"study_id":"ST000708","analysis_id":"AN001101","analysis_summary":"C18 NEGATIVE ION MODE","metabolite_name":"FFA(20:2)","refmet_name":"Eicosadienoic acid"},"153":{"study_id":"ST000708","analysis_id":"AN001101","analysis_summary":"C18 NEGATIVE ION MODE","metabolite_name":"FFA(22:0)","refmet_name":"Behenic acid"},"154":{"study_id":"ST000708","analysis_id":"AN001101","analysis_summary":"C18 NEGATIVE ION MODE","metabolite_name":"FFA(22:1)","refmet_name":"Docosenoic acid"},"155":{"study_id":"ST000708","analysis_id":"AN001101","analysis_summary":"C18 NEGATIVE ION MODE","metabolite_name":"FFA(22:2)","refmet_name":"Docosadienoic acid"},"156":{"study_id":"ST000708","analysis_id":"AN001101","analysis_summary":"C18 NEGATIVE ION MODE","metabolite_name":"FFA(22:3)","refmet_name":"Docosatrienoic acid"},"157":{"study_id":"ST000708","analysis_id":"AN001101","analysis_summary":"C18 NEGATIVE ION MODE","metabolite_name":"FFA(24:0)","refmet_name":"Lignoceric acid"},"158":{"study_id":"ST000708","analysis_id":"AN001101","analysis_summary":"C18 NEGATIVE ION MODE","metabolite_name":"FFA(24:1)","refmet_name":"Tetracosenoic acid"},"159":{"study_id":"ST000708","analysis_id":"AN001101","analysis_summary":"C18 NEGATIVE ION MODE","metabolite_name":"FFA(24:2)","refmet_name":"Tetracosadienoic acid"},"160":{"study_id":"ST000708","analysis_id":"AN001101","analysis_summary":"C18 NEGATIVE ION MODE","metabolite_name":"FFA(24:3)","refmet_name":"Tetracosatrienoic acid"},"161":{"study_id":"ST000708","analysis_id":"AN001101","analysis_summary":"C18 NEGATIVE ION MODE","metabolite_name":"lysoPE 18:2; [M-H]-@1.36","refmet_name":"LPE 18:2"},"162":{"study_id":"ST000708","analysis_id":"AN001101","analysis_summary":"C18 NEGATIVE ION MODE","metabolite_name":"lysoPE 20:3; [M-H]-@1.64","refmet_name":"LPE 20:3"},"163":{"study_id":"ST000708","analysis_id":"AN001101","analysis_summary":"C18 NEGATIVE ION MODE","metabolite_name":"lysoPE 22:6; [M-H]-@1.29","refmet_name":"LPE 22:6"},"164":{"study_id":"ST000708","analysis_id":"AN001101","analysis_summary":"C18 NEGATIVE ION MODE","metabolite_name":"PC 30:0; [M-Ac-H]-@5.96","refmet_name":"PC 30:0"},"165":{"study_id":"ST000708","analysis_id":"AN001101","analysis_summary":"C18 NEGATIVE ION MODE","metabolite_name":"PC 30:1; [M-Ac-H]-@5.41","refmet_name":"PC 30:1"},"166":{"study_id":"ST000708","analysis_id":"AN001101","analysis_summary":"C18 NEGATIVE ION MODE","metabolite_name":"PC 32:0; [M-Ac-H]-@6.61","refmet_name":"PC 32:0"},"167":{"study_id":"ST000708","analysis_id":"AN001101","analysis_summary":"C18 NEGATIVE ION MODE","metabolite_name":"PC 32:1; [M-Ac-H]-@6.06","refmet_name":"PC 32:1"},"168":{"study_id":"ST000708","analysis_id":"AN001101","analysis_summary":"C18 NEGATIVE ION MODE","metabolite_name":"PC 32:2; [M-Ac-H]-@5.62","refmet_name":"PC 32:2"},"169":{"study_id":"ST000708","analysis_id":"AN001101","analysis_summary":"C18 NEGATIVE ION MODE","metabolite_name":"PC 32:3; [M-Ac-H]-@5.15","refmet_name":"PC 32:3"},"170":{"study_id":"ST000708","analysis_id":"AN001101","analysis_summary":"C18 NEGATIVE ION MODE","metabolite_name":"PC 33:0; [M-Ac-H]-@6.81","refmet_name":"PC 33:0"},"171":{"study_id":"ST000708","analysis_id":"AN001101","analysis_summary":"C18 NEGATIVE ION MODE","metabolite_name":"PC 33:1; [M-Ac-H]-@6.43","refmet_name":"PC 33:1"},"172":{"study_id":"ST000708","analysis_id":"AN001101","analysis_summary":"C18 NEGATIVE ION MODE","metabolite_name":"PC 33:2; [M-Ac-H]-@5.96","refmet_name":"PC 33:2"},"173":{"study_id":"ST000708","analysis_id":"AN001101","analysis_summary":"C18 NEGATIVE ION MODE","metabolite_name":"PC 34:2; [M-Ac-H]-@6.21","refmet_name":"PC 34:2"},"174":{"study_id":"ST000708","analysis_id":"AN001101","analysis_summary":"C18 NEGATIVE ION MODE","metabolite_name":"PC 34:3; [M-Ac-H]-@5.80","refmet_name":"PC 34:3"},"175":{"study_id":"ST000708","analysis_id":"AN001101","analysis_summary":"C18 NEGATIVE ION MODE","metabolite_name":"PC 35:1; [M-Ac-H]-@7.03","refmet_name":"PC 35:1"},"176":{"study_id":"ST000708","analysis_id":"AN001101","analysis_summary":"C18 NEGATIVE ION MODE","metabolite_name":"PC 35:2; [M-Ac-H]-@6.56","refmet_name":"PC 35:2"},"177":{"study_id":"ST000708","analysis_id":"AN001101","analysis_summary":"C18 NEGATIVE ION MODE","metabolite_name":"PC 35:3; [M-Ac-H]-@6.08","refmet_name":"PC 35:3"},"178":{"study_id":"ST000708","analysis_id":"AN001101","analysis_summary":"C18 NEGATIVE ION MODE","metabolite_name":"PC 35:4; [M-Ac-H]-@5.93","refmet_name":"PC 35:4"},"179":{"study_id":"ST000708","analysis_id":"AN001101","analysis_summary":"C18 NEGATIVE ION MODE","metabolite_name":"PC 36:1; [M-Ac-H]-@7.30","refmet_name":"PC 36:1"},"180":{"study_id":"ST000708","analysis_id":"AN001101","analysis_summary":"C18 NEGATIVE ION MODE","metabolite_name":"PC 36:4; [M-Ac-H]-@6.06","refmet_name":"PC 36:4"},"181":{"study_id":"ST000708","analysis_id":"AN001101","analysis_summary":"C18 NEGATIVE ION MODE","metabolite_name":"PC 36:5; [M-Ac-H]-@5.71","refmet_name":"PC 36:5"},"182":{"study_id":"ST000708","analysis_id":"AN001101","analysis_summary":"C18 NEGATIVE ION MODE","metabolite_name":"PC 36:6; [M-Ac-H]-@5.46","refmet_name":"PC 36:6"},"183":{"study_id":"ST000708","analysis_id":"AN001101","analysis_summary":"C18 NEGATIVE ION MODE","metabolite_name":"PC 37:2; [M-Ac-H]-@7.22","refmet_name":"PC 37:2"},"184":{"study_id":"ST000708","analysis_id":"AN001101","analysis_summary":"C18 NEGATIVE ION MODE","metabolite_name":"PC 37:3; [M-Ac-H]-@6.71","refmet_name":"PC 37:3"},"185":{"study_id":"ST000708","analysis_id":"AN001101","analysis_summary":"C18 NEGATIVE ION MODE","metabolite_name":"PC 37:6; [M-Ac-H]-@5.80","refmet_name":"PC 37:6"},"186":{"study_id":"ST000708","analysis_id":"AN001101","analysis_summary":"C18 NEGATIVE ION MODE","metabolite_name":"PC 38:2; [M-Ac-H]-@7.45","refmet_name":"PC 38:2"},"187":{"study_id":"ST000708","analysis_id":"AN001101","analysis_summary":"C18 NEGATIVE ION MODE","metabolite_name":"PC 38:3; [M-Ac-H]-@7.08","refmet_name":"PC 38:3"},"188":{"study_id":"ST000708","analysis_id":"AN001101","analysis_summary":"C18 NEGATIVE ION MODE","metabolite_name":"PC 38:5; [M-Ac-H]-@6.38","refmet_name":"PC 38:5"},"189":{"study_id":"ST000708","analysis_id":"AN001101","analysis_summary":"C18 NEGATIVE ION MODE","metabolite_name":"PC 40:4; [M-Ac-H]-@7.32","refmet_name":"PC 40:4"},"190":{"study_id":"ST000708","analysis_id":"AN001101","analysis_summary":"C18 NEGATIVE ION MODE","metabolite_name":"PC 40:5; [M-Ac-H]-@7.01","refmet_name":"PC 40:5"},"191":{"study_id":"ST000708","analysis_id":"AN001101","analysis_summary":"C18 NEGATIVE ION MODE","metabolite_name":"PC 40:6; [M-Ac-H]-@6.72","refmet_name":"PC 40:6"},"192":{"study_id":"ST000708","analysis_id":"AN001101","analysis_summary":"C18 NEGATIVE ION MODE","metabolite_name":"PC 40:7; [M-Ac-H]-@6.23","refmet_name":"PC 40:7"},"193":{"study_id":"ST000708","analysis_id":"AN001101","analysis_summary":"C18 NEGATIVE ION MODE","metabolite_name":"PE 30:0; [M-H]-@6.07","refmet_name":"PE 30:0"},"194":{"study_id":"ST000708","analysis_id":"AN001101","analysis_summary":"C18 NEGATIVE ION MODE","metabolite_name":"PE 32:1; [M-H]-@6.22","refmet_name":"PE 32:1"},"195":{"study_id":"ST000708","analysis_id":"AN001101","analysis_summary":"C18 NEGATIVE ION MODE","metabolite_name":"PE 33:2; [M-H]-@6.07","refmet_name":"PE 33:2"},"196":{"study_id":"ST000708","analysis_id":"AN001101","analysis_summary":"C18 NEGATIVE ION MODE","metabolite_name":"PE 35:1; [M-H]-@7.10","refmet_name":"PE 35:1"},"197":{"study_id":"ST000708","analysis_id":"AN001101","analysis_summary":"C18 NEGATIVE ION MODE","metabolite_name":"PE 35:2; [M-H]-@6.68","refmet_name":"PE 35:2"},"198":{"study_id":"ST000708","analysis_id":"AN001101","analysis_summary":"C18 NEGATIVE ION MODE","metabolite_name":"PE 35:4; [M-H]-@6.04","refmet_name":"PE 35:4"},"199":{"study_id":"ST000708","analysis_id":"AN001101","analysis_summary":"C18 NEGATIVE ION MODE","metabolite_name":"PE 36:0; [M-H]-@7.84","refmet_name":"PE 36:0"},"200":{"study_id":"ST000708","analysis_id":"AN001101","analysis_summary":"C18 NEGATIVE ION MODE","metabolite_name":"PE 36:5; [M-H]-@6.00","refmet_name":"PE 36:5"},"201":{"study_id":"ST000708","analysis_id":"AN001101","analysis_summary":"C18 NEGATIVE ION MODE","metabolite_name":"PE 37:4; [M-H]-@6.66","refmet_name":"PE 37:4"},"202":{"study_id":"ST000708","analysis_id":"AN001101","analysis_summary":"C18 NEGATIVE ION MODE","metabolite_name":"PE 37:6; [M-H]-@5.90","refmet_name":"PE 37:6"},"203":{"study_id":"ST000708","analysis_id":"AN001101","analysis_summary":"C18 NEGATIVE ION MODE","metabolite_name":"PE 38:1; [M-H]-@7.92","refmet_name":"PE 38:1"},"204":{"study_id":"ST000708","analysis_id":"AN001101","analysis_summary":"C18 NEGATIVE ION MODE","metabolite_name":"PE 38:2; [M-H]-@6.88","refmet_name":"PE 38:2"},"205":{"study_id":"ST000708","analysis_id":"AN001101","analysis_summary":"C18 NEGATIVE ION MODE","metabolite_name":"PE 40:4; [M-H]-@7.42","refmet_name":"PE 40:4"},"206":{"study_id":"ST000708","analysis_id":"AN001101","analysis_summary":"C18 NEGATIVE ION MODE","metabolite_name":"PE 40:7; [M-H]-@6.39","refmet_name":"PE 40:7"},"207":{"study_id":"ST000708","analysis_id":"AN001101","analysis_summary":"C18 NEGATIVE ION MODE","metabolite_name":"PE 40:8; [M-H]-@5.95","refmet_name":"PE 40:8"},"208":{"study_id":"ST000708","analysis_id":"AN001101","analysis_summary":"C18 NEGATIVE ION MODE","metabolite_name":"PE 42:9; [M-H]-@6.04","refmet_name":"PE 42:9"},"209":{"study_id":"ST000708","analysis_id":"AN001101","analysis_summary":"C18 NEGATIVE ION MODE","metabolite_name":"PG 33:0; [M-H]-@6.05","refmet_name":"PG 33:0"},"210":{"study_id":"ST000708","analysis_id":"AN001101","analysis_summary":"C18 NEGATIVE ION MODE","metabolite_name":"PG 36:0; [M-H]-@6.87","refmet_name":"PG 36:0"},"211":{"study_id":"ST000708","analysis_id":"AN001101","analysis_summary":"C18 NEGATIVE ION MODE","metabolite_name":"PG 36:2; [M-H]-@6.07","refmet_name":"PG 36:2"},"212":{"study_id":"ST000708","analysis_id":"AN001101","analysis_summary":"C18 NEGATIVE ION MODE","metabolite_name":"PG 36:3; [M-H]-@5.28","refmet_name":"PG 36:3"},"213":{"study_id":"ST000708","analysis_id":"AN001101","analysis_summary":"C18 NEGATIVE ION MODE","metabolite_name":"PG 38:4; [M-H]-@6.06","refmet_name":"PG 38:4"},"214":{"study_id":"ST000708","analysis_id":"AN001101","analysis_summary":"C18 NEGATIVE ION MODE","metabolite_name":"PI 34:1; [M-H]-@5.68","refmet_name":"PI 34:1"},"215":{"study_id":"ST000708","analysis_id":"AN001101","analysis_summary":"C18 NEGATIVE ION MODE","metabolite_name":"PI 34:2; [M-H]-@5.24","refmet_name":"PI 34:2"},"216":{"study_id":"ST000708","analysis_id":"AN001101","analysis_summary":"C18 NEGATIVE ION MODE","metabolite_name":"PI 36:1; [M-H]-@6.31","refmet_name":"PI 36:1"},"217":{"study_id":"ST000708","analysis_id":"AN001101","analysis_summary":"C18 NEGATIVE ION MODE","metabolite_name":"PI 36:2; [M-H]-@5.89","refmet_name":"PI 36:2"},"218":{"study_id":"ST000708","analysis_id":"AN001101","analysis_summary":"C18 NEGATIVE ION MODE","metabolite_name":"PI 36:3; [M-H]-@5.46","refmet_name":"PI 36:3"},"219":{"study_id":"ST000708","analysis_id":"AN001101","analysis_summary":"C18 NEGATIVE ION MODE","metabolite_name":"PI 36:4; [M-H]-@5.22","refmet_name":"PI 36:4"},"220":{"study_id":"ST000708","analysis_id":"AN001101","analysis_summary":"C18 NEGATIVE ION MODE","metabolite_name":"PI 37:4; [M-H]-@5.57","refmet_name":"PI 37:4"},"221":{"study_id":"ST000708","analysis_id":"AN001101","analysis_summary":"C18 NEGATIVE ION MODE","metabolite_name":"PI 38:3; [M-H]-@6.07","refmet_name":"PI 38:3"},"222":{"study_id":"ST000708","analysis_id":"AN001101","analysis_summary":"C18 NEGATIVE ION MODE","metabolite_name":"PI 38:4; [M-H]-@5.87","refmet_name":"PI 38:4"},"223":{"study_id":"ST000708","analysis_id":"AN001101","analysis_summary":"C18 NEGATIVE ION MODE","metabolite_name":"PI 38:5; [M-H]-@5.35","refmet_name":"PI 38:5"},"224":{"study_id":"ST000708","analysis_id":"AN001101","analysis_summary":"C18 NEGATIVE ION MODE","metabolite_name":"PI 40:5; [M-H]-@5.96","refmet_name":"PI 40:5"},"225":{"study_id":"ST000708","analysis_id":"AN001101","analysis_summary":"C18 NEGATIVE ION MODE","metabolite_name":"PI 40:6; [M-H]-@5.79","refmet_name":"PI 40:6"},"226":{"study_id":"ST000708","analysis_id":"AN001101","analysis_summary":"C18 NEGATIVE ION MODE","metabolite_name":"plasmenyl-PE 34:1; [M-H]-@7.17","refmet_name":"PE P-34:1"},"227":{"study_id":"ST000708","analysis_id":"AN001101","analysis_summary":"C18 NEGATIVE ION MODE","metabolite_name":"plasmenyl-PE 34:2; [M-H]-@6.71","refmet_name":"PE P-34:2"},"228":{"study_id":"ST000708","analysis_id":"AN001101","analysis_summary":"C18 NEGATIVE ION MODE","metabolite_name":"plasmenyl-PE 36:1; [M-H]-@7.72","refmet_name":"PE P-36:1"},"229":{"study_id":"ST000708","analysis_id":"AN001101","analysis_summary":"C18 NEGATIVE ION MODE","metabolite_name":"plasmenyl-PE 36:2; [M-H]-@7.31","refmet_name":"PE P-36:2"},"230":{"study_id":"ST000708","analysis_id":"AN001101","analysis_summary":"C18 NEGATIVE ION MODE","metabolite_name":"plasmenyl-PE 36:3; [M-H]-@6.87","refmet_name":"PE P-36:3"},"231":{"study_id":"ST000708","analysis_id":"AN001101","analysis_summary":"C18 NEGATIVE ION MODE","metabolite_name":"plasmenyl-PE 36:5; [M-H]-@6.30","refmet_name":"PE P-36:5"},"232":{"study_id":"ST000708","analysis_id":"AN001101","analysis_summary":"C18 NEGATIVE ION MODE","metabolite_name":"plasmenyl-PE 38:1; [M-H]-@8.23","refmet_name":"PE P-38:1"},"233":{"study_id":"ST000708","analysis_id":"AN001101","analysis_summary":"C18 NEGATIVE ION MODE","metabolite_name":"plasmenyl-PE 38:2; [M-H]-@7.87","refmet_name":"PE P-38:2"},"234":{"study_id":"ST000708","analysis_id":"AN001101","analysis_summary":"C18 NEGATIVE ION MODE","metabolite_name":"plasmenyl-PE 38:3; [M-H]-@7.55","refmet_name":"PE P-38:3"},"235":{"study_id":"ST000708","analysis_id":"AN001101","analysis_summary":"C18 NEGATIVE ION MODE","metabolite_name":"plasmenyl-PE 38:4; [M-H]-@7.21","refmet_name":"PE P-38:4"},"236":{"study_id":"ST000708","analysis_id":"AN001101","analysis_summary":"C18 NEGATIVE ION MODE","metabolite_name":"plasmenyl-PE 40:4; [M-H]-@7.75","refmet_name":"PE P-40:4"},"237":{"study_id":"ST000708","analysis_id":"AN001101","analysis_summary":"C18 NEGATIVE ION MODE","metabolite_name":"plasmenyl-PE 40:5; [M-H]-@7.35","refmet_name":"PE P-40:5"},"238":{"study_id":"ST000708","analysis_id":"AN001101","analysis_summary":"C18 NEGATIVE ION MODE","metabolite_name":"plasmenyl-PE 40:6; [M-H]-@7.19","refmet_name":"PE P-40:6"},"239":{"study_id":"ST000708","analysis_id":"AN001101","analysis_summary":"C18 NEGATIVE ION MODE","metabolite_name":"plasmenyl-PE 42:4; [M-H]-@8.21","refmet_name":"PE P-42:4"},"240":{"study_id":"ST000708","analysis_id":"AN001101","analysis_summary":"C18 NEGATIVE ION MODE","metabolite_name":"plasmenyl-PE 42:5; [M-H]-@7.86","refmet_name":"PE P-42:5"},"241":{"study_id":"ST000708","analysis_id":"AN001101","analysis_summary":"C18 NEGATIVE ION MODE","metabolite_name":"plasmenyl-PE 42:6; [M-H]-@7.75","refmet_name":"PE P-42:6"},"242":{"study_id":"ST000708","analysis_id":"AN001101","analysis_summary":"C18 NEGATIVE ION MODE","metabolite_name":"PS 36:1; [M-H]-@6.40","refmet_name":"PS 36:1"},"243":{"study_id":"ST000708","analysis_id":"AN001101","analysis_summary":"C18 NEGATIVE ION MODE","metabolite_name":"PS 38:4; [M-H]-@5.98","refmet_name":"PS 38:4"},"244":{"study_id":"ST000708","analysis_id":"AN001102","analysis_summary":"C18 POSITIVE ION MODE","metabolite_name":"CE(16:0); [M+NH4]+@10.99","refmet_name":"CE 16:0"},"245":{"study_id":"ST000708","analysis_id":"AN001102","analysis_summary":"C18 POSITIVE ION MODE","metabolite_name":"CE(16:1); [M+NH4]+@10.71","refmet_name":"CE 16:1"},"246":{"study_id":"ST000708","analysis_id":"AN001102","analysis_summary":"C18 POSITIVE ION MODE","metabolite_name":"CE(18:0); [M+NH4]+@11.41","refmet_name":"CE 18:0"},"247":{"study_id":"ST000708","analysis_id":"AN001102","analysis_summary":"C18 POSITIVE ION MODE","metabolite_name":"CE(18:1); [M+NH4]+@10.95","refmet_name":"CE 18:1"},"248":{"study_id":"ST000708","analysis_id":"AN001102","analysis_summary":"C18 POSITIVE ION MODE","metabolite_name":"CE(18:2); [M+NH4]+@10.79","refmet_name":"CE 18:2"},"249":{"study_id":"ST000708","analysis_id":"AN001102","analysis_summary":"C18 POSITIVE ION MODE","metabolite_name":"CE(18:3); [M+NH4]+@10.52","refmet_name":"CE 18:3"},"250":{"study_id":"ST000708","analysis_id":"AN001102","analysis_summary":"C18 POSITIVE ION MODE","metabolite_name":"CE(18:3); [M+NH4]+@9.30","refmet_name":"CE 18:3"},"251":{"study_id":"ST000708","analysis_id":"AN001102","analysis_summary":"C18 POSITIVE ION MODE","metabolite_name":"CE(20:1); [M+NH4]+@11.34","refmet_name":"CE 20:1"},"252":{"study_id":"ST000708","analysis_id":"AN001102","analysis_summary":"C18 POSITIVE ION MODE","metabolite_name":"CE(20:2); [M+NH4]+@11.10","refmet_name":"CE 20:2"},"253":{"study_id":"ST000708","analysis_id":"AN001102","analysis_summary":"C18 POSITIVE ION MODE","metabolite_name":"CE(20:3); [M+NH4]+@10.80","refmet_name":"CE 20:3"},"254":{"study_id":"ST000708","analysis_id":"AN001102","analysis_summary":"C18 POSITIVE ION MODE","metabolite_name":"CE(20:4); [M+NH4]+@10.61","refmet_name":"CE 20:4"},"255":{"study_id":"ST000708","analysis_id":"AN001102","analysis_summary":"C18 POSITIVE ION MODE","metabolite_name":"CE(20:5); [M+NH4]+@10.46","refmet_name":"CE 20:5"},"256":{"study_id":"ST000708","analysis_id":"AN001102","analysis_summary":"C18 POSITIVE ION MODE","metabolite_name":"CE(22:4); [M+NH4]+@10.91","refmet_name":"CE 22:4"},"257":{"study_id":"ST000708","analysis_id":"AN001102","analysis_summary":"C18 POSITIVE ION MODE","metabolite_name":"CE(22:6); [M+NH4]+@10.53","refmet_name":"CE 22:6"},"258":{"study_id":"ST000708","analysis_id":"AN001102","analysis_summary":"C18 POSITIVE ION MODE","metabolite_name":"DG 30:0; [M+NH4]+@7.38","refmet_name":"DG 30:0"},"259":{"study_id":"ST000708","analysis_id":"AN001102","analysis_summary":"C18 POSITIVE ION MODE","metabolite_name":"DG 31:0; [M+NH4]+@7.61","refmet_name":"DG 31:0"},"260":{"study_id":"ST000708","analysis_id":"AN001102","analysis_summary":"C18 POSITIVE ION MODE","metabolite_name":"DG 32:0; [M+NH4]+@7.93","refmet_name":"DG 32:0"},"261":{"study_id":"ST000708","analysis_id":"AN001102","analysis_summary":"C18 POSITIVE ION MODE","metabolite_name":"DG 32:1; [M+NH4]+@7.51","refmet_name":"DG 32:1"},"262":{"study_id":"ST000708","analysis_id":"AN001102","analysis_summary":"C18 POSITIVE ION MODE","metabolite_name":"DG 32:2; [M+NH4]+@7.07","refmet_name":"DG 32:2"},"263":{"study_id":"ST000708","analysis_id":"AN001102","analysis_summary":"C18 POSITIVE ION MODE","metabolite_name":"DG 34:0; [M+NH4]+@8.41","refmet_name":"DG 34:0"},"264":{"study_id":"ST000708","analysis_id":"AN001102","analysis_summary":"C18 POSITIVE ION MODE","metabolite_name":"DG 34:2; [M+NH4]+@7.56","refmet_name":"DG 34:2"},"265":{"study_id":"ST000708","analysis_id":"AN001102","analysis_summary":"C18 POSITIVE ION MODE","metabolite_name":"DG 34:3; [M+NH4]+@7.18","refmet_name":"DG 34:3"},"266":{"study_id":"ST000708","analysis_id":"AN001102","analysis_summary":"C18 POSITIVE ION MODE","metabolite_name":"DG 35:1; [M+NH4]+@8.28","refmet_name":"DG 35:1"},"267":{"study_id":"ST000708","analysis_id":"AN001102","analysis_summary":"C18 POSITIVE ION MODE","metabolite_name":"DG 35:2; [M+NH4]+@7.87","refmet_name":"DG 35:2"},"268":{"study_id":"ST000708","analysis_id":"AN001102","analysis_summary":"C18 POSITIVE ION MODE","metabolite_name":"DG 36:0; [M+NH4]+@8.87","refmet_name":"DG 36:0"},"269":{"study_id":"ST000708","analysis_id":"AN001102","analysis_summary":"C18 POSITIVE ION MODE","metabolite_name":"DG 36:1; [M+NH4]+@8.40","refmet_name":"DG 36:1"},"270":{"study_id":"ST000708","analysis_id":"AN001102","analysis_summary":"C18 POSITIVE ION MODE","metabolite_name":"DG 36:2; [M+NH4]+@7.98","refmet_name":"DG 36:2"},"271":{"study_id":"ST000708","analysis_id":"AN001102","analysis_summary":"C18 POSITIVE ION MODE","metabolite_name":"DG 36:3; [M+NH4]+@7.66","refmet_name":"DG 36:3"},"272":{"study_id":"ST000708","analysis_id":"AN001102","analysis_summary":"C18 POSITIVE ION MODE","metabolite_name":"DG 36:4; [M+NH4]+@7.40","refmet_name":"DG 36:4"},"273":{"study_id":"ST000708","analysis_id":"AN001102","analysis_summary":"C18 POSITIVE ION MODE","metabolite_name":"DG 36:5; [M+NH4]+@6.96","refmet_name":"DG 36:5"},"274":{"study_id":"ST000708","analysis_id":"AN001102","analysis_summary":"C18 POSITIVE ION MODE","metabolite_name":"DG 38:2; [M+NH4]+@8.55","refmet_name":"DG 38:2"},"275":{"study_id":"ST000708","analysis_id":"AN001102","analysis_summary":"C18 POSITIVE ION MODE","metabolite_name":"DG 38:3; [M+NH4]+@8.21","refmet_name":"DG 38:3"},"276":{"study_id":"ST000708","analysis_id":"AN001102","analysis_summary":"C18 POSITIVE ION MODE","metabolite_name":"DG 38:4; [M+NH4]+@7.84","refmet_name":"DG 38:4"},"277":{"study_id":"ST000708","analysis_id":"AN001102","analysis_summary":"C18 POSITIVE ION MODE","metabolite_name":"DG 38:5; [M+NH4]+@7.61","refmet_name":"DG 38:5"},"278":{"study_id":"ST000708","analysis_id":"AN001102","analysis_summary":"C18 POSITIVE ION MODE","metabolite_name":"DG 38:6; [M+NH4]+@7.24","refmet_name":"DG 38:6"},"279":{"study_id":"ST000708","analysis_id":"AN001102","analysis_summary":"C18 POSITIVE ION MODE","metabolite_name":"DG 40:5; [M+NH4]+@8.07","refmet_name":"DG 40:5"},"280":{"study_id":"ST000708","analysis_id":"AN001102","analysis_summary":"C18 POSITIVE ION MODE","metabolite_name":"DG 40:6; [M+NH4]+@7.77","refmet_name":"DG 40:6"},"281":{"study_id":"ST000708","analysis_id":"AN001102","analysis_summary":"C18 POSITIVE ION MODE","metabolite_name":"DG 40:7; [M+NH4]+@7.55","refmet_name":"DG 40:7"},"282":{"study_id":"ST000708","analysis_id":"AN001102","analysis_summary":"C18 POSITIVE ION MODE","metabolite_name":"lysoPC 14:0; [M+H]+@1.01","refmet_name":"LPC 14:0"},"283":{"study_id":"ST000708","analysis_id":"AN001102","analysis_summary":"C18 POSITIVE ION MODE","metabolite_name":"lysoPC 15:0; [M+H]+@1.23","refmet_name":"LPC 15:0"},"284":{"study_id":"ST000708","analysis_id":"AN001102","analysis_summary":"C18 POSITIVE ION MODE","metabolite_name":"lysoPC 16:0; [M+H]+@1.54","refmet_name":"LPC 16:0"},"285":{"study_id":"ST000708","analysis_id":"AN001102","analysis_summary":"C18 POSITIVE ION MODE","metabolite_name":"lysoPC 16:1; [M+H]+@1.25","refmet_name":"LPC 16:1"},"286":{"study_id":"ST000708","analysis_id":"AN001102","analysis_summary":"C18 POSITIVE ION MODE","metabolite_name":"lysoPC 17:1; [M+H]+@1.43","refmet_name":"LPC 17:1"},"287":{"study_id":"ST000708","analysis_id":"AN001102","analysis_summary":"C18 POSITIVE ION MODE","metabolite_name":"lysoPC 18:0; [M+Na]+@2.15","refmet_name":"LPC 18:0"},"288":{"study_id":"ST000708","analysis_id":"AN001102","analysis_summary":"C18 POSITIVE ION MODE","metabolite_name":"lysoPC 18:2; [M+H]+@1.47","refmet_name":"LPC 18:2"},"289":{"study_id":"ST000708","analysis_id":"AN001102","analysis_summary":"C18 POSITIVE ION MODE","metabolite_name":"lysoPC 18:3; [M+H]+@1.06","refmet_name":"LPC 18:3"},"290":{"study_id":"ST000708","analysis_id":"AN001102","analysis_summary":"C18 POSITIVE ION MODE","metabolite_name":"lysoPC 19:0; [M+H]+@2.85","refmet_name":"LPC 19:0"},"291":{"study_id":"ST000708","analysis_id":"AN001102","analysis_summary":"C18 POSITIVE ION MODE","metabolite_name":"lysoPC 20:0; [M+H]+@3.29","refmet_name":"LPC 20:0"},"292":{"study_id":"ST000708","analysis_id":"AN001102","analysis_summary":"C18 POSITIVE ION MODE","metabolite_name":"lysoPC 20:1; [M+H]+@2.51","refmet_name":"LPC 20:1"},"293":{"study_id":"ST000708","analysis_id":"AN001102","analysis_summary":"C18 POSITIVE ION MODE","metabolite_name":"lysoPC 20:3; [M+H]+@1.50","refmet_name":"LPC 20:3"},"294":{"study_id":"ST000708","analysis_id":"AN001102","analysis_summary":"C18 POSITIVE ION MODE","metabolite_name":"lysoPC 20:4; [M+H]+@1.39","refmet_name":"LPC 20:4"},"295":{"study_id":"ST000708","analysis_id":"AN001102","analysis_summary":"C18 POSITIVE ION MODE","metabolite_name":"lysoPC 20:5; [M+H]+@1.04","refmet_name":"LPC 20:5"},"296":{"study_id":"ST000708","analysis_id":"AN001102","analysis_summary":"C18 POSITIVE ION MODE","metabolite_name":"lysoPC 22:0; [M+H]+@4.21","refmet_name":"LPC 22:0"},"297":{"study_id":"ST000708","analysis_id":"AN001102","analysis_summary":"C18 POSITIVE ION MODE","metabolite_name":"lysoPC 22:1; [M+H]+@3.38","refmet_name":"LPC 22:1"},"298":{"study_id":"ST000708","analysis_id":"AN001102","analysis_summary":"C18 POSITIVE ION MODE","metabolite_name":"lysoPC 22:4; [M+H]+@1.77","refmet_name":"LPC 22:4"},"299":{"study_id":"ST000708","analysis_id":"AN001102","analysis_summary":"C18 POSITIVE ION MODE","metabolite_name":"lysoPC 22:5; [M+H]+@1.35","refmet_name":"LPC 22:5"},"300":{"study_id":"ST000708","analysis_id":"AN001102","analysis_summary":"C18 POSITIVE ION MODE","metabolite_name":"lysoPC 22:6; [M+H]+@1.18","refmet_name":"LPC 22:6"},"301":{"study_id":"ST000708","analysis_id":"AN001102","analysis_summary":"C18 POSITIVE ION MODE","metabolite_name":"lysoPC 24:0; [M+H]+@5.12","refmet_name":"LPC 24:0"},"302":{"study_id":"ST000708","analysis_id":"AN001102","analysis_summary":"C18 POSITIVE ION MODE","metabolite_name":"lysoPE 16:0; [M+H]+@1.65","refmet_name":"LPE 16:0"},"303":{"study_id":"ST000708","analysis_id":"AN001102","analysis_summary":"C18 POSITIVE ION MODE","metabolite_name":"lysoPE 18:0; [M+H]+@2.48","refmet_name":"LPE 18:0"},"304":{"study_id":"ST000708","analysis_id":"AN001102","analysis_summary":"C18 POSITIVE ION MODE","metabolite_name":"lysoPE 18:1; [M+H]+@1.81","refmet_name":"LPE 18:1"},"305":{"study_id":"ST000708","analysis_id":"AN001102","analysis_summary":"C18 POSITIVE ION MODE","metabolite_name":"lysoPE 20:4; [M+H]+@1.30","refmet_name":"LPE 20:4"},"306":{"study_id":"ST000708","analysis_id":"AN001102","analysis_summary":"C18 POSITIVE ION MODE","metabolite_name":"lysoPE 22:5; [M+H]+@1.42","refmet_name":"LPE 22:5"},"307":{"study_id":"ST000708","analysis_id":"AN001102","analysis_summary":"C18 POSITIVE ION MODE","metabolite_name":"MG 17:0; [M+Li]+@3.14","refmet_name":"MG 17:0"},"308":{"study_id":"ST000708","analysis_id":"AN001102","analysis_summary":"C18 POSITIVE ION MODE","metabolite_name":"PC 28:0; [M+Na]+@5.22","refmet_name":"PC 28:0"},"309":{"study_id":"ST000708","analysis_id":"AN001102","analysis_summary":"C18 POSITIVE ION MODE","metabolite_name":"PC 30:0; [M+Na]+@5.96","refmet_name":"PC 30:0"},"310":{"study_id":"ST000708","analysis_id":"AN001102","analysis_summary":"C18 POSITIVE ION MODE","metabolite_name":"PC 31:0; [M+Na]+@5.48","refmet_name":"PC 31:0"},"311":{"study_id":"ST000708","analysis_id":"AN001102","analysis_summary":"C18 POSITIVE ION MODE","metabolite_name":"PC 31:1; [M+Na]+@5.29","refmet_name":"PC 31:1"},"312":{"study_id":"ST000708","analysis_id":"AN001102","analysis_summary":"C18 POSITIVE ION MODE","metabolite_name":"PC 33:2; [M+Na]+@5.96","refmet_name":"PC 33:2"},"313":{"study_id":"ST000708","analysis_id":"AN001102","analysis_summary":"C18 POSITIVE ION MODE","metabolite_name":"PC 33:3; [M+H]+@5.61","refmet_name":"PC 33:3"},"314":{"study_id":"ST000708","analysis_id":"AN001102","analysis_summary":"C18 POSITIVE ION MODE","metabolite_name":"PC 34:1; [M+H]+@6.64","refmet_name":"PC 34:1"},"315":{"study_id":"ST000708","analysis_id":"AN001102","analysis_summary":"C18 POSITIVE ION MODE","metabolite_name":"PC 34:4; [M+H]+@6.06","refmet_name":"PC 34:4"},"316":{"study_id":"ST000708","analysis_id":"AN001102","analysis_summary":"C18 POSITIVE ION MODE","metabolite_name":"PC 35:5; [M+H]+@5.48","refmet_name":"PC 35:5"},"317":{"study_id":"ST000708","analysis_id":"AN001102","analysis_summary":"C18 POSITIVE ION MODE","metabolite_name":"PC 36:2; [M+H]+@6.84","refmet_name":"PC 36:2"},"318":{"study_id":"ST000708","analysis_id":"AN001102","analysis_summary":"C18 POSITIVE ION MODE","metabolite_name":"PC 36:3; [M+H]+@6.45","refmet_name":"PC 36:3"},"319":{"study_id":"ST000708","analysis_id":"AN001102","analysis_summary":"C18 POSITIVE ION MODE","metabolite_name":"PC 36:7; [M+H]+@5.49","refmet_name":"PC 36:7"},"320":{"study_id":"ST000708","analysis_id":"AN001102","analysis_summary":"C18 POSITIVE ION MODE","metabolite_name":"PC 37:4; [M+H]+@7.41","refmet_name":"PC 37:4"},"321":{"study_id":"ST000708","analysis_id":"AN001102","analysis_summary":"C18 POSITIVE ION MODE","metabolite_name":"PC 38:4; [M+H]+@6.81","refmet_name":"PC 38:4"},"322":{"study_id":"ST000708","analysis_id":"AN001102","analysis_summary":"C18 POSITIVE ION MODE","metabolite_name":"PC 38:6; [M+H]+@6.08","refmet_name":"PC 38:6"},"323":{"study_id":"ST000708","analysis_id":"AN001102","analysis_summary":"C18 POSITIVE ION MODE","metabolite_name":"PC 38:7; [M+H]+@5.80","refmet_name":"PC 38:7"},"324":{"study_id":"ST000708","analysis_id":"AN001102","analysis_summary":"C18 POSITIVE ION MODE","metabolite_name":"PC 38:9; [M+H]+@5.39","refmet_name":"PC 38:9"},"325":{"study_id":"ST000708","analysis_id":"AN001102","analysis_summary":"C18 POSITIVE ION MODE","metabolite_name":"PC 40:8; [M+H]+@5.64","refmet_name":"PC 40:8"},"326":{"study_id":"ST000708","analysis_id":"AN001102","analysis_summary":"C18 POSITIVE ION MODE","metabolite_name":"PC 42:10; [M+H]+@5.72","refmet_name":"PC 42:10"},"327":{"study_id":"ST000708","analysis_id":"AN001102","analysis_summary":"C18 POSITIVE ION MODE","metabolite_name":"PC 42:9; [M+H]+@6.10","refmet_name":"PC 42:9"},"328":{"study_id":"ST000708","analysis_id":"AN001102","analysis_summary":"C18 POSITIVE ION MODE","metabolite_name":"PC 44:4; [M+H]+@8.54","refmet_name":"PC 44:4"},"329":{"study_id":"ST000708","analysis_id":"AN001102","analysis_summary":"C18 POSITIVE ION MODE","metabolite_name":"PE 34:1; [M+H]+@6.83","refmet_name":"PE 34:1"},"330":{"study_id":"ST000708","analysis_id":"AN001102","analysis_summary":"C18 POSITIVE ION MODE","metabolite_name":"PE 34:2; [M+H]+@6.37","refmet_name":"PE 34:2"},"331":{"study_id":"ST000708","analysis_id":"AN001102","analysis_summary":"C18 POSITIVE ION MODE","metabolite_name":"PE 34:3; [M+H]+@6.03","refmet_name":"PE 34:3"},"332":{"study_id":"ST000708","analysis_id":"AN001102","analysis_summary":"C18 POSITIVE ION MODE","metabolite_name":"PE 36:1; [M+H]+@7.42","refmet_name":"PE 36:1"},"333":{"study_id":"ST000708","analysis_id":"AN001102","analysis_summary":"C18 POSITIVE ION MODE","metabolite_name":"PE 36:2; [M+H]+@7.03","refmet_name":"PE 36:2"},"334":{"study_id":"ST000708","analysis_id":"AN001102","analysis_summary":"C18 POSITIVE ION MODE","metabolite_name":"PE 36:3; [M+H]+@6.53","refmet_name":"PE 36:3"},"335":{"study_id":"ST000708","analysis_id":"AN001102","analysis_summary":"C18 POSITIVE ION MODE","metabolite_name":"PE 36:4; [M+H]+@6.36","refmet_name":"PE 36:4"},"336":{"study_id":"ST000708","analysis_id":"AN001102","analysis_summary":"C18 POSITIVE ION MODE","metabolite_name":"PE 38:3; [M+H]+@7.20","refmet_name":"PE 38:3"},"337":{"study_id":"ST000708","analysis_id":"AN001102","analysis_summary":"C18 POSITIVE ION MODE","metabolite_name":"PE 38:4; [M+H]+@6.96","refmet_name":"PE 38:4"},"338":{"study_id":"ST000708","analysis_id":"AN001102","analysis_summary":"C18 POSITIVE ION MODE","metabolite_name":"PE 38:5; [M+H]+@6.45","refmet_name":"PE 38:5"},"339":{"study_id":"ST000708","analysis_id":"AN001102","analysis_summary":"C18 POSITIVE ION MODE","metabolite_name":"PE 38:6; [M+H]+@6.19","refmet_name":"PE 38:6"},"340":{"study_id":"ST000708","analysis_id":"AN001102","analysis_summary":"C18 POSITIVE ION MODE","metabolite_name":"PE 40:5; [M+H]+@7.05","refmet_name":"PE 40:5"},"341":{"study_id":"ST000708","analysis_id":"AN001102","analysis_summary":"C18 POSITIVE ION MODE","metabolite_name":"PE 40:6; [M+H]+@6.90","refmet_name":"PE 40:6"},"342":{"study_id":"ST000708","analysis_id":"AN001102","analysis_summary":"C18 POSITIVE ION MODE","metabolite_name":"PE 40:7; [M+H]+@6.40","refmet_name":"PE 40:7"},"343":{"study_id":"ST000708","analysis_id":"AN001102","analysis_summary":"C18 POSITIVE ION MODE","metabolite_name":"plasmenyl-PC 18:0; [M+Na]+@1.81","refmet_name":"PC P-18:0"},"344":{"study_id":"ST000708","analysis_id":"AN001102","analysis_summary":"C18 POSITIVE ION MODE","metabolite_name":"plasmenyl-PC 36:4; [M+Na]+@6.54","refmet_name":"PC P-36:4"},"345":{"study_id":"ST000708","analysis_id":"AN001102","analysis_summary":"C18 POSITIVE ION MODE","metabolite_name":"plasmenyl-PC 40:0; [M+Na]+@8.37","refmet_name":"PC P-40:0"},"346":{"study_id":"ST000708","analysis_id":"AN001102","analysis_summary":"C18 POSITIVE ION MODE","metabolite_name":"plasmenyl-PC 40:3; [M+Na]+@7.59","refmet_name":"PC P-40:3"},"347":{"study_id":"ST000708","analysis_id":"AN001102","analysis_summary":"C18 POSITIVE ION MODE","metabolite_name":"plasmenyl-PC 42:4; [M+Na]+@7.86","refmet_name":"PC P-42:4"},"348":{"study_id":"ST000708","analysis_id":"AN001102","analysis_summary":"C18 POSITIVE ION MODE","metabolite_name":"plasmenyl-PC 44:4; [M+Na]+@8.43","refmet_name":"PC P-44:4"},"349":{"study_id":"ST000708","analysis_id":"AN001102","analysis_summary":"C18 POSITIVE ION MODE","metabolite_name":"plasmenyl-PE 36:4; [M+H]+@6.64","refmet_name":"PE P-36:4"},"350":{"study_id":"ST000708","analysis_id":"AN001102","analysis_summary":"C18 POSITIVE ION MODE","metabolite_name":"plasmenyl-PE 38:5; [M+H]+@6.99","refmet_name":"PE P-38:5"},"351":{"study_id":"ST000708","analysis_id":"AN001102","analysis_summary":"C18 POSITIVE ION MODE","metabolite_name":"plasmenyl-PE 38:6; [M+H]+@6.57","refmet_name":"PE P-38:6"},"352":{"study_id":"ST000708","analysis_id":"AN001102","analysis_summary":"C18 POSITIVE ION MODE","metabolite_name":"SM 30:1; [M+Na]+@4.31","refmet_name":"SM 30:1;O2"},"353":{"study_id":"ST000708","analysis_id":"AN001102","analysis_summary":"C18 POSITIVE ION MODE","metabolite_name":"SM 32:0; [M+Na]+@5.34","refmet_name":"SM 32:0;O2"},"354":{"study_id":"ST000708","analysis_id":"AN001102","analysis_summary":"C18 POSITIVE ION MODE","metabolite_name":"SM 32:1; [M]+@5.35","refmet_name":"SM 32:1;O2"},"355":{"study_id":"ST000708","analysis_id":"AN001102","analysis_summary":"C18 POSITIVE ION MODE","metabolite_name":"SM 32:2; [M+Na]+@4.51","refmet_name":"SM 32:2;O2"},"356":{"study_id":"ST000708","analysis_id":"AN001102","analysis_summary":"C18 POSITIVE ION MODE","metabolite_name":"SM 33:1; [M+Na]+@5.46","refmet_name":"SM 33:1;O2"},"357":{"study_id":"ST000708","analysis_id":"AN001102","analysis_summary":"C18 POSITIVE ION MODE","metabolite_name":"SM 33:2; [M]+@4.95","refmet_name":"SM 33:2;O2"},"358":{"study_id":"ST000708","analysis_id":"AN001102","analysis_summary":"C18 POSITIVE ION MODE","metabolite_name":"SM 34:0; [M+Na]+@6.07","refmet_name":"SM 34:0;O2"},"359":{"study_id":"ST000708","analysis_id":"AN001102","analysis_summary":"C18 POSITIVE ION MODE","metabolite_name":"SM 34:1; [M+Na]+@5.78","refmet_name":"SM 34:1;O2"},"360":{"study_id":"ST000708","analysis_id":"AN001102","analysis_summary":"C18 POSITIVE ION MODE","metabolite_name":"SM 34:2; [M+Na]+@5.24","refmet_name":"SM 34:2;O2"},"361":{"study_id":"ST000708","analysis_id":"AN001102","analysis_summary":"C18 POSITIVE ION MODE","metabolite_name":"SM 35:0; [M]+@6.17","refmet_name":"SM 35:0;O2"},"362":{"study_id":"ST000708","analysis_id":"AN001102","analysis_summary":"C18 POSITIVE ION MODE","metabolite_name":"SM 35:2; [M+Na]+@5.67","refmet_name":"SM 35:2;O2"},"363":{"study_id":"ST000708","analysis_id":"AN001102","analysis_summary":"C18 POSITIVE ION MODE","metabolite_name":"SM 36:1; [M+Na]+@6.53","refmet_name":"SM 36:1;O2"},"364":{"study_id":"ST000708","analysis_id":"AN001102","analysis_summary":"C18 POSITIVE ION MODE","metabolite_name":"SM 36:2; [M+Na]+@6.02","refmet_name":"SM 36:2;O2"},"365":{"study_id":"ST000708","analysis_id":"AN001102","analysis_summary":"C18 POSITIVE ION MODE","metabolite_name":"SM 37:2; [M]+@6.38","refmet_name":"SM 37:2;O2"},"366":{"study_id":"ST000708","analysis_id":"AN001102","analysis_summary":"C18 POSITIVE ION MODE","metabolite_name":"SM 38:1; [M+Na]+@7.17","refmet_name":"SM 38:1;O2"},"367":{"study_id":"ST000708","analysis_id":"AN001102","analysis_summary":"C18 POSITIVE ION MODE","metabolite_name":"SM 38:4; [M]+@5.74","refmet_name":"SM 38:4;O2"},"368":{"study_id":"ST000708","analysis_id":"AN001102","analysis_summary":"C18 POSITIVE ION MODE","metabolite_name":"SM 39:1; [M+Na]+@7.55","refmet_name":"SM 39:1;O2"},"369":{"study_id":"ST000708","analysis_id":"AN001102","analysis_summary":"C18 POSITIVE ION MODE","metabolite_name":"SM 40:1; [M+Na]+@7.69","refmet_name":"SM 40:1;O2"},"370":{"study_id":"ST000708","analysis_id":"AN001102","analysis_summary":"C18 POSITIVE ION MODE","metabolite_name":"SM 40:2; [M+Na]+@7.22","refmet_name":"SM 40:2;O2"},"371":{"study_id":"ST000708","analysis_id":"AN001102","analysis_summary":"C18 POSITIVE ION MODE","metabolite_name":"SM 41:1; [M+Na]+@8.01","refmet_name":"SM 41:1;O2"},"372":{"study_id":"ST000708","analysis_id":"AN001102","analysis_summary":"C18 POSITIVE ION MODE","metabolite_name":"SM 41:2; [M+Na]+@7.57","refmet_name":"SM 41:2;O2"},"373":{"study_id":"ST000708","analysis_id":"AN001102","analysis_summary":"C18 POSITIVE ION MODE","metabolite_name":"SM 42:0; [M+Na]+@7.87","refmet_name":"SM 42:0;O2"},"374":{"study_id":"ST000708","analysis_id":"AN001102","analysis_summary":"C18 POSITIVE ION MODE","metabolite_name":"SM 42:1; [M+Na]+@8.24","refmet_name":"SM 42:1;O2"},"375":{"study_id":"ST000708","analysis_id":"AN001102","analysis_summary":"C18 POSITIVE ION MODE","metabolite_name":"SM 42:2; [M+Na]+@7.75","refmet_name":"SM 42:2;O2"},"376":{"study_id":"ST000708","analysis_id":"AN001102","analysis_summary":"C18 POSITIVE ION MODE","metabolite_name":"SM 42:4; [M]+@6.84","refmet_name":"SM 42:4;O2"},"377":{"study_id":"ST000708","analysis_id":"AN001102","analysis_summary":"C18 POSITIVE ION MODE","metabolite_name":"SM 42:5; [M]+@6.53","refmet_name":"SM 42:5;O2"},"378":{"study_id":"ST000708","analysis_id":"AN001102","analysis_summary":"C18 POSITIVE ION MODE","metabolite_name":"SM 43:1; [M+Na]+@8.45","refmet_name":"SM 43:1;O2"},"379":{"study_id":"ST000708","analysis_id":"AN001102","analysis_summary":"C18 POSITIVE ION MODE","metabolite_name":"SM 44:1; [M]+@8.74","refmet_name":"SM 44:1;O2"},"380":{"study_id":"ST000708","analysis_id":"AN001102","analysis_summary":"C18 POSITIVE ION MODE","metabolite_name":"SM 44:2; [M]+@8.24","refmet_name":"SM 44:2;O2"},"381":{"study_id":"ST000708","analysis_id":"AN001102","analysis_summary":"C18 POSITIVE ION MODE","metabolite_name":"TG 40:0; [M+NH4]+@9.52","refmet_name":"TG 40:0"},"382":{"study_id":"ST000708","analysis_id":"AN001102","analysis_summary":"C18 POSITIVE ION MODE","metabolite_name":"TG 40:1; [M+NH4]+@9.21","refmet_name":"TG 40:1"},"383":{"study_id":"ST000708","analysis_id":"AN001102","analysis_summary":"C18 POSITIVE ION MODE","metabolite_name":"TG 42:0; [M+NH4]+@9.80","refmet_name":"TG 42:0"},"384":{"study_id":"ST000708","analysis_id":"AN001102","analysis_summary":"C18 POSITIVE ION MODE","metabolite_name":"TG 42:1; [M+NH4]+@9.57","refmet_name":"TG 42:1"},"385":{"study_id":"ST000708","analysis_id":"AN001102","analysis_summary":"C18 POSITIVE ION MODE","metabolite_name":"TG 44:1; [M+NH4]+@9.82","refmet_name":"TG 44:1"},"386":{"study_id":"ST000708","analysis_id":"AN001102","analysis_summary":"C18 POSITIVE ION MODE","metabolite_name":"TG 44:2; [M+NH4]+@9.59","refmet_name":"TG 44:2"},"387":{"study_id":"ST000708","analysis_id":"AN001102","analysis_summary":"C18 POSITIVE ION MODE","metabolite_name":"TG 46:0; [M+NH4]+@10.30","refmet_name":"TG 46:0"},"388":{"study_id":"ST000708","analysis_id":"AN001102","analysis_summary":"C18 POSITIVE ION MODE","metabolite_name":"TG 46:1; [M+NH4]+@10.09","refmet_name":"TG 46:1"},"389":{"study_id":"ST000708","analysis_id":"AN001102","analysis_summary":"C18 POSITIVE ION MODE","metabolite_name":"TG 46:2; [M+NH4]+@9.84","refmet_name":"TG 46:2"},"390":{"study_id":"ST000708","analysis_id":"AN001102","analysis_summary":"C18 POSITIVE ION MODE","metabolite_name":"TG 46:3; [M+NH4]+@9.63","refmet_name":"TG 46:3"},"391":{"study_id":"ST000708","analysis_id":"AN001102","analysis_summary":"C18 POSITIVE ION MODE","metabolite_name":"TG 48:0; [M+NH4]+@10.57","refmet_name":"TG 48:0"},"392":{"study_id":"ST000708","analysis_id":"AN001102","analysis_summary":"C18 POSITIVE ION MODE","metabolite_name":"TG 48:1; [M+NH4]+@10.33","refmet_name":"TG 48:1"},"393":{"study_id":"ST000708","analysis_id":"AN001102","analysis_summary":"C18 POSITIVE ION MODE","metabolite_name":"TG 48:2; [M+NH4]+@10.12","refmet_name":"TG 48:2"},"394":{"study_id":"ST000708","analysis_id":"AN001102","analysis_summary":"C18 POSITIVE ION MODE","metabolite_name":"TG 48:3; [M+NH4]+@9.89","refmet_name":"TG 48:3"},"395":{"study_id":"ST000708","analysis_id":"AN001102","analysis_summary":"C18 POSITIVE ION MODE","metabolite_name":"TG 49:0; [M+NH4]+@10.70","refmet_name":"TG 49:0"},"396":{"study_id":"ST000708","analysis_id":"AN001102","analysis_summary":"C18 POSITIVE ION MODE","metabolite_name":"TG 49:1; [M+NH4]+@10.50","refmet_name":"TG 49:1"},"397":{"study_id":"ST000708","analysis_id":"AN001102","analysis_summary":"C18 POSITIVE ION MODE","metabolite_name":"TG 49:2; [M+NH4]+@10.31","refmet_name":"TG 49:2"},"398":{"study_id":"ST000708","analysis_id":"AN001102","analysis_summary":"C18 POSITIVE ION MODE","metabolite_name":"TG 49:3; [M+NH4]+@10.08","refmet_name":"TG 49:3"},"399":{"study_id":"ST000708","analysis_id":"AN001102","analysis_summary":"C18 POSITIVE ION MODE","metabolite_name":"TG 50:0; [M+NH4]+@10.84","refmet_name":"TG 50:0"},"400":{"study_id":"ST000708","analysis_id":"AN001102","analysis_summary":"C18 POSITIVE ION MODE","metabolite_name":"TG 50:1; [M+NH4]+@10.56","refmet_name":"TG 50:1"},"401":{"study_id":"ST000708","analysis_id":"AN001102","analysis_summary":"C18 POSITIVE ION MODE","metabolite_name":"TG 50:2; [M+Na]+@10.23","refmet_name":"TG 50:2"},"402":{"study_id":"ST000708","analysis_id":"AN001102","analysis_summary":"C18 POSITIVE ION MODE","metabolite_name":"TG 50:2; [M+NH4]+@10.35","refmet_name":"TG 50:2"},"403":{"study_id":"ST000708","analysis_id":"AN001102","analysis_summary":"C18 POSITIVE ION MODE","metabolite_name":"TG 50:3; [M+NH4]+@10.14","refmet_name":"TG 50:3"},"404":{"study_id":"ST000708","analysis_id":"AN001102","analysis_summary":"C18 POSITIVE ION MODE","metabolite_name":"TG 50:4; [M+NH4]+@9.94","refmet_name":"TG 50:4"},"405":{"study_id":"ST000708","analysis_id":"AN001102","analysis_summary":"C18 POSITIVE ION MODE","metabolite_name":"TG 50:5; [M+NH4]+@9.76","refmet_name":"TG 50:5"},"406":{"study_id":"ST000708","analysis_id":"AN001102","analysis_summary":"C18 POSITIVE ION MODE","metabolite_name":"TG 51:1; [M+NH4]+@10.73","refmet_name":"TG 51:1"},"407":{"study_id":"ST000708","analysis_id":"AN001102","analysis_summary":"C18 POSITIVE ION MODE","metabolite_name":"TG 51:2; [M+NH4]+@10.55","refmet_name":"TG 51:2"},"408":{"study_id":"ST000708","analysis_id":"AN001102","analysis_summary":"C18 POSITIVE ION MODE","metabolite_name":"TG 51:3; [M+NH4]+@10.35","refmet_name":"TG 51:3"},"409":{"study_id":"ST000708","analysis_id":"AN001102","analysis_summary":"C18 POSITIVE ION MODE","metabolite_name":"TG 51:4; [M+NH4]+@10.16","refmet_name":"TG 51:4"},"410":{"study_id":"ST000708","analysis_id":"AN001102","analysis_summary":"C18 POSITIVE ION MODE","metabolite_name":"TG 51:5; [M+NH4]+@9.94","refmet_name":"TG 51:5"},"411":{"study_id":"ST000708","analysis_id":"AN001102","analysis_summary":"C18 POSITIVE ION MODE","metabolite_name":"TG 52:0; [M+NH4]+@11.07","refmet_name":"TG 52:0"},"412":{"study_id":"ST000708","analysis_id":"AN001102","analysis_summary":"C18 POSITIVE ION MODE","metabolite_name":"TG 52:1; [M+NH4]+@10.84","refmet_name":"TG 52:1"},"413":{"study_id":"ST000708","analysis_id":"AN001102","analysis_summary":"C18 POSITIVE ION MODE","metabolite_name":"TG 52:2; [M+NH4]+@10.59","refmet_name":"TG 52:2"},"414":{"study_id":"ST000708","analysis_id":"AN001102","analysis_summary":"C18 POSITIVE ION MODE","metabolite_name":"TG 52:3; [M+NH4]+@10.41","refmet_name":"TG 52:3"},"415":{"study_id":"ST000708","analysis_id":"AN001102","analysis_summary":"C18 POSITIVE ION MODE","metabolite_name":"TG 52:4; [M+NH4]+@10.22","refmet_name":"TG 52:4"},"416":{"study_id":"ST000708","analysis_id":"AN001102","analysis_summary":"C18 POSITIVE ION MODE","metabolite_name":"TG 52:5; [M+NH4]+@10.04","refmet_name":"TG 52:5"},"417":{"study_id":"ST000708","analysis_id":"AN001102","analysis_summary":"C18 POSITIVE ION MODE","metabolite_name":"TG 52:6; [M+NH4]+@9.83","refmet_name":"TG 52:6"},"418":{"study_id":"ST000708","analysis_id":"AN001102","analysis_summary":"C18 POSITIVE ION MODE","metabolite_name":"TG 52:7; [M+NH4]+@9.67","refmet_name":"TG 52:7"},"419":{"study_id":"ST000708","analysis_id":"AN001102","analysis_summary":"C18 POSITIVE ION MODE","metabolite_name":"TG 53:0; [M+NH4]+@11.20","refmet_name":"TG 53:0"},"420":{"study_id":"ST000708","analysis_id":"AN001102","analysis_summary":"C18 POSITIVE ION MODE","metabolite_name":"TG 53:1; [M+NH4]+@10.96","refmet_name":"TG 53:1"},"421":{"study_id":"ST000708","analysis_id":"AN001102","analysis_summary":"C18 POSITIVE ION MODE","metabolite_name":"TG 53:2; [M+NH4]+@10.77","refmet_name":"TG 53:2"},"422":{"study_id":"ST000708","analysis_id":"AN001102","analysis_summary":"C18 POSITIVE ION MODE","metabolite_name":"TG 53:3; [M+NH4]+@10.57","refmet_name":"TG 53:3"},"423":{"study_id":"ST000708","analysis_id":"AN001102","analysis_summary":"C18 POSITIVE ION MODE","metabolite_name":"TG 53:4; [M+NH4]+@10.37","refmet_name":"TG 53:4"},"424":{"study_id":"ST000708","analysis_id":"AN001102","analysis_summary":"C18 POSITIVE ION MODE","metabolite_name":"TG 53:5; [M+NH4]+@10.20","refmet_name":"TG 53:5"},"425":{"study_id":"ST000708","analysis_id":"AN001102","analysis_summary":"C18 POSITIVE ION MODE","metabolite_name":"TG 54:0; [M+NH4]+@11.32","refmet_name":"TG 54:0"},"426":{"study_id":"ST000708","analysis_id":"AN001102","analysis_summary":"C18 POSITIVE ION MODE","metabolite_name":"TG 54:1; [M+NH4]+@11.09","refmet_name":"TG 54:1"},"427":{"study_id":"ST000708","analysis_id":"AN001102","analysis_summary":"C18 POSITIVE ION MODE","metabolite_name":"TG 54:2; [M+NH4]+@10.88","refmet_name":"TG 54:2"},"428":{"study_id":"ST000708","analysis_id":"AN001102","analysis_summary":"C18 POSITIVE ION MODE","metabolite_name":"TG 54:3; [M+NH4]+@10.67","refmet_name":"TG 54:3"},"429":{"study_id":"ST000708","analysis_id":"AN001102","analysis_summary":"C18 POSITIVE ION MODE","metabolite_name":"TG 54:4; [M+NH4]+@10.47","refmet_name":"TG 54:4"},"430":{"study_id":"ST000708","analysis_id":"AN001102","analysis_summary":"C18 POSITIVE ION MODE","metabolite_name":"TG 54:5; [M+NH4]+@10.26","refmet_name":"TG 54:5"},"431":{"study_id":"ST000708","analysis_id":"AN001102","analysis_summary":"C18 POSITIVE ION MODE","metabolite_name":"TG 54:6; [M+NH4]+@10.10","refmet_name":"TG 54:6"},"432":{"study_id":"ST000708","analysis_id":"AN001102","analysis_summary":"C18 POSITIVE ION MODE","metabolite_name":"TG 54:7; [M+NH4]+@9.91","refmet_name":"TG 54:7"},"433":{"study_id":"ST000708","analysis_id":"AN001102","analysis_summary":"C18 POSITIVE ION MODE","metabolite_name":"TG 54:8; [M+NH4]+@9.76","refmet_name":"TG 54:8"},"434":{"study_id":"ST000708","analysis_id":"AN001102","analysis_summary":"C18 POSITIVE ION MODE","metabolite_name":"TG 55:0; [M+NH4]+@11.42","refmet_name":"TG 55:0"},"435":{"study_id":"ST000708","analysis_id":"AN001102","analysis_summary":"C18 POSITIVE ION MODE","metabolite_name":"TG 55:1; [M+NH4]+@11.20","refmet_name":"TG 55:1"},"436":{"study_id":"ST000708","analysis_id":"AN001102","analysis_summary":"C18 POSITIVE ION MODE","metabolite_name":"TG 55:3; [M+NH4]+@10.80","refmet_name":"TG 55:3"},"437":{"study_id":"ST000708","analysis_id":"AN001102","analysis_summary":"C18 POSITIVE ION MODE","metabolite_name":"TG 55:6; [M+NH4]+@10.32","refmet_name":"TG 55:6"},"438":{"study_id":"ST000708","analysis_id":"AN001102","analysis_summary":"C18 POSITIVE ION MODE","metabolite_name":"TG 55:8; [M+NH4]+@9.98","refmet_name":"TG 55:8"},"439":{"study_id":"ST000708","analysis_id":"AN001102","analysis_summary":"C18 POSITIVE ION MODE","metabolite_name":"TG 56:0; [M+NH4]+@11.60","refmet_name":"TG 56:0"},"440":{"study_id":"ST000708","analysis_id":"AN001102","analysis_summary":"C18 POSITIVE ION MODE","metabolite_name":"TG 56:10; [M+NH4]+@9.71","refmet_name":"TG 56:10"},"441":{"study_id":"ST000708","analysis_id":"AN001102","analysis_summary":"C18 POSITIVE ION MODE","metabolite_name":"TG 56:1; [M+NH4]+@11.36","refmet_name":"TG 56:1"},"442":{"study_id":"ST000708","analysis_id":"AN001102","analysis_summary":"C18 POSITIVE ION MODE","metabolite_name":"TG 56:2; [M+NH4]+@11.12","refmet_name":"TG 56:2"},"443":{"study_id":"ST000708","analysis_id":"AN001102","analysis_summary":"C18 POSITIVE ION MODE","metabolite_name":"TG 56:3; [M+NH4]+@10.92","refmet_name":"TG 56:3"},"444":{"study_id":"ST000708","analysis_id":"AN001102","analysis_summary":"C18 POSITIVE ION MODE","metabolite_name":"TG 56:4; [M+NH4]+@10.74","refmet_name":"TG 56:4"},"445":{"study_id":"ST000708","analysis_id":"AN001102","analysis_summary":"C18 POSITIVE ION MODE","metabolite_name":"TG 56:5; [M+Na]+@10.60","refmet_name":"TG 56:5"},"446":{"study_id":"ST000708","analysis_id":"AN001102","analysis_summary":"C18 POSITIVE ION MODE","metabolite_name":"TG 56:5; [M+NH4]+@10.58","refmet_name":"TG 56:5"},"447":{"study_id":"ST000708","analysis_id":"AN001102","analysis_summary":"C18 POSITIVE ION MODE","metabolite_name":"TG 56:6; [M+NH4]+@10.40","refmet_name":"TG 56:6"},"448":{"study_id":"ST000708","analysis_id":"AN001102","analysis_summary":"C18 POSITIVE ION MODE","metabolite_name":"TG 56:7; [M+NH4]+@10.22","refmet_name":"TG 56:7"},"449":{"study_id":"ST000708","analysis_id":"AN001102","analysis_summary":"C18 POSITIVE ION MODE","metabolite_name":"TG 56:8; [M+NH4]+@10.04","refmet_name":"TG 56:8"},"450":{"study_id":"ST000708","analysis_id":"AN001102","analysis_summary":"C18 POSITIVE ION MODE","metabolite_name":"TG 56:9; [M+NH4]+@9.86","refmet_name":"TG 56:9"},"451":{"study_id":"ST000708","analysis_id":"AN001102","analysis_summary":"C18 POSITIVE ION MODE","metabolite_name":"TG 57:2; [M+NH4]+@11.25","refmet_name":"TG 57:2"},"452":{"study_id":"ST000708","analysis_id":"AN001102","analysis_summary":"C18 POSITIVE ION MODE","metabolite_name":"TG 57:7; [M+NH4]+@10.32","refmet_name":"TG 57:7"},"453":{"study_id":"ST000708","analysis_id":"AN001102","analysis_summary":"C18 POSITIVE ION MODE","metabolite_name":"TG 58:10; [M+NH4]+@9.99","refmet_name":"TG 58:10"},"454":{"study_id":"ST000708","analysis_id":"AN001102","analysis_summary":"C18 POSITIVE ION MODE","metabolite_name":"TG 58:11; [M+NH4]+@9.81","refmet_name":"TG 58:11"},"455":{"study_id":"ST000708","analysis_id":"AN001102","analysis_summary":"C18 POSITIVE ION MODE","metabolite_name":"TG 58:12; [M+NH4]+@9.62","refmet_name":"TG 58:12"},"456":{"study_id":"ST000708","analysis_id":"AN001102","analysis_summary":"C18 POSITIVE ION MODE","metabolite_name":"TG 58:1; [M+NH4]+@11.63","refmet_name":"TG 58:1"},"457":{"study_id":"ST000708","analysis_id":"AN001102","analysis_summary":"C18 POSITIVE ION MODE","metabolite_name":"TG 58:2; [M+NH4]+@11.38","refmet_name":"TG 58:2"},"458":{"study_id":"ST000708","analysis_id":"AN001102","analysis_summary":"C18 POSITIVE ION MODE","metabolite_name":"TG 58:4; [M+NH4]+@10.96","refmet_name":"TG 58:4"},"459":{"study_id":"ST000708","analysis_id":"AN001102","analysis_summary":"C18 POSITIVE ION MODE","metabolite_name":"TG 58:5; [M+NH4]+@10.85","refmet_name":"TG 58:5"},"460":{"study_id":"ST000708","analysis_id":"AN001102","analysis_summary":"C18 POSITIVE ION MODE","metabolite_name":"TG 58:6; [M+NH4]+@10.63","refmet_name":"TG 58:6"},"461":{"study_id":"ST000708","analysis_id":"AN001102","analysis_summary":"C18 POSITIVE ION MODE","metabolite_name":"TG 58:7; [M+NH4]+@10.54","refmet_name":"TG 58:7"},"462":{"study_id":"ST000708","analysis_id":"AN001102","analysis_summary":"C18 POSITIVE ION MODE","metabolite_name":"TG 58:8; [M+NH4]+@10.35","refmet_name":"TG 58:8"},"463":{"study_id":"ST000708","analysis_id":"AN001102","analysis_summary":"C18 POSITIVE ION MODE","metabolite_name":"TG 58:9; [M+NH4]+@10.18","refmet_name":"TG 58:9"},"464":{"study_id":"ST000708","analysis_id":"AN001102","analysis_summary":"C18 POSITIVE ION MODE","metabolite_name":"TG 60:10; [M+NH4]+@10.25","refmet_name":"TG 60:10"},"465":{"study_id":"ST000708","analysis_id":"AN001102","analysis_summary":"C18 POSITIVE ION MODE","metabolite_name":"TG 60:12; [M+NH4]+@9.96","refmet_name":"TG 60:12"},"466":{"study_id":"ST000708","analysis_id":"AN001102","analysis_summary":"C18 POSITIVE ION MODE","metabolite_name":"TG 60:13; [M+NH4]+@9.75","refmet_name":"TG 60:13"},"467":{"study_id":"ST000708","analysis_id":"AN001102","analysis_summary":"C18 POSITIVE ION MODE","metabolite_name":"TG 60:1; [M+NH4]+@11.87","refmet_name":"TG 60:1"},"468":{"study_id":"ST000708","analysis_id":"AN001102","analysis_summary":"C18 POSITIVE ION MODE","metabolite_name":"TG 60:9; [M+NH4]+@10.37","refmet_name":"TG 60:9"}}