{"1":{"study_id":"ST000007","analysis_id":"AN000021","analysis_summary":"GCMS positive ion mode","metabolite_name":"1,2-anhydro-myo-inositol NIST","refmet_name":"1,2-Anhydro-myo-inositol"},"2":{"study_id":"ST000007","analysis_id":"AN000021","analysis_summary":"GCMS positive ion mode","metabolite_name":"1-tridecanol NIST","refmet_name":""},"3":{"study_id":"ST000007","analysis_id":"AN000021","analysis_summary":"GCMS positive ion mode","metabolite_name":"2-deoxyerythritol NIST","refmet_name":"2-Deoxyerythritol"},"4":{"study_id":"ST000007","analysis_id":"AN000021","analysis_summary":"GCMS positive ion mode","metabolite_name":"2-hydroxyglutaric acid","refmet_name":"2-Hydroxyglutaric acid"},"5":{"study_id":"ST000007","analysis_id":"AN000021","analysis_summary":"GCMS positive ion mode","metabolite_name":"2-palmitoleic acid","refmet_name":"Gaidic acid"},"6":{"study_id":"ST000007","analysis_id":"AN000021","analysis_summary":"GCMS positive ion mode","metabolite_name":"2-phenylpropanol NIST","refmet_name":""},"7":{"study_id":"ST000007","analysis_id":"AN000021","analysis_summary":"GCMS positive ion mode","metabolite_name":"4-hydroxycinnamic acid","refmet_name":"cis-p-Coumaric acid"},"8":{"study_id":"ST000007","analysis_id":"AN000021","analysis_summary":"GCMS positive ion mode","metabolite_name":"4-hydroxyphenyl-2-ethylglucopyranoside NIST","refmet_name":"4-Hydroxyphenyl-2-ethylglucopyranoside"},"9":{"study_id":"ST000007","analysis_id":"AN000021","analysis_summary":"GCMS positive ion mode","metabolite_name":"5-hydroxynorvaline NIST","refmet_name":"L-2-Amino-5-hydroxypentanoic acid"},"10":{"study_id":"ST000007","analysis_id":"AN000021","analysis_summary":"GCMS positive ion mode","metabolite_name":"5-methoxytryptamine","refmet_name":"5-Methoxytryptamine"},"11":{"study_id":"ST000007","analysis_id":"AN000021","analysis_summary":"GCMS positive ion mode","metabolite_name":"6-deoxyglucitol NIST","refmet_name":"6-Deoxyglucitol"},"12":{"study_id":"ST000007","analysis_id":"AN000021","analysis_summary":"GCMS positive ion mode","metabolite_name":"acetohydroxamic acid","refmet_name":"Acetohydroxamic acid"},"13":{"study_id":"ST000007","analysis_id":"AN000021","analysis_summary":"GCMS positive ion mode","metabolite_name":"acetophenone NIST","refmet_name":"Acetophenone"},"14":{"study_id":"ST000007","analysis_id":"AN000021","analysis_summary":"GCMS positive ion mode","metabolite_name":"aconitic acid","refmet_name":"cis-Aconitic acid"},"15":{"study_id":"ST000007","analysis_id":"AN000021","analysis_summary":"GCMS positive ion mode","metabolite_name":"adenosine-5-monophosphate","refmet_name":"AMP"},"16":{"study_id":"ST000007","analysis_id":"AN000021","analysis_summary":"GCMS positive ion mode","metabolite_name":"alanine","refmet_name":"Alanine"},"17":{"study_id":"ST000007","analysis_id":"AN000021","analysis_summary":"GCMS positive ion mode","metabolite_name":"alanine-alanine","refmet_name":"Ala-Ala"},"18":{"study_id":"ST000007","analysis_id":"AN000021","analysis_summary":"GCMS positive ion mode","metabolite_name":"allantoin","refmet_name":"Allantoin"},"19":{"study_id":"ST000007","analysis_id":"AN000021","analysis_summary":"GCMS positive ion mode","metabolite_name":"alpha ketoglutaric acid","refmet_name":"Oxoglutaric acid"},"20":{"study_id":"ST000007","analysis_id":"AN000021","analysis_summary":"GCMS positive ion mode","metabolite_name":"arabinose","refmet_name":"Arabinose"},"21":{"study_id":"ST000007","analysis_id":"AN000021","analysis_summary":"GCMS positive ion mode","metabolite_name":"arabitol","refmet_name":"Arabitol"},"22":{"study_id":"ST000007","analysis_id":"AN000021","analysis_summary":"GCMS positive ion mode","metabolite_name":"arachidic acid","refmet_name":"Arachidic acid"},"23":{"study_id":"ST000007","analysis_id":"AN000021","analysis_summary":"GCMS positive ion mode","metabolite_name":"arbutin","refmet_name":"Arbutin"},"24":{"study_id":"ST000007","analysis_id":"AN000021","analysis_summary":"GCMS positive ion mode","metabolite_name":"arginine + ornithine","refmet_name":"Arginine"},"25":{"study_id":"ST000007","analysis_id":"AN000021","analysis_summary":"GCMS positive ion mode","metabolite_name":"asparagine","refmet_name":"Asparagine"},"26":{"study_id":"ST000007","analysis_id":"AN000021","analysis_summary":"GCMS positive ion mode","metabolite_name":"aspartic acid","refmet_name":"Aspartic acid"},"27":{"study_id":"ST000007","analysis_id":"AN000021","analysis_summary":"GCMS positive ion mode","metabolite_name":"benzoic acid","refmet_name":"Benzoic acid"},"28":{"study_id":"ST000007","analysis_id":"AN000021","analysis_summary":"GCMS positive ion mode","metabolite_name":"benzylalcohol","refmet_name":"Benzyl alcohol"},"29":{"study_id":"ST000007","analysis_id":"AN000021","analysis_summary":"GCMS positive ion mode","metabolite_name":"beta-alanine","refmet_name":"beta-Alanine"},"30":{"study_id":"ST000007","analysis_id":"AN000021","analysis_summary":"GCMS positive ion mode","metabolite_name":"beta-gentiobiose","refmet_name":"beta-Gentiobiose"},"31":{"study_id":"ST000007","analysis_id":"AN000021","analysis_summary":"GCMS positive ion mode","metabolite_name":"beta-sitosterol","refmet_name":"Sitosterol"},"32":{"study_id":"ST000007","analysis_id":"AN000021","analysis_summary":"GCMS positive ion mode","metabolite_name":"butyrolactam NIST","refmet_name":"2-Pyrrolidinone"},"33":{"study_id":"ST000007","analysis_id":"AN000021","analysis_summary":"GCMS positive ion mode","metabolite_name":"capric acid","refmet_name":"Capric acid"},"34":{"study_id":"ST000007","analysis_id":"AN000021","analysis_summary":"GCMS positive ion mode","metabolite_name":"cellobiose","refmet_name":"Cellobiose"},"35":{"study_id":"ST000007","analysis_id":"AN000021","analysis_summary":"GCMS positive ion mode","metabolite_name":"cellobiotol","refmet_name":"Cellobiotol"},"36":{"study_id":"ST000007","analysis_id":"AN000021","analysis_summary":"GCMS positive ion mode","metabolite_name":"cerotic acid","refmet_name":"Cerotic acid"},"37":{"study_id":"ST000007","analysis_id":"AN000021","analysis_summary":"GCMS positive ion mode","metabolite_name":"cis-sinapinic acid","refmet_name":"cis-Sinapic acid"},"38":{"study_id":"ST000007","analysis_id":"AN000021","analysis_summary":"GCMS positive ion mode","metabolite_name":"citric acid","refmet_name":"Citric acid"},"39":{"study_id":"ST000007","analysis_id":"AN000021","analysis_summary":"GCMS positive ion mode","metabolite_name":"citrulline","refmet_name":"Citrulline"},"40":{"study_id":"ST000007","analysis_id":"AN000021","analysis_summary":"GCMS positive ion mode","metabolite_name":"cysteine","refmet_name":"Cysteine"},"41":{"study_id":"ST000007","analysis_id":"AN000021","analysis_summary":"GCMS positive ion mode","metabolite_name":"dehydroascorbate","refmet_name":"L-Dehydroascorbic acid"},"42":{"study_id":"ST000007","analysis_id":"AN000021","analysis_summary":"GCMS positive ion mode","metabolite_name":"diacetone alcohol NIST","refmet_name":"Diacetone alcohol"},"43":{"study_id":"ST000007","analysis_id":"AN000021","analysis_summary":"GCMS positive ion mode","metabolite_name":"elaidic acid","refmet_name":"Elaidic acid"},"44":{"study_id":"ST000007","analysis_id":"AN000021","analysis_summary":"GCMS positive ion mode","metabolite_name":"enolpyruvate NIST","refmet_name":"Phosphoenolpyruvic acid"},"45":{"study_id":"ST000007","analysis_id":"AN000021","analysis_summary":"GCMS positive ion mode","metabolite_name":"erythritol","refmet_name":"Erythritol"},"46":{"study_id":"ST000007","analysis_id":"AN000021","analysis_summary":"GCMS positive ion mode","metabolite_name":"erythronic acid","refmet_name":"Erythronic acid"},"47":{"study_id":"ST000007","analysis_id":"AN000021","analysis_summary":"GCMS positive ion mode","metabolite_name":"erythronic acid lactone","refmet_name":"Erythrono-1,4-lactone"},"48":{"study_id":"ST000007","analysis_id":"AN000021","analysis_summary":"GCMS positive ion mode","metabolite_name":"ferulic acid","refmet_name":"trans-Ferulic acid"},"49":{"study_id":"ST000007","analysis_id":"AN000021","analysis_summary":"GCMS positive ion mode","metabolite_name":"fructose","refmet_name":"Fructose"},"50":{"study_id":"ST000007","analysis_id":"AN000021","analysis_summary":"GCMS positive ion mode","metabolite_name":"fucose 1 + rhamnose 2","refmet_name":"D-Fucose"},"51":{"study_id":"ST000007","analysis_id":"AN000021","analysis_summary":"GCMS positive ion mode","metabolite_name":"fumaric acid","refmet_name":"Fumaric acid"},"52":{"study_id":"ST000007","analysis_id":"AN000021","analysis_summary":"GCMS positive ion mode","metabolite_name":"GABA","refmet_name":"gamma-Aminobutyric acid"},"53":{"study_id":"ST000007","analysis_id":"AN000021","analysis_summary":"GCMS positive ion mode","metabolite_name":"galactinol","refmet_name":"Galactinol"},"54":{"study_id":"ST000007","analysis_id":"AN000021","analysis_summary":"GCMS positive ion mode","metabolite_name":"galactinol isomer","refmet_name":"Galactinol"},"55":{"study_id":"ST000007","analysis_id":"AN000021","analysis_summary":"GCMS positive ion mode","metabolite_name":"galactonic acid","refmet_name":"Galactonic acid"},"56":{"study_id":"ST000007","analysis_id":"AN000021","analysis_summary":"GCMS positive ion mode","metabolite_name":"galactose","refmet_name":"Galactose"},"57":{"study_id":"ST000007","analysis_id":"AN000021","analysis_summary":"GCMS positive ion mode","metabolite_name":"gamma-tocopherol","refmet_name":"gamma-Tocopherol"},"58":{"study_id":"ST000007","analysis_id":"AN000021","analysis_summary":"GCMS positive ion mode","metabolite_name":"glucoheptulose","refmet_name":"Glucoheptulose"},"59":{"study_id":"ST000007","analysis_id":"AN000021","analysis_summary":"GCMS positive ion mode","metabolite_name":"gluconic acid","refmet_name":"Gluconic acid"},"60":{"study_id":"ST000007","analysis_id":"AN000021","analysis_summary":"GCMS positive ion mode","metabolite_name":"glucose","refmet_name":"Glucose"},"61":{"study_id":"ST000007","analysis_id":"AN000021","analysis_summary":"GCMS positive ion mode","metabolite_name":"glucose-1-phosphate","refmet_name":"Glucose 1-phosphate"},"62":{"study_id":"ST000007","analysis_id":"AN000021","analysis_summary":"GCMS positive ion mode","metabolite_name":"glucose-6-phosphate","refmet_name":"Glucose 6-phosphate"},"63":{"study_id":"ST000007","analysis_id":"AN000021","analysis_summary":"GCMS positive ion mode","metabolite_name":"glutamic acid","refmet_name":"Glutamic acid"},"64":{"study_id":"ST000007","analysis_id":"AN000021","analysis_summary":"GCMS positive ion mode","metabolite_name":"glutamine","refmet_name":"Glutamine"},"65":{"study_id":"ST000007","analysis_id":"AN000021","analysis_summary":"GCMS positive ion mode","metabolite_name":"glyceric acid","refmet_name":"Glyceric acid"},"66":{"study_id":"ST000007","analysis_id":"AN000021","analysis_summary":"GCMS positive ion mode","metabolite_name":"glycerol","refmet_name":"Glycerol"},"67":{"study_id":"ST000007","analysis_id":"AN000021","analysis_summary":"GCMS positive ion mode","metabolite_name":"glycerol-3-galactoside NIST","refmet_name":"Galactosylglycerol"},"68":{"study_id":"ST000007","analysis_id":"AN000021","analysis_summary":"GCMS positive ion mode","metabolite_name":"glycerol-alpha-phosphate","refmet_name":"sn-Glycero-3-phosphate"},"69":{"study_id":"ST000007","analysis_id":"AN000021","analysis_summary":"GCMS positive ion mode","metabolite_name":"glycerol-beta-phosphate","refmet_name":"sn-Glycero-2-phosphate"},"70":{"study_id":"ST000007","analysis_id":"AN000021","analysis_summary":"GCMS positive ion mode","metabolite_name":"glycine","refmet_name":"Glycine"},"71":{"study_id":"ST000007","analysis_id":"AN000021","analysis_summary":"GCMS positive ion mode","metabolite_name":"glycolic acid","refmet_name":"Glycolic acid"},"72":{"study_id":"ST000007","analysis_id":"AN000021","analysis_summary":"GCMS positive ion mode","metabolite_name":"guanosine","refmet_name":"Guanosine"},"73":{"study_id":"ST000007","analysis_id":"AN000021","analysis_summary":"GCMS positive ion mode","metabolite_name":"heptadecanoic acid","refmet_name":"Margaric acid"},"74":{"study_id":"ST000007","analysis_id":"AN000021","analysis_summary":"GCMS positive ion mode","metabolite_name":"hydroxycarbamate NIST","refmet_name":"Hydroxycarbamic acid"},"75":{"study_id":"ST000007","analysis_id":"AN000021","analysis_summary":"GCMS positive ion mode","metabolite_name":"hydroxylamine","refmet_name":"Hydroxylamine"},"76":{"study_id":"ST000007","analysis_id":"AN000021","analysis_summary":"GCMS positive ion mode","metabolite_name":"idonic acid NIST","refmet_name":""},"77":{"study_id":"ST000007","analysis_id":"AN000021","analysis_summary":"GCMS positive ion mode","metabolite_name":"inositol-4-monophosphate","refmet_name":"Inositol 4-phosphate"},"78":{"study_id":"ST000007","analysis_id":"AN000021","analysis_summary":"GCMS positive ion mode","metabolite_name":"inositol myo-","refmet_name":"Myo-inositol"},"79":{"study_id":"ST000007","analysis_id":"AN000021","analysis_summary":"GCMS positive ion mode","metabolite_name":"inulobiose","refmet_name":"Inulobiose"},"80":{"study_id":"ST000007","analysis_id":"AN000021","analysis_summary":"GCMS positive ion mode","metabolite_name":"inulotriose 1","refmet_name":"Levan"},"81":{"study_id":"ST000007","analysis_id":"AN000021","analysis_summary":"GCMS positive ion mode","metabolite_name":"isocitric acid","refmet_name":"Isocitric acid"},"82":{"study_id":"ST000007","analysis_id":"AN000021","analysis_summary":"GCMS positive ion mode","metabolite_name":"iso-galactinol","refmet_name":"Galactinol"},"83":{"study_id":"ST000007","analysis_id":"AN000021","analysis_summary":"GCMS positive ion mode","metabolite_name":"isoleucine","refmet_name":"Isoleucine"},"84":{"study_id":"ST000007","analysis_id":"AN000021","analysis_summary":"GCMS positive ion mode","metabolite_name":"isolinoleic acid NIST","refmet_name":""},"85":{"study_id":"ST000007","analysis_id":"AN000021","analysis_summary":"GCMS positive ion mode","metabolite_name":"isonicotinic acid","refmet_name":"Isonicotinic acid"},"86":{"study_id":"ST000007","analysis_id":"AN000021","analysis_summary":"GCMS positive ion mode","metabolite_name":"isothreonic acid","refmet_name":"D-Threonic acid"},"87":{"study_id":"ST000007","analysis_id":"AN000021","analysis_summary":"GCMS positive ion mode","metabolite_name":"lactic acid","refmet_name":"Lactic acid"},"88":{"study_id":"ST000007","analysis_id":"AN000021","analysis_summary":"GCMS positive ion mode","metabolite_name":"lactobionic acid","refmet_name":"Lactobionic acid"},"89":{"study_id":"ST000007","analysis_id":"AN000021","analysis_summary":"GCMS positive ion mode","metabolite_name":"lauric acid","refmet_name":"Lauric acid"},"90":{"study_id":"ST000007","analysis_id":"AN000021","analysis_summary":"GCMS positive ion mode","metabolite_name":"leucine","refmet_name":"Leucine"},"91":{"study_id":"ST000007","analysis_id":"AN000021","analysis_summary":"GCMS positive ion mode","metabolite_name":"leucrose","refmet_name":"Leucrose"},"92":{"study_id":"ST000007","analysis_id":"AN000021","analysis_summary":"GCMS positive ion mode","metabolite_name":"levoglucosan","refmet_name":"Glucosan"},"93":{"study_id":"ST000007","analysis_id":"AN000021","analysis_summary":"GCMS positive ion mode","metabolite_name":"lignoceric acid","refmet_name":"Lignoceric acid"},"94":{"study_id":"ST000007","analysis_id":"AN000021","analysis_summary":"GCMS positive ion mode","metabolite_name":"linoleic acid","refmet_name":"Linoleic acid"},"95":{"study_id":"ST000007","analysis_id":"AN000021","analysis_summary":"GCMS positive ion mode","metabolite_name":"linolenic acid","refmet_name":"Octadecatrienoic acid"},"96":{"study_id":"ST000007","analysis_id":"AN000021","analysis_summary":"GCMS positive ion mode","metabolite_name":"lysine","refmet_name":"Lysine"},"97":{"study_id":"ST000007","analysis_id":"AN000021","analysis_summary":"GCMS positive ion mode","metabolite_name":"malate","refmet_name":"D-Malic acid"},"98":{"study_id":"ST000007","analysis_id":"AN000021","analysis_summary":"GCMS positive ion mode","metabolite_name":"maleic acid","refmet_name":"Maleic acid"},"99":{"study_id":"ST000007","analysis_id":"AN000021","analysis_summary":"GCMS positive ion mode","metabolite_name":"mannitol","refmet_name":"Mannitol"},"100":{"study_id":"ST000007","analysis_id":"AN000021","analysis_summary":"GCMS positive ion mode","metabolite_name":"mannonic acid NIST","refmet_name":"Mannonic acid"},"101":{"study_id":"ST000007","analysis_id":"AN000021","analysis_summary":"GCMS positive ion mode","metabolite_name":"melibiose","refmet_name":"Melibiose"},"102":{"study_id":"ST000007","analysis_id":"AN000021","analysis_summary":"GCMS positive ion mode","metabolite_name":"methanolphosphate","refmet_name":"Methanolphosphate"},"103":{"study_id":"ST000007","analysis_id":"AN000021","analysis_summary":"GCMS positive ion mode","metabolite_name":"methionine","refmet_name":"Methionine"},"104":{"study_id":"ST000007","analysis_id":"AN000021","analysis_summary":"GCMS positive ion mode","metabolite_name":"monopalmitin-1-glyceride","refmet_name":"MG 16:0\/0:0\/0:0"},"105":{"study_id":"ST000007","analysis_id":"AN000021","analysis_summary":"GCMS positive ion mode","metabolite_name":"montanic acid","refmet_name":"Montanic acid"},"106":{"study_id":"ST000007","analysis_id":"AN000021","analysis_summary":"GCMS positive ion mode","metabolite_name":"N-acetyl-D-mannosamine","refmet_name":"N-Acetyl-mannosamine"},"107":{"study_id":"ST000007","analysis_id":"AN000021","analysis_summary":"GCMS positive ion mode","metabolite_name":"N-acetylglutamate","refmet_name":"N-Acetylglutamic acid"},"108":{"study_id":"ST000007","analysis_id":"AN000021","analysis_summary":"GCMS positive ion mode","metabolite_name":"N-methylalanine","refmet_name":"N-Methylalanine"},"109":{"study_id":"ST000007","analysis_id":"AN000021","analysis_summary":"GCMS positive ion mode","metabolite_name":"octadecanol","refmet_name":"Stearyl alcohol"},"110":{"study_id":"ST000007","analysis_id":"AN000021","analysis_summary":"GCMS positive ion mode","metabolite_name":"oleic acid","refmet_name":"Oleic acid"},"111":{"study_id":"ST000007","analysis_id":"AN000021","analysis_summary":"GCMS positive ion mode","metabolite_name":"ornithine","refmet_name":"Ornithine"},"112":{"study_id":"ST000007","analysis_id":"AN000021","analysis_summary":"GCMS positive ion mode","metabolite_name":"oxalic acid","refmet_name":"Oxalic acid"},"113":{"study_id":"ST000007","analysis_id":"AN000021","analysis_summary":"GCMS positive ion mode","metabolite_name":"oxoproline","refmet_name":"Pyroglutamic acid"},"114":{"study_id":"ST000007","analysis_id":"AN000021","analysis_summary":"GCMS positive ion mode","metabolite_name":"palmitic acid","refmet_name":"Palmitic acid"},"115":{"study_id":"ST000007","analysis_id":"AN000021","analysis_summary":"GCMS positive ion mode","metabolite_name":"pantothenic acid","refmet_name":"Pantothenic acid"},"116":{"study_id":"ST000007","analysis_id":"AN000021","analysis_summary":"GCMS positive ion mode","metabolite_name":"pelargonic acid","refmet_name":"Pelargonic acid"},"117":{"study_id":"ST000007","analysis_id":"AN000021","analysis_summary":"GCMS positive ion mode","metabolite_name":"pentadecanoic acid","refmet_name":"Pentadecylic acid"},"118":{"study_id":"ST000007","analysis_id":"AN000021","analysis_summary":"GCMS positive ion mode","metabolite_name":"phenol","refmet_name":"Phenol"},"119":{"study_id":"ST000007","analysis_id":"AN000021","analysis_summary":"GCMS positive ion mode","metabolite_name":"phenylalanine","refmet_name":"Phenylalanine"},"120":{"study_id":"ST000007","analysis_id":"AN000021","analysis_summary":"GCMS positive ion mode","metabolite_name":"phosphoethanolamine","refmet_name":"Phosphoethanolamine"},"121":{"study_id":"ST000007","analysis_id":"AN000021","analysis_summary":"GCMS positive ion mode","metabolite_name":"phosphoric acid","refmet_name":"Phosphoric acid"},"122":{"study_id":"ST000007","analysis_id":"AN000021","analysis_summary":"GCMS positive ion mode","metabolite_name":"phytol","refmet_name":"Phytol"},"123":{"study_id":"ST000007","analysis_id":"AN000021","analysis_summary":"GCMS positive ion mode","metabolite_name":"pipecolic acid","refmet_name":"Pipecolic acid"},"124":{"study_id":"ST000007","analysis_id":"AN000021","analysis_summary":"GCMS positive ion mode","metabolite_name":"proline","refmet_name":"Proline"},"125":{"study_id":"ST000007","analysis_id":"AN000021","analysis_summary":"GCMS positive ion mode","metabolite_name":"propane-1,3-diol NIST","refmet_name":"Propane-1,3-diol"},"126":{"study_id":"ST000007","analysis_id":"AN000021","analysis_summary":"GCMS positive ion mode","metabolite_name":"putrescine","refmet_name":"Putrescine"},"127":{"study_id":"ST000007","analysis_id":"AN000021","analysis_summary":"GCMS positive ion mode","metabolite_name":"pyrazine 2,5-dihydroxy NIST","refmet_name":""},"128":{"study_id":"ST000007","analysis_id":"AN000021","analysis_summary":"GCMS positive ion mode","metabolite_name":"pyruvate","refmet_name":"Pyruvic acid"},"129":{"study_id":"ST000007","analysis_id":"AN000021","analysis_summary":"GCMS positive ion mode","metabolite_name":"quinic acid","refmet_name":"Quinic acid"},"130":{"study_id":"ST000007","analysis_id":"AN000021","analysis_summary":"GCMS positive ion mode","metabolite_name":"raffinose","refmet_name":"Raffinose"},"131":{"study_id":"ST000007","analysis_id":"AN000021","analysis_summary":"GCMS positive ion mode","metabolite_name":"ribitol","refmet_name":"Ribitol"},"132":{"study_id":"ST000007","analysis_id":"AN000021","analysis_summary":"GCMS positive ion mode","metabolite_name":"ribonic acid","refmet_name":"Ribonic acid"},"133":{"study_id":"ST000007","analysis_id":"AN000021","analysis_summary":"GCMS positive ion mode","metabolite_name":"ribose","refmet_name":"Ribose"},"134":{"study_id":"ST000007","analysis_id":"AN000021","analysis_summary":"GCMS positive ion mode","metabolite_name":"salicin","refmet_name":"Salicin"},"135":{"study_id":"ST000007","analysis_id":"AN000021","analysis_summary":"GCMS positive ion mode","metabolite_name":"salicylic acid","refmet_name":"Salicylic acid"},"136":{"study_id":"ST000007","analysis_id":"AN000021","analysis_summary":"GCMS positive ion mode","metabolite_name":"serine","refmet_name":"Serine"},"137":{"study_id":"ST000007","analysis_id":"AN000021","analysis_summary":"GCMS positive ion mode","metabolite_name":"shikimic acid","refmet_name":"Shikimic acid"},"138":{"study_id":"ST000007","analysis_id":"AN000021","analysis_summary":"GCMS positive ion mode","metabolite_name":"sorbitol","refmet_name":"Sorbitol"},"139":{"study_id":"ST000007","analysis_id":"AN000021","analysis_summary":"GCMS positive ion mode","metabolite_name":"stearic acid","refmet_name":"Stearic acid"},"140":{"study_id":"ST000007","analysis_id":"AN000021","analysis_summary":"GCMS positive ion mode","metabolite_name":"stigmasterol","refmet_name":"Stigmasterol"},"141":{"study_id":"ST000007","analysis_id":"AN000021","analysis_summary":"GCMS positive ion mode","metabolite_name":"succinic acid","refmet_name":"Succinic acid"},"142":{"study_id":"ST000007","analysis_id":"AN000021","analysis_summary":"GCMS positive ion mode","metabolite_name":"sucrose","refmet_name":"Sucrose"},"143":{"study_id":"ST000007","analysis_id":"AN000021","analysis_summary":"GCMS positive ion mode","metabolite_name":"threitol","refmet_name":"Threitol"},"144":{"study_id":"ST000007","analysis_id":"AN000021","analysis_summary":"GCMS positive ion mode","metabolite_name":"threonic acid","refmet_name":"Threonic acid"},"145":{"study_id":"ST000007","analysis_id":"AN000021","analysis_summary":"GCMS positive ion mode","metabolite_name":"threonine","refmet_name":"Threonine"},"146":{"study_id":"ST000007","analysis_id":"AN000021","analysis_summary":"GCMS positive ion mode","metabolite_name":"tocopherol","refmet_name":"alpha-Tocopherol"},"147":{"study_id":"ST000007","analysis_id":"AN000021","analysis_summary":"GCMS positive ion mode","metabolite_name":"trans-sinapinic acid","refmet_name":"Sinapic acid"},"148":{"study_id":"ST000007","analysis_id":"AN000021","analysis_summary":"GCMS positive ion mode","metabolite_name":"trehalose","refmet_name":"Trehalose"},"149":{"study_id":"ST000007","analysis_id":"AN000021","analysis_summary":"GCMS positive ion mode","metabolite_name":"tyrosine","refmet_name":"Tyrosine"},"150":{"study_id":"ST000007","analysis_id":"AN000021","analysis_summary":"GCMS positive ion mode","metabolite_name":"urea","refmet_name":"Urea"},"151":{"study_id":"ST000007","analysis_id":"AN000021","analysis_summary":"GCMS positive ion mode","metabolite_name":"valine","refmet_name":"Valine"},"152":{"study_id":"ST000007","analysis_id":"AN000021","analysis_summary":"GCMS positive ion mode","metabolite_name":"vanillic acid","refmet_name":"Vanillic acid"},"153":{"study_id":"ST000007","analysis_id":"AN000021","analysis_summary":"GCMS positive ion mode","metabolite_name":"xylitol","refmet_name":"Xylitol"},"154":{"study_id":"ST000007","analysis_id":"AN000021","analysis_summary":"GCMS positive ion mode","metabolite_name":"xylose","refmet_name":"Xylose"},"155":{"study_id":"ST000007","analysis_id":"AN000021","analysis_summary":"GCMS positive ion mode","metabolite_name":"xylulose NIST","refmet_name":"Xylulose"}}