{"1":{"study_id":"ST000452","analysis_id":"AN000708","analysis_summary":"GC POSITIVE ION MODE","metabolite_name":"10-Heptadecenoate (17:1N7)","refmet_name":"10Z-Heptadecenoic acid"},"2":{"study_id":"ST000452","analysis_id":"AN000708","analysis_summary":"GC POSITIVE ION MODE","metabolite_name":"10-Nonadecenoate (19:1N9)","refmet_name":"Nonadeca-10Z-enoic acid"},"3":{"study_id":"ST000452","analysis_id":"AN000708","analysis_summary":"GC POSITIVE ION MODE","metabolite_name":"10-Undecenoate (11:1N1)","refmet_name":"10-Hendecenoic acid"},"4":{"study_id":"ST000452","analysis_id":"AN000708","analysis_summary":"GC POSITIVE ION MODE","metabolite_name":"1-(1-Enyl-Oleoyl)-Gpe (P-18:1)","refmet_name":"LPE P-18:1 or LPE O-18:2"},"5":{"study_id":"ST000452","analysis_id":"AN000708","analysis_summary":"GC POSITIVE ION MODE","metabolite_name":"1-(1-Enyl-Palmitoyl)-2-Arachidonoyl-Gpc (P-16:0\/20:4)","refmet_name":"PC P-16:0\/20:4 or PC O-16:1\/20:4"},"6":{"study_id":"ST000452","analysis_id":"AN000708","analysis_summary":"GC POSITIVE ION MODE","metabolite_name":"1-(1-Enyl-Palmitoyl)-2-Arachidonoyl-Gpe (P-16:0\/20:4)","refmet_name":"PE P-16:0\/20:4 or PE O-16:1\/20:4"},"7":{"study_id":"ST000452","analysis_id":"AN000708","analysis_summary":"GC POSITIVE ION MODE","metabolite_name":"1-(1-Enyl-Palmitoyl)-2-Linoleoyl-Gpc (P-16:0\/18:2)","refmet_name":"PC P-16:0\/18:2 or PC O-16:1\/18:2"},"8":{"study_id":"ST000452","analysis_id":"AN000708","analysis_summary":"GC POSITIVE ION MODE","metabolite_name":"1-(1-Enyl-Palmitoyl)-2-Linoleoyl-Gpe (P-16:0\/18:2)","refmet_name":"PE P-16:0\/18:2 or PE O-16:1\/18:2"},"9":{"study_id":"ST000452","analysis_id":"AN000708","analysis_summary":"GC POSITIVE ION MODE","metabolite_name":"1-(1-Enyl-Palmitoyl)-2-Oleoyl-Gpc (P-16:0\/18:1)","refmet_name":"PC P-16:0\/18:1 or PC O-16:1\/18:1"},"10":{"study_id":"ST000452","analysis_id":"AN000708","analysis_summary":"GC POSITIVE ION MODE","metabolite_name":"1-(1-Enyl-Palmitoyl)-2-Oleoyl-Gpe (P-16:0\/18:1)","refmet_name":"PE P-16:0\/18:1 or PE O-16:1\/18:1"},"11":{"study_id":"ST000452","analysis_id":"AN000708","analysis_summary":"GC POSITIVE ION MODE","metabolite_name":"1-(1-Enyl-Palmitoyl)-2-Palmitoyl-Gpc (P-16:0\/16:0)","refmet_name":"PC P-16:0\/16:0 or PC O-16:1\/16:0"},"12":{"study_id":"ST000452","analysis_id":"AN000708","analysis_summary":"GC POSITIVE ION MODE","metabolite_name":"1-(1-Enyl-Palmitoyl)-Gpc (P-16:0)","refmet_name":"LPC P-16:0 or LPC O-16:1"},"13":{"study_id":"ST000452","analysis_id":"AN000708","analysis_summary":"GC POSITIVE ION MODE","metabolite_name":"1-(1-Enyl-Palmitoyl)-Gpe (P-16:0)","refmet_name":"LPE P-16:0 or LPE O-16:1"},"14":{"study_id":"ST000452","analysis_id":"AN000708","analysis_summary":"GC POSITIVE ION MODE","metabolite_name":"1-(1-Enyl-Stearoyl)-2-Arachidonoyl-Gpe (P-18:0\/20:4)","refmet_name":"PE P-18:1\/20:4 or PE O-18:2\/20:4"},"15":{"study_id":"ST000452","analysis_id":"AN000708","analysis_summary":"GC POSITIVE ION MODE","metabolite_name":"1-(1-Enyl-Stearoyl)-2-Linoleoyl-Gpe (P-18:0\/18:2)","refmet_name":"PE P-18:0\/18:2 or PE O-18:1\/18:2"},"16":{"study_id":"ST000452","analysis_id":"AN000708","analysis_summary":"GC POSITIVE ION MODE","metabolite_name":"1-(1-Enyl-Stearoyl)-2-Oleoyl-Gpe (P-18:0\/18:1)","refmet_name":"PE P-18:0\/18:1 or PE O-18:1\/18:1"},"17":{"study_id":"ST000452","analysis_id":"AN000708","analysis_summary":"GC POSITIVE ION MODE","metabolite_name":"1-(1-Enyl-Stearoyl)-Gpe (P-18:0)","refmet_name":"LPE P-18:0 or LPE O-18:1"},"18":{"study_id":"ST000452","analysis_id":"AN000708","analysis_summary":"GC POSITIVE ION MODE","metabolite_name":"12-13-Dihome","refmet_name":"12,13-DiHOME"},"19":{"study_id":"ST000452","analysis_id":"AN000708","analysis_summary":"GC POSITIVE ION MODE","metabolite_name":"1-2-3-Benzenetriol Sulfate (2)","refmet_name":""},"20":{"study_id":"ST000452","analysis_id":"AN000708","analysis_summary":"GC POSITIVE ION MODE","metabolite_name":"1-2-Dilinoleoyl-Gpc (18:2\/18:2)","refmet_name":"PC 18:2\/18:2"},"21":{"study_id":"ST000452","analysis_id":"AN000708","analysis_summary":"GC POSITIVE ION MODE","metabolite_name":"1-2-Dioleoyl-Gpc (18:1\/18:1)","refmet_name":""},"22":{"study_id":"ST000452","analysis_id":"AN000708","analysis_summary":"GC POSITIVE ION MODE","metabolite_name":"1-2-Dioleoyl-Gpe (18:1\/18:1)","refmet_name":"PC 16:0\/16:0"},"23":{"study_id":"ST000452","analysis_id":"AN000708","analysis_summary":"GC POSITIVE ION MODE","metabolite_name":"1-2-Dipalmitoyl-Gpc (16:0\/16:0)","refmet_name":"PC 16:0\/16:0"},"24":{"study_id":"ST000452","analysis_id":"AN000708","analysis_summary":"GC POSITIVE ION MODE","metabolite_name":"1-2-Distearoyl-Gpc (18:0\/18:0)","refmet_name":"PC 18:0\/18:0"},"25":{"study_id":"ST000452","analysis_id":"AN000708","analysis_summary":"GC POSITIVE ION MODE","metabolite_name":"12-Hete","refmet_name":"12-HETE"},"26":{"study_id":"ST000452","analysis_id":"AN000708","analysis_summary":"GC POSITIVE ION MODE","metabolite_name":"1-(3-Aminopropyl)-2-Pyrrolidone","refmet_name":""},"27":{"study_id":"ST000452","analysis_id":"AN000708","analysis_summary":"GC POSITIVE ION MODE","metabolite_name":"13-Hode + 9-Hode","refmet_name":""},"28":{"study_id":"ST000452","analysis_id":"AN000708","analysis_summary":"GC POSITIVE ION MODE","metabolite_name":"1-5-Anhydroglucitol (1-5-Ag)","refmet_name":"1,5-Anhydrosorbitol"},"29":{"study_id":"ST000452","analysis_id":"AN000708","analysis_summary":"GC POSITIVE ION MODE","metabolite_name":"15-Methylpalmitate","refmet_name":"15-Methyl palmitic acid"},"30":{"study_id":"ST000452","analysis_id":"AN000708","analysis_summary":"GC POSITIVE ION MODE","metabolite_name":"16-Hydroxypalmitate","refmet_name":"Juniperic acid"},"31":{"study_id":"ST000452","analysis_id":"AN000708","analysis_summary":"GC POSITIVE ION MODE","metabolite_name":"17-Methylstearate","refmet_name":"Xi-17-Methyloctadecanoic acid"},"32":{"study_id":"ST000452","analysis_id":"AN000708","analysis_summary":"GC POSITIVE ION MODE","metabolite_name":"19-20-Dihdpa","refmet_name":"19,20-DiHDPE"},"33":{"study_id":"ST000452","analysis_id":"AN000708","analysis_summary":"GC POSITIVE ION MODE","metabolite_name":"1-Arachidonoyl-Gpa (20:4)","refmet_name":"LPA 20:4"},"34":{"study_id":"ST000452","analysis_id":"AN000708","analysis_summary":"GC POSITIVE ION MODE","metabolite_name":"1-Arachidonoyl-Gpc (20:4)","refmet_name":"LPC 20:4\/0:0"},"35":{"study_id":"ST000452","analysis_id":"AN000708","analysis_summary":"GC POSITIVE ION MODE","metabolite_name":"1-Arachidonoyl-Gpe (20:4)","refmet_name":"LPE 20:4\/0:0"},"36":{"study_id":"ST000452","analysis_id":"AN000708","analysis_summary":"GC POSITIVE ION MODE","metabolite_name":"1-Arachidonoyl-Gpi (20:4)","refmet_name":"LPI 20:4"},"37":{"study_id":"ST000452","analysis_id":"AN000708","analysis_summary":"GC POSITIVE ION MODE","metabolite_name":"1-Arachidonylglycerol (20:4)","refmet_name":"MG 20:4"},"38":{"study_id":"ST000452","analysis_id":"AN000708","analysis_summary":"GC POSITIVE ION MODE","metabolite_name":"1-Dihomo-Linolenylglycerol (20:3)","refmet_name":"MG 20:3"},"39":{"study_id":"ST000452","analysis_id":"AN000708","analysis_summary":"GC POSITIVE ION MODE","metabolite_name":"1-Dihomo-Linoleoylglycerol (20:2)","refmet_name":"MG 20:2"},"40":{"study_id":"ST000452","analysis_id":"AN000708","analysis_summary":"GC POSITIVE ION MODE","metabolite_name":"1-Docosahexaenoylglycerol (22:6)","refmet_name":"MG 22:6"},"41":{"study_id":"ST000452","analysis_id":"AN000708","analysis_summary":"GC POSITIVE ION MODE","metabolite_name":"1H-Quinolin-2-One","refmet_name":"2-Hydroxyquinoline"},"42":{"study_id":"ST000452","analysis_id":"AN000708","analysis_summary":"GC POSITIVE ION MODE","metabolite_name":"1-Lignoceroyl-Gpc (24:0)","refmet_name":"LPC 24:0"},"43":{"study_id":"ST000452","analysis_id":"AN000708","analysis_summary":"GC POSITIVE ION MODE","metabolite_name":"1-Linolenoylglycerol (18:3)","refmet_name":"MG 18:3"},"44":{"study_id":"ST000452","analysis_id":"AN000708","analysis_summary":"GC POSITIVE ION MODE","metabolite_name":"1-Linolenoyl-Gpc (18:3)","refmet_name":"LPC 18:3"},"45":{"study_id":"ST000452","analysis_id":"AN000708","analysis_summary":"GC POSITIVE ION MODE","metabolite_name":"1-Linoleoyl-2-Arachidonoyl-Gpc (18:2\/20:4)","refmet_name":""},"46":{"study_id":"ST000452","analysis_id":"AN000708","analysis_summary":"GC POSITIVE ION MODE","metabolite_name":"1-Linoleoylglycerol (18:2)","refmet_name":"MG 18:2"},"47":{"study_id":"ST000452","analysis_id":"AN000708","analysis_summary":"GC POSITIVE ION MODE","metabolite_name":"1-Linoleoyl-Gpa (18:2)","refmet_name":"LPA 18:2"},"48":{"study_id":"ST000452","analysis_id":"AN000708","analysis_summary":"GC POSITIVE ION MODE","metabolite_name":"1-Linoleoyl-Gpc (18:2)","refmet_name":"LPC 18:2"},"49":{"study_id":"ST000452","analysis_id":"AN000708","analysis_summary":"GC POSITIVE ION MODE","metabolite_name":"1-Linoleoyl-Gpe (18:2)","refmet_name":"LPE 18:2"},"50":{"study_id":"ST000452","analysis_id":"AN000708","analysis_summary":"GC POSITIVE ION MODE","metabolite_name":"1-Linoleoyl-Gpi (18:2)","refmet_name":"LPI 18:2"},"51":{"study_id":"ST000452","analysis_id":"AN000708","analysis_summary":"GC POSITIVE ION MODE","metabolite_name":"1-Methylguanidine","refmet_name":"Methylguanidine"},"52":{"study_id":"ST000452","analysis_id":"AN000708","analysis_summary":"GC POSITIVE ION MODE","metabolite_name":"1-Methylhistamine","refmet_name":"1-Methylhistamine"},"53":{"study_id":"ST000452","analysis_id":"AN000708","analysis_summary":"GC POSITIVE ION MODE","metabolite_name":"1-Methylhistidine","refmet_name":"1-Methylhistidine"},"54":{"study_id":"ST000452","analysis_id":"AN000708","analysis_summary":"GC POSITIVE ION MODE","metabolite_name":"1-Methylimidazoleacetate","refmet_name":"Methylimidazoleacetic acid"},"55":{"study_id":"ST000452","analysis_id":"AN000708","analysis_summary":"GC POSITIVE ION MODE","metabolite_name":"1-Methylnicotinamide","refmet_name":"1-Methyl nicotinamide"},"56":{"study_id":"ST000452","analysis_id":"AN000708","analysis_summary":"GC POSITIVE ION MODE","metabolite_name":"1-Myristoylglycerol (14:0)","refmet_name":"MG 14:0"},"57":{"study_id":"ST000452","analysis_id":"AN000708","analysis_summary":"GC POSITIVE ION MODE","metabolite_name":"1-Oleoyl-2-Linoleoyl-Glycerol (18:1\/18:2)","refmet_name":"DG 18:1_18:2"},"58":{"study_id":"ST000452","analysis_id":"AN000708","analysis_summary":"GC POSITIVE ION MODE","metabolite_name":"1-Oleoyl-2-Linoleoyl-Gpc (18:1\/18:2)","refmet_name":"PC 18:1_18:2"},"59":{"study_id":"ST000452","analysis_id":"AN000708","analysis_summary":"GC POSITIVE ION MODE","metabolite_name":"1-Oleoyl-2-Linoleoyl-Gpe (18:1\/18:2)","refmet_name":"PE 18:1_18:2"},"60":{"study_id":"ST000452","analysis_id":"AN000708","analysis_summary":"GC POSITIVE ION MODE","metabolite_name":"1-Oleoyl-3-Linoleoyl-Glycerol (18:1\/18:2)","refmet_name":"DG 18:1_18:2"},"61":{"study_id":"ST000452","analysis_id":"AN000708","analysis_summary":"GC POSITIVE ION MODE","metabolite_name":"1-Oleoylglycerol (18:1)","refmet_name":"MG 18:1"},"62":{"study_id":"ST000452","analysis_id":"AN000708","analysis_summary":"GC POSITIVE ION MODE","metabolite_name":"1-Oleoyl-Gpc (18:1)","refmet_name":"LPC 18:1"},"63":{"study_id":"ST000452","analysis_id":"AN000708","analysis_summary":"GC POSITIVE ION MODE","metabolite_name":"1-Oleoyl-Gpe (18:1)","refmet_name":"LPE 18:1"},"64":{"study_id":"ST000452","analysis_id":"AN000708","analysis_summary":"GC POSITIVE ION MODE","metabolite_name":"1-Oleoyl-Gpi (18:1)","refmet_name":"LPI 18:1"},"65":{"study_id":"ST000452","analysis_id":"AN000708","analysis_summary":"GC POSITIVE ION MODE","metabolite_name":"1-Palmitoleoyl-2-Linoleoyl-Gpc (16:1\/18:2)","refmet_name":"PC 16:1_18:2"},"66":{"study_id":"ST000452","analysis_id":"AN000708","analysis_summary":"GC POSITIVE ION MODE","metabolite_name":"1-Palmitoleoyl-2-Oleoyl-Glycerol (16:1\/18:1)","refmet_name":"DG 16:1_18:1"},"67":{"study_id":"ST000452","analysis_id":"AN000708","analysis_summary":"GC POSITIVE ION MODE","metabolite_name":"1-Palmitoleoylglycerol (16:1)","refmet_name":"MG 16:1"},"68":{"study_id":"ST000452","analysis_id":"AN000708","analysis_summary":"GC POSITIVE ION MODE","metabolite_name":"1-Palmitoleoyl-Gpc (16:1)","refmet_name":"LPC 16:1"},"69":{"study_id":"ST000452","analysis_id":"AN000708","analysis_summary":"GC POSITIVE ION MODE","metabolite_name":"1-Palmitoyl-2-Arachidonoyl-Gpc (16:0\/20:4)","refmet_name":"PC 16:0_20:4"},"70":{"study_id":"ST000452","analysis_id":"AN000708","analysis_summary":"GC POSITIVE ION MODE","metabolite_name":"1-Palmitoyl-2-Arachidonoyl-Gpe (16:0\/20:4)","refmet_name":"PE 16:0_20:4"},"71":{"study_id":"ST000452","analysis_id":"AN000708","analysis_summary":"GC POSITIVE ION MODE","metabolite_name":"1-Palmitoyl-2-Linoleoyl-Glycerol (16:0\/18:2)","refmet_name":"DG 16:0_18:2"},"72":{"study_id":"ST000452","analysis_id":"AN000708","analysis_summary":"GC POSITIVE ION MODE","metabolite_name":"1-Palmitoyl-2-Linoleoyl-Gpc (16:0\/18:2)","refmet_name":"PC 16:0_18:2"},"73":{"study_id":"ST000452","analysis_id":"AN000708","analysis_summary":"GC POSITIVE ION MODE","metabolite_name":"1-Palmitoyl-2-Linoleoyl-Gpe (16:0\/18:2)","refmet_name":"PE 16:0_18:2"},"74":{"study_id":"ST000452","analysis_id":"AN000708","analysis_summary":"GC POSITIVE ION MODE","metabolite_name":"1-Palmitoyl-2-Oleoyl-Gpc (16:0\/18:1)","refmet_name":"PC 16:0_18:1"},"75":{"study_id":"ST000452","analysis_id":"AN000708","analysis_summary":"GC POSITIVE ION MODE","metabolite_name":"1-Palmitoyl-2-Oleoyl-Gpe (16:0\/18:1)","refmet_name":"PE 16:0_18:1"},"76":{"study_id":"ST000452","analysis_id":"AN000708","analysis_summary":"GC POSITIVE ION MODE","metabolite_name":"1-Palmitoyl-2-Palmitoleoyl-Gpc (16:0\/16:1)","refmet_name":"PC 16:0_16:1"},"77":{"study_id":"ST000452","analysis_id":"AN000708","analysis_summary":"GC POSITIVE ION MODE","metabolite_name":"1-Palmitoyl-2-Stearoyl-Gpc (16:0\/18:0)","refmet_name":"PC 16:0_18:0"},"78":{"study_id":"ST000452","analysis_id":"AN000708","analysis_summary":"GC POSITIVE ION MODE","metabolite_name":"1-Palmitoyl-3-Linoleoyl-Glycerol (16:0\/18:2)","refmet_name":"DG 16:0_18:2"},"79":{"study_id":"ST000452","analysis_id":"AN000708","analysis_summary":"GC POSITIVE ION MODE","metabolite_name":"1-Palmitoylglycerol (16:0)","refmet_name":"MG 16:0\/0:0\/0:0"},"80":{"study_id":"ST000452","analysis_id":"AN000708","analysis_summary":"GC POSITIVE ION MODE","metabolite_name":"1-Palmitoyl-Gpa (16:0)","refmet_name":"LPA 16:0"},"81":{"study_id":"ST000452","analysis_id":"AN000708","analysis_summary":"GC POSITIVE ION MODE","metabolite_name":"1-Palmitoyl-Gpc (16:0)","refmet_name":"LPC 16:0"},"82":{"study_id":"ST000452","analysis_id":"AN000708","analysis_summary":"GC POSITIVE ION MODE","metabolite_name":"1-Palmitoyl-Gpe (16:0)","refmet_name":"LPE 16:0"},"83":{"study_id":"ST000452","analysis_id":"AN000708","analysis_summary":"GC POSITIVE ION MODE","metabolite_name":"1-Palmitoyl-Gpg (16:0)","refmet_name":"LPG 16:0"},"84":{"study_id":"ST000452","analysis_id":"AN000708","analysis_summary":"GC POSITIVE ION MODE","metabolite_name":"1-Palmitoyl-Gpi (16:0)","refmet_name":"LPI 16:0"},"85":{"study_id":"ST000452","analysis_id":"AN000708","analysis_summary":"GC POSITIVE ION MODE","metabolite_name":"1-Stearoyl-2-Arachidonoyl-Gpc (18:0\/20:4)","refmet_name":"PC 18:0_20:4"},"86":{"study_id":"ST000452","analysis_id":"AN000708","analysis_summary":"GC POSITIVE ION MODE","metabolite_name":"1-Stearoyl-2-Arachidonoyl-Gpe (18:0\/20:4)","refmet_name":"PE 18:0_20:4"},"87":{"study_id":"ST000452","analysis_id":"AN000708","analysis_summary":"GC POSITIVE ION MODE","metabolite_name":"1-Stearoyl-2-Arachidonoyl-Gpi (18:0\/20:4)","refmet_name":"PI 18:0_20:4"},"88":{"study_id":"ST000452","analysis_id":"AN000708","analysis_summary":"GC POSITIVE ION MODE","metabolite_name":"1-Stearoyl-2-Linoleoyl-Gpc (18:0\/18:2)","refmet_name":"PC 18:0_18:2"},"89":{"study_id":"ST000452","analysis_id":"AN000708","analysis_summary":"GC POSITIVE ION MODE","metabolite_name":"1-Stearoyl-2-Linoleoyl-Gpe (18:0\/18:2)","refmet_name":"PE 18:0_18:2"},"90":{"study_id":"ST000452","analysis_id":"AN000708","analysis_summary":"GC POSITIVE ION MODE","metabolite_name":"1-Stearoyl-2-Oleoyl-Gpc (18:0\/18:1)","refmet_name":"PC 18:0_18:1"},"91":{"study_id":"ST000452","analysis_id":"AN000708","analysis_summary":"GC POSITIVE ION MODE","metabolite_name":"1-Stearoyl-2-Oleoyl-Gpe (18:0\/18:1)","refmet_name":"PE 18:0_18:1"},"92":{"study_id":"ST000452","analysis_id":"AN000708","analysis_summary":"GC POSITIVE ION MODE","metabolite_name":"1-Stearoyl-Gpc (18:0)","refmet_name":"LPC 18:0"},"93":{"study_id":"ST000452","analysis_id":"AN000708","analysis_summary":"GC POSITIVE ION MODE","metabolite_name":"1-Stearoyl-Gpe (18:0)","refmet_name":"LPE 18:0"},"94":{"study_id":"ST000452","analysis_id":"AN000708","analysis_summary":"GC POSITIVE ION MODE","metabolite_name":"1-Stearoyl-Gpi (18:0)","refmet_name":"LPI 18:0"},"95":{"study_id":"ST000452","analysis_id":"AN000708","analysis_summary":"GC POSITIVE ION MODE","metabolite_name":"2-3-Dihydroxyisovalerate","refmet_name":"2-Aminoheptanoic acid"},"96":{"study_id":"ST000452","analysis_id":"AN000708","analysis_summary":"GC POSITIVE ION MODE","metabolite_name":"2-Aminoadipate","refmet_name":"Aminoadipic acid"},"97":{"study_id":"ST000452","analysis_id":"AN000708","analysis_summary":"GC POSITIVE ION MODE","metabolite_name":"2-Aminoheptanoate","refmet_name":"2-Aminoheptanoic acid"},"98":{"study_id":"ST000452","analysis_id":"AN000708","analysis_summary":"GC POSITIVE ION MODE","metabolite_name":"2-Aminooctanoate","refmet_name":"2-Aminooctanoic acid"},"99":{"study_id":"ST000452","analysis_id":"AN000708","analysis_summary":"GC POSITIVE ION MODE","metabolite_name":"2-Aminophenol Sulfate","refmet_name":"2-Aminophenyl sulfate"},"100":{"study_id":"ST000452","analysis_id":"AN000708","analysis_summary":"GC POSITIVE ION MODE","metabolite_name":"2-Arachidonoylglycerol (20:4)","refmet_name":"MG 20:4"},"101":{"study_id":"ST000452","analysis_id":"AN000708","analysis_summary":"GC POSITIVE ION MODE","metabolite_name":"2^-Deoxycytidine","refmet_name":"Deoxycytidine"},"102":{"study_id":"ST000452","analysis_id":"AN000708","analysis_summary":"GC POSITIVE ION MODE","metabolite_name":"2^-Deoxyuridine","refmet_name":"Deoxyuridine"},"103":{"study_id":"ST000452","analysis_id":"AN000708","analysis_summary":"GC POSITIVE ION MODE","metabolite_name":"2-Hydroxy-3-Methylvalerate","refmet_name":"2-Hydroxy-3-methyl-pentanoic acid"},"104":{"study_id":"ST000452","analysis_id":"AN000708","analysis_summary":"GC POSITIVE ION MODE","metabolite_name":"2-Hydroxyadipate","refmet_name":"2-Hydroxyadipic acid"},"105":{"study_id":"ST000452","analysis_id":"AN000708","analysis_summary":"GC POSITIVE ION MODE","metabolite_name":"2-Hydroxybutyrate\/2-Hydroxyisobutyrate","refmet_name":""},"106":{"study_id":"ST000452","analysis_id":"AN000708","analysis_summary":"GC POSITIVE ION MODE","metabolite_name":"2-Hydroxydecanoate","refmet_name":"2-Hydroxy capric acid"},"107":{"study_id":"ST000452","analysis_id":"AN000708","analysis_summary":"GC POSITIVE ION MODE","metabolite_name":"2-Hydroxyglutarate","refmet_name":"2-Hydroxyglutaric acid"},"108":{"study_id":"ST000452","analysis_id":"AN000708","analysis_summary":"GC POSITIVE ION MODE","metabolite_name":"2-Hydroxyoctanoate","refmet_name":"2-Hydroxyoctanoic acid"},"109":{"study_id":"ST000452","analysis_id":"AN000708","analysis_summary":"GC POSITIVE ION MODE","metabolite_name":"2-Hydroxypalmitate","refmet_name":"2-Hydroxy palmitic acid"},"110":{"study_id":"ST000452","analysis_id":"AN000708","analysis_summary":"GC POSITIVE ION MODE","metabolite_name":"2-Hydroxyphenylacetate","refmet_name":"2-Hydroxyphenylacetic acid"},"111":{"study_id":"ST000452","analysis_id":"AN000708","analysis_summary":"GC POSITIVE ION MODE","metabolite_name":"2-Hydroxystearate","refmet_name":"2-Hydroxystearic acid"},"112":{"study_id":"ST000452","analysis_id":"AN000708","analysis_summary":"GC POSITIVE ION MODE","metabolite_name":"2-Keto-3-Deoxy-Gluconate","refmet_name":"2-Dehydro-3-deoxy-D-gluconic acid"},"113":{"study_id":"ST000452","analysis_id":"AN000708","analysis_summary":"GC POSITIVE ION MODE","metabolite_name":"2-Linoleoylglycerol (18:2)","refmet_name":"MG 18:2(9Z,12Z)"},"114":{"study_id":"ST000452","analysis_id":"AN000708","analysis_summary":"GC POSITIVE ION MODE","metabolite_name":"2-Methylbutyrylcarnitine (C5)","refmet_name":"CAR 4:0;2Me"},"115":{"study_id":"ST000452","analysis_id":"AN000708","analysis_summary":"GC POSITIVE ION MODE","metabolite_name":"2-Methylbutyrylglycine","refmet_name":"2-Methylbutyrylglycine"},"116":{"study_id":"ST000452","analysis_id":"AN000708","analysis_summary":"GC POSITIVE ION MODE","metabolite_name":"2-Methylcitrate\/Homocitrate","refmet_name":"Homocitric acid"},"117":{"study_id":"ST000452","analysis_id":"AN000708","analysis_summary":"GC POSITIVE ION MODE","metabolite_name":"2-Oleoylglycerol (18:1)","refmet_name":"MG 18:1"},"118":{"study_id":"ST000452","analysis_id":"AN000708","analysis_summary":"GC POSITIVE ION MODE","metabolite_name":"2-Oxindole-3-Acetate","refmet_name":"2-Oxindole-3-acetate"},"119":{"study_id":"ST000452","analysis_id":"AN000708","analysis_summary":"GC POSITIVE ION MODE","metabolite_name":"2-Oxoadipate","refmet_name":"Oxoadipic acid"},"120":{"study_id":"ST000452","analysis_id":"AN000708","analysis_summary":"GC POSITIVE ION MODE","metabolite_name":"2-Palmitoleoylglycerol (16:1)","refmet_name":"MG 16:1"},"121":{"study_id":"ST000452","analysis_id":"AN000708","analysis_summary":"GC POSITIVE ION MODE","metabolite_name":"2-Palmitoleoyl-Gpc (16:1)","refmet_name":"LPC 0:0\/16:1"},"122":{"study_id":"ST000452","analysis_id":"AN000708","analysis_summary":"GC POSITIVE ION MODE","metabolite_name":"2-Palmitoylglycerol (16:0)","refmet_name":"MG 0:0\/16:0\/0:0"},"123":{"study_id":"ST000452","analysis_id":"AN000708","analysis_summary":"GC POSITIVE ION MODE","metabolite_name":"2-Palmitoyl-Gpc (16:0)","refmet_name":"LPC 16:0"},"124":{"study_id":"ST000452","analysis_id":"AN000708","analysis_summary":"GC POSITIVE ION MODE","metabolite_name":"2-Piperidinone","refmet_name":"2-Piperidinone"},"125":{"study_id":"ST000452","analysis_id":"AN000708","analysis_summary":"GC POSITIVE ION MODE","metabolite_name":"2-Stearoyl-Gpe (18:0)","refmet_name":"LPE 18:0"},"126":{"study_id":"ST000452","analysis_id":"AN000708","analysis_summary":"GC POSITIVE ION MODE","metabolite_name":"3-(3-Hydroxyphenyl)Propionate","refmet_name":"3-(3-Hydroxyphenyl)propanoic acid"},"127":{"study_id":"ST000452","analysis_id":"AN000708","analysis_summary":"GC POSITIVE ION MODE","metabolite_name":"3-(3-Hydroxyphenyl)Propionate Sulfate","refmet_name":"3-(3-Sulfooxyphenyl)propanoic acid"},"128":{"study_id":"ST000452","analysis_id":"AN000708","analysis_summary":"GC POSITIVE ION MODE","metabolite_name":"3-4-Dihydroxyphenylacetate Sulfate","refmet_name":"3,4-Dihydroxyphenylacetate sulfate"},"129":{"study_id":"ST000452","analysis_id":"AN000708","analysis_summary":"GC POSITIVE ION MODE","metabolite_name":"3-(4-Hydroxyphenyl)Lactate","refmet_name":"Hydroxyphenyllactic acid"},"130":{"study_id":"ST000452","analysis_id":"AN000708","analysis_summary":"GC POSITIVE ION MODE","metabolite_name":"3-(4-Hydroxyphenyl)Propionate","refmet_name":"Desaminotyrosine"},"131":{"study_id":"ST000452","analysis_id":"AN000708","analysis_summary":"GC POSITIVE ION MODE","metabolite_name":"3-Aminoisobutyrate","refmet_name":"3-Aminoisobutanoic acid"},"132":{"study_id":"ST000452","analysis_id":"AN000708","analysis_summary":"GC POSITIVE ION MODE","metabolite_name":"3-Dehydrocholate","refmet_name":"3-Dehydrocholic acid"},"133":{"study_id":"ST000452","analysis_id":"AN000708","analysis_summary":"GC POSITIVE ION MODE","metabolite_name":"3-Hydroxy-2-Ethylpropionate","refmet_name":"2-Ethyl-hydracrylic acid"},"134":{"study_id":"ST000452","analysis_id":"AN000708","analysis_summary":"GC POSITIVE ION MODE","metabolite_name":"3-Hydroxy-3-Methylglutarate","refmet_name":"3-Hydroxymethylglutaric acid"},"135":{"study_id":"ST000452","analysis_id":"AN000708","analysis_summary":"GC POSITIVE ION MODE","metabolite_name":"3-Hydroxybutyrate (Bhba)","refmet_name":"3-Hydroxybutyric acid"},"136":{"study_id":"ST000452","analysis_id":"AN000708","analysis_summary":"GC POSITIVE ION MODE","metabolite_name":"3-Hydroxybutyrylcarnitine (1)","refmet_name":"CAR 4:0;OH"},"137":{"study_id":"ST000452","analysis_id":"AN000708","analysis_summary":"GC POSITIVE ION MODE","metabolite_name":"3-Hydroxybutyrylcarnitine (2)","refmet_name":"CAR 4:0;OH"},"138":{"study_id":"ST000452","analysis_id":"AN000708","analysis_summary":"GC POSITIVE ION MODE","metabolite_name":"3-Hydroxydecanoate","refmet_name":"3-Hydroxydecanoic acid"},"139":{"study_id":"ST000452","analysis_id":"AN000708","analysis_summary":"GC POSITIVE ION MODE","metabolite_name":"3-Hydroxyisobutyrate","refmet_name":"3-Hydroxyisobutyric acid"},"140":{"study_id":"ST000452","analysis_id":"AN000708","analysis_summary":"GC POSITIVE ION MODE","metabolite_name":"3-Hydroxylaurate","refmet_name":"3-Hydroxydodecanoic acid"},"141":{"study_id":"ST000452","analysis_id":"AN000708","analysis_summary":"GC POSITIVE ION MODE","metabolite_name":"3-Hydroxyoctanoate","refmet_name":"3-Hydroxyoctanoic acid"},"142":{"study_id":"ST000452","analysis_id":"AN000708","analysis_summary":"GC POSITIVE ION MODE","metabolite_name":"3-Hydroxyphenylacetate Sulfate","refmet_name":""},"143":{"study_id":"ST000452","analysis_id":"AN000708","analysis_summary":"GC POSITIVE ION MODE","metabolite_name":"3-Hydroxypyridine Sulfate","refmet_name":"3-Hydroxypyridine sulfate"},"144":{"study_id":"ST000452","analysis_id":"AN000708","analysis_summary":"GC POSITIVE ION MODE","metabolite_name":"3-Hydroxysebacate","refmet_name":"3-Hydroxysebacic acid"},"145":{"study_id":"ST000452","analysis_id":"AN000708","analysis_summary":"GC POSITIVE ION MODE","metabolite_name":"3-Indoxyl Sulfate","refmet_name":"Indoxyl sulfate"},"146":{"study_id":"ST000452","analysis_id":"AN000708","analysis_summary":"GC POSITIVE ION MODE","metabolite_name":"3-Methoxytyrosine","refmet_name":"3-Methoxytyrosine"},"147":{"study_id":"ST000452","analysis_id":"AN000708","analysis_summary":"GC POSITIVE ION MODE","metabolite_name":"3-Methyl-2-Oxobutyrate","refmet_name":"Ketoisovaleric acid"},"148":{"study_id":"ST000452","analysis_id":"AN000708","analysis_summary":"GC POSITIVE ION MODE","metabolite_name":"3-Methyl-2-Oxovalerate","refmet_name":"3-Methyl-2-oxovaleric acid"},"149":{"study_id":"ST000452","analysis_id":"AN000708","analysis_summary":"GC POSITIVE ION MODE","metabolite_name":"3-Methyladipate","refmet_name":"3-Methyladipic acid"},"150":{"study_id":"ST000452","analysis_id":"AN000708","analysis_summary":"GC POSITIVE ION MODE","metabolite_name":"3-Methylglutaconate","refmet_name":"3E-Methylglutaconic acid"},"151":{"study_id":"ST000452","analysis_id":"AN000708","analysis_summary":"GC POSITIVE ION MODE","metabolite_name":"3-Methylhistidine","refmet_name":"3-Methylhistidine"},"152":{"study_id":"ST000452","analysis_id":"AN000708","analysis_summary":"GC POSITIVE ION MODE","metabolite_name":"3-Phosphoglycerate","refmet_name":"3-Phosphoglyceric acid"},"153":{"study_id":"ST000452","analysis_id":"AN000708","analysis_summary":"GC POSITIVE ION MODE","metabolite_name":"3-Ureidopropionate","refmet_name":"Ureidopropionic acid"},"154":{"study_id":"ST000452","analysis_id":"AN000708","analysis_summary":"GC POSITIVE ION MODE","metabolite_name":"4-Acetamidobutanoate","refmet_name":"4-Acetamidobutanoic acid"},"155":{"study_id":"ST000452","analysis_id":"AN000708","analysis_summary":"GC POSITIVE ION MODE","metabolite_name":"4-Acetylphenol Sulfate","refmet_name":"4-Acetylphenyl sulfate"},"156":{"study_id":"ST000452","analysis_id":"AN000708","analysis_summary":"GC POSITIVE ION MODE","metabolite_name":"4-Ethylphenylsulfate","refmet_name":"4-Ethylphenol"},"157":{"study_id":"ST000452","analysis_id":"AN000708","analysis_summary":"GC POSITIVE ION MODE","metabolite_name":"4-Guanidinobutanoate","refmet_name":"4-Guanidinobutanoic acid"},"158":{"study_id":"ST000452","analysis_id":"AN000708","analysis_summary":"GC POSITIVE ION MODE","metabolite_name":"4-Hydroxybenzoate","refmet_name":"4-Hydroxybenzoic acid"},"159":{"study_id":"ST000452","analysis_id":"AN000708","analysis_summary":"GC POSITIVE ION MODE","metabolite_name":"4-Hydroxycinnamate","refmet_name":"cis-p-Coumaric acid"},"160":{"study_id":"ST000452","analysis_id":"AN000708","analysis_summary":"GC POSITIVE ION MODE","metabolite_name":"4-Hydroxycinnamate Sulfate","refmet_name":"4-Hydroxycinnamate sulfate"},"161":{"study_id":"ST000452","analysis_id":"AN000708","analysis_summary":"GC POSITIVE ION MODE","metabolite_name":"4-Hydroxyhippurate","refmet_name":"4-Hydroxyhippuric acid"},"162":{"study_id":"ST000452","analysis_id":"AN000708","analysis_summary":"GC POSITIVE ION MODE","metabolite_name":"4-Hydroxyphenylacetate","refmet_name":"4-Hydroxyphenylacetic acid"},"163":{"study_id":"ST000452","analysis_id":"AN000708","analysis_summary":"GC POSITIVE ION MODE","metabolite_name":"4-Hydroxyphenylpyruvate","refmet_name":"4-Hydroxyphenylpyruvic acid"},"164":{"study_id":"ST000452","analysis_id":"AN000708","analysis_summary":"GC POSITIVE ION MODE","metabolite_name":"4-Imidazoleacetate","refmet_name":"Imidazoleacetic acid"},"165":{"study_id":"ST000452","analysis_id":"AN000708","analysis_summary":"GC POSITIVE ION MODE","metabolite_name":"4-Methyl-2-Oxopentanoate","refmet_name":"Ketoleucine"},"166":{"study_id":"ST000452","analysis_id":"AN000708","analysis_summary":"GC POSITIVE ION MODE","metabolite_name":"4-Methylbenzenesulfonate","refmet_name":"Toluene-4-sulfonic acid"},"167":{"study_id":"ST000452","analysis_id":"AN000708","analysis_summary":"GC POSITIVE ION MODE","metabolite_name":"4-Methylcatechol Sulfate","refmet_name":""},"168":{"study_id":"ST000452","analysis_id":"AN000708","analysis_summary":"GC POSITIVE ION MODE","metabolite_name":"4-Vinylguaiacol Sulfate","refmet_name":"Dihydrothymine"},"169":{"study_id":"ST000452","analysis_id":"AN000708","analysis_summary":"GC POSITIVE ION MODE","metabolite_name":"4-Vinylphenol Sulfate","refmet_name":"4-Hydroxystyrene"},"170":{"study_id":"ST000452","analysis_id":"AN000708","analysis_summary":"GC POSITIVE ION MODE","metabolite_name":"5-6-Dihydrothymine","refmet_name":"Dihydrothymine"},"171":{"study_id":"ST000452","analysis_id":"AN000708","analysis_summary":"GC POSITIVE ION MODE","metabolite_name":"5-Hydroxyhexanoate","refmet_name":"5-Hydroxycaproic acid"},"172":{"study_id":"ST000452","analysis_id":"AN000708","analysis_summary":"GC POSITIVE ION MODE","metabolite_name":"5-Hydroxyindoleacetate","refmet_name":"5-Hydroxyindoleacetic acid"},"173":{"study_id":"ST000452","analysis_id":"AN000708","analysis_summary":"GC POSITIVE ION MODE","metabolite_name":"5-Hydroxylysine","refmet_name":"5-Hydroxylysine"},"174":{"study_id":"ST000452","analysis_id":"AN000708","analysis_summary":"GC POSITIVE ION MODE","metabolite_name":"5-Methyl-2^-Deoxycytidine","refmet_name":"5-Methyl-2'-deoxycytidine"},"175":{"study_id":"ST000452","analysis_id":"AN000708","analysis_summary":"GC POSITIVE ION MODE","metabolite_name":"5-Methylcytidine","refmet_name":"5-Methylcytidine"},"176":{"study_id":"ST000452","analysis_id":"AN000708","analysis_summary":"GC POSITIVE ION MODE","metabolite_name":"5-Methylthioadenosine (Mta)","refmet_name":"5'-Methylthioadenosine"},"177":{"study_id":"ST000452","analysis_id":"AN000708","analysis_summary":"GC POSITIVE ION MODE","metabolite_name":"5-Methyluridine (Ribothymidine)","refmet_name":"Ribothymidine"},"178":{"study_id":"ST000452","analysis_id":"AN000708","analysis_summary":"GC POSITIVE ION MODE","metabolite_name":"5-Oxoproline","refmet_name":"Pyroglutamic acid"},"179":{"study_id":"ST000452","analysis_id":"AN000708","analysis_summary":"GC POSITIVE ION MODE","metabolite_name":"6-Hydroxyindole Sulfate","refmet_name":"6-Hydroxyindole sulfate"},"180":{"study_id":"ST000452","analysis_id":"AN000708","analysis_summary":"GC POSITIVE ION MODE","metabolite_name":"6-Oxopiperidine-2-Carboxylic Acid","refmet_name":"6-oxopiperidine-2-carboxylic acid"},"181":{"study_id":"ST000452","analysis_id":"AN000708","analysis_summary":"GC POSITIVE ION MODE","metabolite_name":"7-Alpha-Hydroxy-3-Oxo-4-Cholestenoate (7-Hoca)","refmet_name":"7alpha-Hydroxy-3-oxo-4-cholestenoic acid"},"182":{"study_id":"ST000452","analysis_id":"AN000708","analysis_summary":"GC POSITIVE ION MODE","metabolite_name":"7-Hydroxycholesterol (Alpha Or Beta)","refmet_name":"7beta-Hydroxycholesterol"},"183":{"study_id":"ST000452","analysis_id":"AN000708","analysis_summary":"GC POSITIVE ION MODE","metabolite_name":"7-Ketodeoxycholate","refmet_name":"7-Ketodeoxycholic acid"},"184":{"study_id":"ST000452","analysis_id":"AN000708","analysis_summary":"GC POSITIVE ION MODE","metabolite_name":"7-Methylguanine","refmet_name":"7-Methylguanine"},"185":{"study_id":"ST000452","analysis_id":"AN000708","analysis_summary":"GC POSITIVE ION MODE","metabolite_name":"9-10-Dihome","refmet_name":"9,10-DiHOME"},"186":{"study_id":"ST000452","analysis_id":"AN000708","analysis_summary":"GC POSITIVE ION MODE","metabolite_name":"Acetylcarnitine","refmet_name":"CAR 2:0"},"187":{"study_id":"ST000452","analysis_id":"AN000708","analysis_summary":"GC POSITIVE ION MODE","metabolite_name":"Aconitate [Cis Or Trans]","refmet_name":"cis-Aconitic acid"},"188":{"study_id":"ST000452","analysis_id":"AN000708","analysis_summary":"GC POSITIVE ION MODE","metabolite_name":"Adenine","refmet_name":"Adenine"},"189":{"study_id":"ST000452","analysis_id":"AN000708","analysis_summary":"GC POSITIVE ION MODE","metabolite_name":"Adenosine","refmet_name":"Adenosine"},"190":{"study_id":"ST000452","analysis_id":"AN000708","analysis_summary":"GC POSITIVE ION MODE","metabolite_name":"Adenosine 5^-Monophosphate (Amp)","refmet_name":"AMP"},"191":{"study_id":"ST000452","analysis_id":"AN000708","analysis_summary":"GC POSITIVE ION MODE","metabolite_name":"Adrenate (22:4N6)","refmet_name":"Adrenic acid"},"192":{"study_id":"ST000452","analysis_id":"AN000708","analysis_summary":"GC POSITIVE ION MODE","metabolite_name":"Alanine","refmet_name":"Alanine"},"193":{"study_id":"ST000452","analysis_id":"AN000708","analysis_summary":"GC POSITIVE ION MODE","metabolite_name":"Allantoic Acid","refmet_name":"Allantoic acid"},"194":{"study_id":"ST000452","analysis_id":"AN000708","analysis_summary":"GC POSITIVE ION MODE","metabolite_name":"Allantoin","refmet_name":"Allantoin"},"195":{"study_id":"ST000452","analysis_id":"AN000708","analysis_summary":"GC POSITIVE ION MODE","metabolite_name":"Alpha-Hydroxyisocaproate","refmet_name":"2-Hydroxyisocaproic acid"},"196":{"study_id":"ST000452","analysis_id":"AN000708","analysis_summary":"GC POSITIVE ION MODE","metabolite_name":"Alpha-Hydroxyisovalerate","refmet_name":"2-Hydroxy-3-methylbutyric acid"},"197":{"study_id":"ST000452","analysis_id":"AN000708","analysis_summary":"GC POSITIVE ION MODE","metabolite_name":"Alpha-Ketoglutarate","refmet_name":"Oxoglutaric acid"},"198":{"study_id":"ST000452","analysis_id":"AN000708","analysis_summary":"GC POSITIVE ION MODE","metabolite_name":"Alpha-Muricholate","refmet_name":"alpha-Muricholic acid"},"199":{"study_id":"ST000452","analysis_id":"AN000708","analysis_summary":"GC POSITIVE ION MODE","metabolite_name":"Alpha-Tocopherol","refmet_name":"alpha-Tocopherol"},"200":{"study_id":"ST000452","analysis_id":"AN000708","analysis_summary":"GC POSITIVE ION MODE","metabolite_name":"Anserine","refmet_name":"Anserine"},"201":{"study_id":"ST000452","analysis_id":"AN000708","analysis_summary":"GC POSITIVE ION MODE","metabolite_name":"Anthranilate","refmet_name":"2-Aminobenzoic acid"},"202":{"study_id":"ST000452","analysis_id":"AN000708","analysis_summary":"GC POSITIVE ION MODE","metabolite_name":"Arabitol\/Xylitol","refmet_name":"Arabitol"},"203":{"study_id":"ST000452","analysis_id":"AN000708","analysis_summary":"GC POSITIVE ION MODE","metabolite_name":"Arabonate\/Xylonate","refmet_name":""},"204":{"study_id":"ST000452","analysis_id":"AN000708","analysis_summary":"GC POSITIVE ION MODE","metabolite_name":"Arachidate (20:0)","refmet_name":"Arachidic acid"},"205":{"study_id":"ST000452","analysis_id":"AN000708","analysis_summary":"GC POSITIVE ION MODE","metabolite_name":"Arachidonate (20:4N6)","refmet_name":"Arachidonic acid"},"206":{"study_id":"ST000452","analysis_id":"AN000708","analysis_summary":"GC POSITIVE ION MODE","metabolite_name":"Arginine","refmet_name":"Arginine"},"207":{"study_id":"ST000452","analysis_id":"AN000708","analysis_summary":"GC POSITIVE ION MODE","metabolite_name":"Argininosuccinate","refmet_name":"Argininosuccinic acid"},"208":{"study_id":"ST000452","analysis_id":"AN000708","analysis_summary":"GC POSITIVE ION MODE","metabolite_name":"Ascorbate (Vitamin C)","refmet_name":"Vitamin C"},"209":{"study_id":"ST000452","analysis_id":"AN000708","analysis_summary":"GC POSITIVE ION MODE","metabolite_name":"Asparagine","refmet_name":"Asparagine"},"210":{"study_id":"ST000452","analysis_id":"AN000708","analysis_summary":"GC POSITIVE ION MODE","metabolite_name":"Aspartate","refmet_name":"Aspartic acid"},"211":{"study_id":"ST000452","analysis_id":"AN000708","analysis_summary":"GC POSITIVE ION MODE","metabolite_name":"Azelate (Nonanedioate)","refmet_name":"Azelaic acid"},"212":{"study_id":"ST000452","analysis_id":"AN000708","analysis_summary":"GC POSITIVE ION MODE","metabolite_name":"Behenoyl Sphingomyelin (D18:1\/22:0)","refmet_name":"SM 18:1;O2\/22:0"},"213":{"study_id":"ST000452","analysis_id":"AN000708","analysis_summary":"GC POSITIVE ION MODE","metabolite_name":"Beta-Alanine","refmet_name":"beta-Alanine"},"214":{"study_id":"ST000452","analysis_id":"AN000708","analysis_summary":"GC POSITIVE ION MODE","metabolite_name":"Beta-Hydroxyisovalerate","refmet_name":"3-Hydroxyisovaleric acid"},"215":{"study_id":"ST000452","analysis_id":"AN000708","analysis_summary":"GC POSITIVE ION MODE","metabolite_name":"Beta-Hydroxyisovaleroylcarnitine","refmet_name":"CAR 4:0;OH,Me"},"216":{"study_id":"ST000452","analysis_id":"AN000708","analysis_summary":"GC POSITIVE ION MODE","metabolite_name":"Betaine","refmet_name":"Betaine"},"217":{"study_id":"ST000452","analysis_id":"AN000708","analysis_summary":"GC POSITIVE ION MODE","metabolite_name":"Beta-Muricholate","refmet_name":"beta-Muricholic acid"},"218":{"study_id":"ST000452","analysis_id":"AN000708","analysis_summary":"GC POSITIVE ION MODE","metabolite_name":"Beta-Sitosterol","refmet_name":"Sitosterol"},"219":{"study_id":"ST000452","analysis_id":"AN000708","analysis_summary":"GC POSITIVE ION MODE","metabolite_name":"Bilirubin (E-E)","refmet_name":"Bilirubin"},"220":{"study_id":"ST000452","analysis_id":"AN000708","analysis_summary":"GC POSITIVE ION MODE","metabolite_name":"Bilirubin (Z-Z)","refmet_name":"Bilirubin"},"221":{"study_id":"ST000452","analysis_id":"AN000708","analysis_summary":"GC POSITIVE ION MODE","metabolite_name":"Butyrylcarnitine","refmet_name":"CAR 4:0"},"222":{"study_id":"ST000452","analysis_id":"AN000708","analysis_summary":"GC POSITIVE ION MODE","metabolite_name":"Butyrylglycine","refmet_name":"N-Butyrylglycine"},"223":{"study_id":"ST000452","analysis_id":"AN000708","analysis_summary":"GC POSITIVE ION MODE","metabolite_name":"Campesterol","refmet_name":"Campesterol"},"224":{"study_id":"ST000452","analysis_id":"AN000708","analysis_summary":"GC POSITIVE ION MODE","metabolite_name":"Caprate (10:0)","refmet_name":"Capric acid"},"225":{"study_id":"ST000452","analysis_id":"AN000708","analysis_summary":"GC POSITIVE ION MODE","metabolite_name":"Caproate (6:0)","refmet_name":"Caproic acid"},"226":{"study_id":"ST000452","analysis_id":"AN000708","analysis_summary":"GC POSITIVE ION MODE","metabolite_name":"Caprylate (8:0)","refmet_name":"Caprylic acid"},"227":{"study_id":"ST000452","analysis_id":"AN000708","analysis_summary":"GC POSITIVE ION MODE","metabolite_name":"Carboxyethyl-Gaba","refmet_name":"N-Carboxyethyl-g-aminobutyric acid"},"228":{"study_id":"ST000452","analysis_id":"AN000708","analysis_summary":"GC POSITIVE ION MODE","metabolite_name":"Carnitine","refmet_name":"Carnitine"},"229":{"study_id":"ST000452","analysis_id":"AN000708","analysis_summary":"GC POSITIVE ION MODE","metabolite_name":"Carnosine","refmet_name":"Carnosine"},"230":{"study_id":"ST000452","analysis_id":"AN000708","analysis_summary":"GC POSITIVE ION MODE","metabolite_name":"Catechol Sulfate","refmet_name":"Catechol sulfate"},"231":{"study_id":"ST000452","analysis_id":"AN000708","analysis_summary":"GC POSITIVE ION MODE","metabolite_name":"C-Glycosyltryptophan","refmet_name":"C-Glycosyltryptophan"},"232":{"study_id":"ST000452","analysis_id":"AN000708","analysis_summary":"GC POSITIVE ION MODE","metabolite_name":"Chenodeoxycholate","refmet_name":"Chenodeoxycholic acid"},"233":{"study_id":"ST000452","analysis_id":"AN000708","analysis_summary":"GC POSITIVE ION MODE","metabolite_name":"Chiro-Inositol","refmet_name":"1D-chiro-Inositol"},"234":{"study_id":"ST000452","analysis_id":"AN000708","analysis_summary":"GC POSITIVE ION MODE","metabolite_name":"Cholate","refmet_name":"Cholic acid"},"235":{"study_id":"ST000452","analysis_id":"AN000708","analysis_summary":"GC POSITIVE ION MODE","metabolite_name":"Cholesterol","refmet_name":"Cholesterol"},"236":{"study_id":"ST000452","analysis_id":"AN000708","analysis_summary":"GC POSITIVE ION MODE","metabolite_name":"Choline","refmet_name":"Choline"},"237":{"study_id":"ST000452","analysis_id":"AN000708","analysis_summary":"GC POSITIVE ION MODE","metabolite_name":"Choline Phosphate","refmet_name":"Choline phosphate"},"238":{"study_id":"ST000452","analysis_id":"AN000708","analysis_summary":"GC POSITIVE ION MODE","metabolite_name":"Cinnamoylglycine","refmet_name":"Cinnamoylglycine"},"239":{"study_id":"ST000452","analysis_id":"AN000708","analysis_summary":"GC POSITIVE ION MODE","metabolite_name":"Cis-4-Decenoyl Carnitine","refmet_name":"CAR 10:1"},"240":{"study_id":"ST000452","analysis_id":"AN000708","analysis_summary":"GC POSITIVE ION MODE","metabolite_name":"Cis-Urocanate","refmet_name":"Urocanic acid"},"241":{"study_id":"ST000452","analysis_id":"AN000708","analysis_summary":"GC POSITIVE ION MODE","metabolite_name":"Citrate","refmet_name":"Citric acid"},"242":{"study_id":"ST000452","analysis_id":"AN000708","analysis_summary":"GC POSITIVE ION MODE","metabolite_name":"Citrulline","refmet_name":"Citrulline"},"243":{"study_id":"ST000452","analysis_id":"AN000708","analysis_summary":"GC POSITIVE ION MODE","metabolite_name":"Corticosterone","refmet_name":"Corticosterone"},"244":{"study_id":"ST000452","analysis_id":"AN000708","analysis_summary":"GC POSITIVE ION MODE","metabolite_name":"Creatine","refmet_name":"Creatine"},"245":{"study_id":"ST000452","analysis_id":"AN000708","analysis_summary":"GC POSITIVE ION MODE","metabolite_name":"Creatinine","refmet_name":"Creatinine"},"246":{"study_id":"ST000452","analysis_id":"AN000708","analysis_summary":"GC POSITIVE ION MODE","metabolite_name":"Cystathionine","refmet_name":"Cystathionine"},"247":{"study_id":"ST000452","analysis_id":"AN000708","analysis_summary":"GC POSITIVE ION MODE","metabolite_name":"Cysteine","refmet_name":"Cysteine"},"248":{"study_id":"ST000452","analysis_id":"AN000708","analysis_summary":"GC POSITIVE ION MODE","metabolite_name":"Cysteine-Glutathione Disulfide","refmet_name":"Cysteine-glutathione disulfide"},"249":{"study_id":"ST000452","analysis_id":"AN000708","analysis_summary":"GC POSITIVE ION MODE","metabolite_name":"Cysteine S-Sulfate","refmet_name":"Cysteine-S-sulfate"},"250":{"study_id":"ST000452","analysis_id":"AN000708","analysis_summary":"GC POSITIVE ION MODE","metabolite_name":"Cysteine Sulfinic Acid","refmet_name":"3-Sulfino-alanine"},"251":{"study_id":"ST000452","analysis_id":"AN000708","analysis_summary":"GC POSITIVE ION MODE","metabolite_name":"Cystine","refmet_name":"Cystine"},"252":{"study_id":"ST000452","analysis_id":"AN000708","analysis_summary":"GC POSITIVE ION MODE","metabolite_name":"Cytidine","refmet_name":"Cytidine"},"253":{"study_id":"ST000452","analysis_id":"AN000708","analysis_summary":"GC POSITIVE ION MODE","metabolite_name":"Cytidine 5^-Monophosphate (5^-Cmp)","refmet_name":"CMP"},"254":{"study_id":"ST000452","analysis_id":"AN000708","analysis_summary":"GC POSITIVE ION MODE","metabolite_name":"Cytosine","refmet_name":"Cytosine"},"255":{"study_id":"ST000452","analysis_id":"AN000708","analysis_summary":"GC POSITIVE ION MODE","metabolite_name":"Decanoylcarnitine","refmet_name":"CAR 10:0"},"256":{"study_id":"ST000452","analysis_id":"AN000708","analysis_summary":"GC POSITIVE ION MODE","metabolite_name":"Deoxycarnitine","refmet_name":"3-Dehydroxycarnitine"},"257":{"study_id":"ST000452","analysis_id":"AN000708","analysis_summary":"GC POSITIVE ION MODE","metabolite_name":"Deoxycholate","refmet_name":"Deoxycholic acid"},"258":{"study_id":"ST000452","analysis_id":"AN000708","analysis_summary":"GC POSITIVE ION MODE","metabolite_name":"Dihomo-Linoleate (20:2N6)","refmet_name":"11Z,14Z-Eicosadienoic acid"},"259":{"study_id":"ST000452","analysis_id":"AN000708","analysis_summary":"GC POSITIVE ION MODE","metabolite_name":"Dihomo-Linolenate (20:3N3 Or N6)","refmet_name":"Dihomo-gamma-linolenic acid"},"260":{"study_id":"ST000452","analysis_id":"AN000708","analysis_summary":"GC POSITIVE ION MODE","metabolite_name":"Dihydrobiopterin","refmet_name":"4a-Carbinolamine tetrahydrobiopterin"},"261":{"study_id":"ST000452","analysis_id":"AN000708","analysis_summary":"GC POSITIVE ION MODE","metabolite_name":"Dihydroferulic Acid","refmet_name":"3-(4-Hydroxy-3-methoxyphenyl)propionic acid"},"262":{"study_id":"ST000452","analysis_id":"AN000708","analysis_summary":"GC POSITIVE ION MODE","metabolite_name":"Dihydroorotate","refmet_name":"4,5-Dihydroorotic acid"},"263":{"study_id":"ST000452","analysis_id":"AN000708","analysis_summary":"GC POSITIVE ION MODE","metabolite_name":"Dimethylarginine (Sdma + Adma)","refmet_name":"Dimethylarginine"},"264":{"study_id":"ST000452","analysis_id":"AN000708","analysis_summary":"GC POSITIVE ION MODE","metabolite_name":"Dimethylglycine","refmet_name":"Dimethylglycine"},"265":{"study_id":"ST000452","analysis_id":"AN000708","analysis_summary":"GC POSITIVE ION MODE","metabolite_name":"Dimethyl Sulfone","refmet_name":"Dimethyl sulfone"},"266":{"study_id":"ST000452","analysis_id":"AN000708","analysis_summary":"GC POSITIVE ION MODE","metabolite_name":"Docosadienoate (22:2N6)","refmet_name":"13Z,16Z-Docosadienoic acid"},"267":{"study_id":"ST000452","analysis_id":"AN000708","analysis_summary":"GC POSITIVE ION MODE","metabolite_name":"Docosahexaenoate (Dha; 22:6N3)","refmet_name":"DHA"},"268":{"study_id":"ST000452","analysis_id":"AN000708","analysis_summary":"GC POSITIVE ION MODE","metabolite_name":"Docosapentaenoate (N3 Dpa; 22:5N3)","refmet_name":"DPA"},"269":{"study_id":"ST000452","analysis_id":"AN000708","analysis_summary":"GC POSITIVE ION MODE","metabolite_name":"Docosapentaenoate (N6 Dpa; 22:5N6)","refmet_name":"DPA"},"270":{"study_id":"ST000452","analysis_id":"AN000708","analysis_summary":"GC POSITIVE ION MODE","metabolite_name":"Docosatrienoate (22:3N3)","refmet_name":"13,16,19-Docosatrienoic acid"},"271":{"study_id":"ST000452","analysis_id":"AN000708","analysis_summary":"GC POSITIVE ION MODE","metabolite_name":"Dodecanedioate","refmet_name":"Dodecanedioic acid"},"272":{"study_id":"ST000452","analysis_id":"AN000708","analysis_summary":"GC POSITIVE ION MODE","metabolite_name":"Ectoine","refmet_name":"Ectoine"},"273":{"study_id":"ST000452","analysis_id":"AN000708","analysis_summary":"GC POSITIVE ION MODE","metabolite_name":"Eicosanodioate","refmet_name":"Eicosanedioic acid"},"274":{"study_id":"ST000452","analysis_id":"AN000708","analysis_summary":"GC POSITIVE ION MODE","metabolite_name":"Eicosapentaenoate (Epa; 20:5N3)","refmet_name":"Eicosapentaenoic acid"},"275":{"study_id":"ST000452","analysis_id":"AN000708","analysis_summary":"GC POSITIVE ION MODE","metabolite_name":"Eicosenoate (20:1)","refmet_name":"cis-Gondoic acid"},"276":{"study_id":"ST000452","analysis_id":"AN000708","analysis_summary":"GC POSITIVE ION MODE","metabolite_name":"Ergothioneine","refmet_name":"Ergothioneine"},"277":{"study_id":"ST000452","analysis_id":"AN000708","analysis_summary":"GC POSITIVE ION MODE","metabolite_name":"Erucate (22:1N9)","refmet_name":"cis-Erucic acid"},"278":{"study_id":"ST000452","analysis_id":"AN000708","analysis_summary":"GC POSITIVE ION MODE","metabolite_name":"Erythritol","refmet_name":"Erythritol"},"279":{"study_id":"ST000452","analysis_id":"AN000708","analysis_summary":"GC POSITIVE ION MODE","metabolite_name":"Erythronate","refmet_name":"Erythronic acid"},"280":{"study_id":"ST000452","analysis_id":"AN000708","analysis_summary":"GC POSITIVE ION MODE","metabolite_name":"Ethyl Glucuronide","refmet_name":"Ethyl glucuronide"},"281":{"study_id":"ST000452","analysis_id":"AN000708","analysis_summary":"GC POSITIVE ION MODE","metabolite_name":"Ethylmalonate","refmet_name":"Monoethyl malonic acid"},"282":{"study_id":"ST000452","analysis_id":"AN000708","analysis_summary":"GC POSITIVE ION MODE","metabolite_name":"Ferulate","refmet_name":"trans-Ferulic acid"},"283":{"study_id":"ST000452","analysis_id":"AN000708","analysis_summary":"GC POSITIVE ION MODE","metabolite_name":"Ferulic Acid 4-Sulfate","refmet_name":"Ferulic acid 4-sulfate"},"284":{"study_id":"ST000452","analysis_id":"AN000708","analysis_summary":"GC POSITIVE ION MODE","metabolite_name":"Flavin Adenine Dinucleotide (Fad)","refmet_name":"FAD"},"285":{"study_id":"ST000452","analysis_id":"AN000708","analysis_summary":"GC POSITIVE ION MODE","metabolite_name":"Fructose","refmet_name":"Fructose"},"286":{"study_id":"ST000452","analysis_id":"AN000708","analysis_summary":"GC POSITIVE ION MODE","metabolite_name":"Fumarate","refmet_name":"Fumaric acid"},"287":{"study_id":"ST000452","analysis_id":"AN000708","analysis_summary":"GC POSITIVE ION MODE","metabolite_name":"Galactonate","refmet_name":"Galactonic acid"},"288":{"study_id":"ST000452","analysis_id":"AN000708","analysis_summary":"GC POSITIVE ION MODE","metabolite_name":"Gamma-Aminobutyrate (Gaba)","refmet_name":"gamma-Aminobutyric acid"},"289":{"study_id":"ST000452","analysis_id":"AN000708","analysis_summary":"GC POSITIVE ION MODE","metabolite_name":"Gamma-Glutamylalanine","refmet_name":"gamma-Glutamylalanine"},"290":{"study_id":"ST000452","analysis_id":"AN000708","analysis_summary":"GC POSITIVE ION MODE","metabolite_name":"Gamma-Glutamyl-Epsilon-Lysine","refmet_name":"Epsilon-(gamma-Glutamyl)-lysine"},"291":{"study_id":"ST000452","analysis_id":"AN000708","analysis_summary":"GC POSITIVE ION MODE","metabolite_name":"Gamma-Glutamylglutamate","refmet_name":"gamma-Glutamylglutamic acid"},"292":{"study_id":"ST000452","analysis_id":"AN000708","analysis_summary":"GC POSITIVE ION MODE","metabolite_name":"Gamma-Glutamylglutamine","refmet_name":"gamma-Glutamylglutamine"},"293":{"study_id":"ST000452","analysis_id":"AN000708","analysis_summary":"GC POSITIVE ION MODE","metabolite_name":"Gamma-Glutamylglycine","refmet_name":"gamma-Glutamylglycine"},"294":{"study_id":"ST000452","analysis_id":"AN000708","analysis_summary":"GC POSITIVE ION MODE","metabolite_name":"Gamma-Glutamylhistidine","refmet_name":"gamma-Glutamylhistidine"},"295":{"study_id":"ST000452","analysis_id":"AN000708","analysis_summary":"GC POSITIVE ION MODE","metabolite_name":"Gamma-Glutamylisoleucine","refmet_name":"gamma-Glutamylisoleucine"},"296":{"study_id":"ST000452","analysis_id":"AN000708","analysis_summary":"GC POSITIVE ION MODE","metabolite_name":"Gamma-Glutamylleucine","refmet_name":"gamma-Glutamylleucine"},"297":{"study_id":"ST000452","analysis_id":"AN000708","analysis_summary":"GC POSITIVE ION MODE","metabolite_name":"Gamma-Glutamylmethionine","refmet_name":"gamma-Glutamylmethionine"},"298":{"study_id":"ST000452","analysis_id":"AN000708","analysis_summary":"GC POSITIVE ION MODE","metabolite_name":"Gamma-Glutamylphenylalanine","refmet_name":"Glu-Phe"},"299":{"study_id":"ST000452","analysis_id":"AN000708","analysis_summary":"GC POSITIVE ION MODE","metabolite_name":"Gamma-Glutamyltryptophan","refmet_name":"gamma-Glutamyltryptophan"},"300":{"study_id":"ST000452","analysis_id":"AN000708","analysis_summary":"GC POSITIVE ION MODE","metabolite_name":"Gamma-Glutamyltyrosine","refmet_name":"gamma-Glutamyltyrosine"},"301":{"study_id":"ST000452","analysis_id":"AN000708","analysis_summary":"GC POSITIVE ION MODE","metabolite_name":"Gamma-Glutamylvaline","refmet_name":"gamma-Glutamylvaline"},"302":{"study_id":"ST000452","analysis_id":"AN000708","analysis_summary":"GC POSITIVE ION MODE","metabolite_name":"Gluconate","refmet_name":"Gluconic acid"},"303":{"study_id":"ST000452","analysis_id":"AN000708","analysis_summary":"GC POSITIVE ION MODE","metabolite_name":"Glucose","refmet_name":"Glucose"},"304":{"study_id":"ST000452","analysis_id":"AN000708","analysis_summary":"GC POSITIVE ION MODE","metabolite_name":"Glucuronate","refmet_name":"Glucuronic acid"},"305":{"study_id":"ST000452","analysis_id":"AN000708","analysis_summary":"GC POSITIVE ION MODE","metabolite_name":"Glutamate","refmet_name":"Glutamic acid"},"306":{"study_id":"ST000452","analysis_id":"AN000708","analysis_summary":"GC POSITIVE ION MODE","metabolite_name":"Glutamine","refmet_name":"Glutamine"},"307":{"study_id":"ST000452","analysis_id":"AN000708","analysis_summary":"GC POSITIVE ION MODE","metabolite_name":"Glutarate (Pentanedioate)","refmet_name":"Glutaric acid"},"308":{"study_id":"ST000452","analysis_id":"AN000708","analysis_summary":"GC POSITIVE ION MODE","metabolite_name":"Glutarylcarnitine (C5)","refmet_name":"CAR 5:0"},"309":{"study_id":"ST000452","analysis_id":"AN000708","analysis_summary":"GC POSITIVE ION MODE","metabolite_name":"Glutathione- Oxidized (Gssg)","refmet_name":"Oxidized glutathione"},"310":{"study_id":"ST000452","analysis_id":"AN000708","analysis_summary":"GC POSITIVE ION MODE","metabolite_name":"Glycerate","refmet_name":"Glyceric acid"},"311":{"study_id":"ST000452","analysis_id":"AN000708","analysis_summary":"GC POSITIVE ION MODE","metabolite_name":"Glycerol","refmet_name":"Glycerol"},"312":{"study_id":"ST000452","analysis_id":"AN000708","analysis_summary":"GC POSITIVE ION MODE","metabolite_name":"Glycerol 3-Phosphate","refmet_name":"sn-Glycero-3-phosphate"},"313":{"study_id":"ST000452","analysis_id":"AN000708","analysis_summary":"GC POSITIVE ION MODE","metabolite_name":"Glycerophosphoethanolamine","refmet_name":"sn-Glycero-3-phosphoethanolamine"},"314":{"study_id":"ST000452","analysis_id":"AN000708","analysis_summary":"GC POSITIVE ION MODE","metabolite_name":"Glycerophosphoglycerol","refmet_name":"sn-Glycero-3-phosphoglycerol"},"315":{"study_id":"ST000452","analysis_id":"AN000708","analysis_summary":"GC POSITIVE ION MODE","metabolite_name":"Glycerophosphoinositol","refmet_name":"sn-Glycero-3-phosphoinositol"},"316":{"study_id":"ST000452","analysis_id":"AN000708","analysis_summary":"GC POSITIVE ION MODE","metabolite_name":"Glycerophosphorylcholine (Gpc)","refmet_name":"sn-Glycero-3-phosphocholine"},"317":{"study_id":"ST000452","analysis_id":"AN000708","analysis_summary":"GC POSITIVE ION MODE","metabolite_name":"Glycine","refmet_name":"Glycine"},"318":{"study_id":"ST000452","analysis_id":"AN000708","analysis_summary":"GC POSITIVE ION MODE","metabolite_name":"Glycocholate","refmet_name":"Glycocholic acid"},"319":{"study_id":"ST000452","analysis_id":"AN000708","analysis_summary":"GC POSITIVE ION MODE","metabolite_name":"Glycosyl-N-Palmitoyl-Sphingosine","refmet_name":"HexCer 18:1;O2\/16:0"},"320":{"study_id":"ST000452","analysis_id":"AN000708","analysis_summary":"GC POSITIVE ION MODE","metabolite_name":"Glycosyl-N-Stearoyl-Sphingosine","refmet_name":"HexCer 18:1;O2\/18:0"},"321":{"study_id":"ST000452","analysis_id":"AN000708","analysis_summary":"GC POSITIVE ION MODE","metabolite_name":"Glycylvaline","refmet_name":"Gly-Val"},"322":{"study_id":"ST000452","analysis_id":"AN000708","analysis_summary":"GC POSITIVE ION MODE","metabolite_name":"Guanidinoacetate","refmet_name":"Guanidoacetic acid"},"323":{"study_id":"ST000452","analysis_id":"AN000708","analysis_summary":"GC POSITIVE ION MODE","metabolite_name":"Guanidinosuccinate","refmet_name":"Guanidinosuccinic acid"},"324":{"study_id":"ST000452","analysis_id":"AN000708","analysis_summary":"GC POSITIVE ION MODE","metabolite_name":"Guanosine","refmet_name":"Guanosine"},"325":{"study_id":"ST000452","analysis_id":"AN000708","analysis_summary":"GC POSITIVE ION MODE","metabolite_name":"Guanosine 5^- Monophosphate (5^-Gmp)","refmet_name":"GMP"},"326":{"study_id":"ST000452","analysis_id":"AN000708","analysis_summary":"GC POSITIVE ION MODE","metabolite_name":"Gulonic Acid","refmet_name":"Gulonic acid"},"327":{"study_id":"ST000452","analysis_id":"AN000708","analysis_summary":"GC POSITIVE ION MODE","metabolite_name":"Heme","refmet_name":"Heme"},"328":{"study_id":"ST000452","analysis_id":"AN000708","analysis_summary":"GC POSITIVE ION MODE","metabolite_name":"Heptanoate (7:0)","refmet_name":"Heptylic acid"},"329":{"study_id":"ST000452","analysis_id":"AN000708","analysis_summary":"GC POSITIVE ION MODE","metabolite_name":"Heptanoyl Glycine","refmet_name":"N-Heptanoylglycine"},"330":{"study_id":"ST000452","analysis_id":"AN000708","analysis_summary":"GC POSITIVE ION MODE","metabolite_name":"Hexadecanedioate","refmet_name":"Hexadecanedioic acid"},"331":{"study_id":"ST000452","analysis_id":"AN000708","analysis_summary":"GC POSITIVE ION MODE","metabolite_name":"Hexanoylcarnitine","refmet_name":"CAR 6:0"},"332":{"study_id":"ST000452","analysis_id":"AN000708","analysis_summary":"GC POSITIVE ION MODE","metabolite_name":"Hexanoylglycine","refmet_name":"Hexanoylglycine"},"333":{"study_id":"ST000452","analysis_id":"AN000708","analysis_summary":"GC POSITIVE ION MODE","metabolite_name":"Hippurate","refmet_name":"Hippuric acid"},"334":{"study_id":"ST000452","analysis_id":"AN000708","analysis_summary":"GC POSITIVE ION MODE","metabolite_name":"Histamine","refmet_name":"Histamine"},"335":{"study_id":"ST000452","analysis_id":"AN000708","analysis_summary":"GC POSITIVE ION MODE","metabolite_name":"Histidine","refmet_name":"Histidine"},"336":{"study_id":"ST000452","analysis_id":"AN000708","analysis_summary":"GC POSITIVE ION MODE","metabolite_name":"Homoarginine","refmet_name":"Homoarginine"},"337":{"study_id":"ST000452","analysis_id":"AN000708","analysis_summary":"GC POSITIVE ION MODE","metabolite_name":"Homocitrulline","refmet_name":"Homocitrulline"},"338":{"study_id":"ST000452","analysis_id":"AN000708","analysis_summary":"GC POSITIVE ION MODE","metabolite_name":"Homoserine","refmet_name":"Homoserine"},"339":{"study_id":"ST000452","analysis_id":"AN000708","analysis_summary":"GC POSITIVE ION MODE","metabolite_name":"Homostachydrine","refmet_name":"(S)-Homostachydrine"},"340":{"study_id":"ST000452","analysis_id":"AN000708","analysis_summary":"GC POSITIVE ION MODE","metabolite_name":"Homovanillate Sulfate","refmet_name":"Homovanillic acid"},"341":{"study_id":"ST000452","analysis_id":"AN000708","analysis_summary":"GC POSITIVE ION MODE","metabolite_name":"Hydroquinone Sulfate","refmet_name":"Quinol sulfate"},"342":{"study_id":"ST000452","analysis_id":"AN000708","analysis_summary":"GC POSITIVE ION MODE","metabolite_name":"Hyocholate","refmet_name":"Hyocholic acid"},"343":{"study_id":"ST000452","analysis_id":"AN000708","analysis_summary":"GC POSITIVE ION MODE","metabolite_name":"Hyodeoxycholate","refmet_name":"Hyodeoxycholic acid"},"344":{"study_id":"ST000452","analysis_id":"AN000708","analysis_summary":"GC POSITIVE ION MODE","metabolite_name":"Hypotaurine","refmet_name":"Hypotaurine"},"345":{"study_id":"ST000452","analysis_id":"AN000708","analysis_summary":"GC POSITIVE ION MODE","metabolite_name":"Hypoxanthine","refmet_name":"Hypoxanthine"},"346":{"study_id":"ST000452","analysis_id":"AN000708","analysis_summary":"GC POSITIVE ION MODE","metabolite_name":"Imidazole Lactate","refmet_name":"Imidazolelactic acid"},"347":{"study_id":"ST000452","analysis_id":"AN000708","analysis_summary":"GC POSITIVE ION MODE","metabolite_name":"Imidazole Propionate","refmet_name":"Imidazole propanoate"},"348":{"study_id":"ST000452","analysis_id":"AN000708","analysis_summary":"GC POSITIVE ION MODE","metabolite_name":"Indole-3-Carboxylic Acid","refmet_name":"Indole-3-carboxylic acid"},"349":{"study_id":"ST000452","analysis_id":"AN000708","analysis_summary":"GC POSITIVE ION MODE","metabolite_name":"Indoleacetate","refmet_name":"Indoleacetic acid"},"350":{"study_id":"ST000452","analysis_id":"AN000708","analysis_summary":"GC POSITIVE ION MODE","metabolite_name":"Indoleacrylate","refmet_name":"Indoleacrylic acid"},"351":{"study_id":"ST000452","analysis_id":"AN000708","analysis_summary":"GC POSITIVE ION MODE","metabolite_name":"Indolelactate","refmet_name":"Indolelactic acid"},"352":{"study_id":"ST000452","analysis_id":"AN000708","analysis_summary":"GC POSITIVE ION MODE","metabolite_name":"Indolepropionate","refmet_name":"3-Indolepropionic acid"},"353":{"study_id":"ST000452","analysis_id":"AN000708","analysis_summary":"GC POSITIVE ION MODE","metabolite_name":"Indolin-2-One","refmet_name":"Indolin-2-one"},"354":{"study_id":"ST000452","analysis_id":"AN000708","analysis_summary":"GC POSITIVE ION MODE","metabolite_name":"Inosine","refmet_name":"Inosine"},"355":{"study_id":"ST000452","analysis_id":"AN000708","analysis_summary":"GC POSITIVE ION MODE","metabolite_name":"Isobutyrylcarnitine","refmet_name":"CAR 3:0;2Me"},"356":{"study_id":"ST000452","analysis_id":"AN000708","analysis_summary":"GC POSITIVE ION MODE","metabolite_name":"Isobutyrylglycine","refmet_name":"Isobutyrylglycine"},"357":{"study_id":"ST000452","analysis_id":"AN000708","analysis_summary":"GC POSITIVE ION MODE","metabolite_name":"Isocitrate","refmet_name":"Isocitric acid"},"358":{"study_id":"ST000452","analysis_id":"AN000708","analysis_summary":"GC POSITIVE ION MODE","metabolite_name":"Isoleucine","refmet_name":"Isoleucine"},"359":{"study_id":"ST000452","analysis_id":"AN000708","analysis_summary":"GC POSITIVE ION MODE","metabolite_name":"Isoleucylglycine","refmet_name":"Ile-Gly"},"360":{"study_id":"ST000452","analysis_id":"AN000708","analysis_summary":"GC POSITIVE ION MODE","metabolite_name":"Isovalerate","refmet_name":"Isovaleric acid"},"361":{"study_id":"ST000452","analysis_id":"AN000708","analysis_summary":"GC POSITIVE ION MODE","metabolite_name":"Isovalerylcarnitine","refmet_name":"CAR 4:0;3Me"},"362":{"study_id":"ST000452","analysis_id":"AN000708","analysis_summary":"GC POSITIVE ION MODE","metabolite_name":"Isovalerylglycine","refmet_name":"Isovalerylglycine"},"363":{"study_id":"ST000452","analysis_id":"AN000708","analysis_summary":"GC POSITIVE ION MODE","metabolite_name":"Kynurenate","refmet_name":"Kynurenic acid"},"364":{"study_id":"ST000452","analysis_id":"AN000708","analysis_summary":"GC POSITIVE ION MODE","metabolite_name":"Kynurenine","refmet_name":"Kynurenine"},"365":{"study_id":"ST000452","analysis_id":"AN000708","analysis_summary":"GC POSITIVE ION MODE","metabolite_name":"Lactate","refmet_name":"Lactic acid"},"366":{"study_id":"ST000452","analysis_id":"AN000708","analysis_summary":"GC POSITIVE ION MODE","metabolite_name":"Laurylcarnitine","refmet_name":"CAR 12:0"},"367":{"study_id":"ST000452","analysis_id":"AN000708","analysis_summary":"GC POSITIVE ION MODE","metabolite_name":"Leucine","refmet_name":"Leucine"},"368":{"study_id":"ST000452","analysis_id":"AN000708","analysis_summary":"GC POSITIVE ION MODE","metabolite_name":"Leucylglycine","refmet_name":"Leu-Gly"},"369":{"study_id":"ST000452","analysis_id":"AN000708","analysis_summary":"GC POSITIVE ION MODE","metabolite_name":"Linoleamide (18:2N6)","refmet_name":"Linoleamide"},"370":{"study_id":"ST000452","analysis_id":"AN000708","analysis_summary":"GC POSITIVE ION MODE","metabolite_name":"Linoleate (18:2N6)","refmet_name":"Linoleic acid"},"371":{"study_id":"ST000452","analysis_id":"AN000708","analysis_summary":"GC POSITIVE ION MODE","metabolite_name":"Linolenate [Alpha Or Gamma; (18:3N3 Or 6)]","refmet_name":"alpha-Linolenic acid"},"372":{"study_id":"ST000452","analysis_id":"AN000708","analysis_summary":"GC POSITIVE ION MODE","metabolite_name":"Linoleoylcarnitine","refmet_name":"CAR 18:2"},"373":{"study_id":"ST000452","analysis_id":"AN000708","analysis_summary":"GC POSITIVE ION MODE","metabolite_name":"Lysine","refmet_name":"Lysine"},"374":{"study_id":"ST000452","analysis_id":"AN000708","analysis_summary":"GC POSITIVE ION MODE","metabolite_name":"Malate","refmet_name":"Malic acid"},"375":{"study_id":"ST000452","analysis_id":"AN000708","analysis_summary":"GC POSITIVE ION MODE","metabolite_name":"Maleate","refmet_name":"Maleic acid"},"376":{"study_id":"ST000452","analysis_id":"AN000708","analysis_summary":"GC POSITIVE ION MODE","metabolite_name":"Malonate","refmet_name":"Malonic acid"},"377":{"study_id":"ST000452","analysis_id":"AN000708","analysis_summary":"GC POSITIVE ION MODE","metabolite_name":"Mannitol\/Sorbitol","refmet_name":"Sorbitol"},"378":{"study_id":"ST000452","analysis_id":"AN000708","analysis_summary":"GC POSITIVE ION MODE","metabolite_name":"Mannose","refmet_name":"Mannose"},"379":{"study_id":"ST000452","analysis_id":"AN000708","analysis_summary":"GC POSITIVE ION MODE","metabolite_name":"Margarate (17:0)","refmet_name":"Margaric acid"},"380":{"study_id":"ST000452","analysis_id":"AN000708","analysis_summary":"GC POSITIVE ION MODE","metabolite_name":"Mead Acid (20:3N9)","refmet_name":"ETrE(5Z,8Z,11Z)"},"381":{"study_id":"ST000452","analysis_id":"AN000708","analysis_summary":"GC POSITIVE ION MODE","metabolite_name":"Methionine","refmet_name":"Methionine"},"382":{"study_id":"ST000452","analysis_id":"AN000708","analysis_summary":"GC POSITIVE ION MODE","metabolite_name":"Methionine Sulfone","refmet_name":"Methionine sulfone"},"383":{"study_id":"ST000452","analysis_id":"AN000708","analysis_summary":"GC POSITIVE ION MODE","metabolite_name":"Methionine Sulfoxide","refmet_name":"Methionine sulfoxide"},"384":{"study_id":"ST000452","analysis_id":"AN000708","analysis_summary":"GC POSITIVE ION MODE","metabolite_name":"Methyl-4-Hydroxybenzoate Sulfate","refmet_name":"Methyl-4-hydroxybenzoate sulfate"},"385":{"study_id":"ST000452","analysis_id":"AN000708","analysis_summary":"GC POSITIVE ION MODE","metabolite_name":"Methyl Glucopyranoside (Alpha + Beta)","refmet_name":"Methyl glucose"},"386":{"study_id":"ST000452","analysis_id":"AN000708","analysis_summary":"GC POSITIVE ION MODE","metabolite_name":"Methylmalonate (Mma)","refmet_name":"Methylmalonic acid"},"387":{"study_id":"ST000452","analysis_id":"AN000708","analysis_summary":"GC POSITIVE ION MODE","metabolite_name":"Methylsuccinate","refmet_name":"Methylsuccinic acid"},"388":{"study_id":"ST000452","analysis_id":"AN000708","analysis_summary":"GC POSITIVE ION MODE","metabolite_name":"Mevalonate","refmet_name":"Mevalonic acid"},"389":{"study_id":"ST000452","analysis_id":"AN000708","analysis_summary":"GC POSITIVE ION MODE","metabolite_name":"Mevalonolactone","refmet_name":"Mevalonolactone"},"390":{"study_id":"ST000452","analysis_id":"AN000708","analysis_summary":"GC POSITIVE ION MODE","metabolite_name":"Myo-Inositol","refmet_name":"Myo-inositol"},"391":{"study_id":"ST000452","analysis_id":"AN000708","analysis_summary":"GC POSITIVE ION MODE","metabolite_name":"Myristate (14:0)","refmet_name":"Myristic acid"},"392":{"study_id":"ST000452","analysis_id":"AN000708","analysis_summary":"GC POSITIVE ION MODE","metabolite_name":"Myristoleate (14:1N5)","refmet_name":"Myristoleic acid"},"393":{"study_id":"ST000452","analysis_id":"AN000708","analysis_summary":"GC POSITIVE ION MODE","metabolite_name":"Myristoleoylcarnitine","refmet_name":"CAR 14:1"},"394":{"study_id":"ST000452","analysis_id":"AN000708","analysis_summary":"GC POSITIVE ION MODE","metabolite_name":"Myristoylcarnitine","refmet_name":"CAR 14:0"},"395":{"study_id":"ST000452","analysis_id":"AN000708","analysis_summary":"GC POSITIVE ION MODE","metabolite_name":"N1-Methyl-2-Pyridone-5-Carboxamide","refmet_name":"N1-Methyl-2-pyridone-5-carboxamide"},"396":{"study_id":"ST000452","analysis_id":"AN000708","analysis_summary":"GC POSITIVE ION MODE","metabolite_name":"N1-Methyladenosine","refmet_name":"1-Methyladenosine"},"397":{"study_id":"ST000452","analysis_id":"AN000708","analysis_summary":"GC POSITIVE ION MODE","metabolite_name":"N2-Acetyllysine","refmet_name":"N(2)-Acetyllysine"},"398":{"study_id":"ST000452","analysis_id":"AN000708","analysis_summary":"GC POSITIVE ION MODE","metabolite_name":"N-(2-Furoyl)Glycine","refmet_name":"2-Furoylglycine"},"399":{"study_id":"ST000452","analysis_id":"AN000708","analysis_summary":"GC POSITIVE ION MODE","metabolite_name":"N2-N5-Diacetylornithine","refmet_name":""},"400":{"study_id":"ST000452","analysis_id":"AN000708","analysis_summary":"GC POSITIVE ION MODE","metabolite_name":"N2-N6-Diacetyllysine","refmet_name":"N-6-Trimethyllysine"},"401":{"study_id":"ST000452","analysis_id":"AN000708","analysis_summary":"GC POSITIVE ION MODE","metabolite_name":"N6-Acetyllysine","refmet_name":"N6-Acetyllysine"},"402":{"study_id":"ST000452","analysis_id":"AN000708","analysis_summary":"GC POSITIVE ION MODE","metabolite_name":"N6-Carbamoylthreonyladenosine","refmet_name":"N6-Carbamoyl-L-threonyladenosine"},"403":{"study_id":"ST000452","analysis_id":"AN000708","analysis_summary":"GC POSITIVE ION MODE","metabolite_name":"N6-Carboxymethyllysine","refmet_name":"N(6)-Carboxymethyl-lysine"},"404":{"study_id":"ST000452","analysis_id":"AN000708","analysis_summary":"GC POSITIVE ION MODE","metabolite_name":"N6-Methyladenosine","refmet_name":"N6-Methyladenosine"},"405":{"study_id":"ST000452","analysis_id":"AN000708","analysis_summary":"GC POSITIVE ION MODE","metabolite_name":"N6-N6-N6-Trimethyllysine","refmet_name":"N-6-Trimethyllysine"},"406":{"study_id":"ST000452","analysis_id":"AN000708","analysis_summary":"GC POSITIVE ION MODE","metabolite_name":"N6-Succinyladenosine","refmet_name":"Succinyladenosine"},"407":{"study_id":"ST000452","analysis_id":"AN000708","analysis_summary":"GC POSITIVE ION MODE","metabolite_name":"N-Acetyl-1-Methylhistidine","refmet_name":"N-Acetyl-3-methylhistidine"},"408":{"study_id":"ST000452","analysis_id":"AN000708","analysis_summary":"GC POSITIVE ION MODE","metabolite_name":"N-Acetyl-3-Methylhistidine","refmet_name":"N-Acetyl-3-methylhistidine"},"409":{"study_id":"ST000452","analysis_id":"AN000708","analysis_summary":"GC POSITIVE ION MODE","metabolite_name":"N-Acetylalanine","refmet_name":"N-Acetylalanine"},"410":{"study_id":"ST000452","analysis_id":"AN000708","analysis_summary":"GC POSITIVE ION MODE","metabolite_name":"N-Acetylarginine","refmet_name":"N-Acetylarginine"},"411":{"study_id":"ST000452","analysis_id":"AN000708","analysis_summary":"GC POSITIVE ION MODE","metabolite_name":"N-Acetylasparagine","refmet_name":"N-Acetylasparagine"},"412":{"study_id":"ST000452","analysis_id":"AN000708","analysis_summary":"GC POSITIVE ION MODE","metabolite_name":"N-Acetylaspartate (Naa)","refmet_name":"N-Acetylaspartic acid"},"413":{"study_id":"ST000452","analysis_id":"AN000708","analysis_summary":"GC POSITIVE ION MODE","metabolite_name":"N-Acetyl-Aspartyl-Glutamate (Naag)","refmet_name":"N-Acetyl-Asp-Glu"},"414":{"study_id":"ST000452","analysis_id":"AN000708","analysis_summary":"GC POSITIVE ION MODE","metabolite_name":"N-Acetyl-Beta-Alanine","refmet_name":"N-Acetyl-beta-alanine"},"415":{"study_id":"ST000452","analysis_id":"AN000708","analysis_summary":"GC POSITIVE ION MODE","metabolite_name":"N-Acetylcarnosine","refmet_name":"N-Acetylcarnosine"},"416":{"study_id":"ST000452","analysis_id":"AN000708","analysis_summary":"GC POSITIVE ION MODE","metabolite_name":"N-Acetylcitrulline","refmet_name":"N-Acetylcitrulline"},"417":{"study_id":"ST000452","analysis_id":"AN000708","analysis_summary":"GC POSITIVE ION MODE","metabolite_name":"N-Acetylglutamate","refmet_name":"N-Acetylglutamic acid"},"418":{"study_id":"ST000452","analysis_id":"AN000708","analysis_summary":"GC POSITIVE ION MODE","metabolite_name":"N-Acetylglutamine","refmet_name":"N-Acetylglutamine"},"419":{"study_id":"ST000452","analysis_id":"AN000708","analysis_summary":"GC POSITIVE ION MODE","metabolite_name":"N-Acetylglycine","refmet_name":"N-Acetylglycine"},"420":{"study_id":"ST000452","analysis_id":"AN000708","analysis_summary":"GC POSITIVE ION MODE","metabolite_name":"N-Acetylhistamine","refmet_name":"N-Acetylhistamine"},"421":{"study_id":"ST000452","analysis_id":"AN000708","analysis_summary":"GC POSITIVE ION MODE","metabolite_name":"N-Acetylhistidine","refmet_name":"N-Acetylhistidine"},"422":{"study_id":"ST000452","analysis_id":"AN000708","analysis_summary":"GC POSITIVE ION MODE","metabolite_name":"N-Acetylisoleucine","refmet_name":"N-Acetylisoleucine"},"423":{"study_id":"ST000452","analysis_id":"AN000708","analysis_summary":"GC POSITIVE ION MODE","metabolite_name":"N-Acetylkynurenine (2)","refmet_name":"N-Acetylkynurenine"},"424":{"study_id":"ST000452","analysis_id":"AN000708","analysis_summary":"GC POSITIVE ION MODE","metabolite_name":"N-Acetylleucine","refmet_name":"N-Acetylleucine"},"425":{"study_id":"ST000452","analysis_id":"AN000708","analysis_summary":"GC POSITIVE ION MODE","metabolite_name":"N-Acetylmethionine","refmet_name":"N-Acetylmethionine"},"426":{"study_id":"ST000452","analysis_id":"AN000708","analysis_summary":"GC POSITIVE ION MODE","metabolite_name":"N-Acetylmethionine Sulfoxide","refmet_name":"N-Acetylmethionine sulfoxide"},"427":{"study_id":"ST000452","analysis_id":"AN000708","analysis_summary":"GC POSITIVE ION MODE","metabolite_name":"N-Acetylneuraminate","refmet_name":"N-Acetylneuraminic acid"},"428":{"study_id":"ST000452","analysis_id":"AN000708","analysis_summary":"GC POSITIVE ION MODE","metabolite_name":"N-Acetylphenylalanine","refmet_name":"N-Acetylphenylalanine"},"429":{"study_id":"ST000452","analysis_id":"AN000708","analysis_summary":"GC POSITIVE ION MODE","metabolite_name":"N-Acetylproline","refmet_name":"N-Acetyl-proline"},"430":{"study_id":"ST000452","analysis_id":"AN000708","analysis_summary":"GC POSITIVE ION MODE","metabolite_name":"N-Acetylputrescine","refmet_name":"N-Acetylputrescine"},"431":{"study_id":"ST000452","analysis_id":"AN000708","analysis_summary":"GC POSITIVE ION MODE","metabolite_name":"N-Acetylpyrraline","refmet_name":"Dehydroepiandrosterone"},"432":{"study_id":"ST000452","analysis_id":"AN000708","analysis_summary":"GC POSITIVE ION MODE","metabolite_name":"N-Acetyl-S-Allyl-L-Cysteine","refmet_name":""},"433":{"study_id":"ST000452","analysis_id":"AN000708","analysis_summary":"GC POSITIVE ION MODE","metabolite_name":"N-Acetylserine","refmet_name":"N-Acetylserine"},"434":{"study_id":"ST000452","analysis_id":"AN000708","analysis_summary":"GC POSITIVE ION MODE","metabolite_name":"N-Acetyltaurine","refmet_name":"N-Acetyltaurine"},"435":{"study_id":"ST000452","analysis_id":"AN000708","analysis_summary":"GC POSITIVE ION MODE","metabolite_name":"N-Acetylthreonine","refmet_name":"N-Acetylthreonine"},"436":{"study_id":"ST000452","analysis_id":"AN000708","analysis_summary":"GC POSITIVE ION MODE","metabolite_name":"N-Acetyltryptophan","refmet_name":"N-Acetyl-tryptophan"},"437":{"study_id":"ST000452","analysis_id":"AN000708","analysis_summary":"GC POSITIVE ION MODE","metabolite_name":"N-Acetyltyrosine","refmet_name":"N-Acetyltyrosine"},"438":{"study_id":"ST000452","analysis_id":"AN000708","analysis_summary":"GC POSITIVE ION MODE","metabolite_name":"N-Acetylvaline","refmet_name":"N-Acetylvaline"},"439":{"study_id":"ST000452","analysis_id":"AN000708","analysis_summary":"GC POSITIVE ION MODE","metabolite_name":"N-Delta-Acetylornithine","refmet_name":"N(5)-Acetyl-ornithine"},"440":{"study_id":"ST000452","analysis_id":"AN000708","analysis_summary":"GC POSITIVE ION MODE","metabolite_name":"N-Formylmethionine","refmet_name":"N-Formylmethionine"},"441":{"study_id":"ST000452","analysis_id":"AN000708","analysis_summary":"GC POSITIVE ION MODE","metabolite_name":"N-Formylphenylalanine","refmet_name":"N-Formylphenylalanine"},"442":{"study_id":"ST000452","analysis_id":"AN000708","analysis_summary":"GC POSITIVE ION MODE","metabolite_name":"N-Glycolylneuraminate","refmet_name":"N-Glycolylneuraminic acid"},"443":{"study_id":"ST000452","analysis_id":"AN000708","analysis_summary":"GC POSITIVE ION MODE","metabolite_name":"Nicotinamide","refmet_name":"Niacinamide"},"444":{"study_id":"ST000452","analysis_id":"AN000708","analysis_summary":"GC POSITIVE ION MODE","metabolite_name":"Nicotinamide N-Oxide","refmet_name":"Nicotinamide N-oxide"},"445":{"study_id":"ST000452","analysis_id":"AN000708","analysis_summary":"GC POSITIVE ION MODE","metabolite_name":"Nicotinamide Riboside","refmet_name":"Nicotinamide riboside"},"446":{"study_id":"ST000452","analysis_id":"AN000708","analysis_summary":"GC POSITIVE ION MODE","metabolite_name":"Nicotinate Ribonucleoside","refmet_name":"D-Ribosylnicotinate"},"447":{"study_id":"ST000452","analysis_id":"AN000708","analysis_summary":"GC POSITIVE ION MODE","metabolite_name":"N-Methylpipecolate","refmet_name":"N-methyl pipecolic acid"},"448":{"study_id":"ST000452","analysis_id":"AN000708","analysis_summary":"GC POSITIVE ION MODE","metabolite_name":"N-Methylproline","refmet_name":"N-Methyl-proline"},"449":{"study_id":"ST000452","analysis_id":"AN000708","analysis_summary":"GC POSITIVE ION MODE","metabolite_name":"N-Monomethylarginine","refmet_name":"Targinine"},"450":{"study_id":"ST000452","analysis_id":"AN000708","analysis_summary":"GC POSITIVE ION MODE","metabolite_name":"N-Octanoylglycine","refmet_name":"Capryloylglycine"},"451":{"study_id":"ST000452","analysis_id":"AN000708","analysis_summary":"GC POSITIVE ION MODE","metabolite_name":"N-Oleoyltaurine","refmet_name":"N-Oleoyl taurine"},"452":{"study_id":"ST000452","analysis_id":"AN000708","analysis_summary":"GC POSITIVE ION MODE","metabolite_name":"Nonadecanoate (19:0)","refmet_name":"Nonadecylic acid"},"453":{"study_id":"ST000452","analysis_id":"AN000708","analysis_summary":"GC POSITIVE ION MODE","metabolite_name":"N-Palmitoyl Glycine","refmet_name":"N-Palmitoyl glycine"},"454":{"study_id":"ST000452","analysis_id":"AN000708","analysis_summary":"GC POSITIVE ION MODE","metabolite_name":"N-Palmitoyl-Sphinganine (D18:0\/16:0)","refmet_name":"Cer 18:0;O2\/16:0"},"455":{"study_id":"ST000452","analysis_id":"AN000708","analysis_summary":"GC POSITIVE ION MODE","metabolite_name":"N-Palmitoyl-Sphingosine (D18:1\/16:0)","refmet_name":"Cer 18:1;O2\/16:0"},"456":{"study_id":"ST000452","analysis_id":"AN000708","analysis_summary":"GC POSITIVE ION MODE","metabolite_name":"N-Palmitoyltaurine","refmet_name":"N-Palmitoyl taurine"},"457":{"study_id":"ST000452","analysis_id":"AN000708","analysis_summary":"GC POSITIVE ION MODE","metabolite_name":"N-Stearoyltaurine","refmet_name":"N-Stearoyl taurine"},"458":{"study_id":"ST000452","analysis_id":"AN000708","analysis_summary":"GC POSITIVE ION MODE","metabolite_name":"Octanoylcarnitine","refmet_name":"CAR 8:0"},"459":{"study_id":"ST000452","analysis_id":"AN000708","analysis_summary":"GC POSITIVE ION MODE","metabolite_name":"Oleamide","refmet_name":"Oleamide"},"460":{"study_id":"ST000452","analysis_id":"AN000708","analysis_summary":"GC POSITIVE ION MODE","metabolite_name":"Oleate\/Vaccenate (18:1)","refmet_name":"Oleic acid"},"461":{"study_id":"ST000452","analysis_id":"AN000708","analysis_summary":"GC POSITIVE ION MODE","metabolite_name":"Oleoylcarnitine","refmet_name":"CAR 18:1"},"462":{"study_id":"ST000452","analysis_id":"AN000708","analysis_summary":"GC POSITIVE ION MODE","metabolite_name":"Oleoyl Ethanolamide","refmet_name":"Oleoyl-EA"},"463":{"study_id":"ST000452","analysis_id":"AN000708","analysis_summary":"GC POSITIVE ION MODE","metabolite_name":"Ophthalmate","refmet_name":"Ophthalmic acid"},"464":{"study_id":"ST000452","analysis_id":"AN000708","analysis_summary":"GC POSITIVE ION MODE","metabolite_name":"Ornithine","refmet_name":"Ornithine"},"465":{"study_id":"ST000452","analysis_id":"AN000708","analysis_summary":"GC POSITIVE ION MODE","metabolite_name":"Orotate","refmet_name":"Orotic acid"},"466":{"study_id":"ST000452","analysis_id":"AN000708","analysis_summary":"GC POSITIVE ION MODE","metabolite_name":"Orotidine","refmet_name":"Orotidine"},"467":{"study_id":"ST000452","analysis_id":"AN000708","analysis_summary":"GC POSITIVE ION MODE","metabolite_name":"O-Sulfo-L-Tyrosine","refmet_name":"Sulfotyrosine"},"468":{"study_id":"ST000452","analysis_id":"AN000708","analysis_summary":"GC POSITIVE ION MODE","metabolite_name":"Oxalate (Ethanedioate)","refmet_name":"Oxalic acid"},"469":{"study_id":"ST000452","analysis_id":"AN000708","analysis_summary":"GC POSITIVE ION MODE","metabolite_name":"Palmitate (16:0)","refmet_name":"Palmitic acid"},"470":{"study_id":"ST000452","analysis_id":"AN000708","analysis_summary":"GC POSITIVE ION MODE","metabolite_name":"Palmitoleate (16:1N7)","refmet_name":"Palmitoleic acid"},"471":{"study_id":"ST000452","analysis_id":"AN000708","analysis_summary":"GC POSITIVE ION MODE","metabolite_name":"Palmitoylcarnitine","refmet_name":"CAR 16:0"},"472":{"study_id":"ST000452","analysis_id":"AN000708","analysis_summary":"GC POSITIVE ION MODE","metabolite_name":"Palmitoylcholine","refmet_name":"O-Palmitoylcholine"},"473":{"study_id":"ST000452","analysis_id":"AN000708","analysis_summary":"GC POSITIVE ION MODE","metabolite_name":"Palmitoyl Dihydrosphingomyelin (D18:0\/16:0)","refmet_name":"SM 18:0;O2\/16:0"},"474":{"study_id":"ST000452","analysis_id":"AN000708","analysis_summary":"GC POSITIVE ION MODE","metabolite_name":"Palmitoyl Ethanolamide","refmet_name":"Palmitoyl-EA"},"475":{"study_id":"ST000452","analysis_id":"AN000708","analysis_summary":"GC POSITIVE ION MODE","metabolite_name":"Palmitoyl Sphingomyelin (D18:1\/16:0)","refmet_name":"SM 18:1;O2\/16:0"},"476":{"study_id":"ST000452","analysis_id":"AN000708","analysis_summary":"GC POSITIVE ION MODE","metabolite_name":"Pantothenate","refmet_name":"Pantothenic acid"},"477":{"study_id":"ST000452","analysis_id":"AN000708","analysis_summary":"GC POSITIVE ION MODE","metabolite_name":"P-Cresol-Glucuronide","refmet_name":"P-Cresol glucuronide"},"478":{"study_id":"ST000452","analysis_id":"AN000708","analysis_summary":"GC POSITIVE ION MODE","metabolite_name":"P-Cresol Sulfate","refmet_name":"p-Cresol sulfate"},"479":{"study_id":"ST000452","analysis_id":"AN000708","analysis_summary":"GC POSITIVE ION MODE","metabolite_name":"Pelargonate (9:0)","refmet_name":"Pelargonic acid"},"480":{"study_id":"ST000452","analysis_id":"AN000708","analysis_summary":"GC POSITIVE ION MODE","metabolite_name":"Pentadecanoate (15:0)","refmet_name":"Pentadecylic acid"},"481":{"study_id":"ST000452","analysis_id":"AN000708","analysis_summary":"GC POSITIVE ION MODE","metabolite_name":"Phenol Sulfate","refmet_name":"Phenyl hydrogen sulfate"},"482":{"study_id":"ST000452","analysis_id":"AN000708","analysis_summary":"GC POSITIVE ION MODE","metabolite_name":"Phenylacetate","refmet_name":"Phenylacetic acid"},"483":{"study_id":"ST000452","analysis_id":"AN000708","analysis_summary":"GC POSITIVE ION MODE","metabolite_name":"Phenylacetylglycine","refmet_name":"Phenylacetylglycine"},"484":{"study_id":"ST000452","analysis_id":"AN000708","analysis_summary":"GC POSITIVE ION MODE","metabolite_name":"Phenylalanine","refmet_name":"Phenylalanine"},"485":{"study_id":"ST000452","analysis_id":"AN000708","analysis_summary":"GC POSITIVE ION MODE","metabolite_name":"Phenyllactate (Pla)","refmet_name":"Phenyllactic acid"},"486":{"study_id":"ST000452","analysis_id":"AN000708","analysis_summary":"GC POSITIVE ION MODE","metabolite_name":"Phenylpyruvate","refmet_name":"Phenylpyruvic acid"},"487":{"study_id":"ST000452","analysis_id":"AN000708","analysis_summary":"GC POSITIVE ION MODE","metabolite_name":"Phosphate","refmet_name":"Phosphoric acid"},"488":{"study_id":"ST000452","analysis_id":"AN000708","analysis_summary":"GC POSITIVE ION MODE","metabolite_name":"Phosphoethanolamine","refmet_name":"Phosphoethanolamine"},"489":{"study_id":"ST000452","analysis_id":"AN000708","analysis_summary":"GC POSITIVE ION MODE","metabolite_name":"Picolinate","refmet_name":"Picolinic acid"},"490":{"study_id":"ST000452","analysis_id":"AN000708","analysis_summary":"GC POSITIVE ION MODE","metabolite_name":"Pimelate (Heptanedioate)","refmet_name":"Pimelic acid"},"491":{"study_id":"ST000452","analysis_id":"AN000708","analysis_summary":"GC POSITIVE ION MODE","metabolite_name":"Pipecolate","refmet_name":"Pipecolic acid"},"492":{"study_id":"ST000452","analysis_id":"AN000708","analysis_summary":"GC POSITIVE ION MODE","metabolite_name":"Pro-Hydroxy-Pro","refmet_name":"Pro-hydroxyPro"},"493":{"study_id":"ST000452","analysis_id":"AN000708","analysis_summary":"GC POSITIVE ION MODE","metabolite_name":"Proline","refmet_name":"Proline"},"494":{"study_id":"ST000452","analysis_id":"AN000708","analysis_summary":"GC POSITIVE ION MODE","metabolite_name":"Prolylglycine","refmet_name":"Pro-Gly"},"495":{"study_id":"ST000452","analysis_id":"AN000708","analysis_summary":"GC POSITIVE ION MODE","metabolite_name":"Propionylcarnitine","refmet_name":"CAR 3:0"},"496":{"study_id":"ST000452","analysis_id":"AN000708","analysis_summary":"GC POSITIVE ION MODE","metabolite_name":"Propionylglycine","refmet_name":"Propionylglycine"},"497":{"study_id":"ST000452","analysis_id":"AN000708","analysis_summary":"GC POSITIVE ION MODE","metabolite_name":"Pseudouridine","refmet_name":"Pseudouridine"},"498":{"study_id":"ST000452","analysis_id":"AN000708","analysis_summary":"GC POSITIVE ION MODE","metabolite_name":"Pyridoxal","refmet_name":"Pyridoxal"},"499":{"study_id":"ST000452","analysis_id":"AN000708","analysis_summary":"GC POSITIVE ION MODE","metabolite_name":"Pyridoxamine","refmet_name":"Pyridoxamine"},"500":{"study_id":"ST000452","analysis_id":"AN000708","analysis_summary":"GC POSITIVE ION MODE","metabolite_name":"Pyridoxate","refmet_name":"4-Pyridoxic acid"},"501":{"study_id":"ST000452","analysis_id":"AN000708","analysis_summary":"GC POSITIVE ION MODE","metabolite_name":"Pyroglutamine","refmet_name":"Pyroglutamine"},"502":{"study_id":"ST000452","analysis_id":"AN000708","analysis_summary":"GC POSITIVE ION MODE","metabolite_name":"Pyrraline","refmet_name":"Pyrraline"},"503":{"study_id":"ST000452","analysis_id":"AN000708","analysis_summary":"GC POSITIVE ION MODE","metabolite_name":"Pyruvate","refmet_name":"Pyruvic acid"},"504":{"study_id":"ST000452","analysis_id":"AN000708","analysis_summary":"GC POSITIVE ION MODE","metabolite_name":"Quinate","refmet_name":"Quinic acid"},"505":{"study_id":"ST000452","analysis_id":"AN000708","analysis_summary":"GC POSITIVE ION MODE","metabolite_name":"Quinolinate","refmet_name":"Quinolinic acid"},"506":{"study_id":"ST000452","analysis_id":"AN000708","analysis_summary":"GC POSITIVE ION MODE","metabolite_name":"Retinol (Vitamin A)","refmet_name":"Retinol"},"507":{"study_id":"ST000452","analysis_id":"AN000708","analysis_summary":"GC POSITIVE ION MODE","metabolite_name":"Ribitol","refmet_name":"Ribitol"},"508":{"study_id":"ST000452","analysis_id":"AN000708","analysis_summary":"GC POSITIVE ION MODE","metabolite_name":"Ribonate","refmet_name":"Ribonic acid"},"509":{"study_id":"ST000452","analysis_id":"AN000708","analysis_summary":"GC POSITIVE ION MODE","metabolite_name":"Ribose","refmet_name":"Ribose"},"510":{"study_id":"ST000452","analysis_id":"AN000708","analysis_summary":"GC POSITIVE ION MODE","metabolite_name":"S-1-Pyrroline-5-Carboxylate","refmet_name":"1-Pyrroline-5-carboxylic acid"},"511":{"study_id":"ST000452","analysis_id":"AN000708","analysis_summary":"GC POSITIVE ION MODE","metabolite_name":"S-(3-Hydroxypropyl)Mercapturic Acid (Hpma)","refmet_name":""},"512":{"study_id":"ST000452","analysis_id":"AN000708","analysis_summary":"GC POSITIVE ION MODE","metabolite_name":"S-Adenosylhomocysteine (Sah)","refmet_name":"S-Adenosylhomocysteine"},"513":{"study_id":"ST000452","analysis_id":"AN000708","analysis_summary":"GC POSITIVE ION MODE","metabolite_name":"Salicylate","refmet_name":"Salicylic acid"},"514":{"study_id":"ST000452","analysis_id":"AN000708","analysis_summary":"GC POSITIVE ION MODE","metabolite_name":"Sarcosine (N-Methylglycine)","refmet_name":"Sarcosine"},"515":{"study_id":"ST000452","analysis_id":"AN000708","analysis_summary":"GC POSITIVE ION MODE","metabolite_name":"Sebacate (Decanedioate)","refmet_name":"Sebacic acid"},"516":{"study_id":"ST000452","analysis_id":"AN000708","analysis_summary":"GC POSITIVE ION MODE","metabolite_name":"Serine","refmet_name":"Serine"},"517":{"study_id":"ST000452","analysis_id":"AN000708","analysis_summary":"GC POSITIVE ION MODE","metabolite_name":"Serotonin","refmet_name":"Serotonin"},"518":{"study_id":"ST000452","analysis_id":"AN000708","analysis_summary":"GC POSITIVE ION MODE","metabolite_name":"S-Methylcysteine","refmet_name":"Methylcysteine"},"519":{"study_id":"ST000452","analysis_id":"AN000708","analysis_summary":"GC POSITIVE ION MODE","metabolite_name":"S-Methylglutathione","refmet_name":"S-Methylglutathione"},"520":{"study_id":"ST000452","analysis_id":"AN000708","analysis_summary":"GC POSITIVE ION MODE","metabolite_name":"Spermidine","refmet_name":"Spermidine"},"521":{"study_id":"ST000452","analysis_id":"AN000708","analysis_summary":"GC POSITIVE ION MODE","metabolite_name":"Sphinganine-1-Phosphate","refmet_name":"Sphinganine 1-phosphate"},"522":{"study_id":"ST000452","analysis_id":"AN000708","analysis_summary":"GC POSITIVE ION MODE","metabolite_name":"Sphingomyelin (D18:1\/14:0- D16:1\/16:0)","refmet_name":"SM 18:1;O2\/14:0"},"523":{"study_id":"ST000452","analysis_id":"AN000708","analysis_summary":"GC POSITIVE ION MODE","metabolite_name":"Sphingomyelin (D18:1\/15:0- D16:1\/17:0)","refmet_name":""},"524":{"study_id":"ST000452","analysis_id":"AN000708","analysis_summary":"GC POSITIVE ION MODE","metabolite_name":"Sphingomyelin (D18:1\/17:0- D17:1\/18:0- D19:1\/16:0)","refmet_name":""},"525":{"study_id":"ST000452","analysis_id":"AN000708","analysis_summary":"GC POSITIVE ION MODE","metabolite_name":"Sphingomyelin (D18:1\/18:1- D18:2\/18:0)","refmet_name":"SM 18:1;O2\/18:1"},"526":{"study_id":"ST000452","analysis_id":"AN000708","analysis_summary":"GC POSITIVE ION MODE","metabolite_name":"Sphingomyelin (D18:1\/20:0- D16:1\/22:0)","refmet_name":""},"527":{"study_id":"ST000452","analysis_id":"AN000708","analysis_summary":"GC POSITIVE ION MODE","metabolite_name":"Sphingomyelin (D18:1\/20:1- D18:2\/20:0)","refmet_name":""},"528":{"study_id":"ST000452","analysis_id":"AN000708","analysis_summary":"GC POSITIVE ION MODE","metabolite_name":"Sphingomyelin (D18:1\/21:0- D17:1\/22:0- D16:1\/23:0)","refmet_name":""},"529":{"study_id":"ST000452","analysis_id":"AN000708","analysis_summary":"GC POSITIVE ION MODE","metabolite_name":"Sphingomyelin (D18:1\/22:1- D18:2\/22:0- D16:1\/24:1)","refmet_name":""},"530":{"study_id":"ST000452","analysis_id":"AN000708","analysis_summary":"GC POSITIVE ION MODE","metabolite_name":"Sphingomyelin (D18:1\/24:1- D18:2\/24:0)","refmet_name":""},"531":{"study_id":"ST000452","analysis_id":"AN000708","analysis_summary":"GC POSITIVE ION MODE","metabolite_name":"Sphingomyelin (D18:2\/16:0- D18:1\/16:1)","refmet_name":""},"532":{"study_id":"ST000452","analysis_id":"AN000708","analysis_summary":"GC POSITIVE ION MODE","metabolite_name":"Sphingomyelin (D18:2\/23:0- D18:1\/23:1- D17:1\/24:1)","refmet_name":""},"533":{"study_id":"ST000452","analysis_id":"AN000708","analysis_summary":"GC POSITIVE ION MODE","metabolite_name":"Sphingomyelin (D18:2\/24:1- D18:1\/24:2)","refmet_name":""},"534":{"study_id":"ST000452","analysis_id":"AN000708","analysis_summary":"GC POSITIVE ION MODE","metabolite_name":"Sphingosine","refmet_name":"Sphingosine"},"535":{"study_id":"ST000452","analysis_id":"AN000708","analysis_summary":"GC POSITIVE ION MODE","metabolite_name":"Sphingosine 1-Phosphate","refmet_name":"Sphingosine 1-phosphate"},"536":{"study_id":"ST000452","analysis_id":"AN000708","analysis_summary":"GC POSITIVE ION MODE","metabolite_name":"Stachydrine","refmet_name":"Stachydrine"},"537":{"study_id":"ST000452","analysis_id":"AN000708","analysis_summary":"GC POSITIVE ION MODE","metabolite_name":"Stearate (18:0)","refmet_name":"Stearic acid"},"538":{"study_id":"ST000452","analysis_id":"AN000708","analysis_summary":"GC POSITIVE ION MODE","metabolite_name":"Stearidonate (18:4N3)","refmet_name":"Stearidonic acid"},"539":{"study_id":"ST000452","analysis_id":"AN000708","analysis_summary":"GC POSITIVE ION MODE","metabolite_name":"Stearoylcarnitine","refmet_name":"CAR 18:0"},"540":{"study_id":"ST000452","analysis_id":"AN000708","analysis_summary":"GC POSITIVE ION MODE","metabolite_name":"Stearoyl Sphingomyelin (D18:1\/18:0)","refmet_name":"SM 18:1;O2\/18:0"},"541":{"study_id":"ST000452","analysis_id":"AN000708","analysis_summary":"GC POSITIVE ION MODE","metabolite_name":"Suberate (Octanedioate)","refmet_name":"Suberic acid"},"542":{"study_id":"ST000452","analysis_id":"AN000708","analysis_summary":"GC POSITIVE ION MODE","metabolite_name":"Succinate","refmet_name":"Succinic acid"},"543":{"study_id":"ST000452","analysis_id":"AN000708","analysis_summary":"GC POSITIVE ION MODE","metabolite_name":"Succinylcarnitine","refmet_name":"CAR DC4:0"},"544":{"study_id":"ST000452","analysis_id":"AN000708","analysis_summary":"GC POSITIVE ION MODE","metabolite_name":"Sucrose","refmet_name":"Sucrose"},"545":{"study_id":"ST000452","analysis_id":"AN000708","analysis_summary":"GC POSITIVE ION MODE","metabolite_name":"Sulfate","refmet_name":""},"546":{"study_id":"ST000452","analysis_id":"AN000708","analysis_summary":"GC POSITIVE ION MODE","metabolite_name":"Tartronate (Hydroxymalonate)","refmet_name":"Hydroxypropanedioic acid"},"547":{"study_id":"ST000452","analysis_id":"AN000708","analysis_summary":"GC POSITIVE ION MODE","metabolite_name":"Taurine","refmet_name":"Taurine"},"548":{"study_id":"ST000452","analysis_id":"AN000708","analysis_summary":"GC POSITIVE ION MODE","metabolite_name":"Tauro-Beta-Muricholate","refmet_name":"Tauro-beta-muricholic acid"},"549":{"study_id":"ST000452","analysis_id":"AN000708","analysis_summary":"GC POSITIVE ION MODE","metabolite_name":"Taurochenodeoxycholate","refmet_name":"Taurochenodeoxycholic acid"},"550":{"study_id":"ST000452","analysis_id":"AN000708","analysis_summary":"GC POSITIVE ION MODE","metabolite_name":"Taurocholate","refmet_name":"Taurocholic acid"},"551":{"study_id":"ST000452","analysis_id":"AN000708","analysis_summary":"GC POSITIVE ION MODE","metabolite_name":"Taurodeoxycholate","refmet_name":"Taurodeoxycholic acid"},"552":{"study_id":"ST000452","analysis_id":"AN000708","analysis_summary":"GC POSITIVE ION MODE","metabolite_name":"Taurohyodeoxycholic Acid","refmet_name":"Taurohyodeoxycholic acid"},"553":{"study_id":"ST000452","analysis_id":"AN000708","analysis_summary":"GC POSITIVE ION MODE","metabolite_name":"Tauroursodeoxycholate","refmet_name":"Tauroursodeoxycholic acid"},"554":{"study_id":"ST000452","analysis_id":"AN000708","analysis_summary":"GC POSITIVE ION MODE","metabolite_name":"Tetradecanedioate","refmet_name":"Tetradecanedioic acid"},"555":{"study_id":"ST000452","analysis_id":"AN000708","analysis_summary":"GC POSITIVE ION MODE","metabolite_name":"Threonate","refmet_name":"Threonic acid"},"556":{"study_id":"ST000452","analysis_id":"AN000708","analysis_summary":"GC POSITIVE ION MODE","metabolite_name":"Threonine","refmet_name":"Threonine"},"557":{"study_id":"ST000452","analysis_id":"AN000708","analysis_summary":"GC POSITIVE ION MODE","metabolite_name":"Thymidine","refmet_name":"Thymidine"},"558":{"study_id":"ST000452","analysis_id":"AN000708","analysis_summary":"GC POSITIVE ION MODE","metabolite_name":"Thymine","refmet_name":"Thymine"},"559":{"study_id":"ST000452","analysis_id":"AN000708","analysis_summary":"GC POSITIVE ION MODE","metabolite_name":"Thyroxine","refmet_name":"Thyroxine"},"560":{"study_id":"ST000452","analysis_id":"AN000708","analysis_summary":"GC POSITIVE ION MODE","metabolite_name":"Tigloylglycine","refmet_name":"Tiglylglycine"},"561":{"study_id":"ST000452","analysis_id":"AN000708","analysis_summary":"GC POSITIVE ION MODE","metabolite_name":"Tiglylcarnitine","refmet_name":"CAR 4:1;2Me"},"562":{"study_id":"ST000452","analysis_id":"AN000708","analysis_summary":"GC POSITIVE ION MODE","metabolite_name":"Trans-4-Hydroxyproline","refmet_name":"trans-4-Hydroxyproline"},"563":{"study_id":"ST000452","analysis_id":"AN000708","analysis_summary":"GC POSITIVE ION MODE","metabolite_name":"Trans-Urocanate","refmet_name":"Urocanic acid"},"564":{"study_id":"ST000452","analysis_id":"AN000708","analysis_summary":"GC POSITIVE ION MODE","metabolite_name":"Tricarballylate","refmet_name":"1,2,3-Propanetricarboxylic acid"},"565":{"study_id":"ST000452","analysis_id":"AN000708","analysis_summary":"GC POSITIVE ION MODE","metabolite_name":"Trigonelline (N^-Methylnicotinate)","refmet_name":"Trigonelline"},"566":{"study_id":"ST000452","analysis_id":"AN000708","analysis_summary":"GC POSITIVE ION MODE","metabolite_name":"Trimethylamine N-Oxide","refmet_name":"Trimethylamine N-oxide"},"567":{"study_id":"ST000452","analysis_id":"AN000708","analysis_summary":"GC POSITIVE ION MODE","metabolite_name":"Tryptophan","refmet_name":"Tryptophan"},"568":{"study_id":"ST000452","analysis_id":"AN000708","analysis_summary":"GC POSITIVE ION MODE","metabolite_name":"Tyrosine","refmet_name":"Tyrosine"},"569":{"study_id":"ST000452","analysis_id":"AN000708","analysis_summary":"GC POSITIVE ION MODE","metabolite_name":"Undecanedioate","refmet_name":"Undecanedioic acid"},"570":{"study_id":"ST000452","analysis_id":"AN000708","analysis_summary":"GC POSITIVE ION MODE","metabolite_name":"Uracil","refmet_name":"Uracil"},"571":{"study_id":"ST000452","analysis_id":"AN000708","analysis_summary":"GC POSITIVE ION MODE","metabolite_name":"Urate","refmet_name":"Uric acid"},"572":{"study_id":"ST000452","analysis_id":"AN000708","analysis_summary":"GC POSITIVE ION MODE","metabolite_name":"Urea","refmet_name":"Urea"},"573":{"study_id":"ST000452","analysis_id":"AN000708","analysis_summary":"GC POSITIVE ION MODE","metabolite_name":"Uridine","refmet_name":"Uridine"},"574":{"study_id":"ST000452","analysis_id":"AN000708","analysis_summary":"GC POSITIVE ION MODE","metabolite_name":"Ursodeoxycholate","refmet_name":"Ursodeoxycholic acid"},"575":{"study_id":"ST000452","analysis_id":"AN000708","analysis_summary":"GC POSITIVE ION MODE","metabolite_name":"Valerylglycine","refmet_name":"Valerylglycine"},"576":{"study_id":"ST000452","analysis_id":"AN000708","analysis_summary":"GC POSITIVE ION MODE","metabolite_name":"Valine","refmet_name":"Valine"},"577":{"study_id":"ST000452","analysis_id":"AN000708","analysis_summary":"GC POSITIVE ION MODE","metabolite_name":"Valylleucine","refmet_name":"Val-Leu"},"578":{"study_id":"ST000452","analysis_id":"AN000708","analysis_summary":"GC POSITIVE ION MODE","metabolite_name":"Xanthine","refmet_name":"Xanthine"},"579":{"study_id":"ST000452","analysis_id":"AN000708","analysis_summary":"GC POSITIVE ION MODE","metabolite_name":"Xanthosine","refmet_name":"Xanthosine"},"580":{"study_id":"ST000452","analysis_id":"AN000708","analysis_summary":"GC POSITIVE ION MODE","metabolite_name":"Xanthurenate","refmet_name":"Xanthurenic acid"},"581":{"study_id":"ST000452","analysis_id":"AN000708","analysis_summary":"GC POSITIVE ION MODE","metabolite_name":"Xylose","refmet_name":"Xylose"}}