{"1":{"study_id":"ST000329","analysis_id":"AN000525","analysis_summary":"Reversed phase POSITIVE ION MODE","metabolite_name":"Acylcarnitine C10:0","refmet_name":"CAR 10:0"},"2":{"study_id":"ST000329","analysis_id":"AN000525","analysis_summary":"Reversed phase POSITIVE ION MODE","metabolite_name":"Acylcarnitine C12:0","refmet_name":"CAR 12:0"},"3":{"study_id":"ST000329","analysis_id":"AN000525","analysis_summary":"Reversed phase POSITIVE ION MODE","metabolite_name":"Acylcarnitine C16:0","refmet_name":"CAR 16:0"},"4":{"study_id":"ST000329","analysis_id":"AN000525","analysis_summary":"Reversed phase POSITIVE ION MODE","metabolite_name":"Acylcarnitine C18:0","refmet_name":"CAR 18:0"},"5":{"study_id":"ST000329","analysis_id":"AN000525","analysis_summary":"Reversed phase POSITIVE ION MODE","metabolite_name":"Acylcarnitine C18:1","refmet_name":"CAR 18:1"},"6":{"study_id":"ST000329","analysis_id":"AN000525","analysis_summary":"Reversed phase POSITIVE ION MODE","metabolite_name":"Acylcarnitine C18:2","refmet_name":"CAR 18:2"},"7":{"study_id":"ST000329","analysis_id":"AN000525","analysis_summary":"Reversed phase POSITIVE ION MODE","metabolite_name":"CE (18:1)","refmet_name":"CE 18:1"},"8":{"study_id":"ST000329","analysis_id":"AN000525","analysis_summary":"Reversed phase POSITIVE ION MODE","metabolite_name":"CE (18:2)","refmet_name":"CE 18:2"},"9":{"study_id":"ST000329","analysis_id":"AN000525","analysis_summary":"Reversed phase POSITIVE ION MODE","metabolite_name":"CE (20:4)","refmet_name":"CE 20:4"},"10":{"study_id":"ST000329","analysis_id":"AN000525","analysis_summary":"Reversed phase POSITIVE ION MODE","metabolite_name":"CE (22:6)","refmet_name":"CE 22:6"},"11":{"study_id":"ST000329","analysis_id":"AN000525","analysis_summary":"Reversed phase POSITIVE ION MODE","metabolite_name":"Ceramide (d18:1\/23:0)","refmet_name":"Cer 18:1;O2\/23:0"},"12":{"study_id":"ST000329","analysis_id":"AN000525","analysis_summary":"Reversed phase POSITIVE ION MODE","metabolite_name":"Ceramide (d40:1)","refmet_name":"Cer 40:1;O2"},"13":{"study_id":"ST000329","analysis_id":"AN000525","analysis_summary":"Reversed phase POSITIVE ION MODE","metabolite_name":"Ceramide (d42:1)","refmet_name":"Cer 42:1;O2"},"14":{"study_id":"ST000329","analysis_id":"AN000525","analysis_summary":"Reversed phase POSITIVE ION MODE","metabolite_name":"Ceramide (d42:2)","refmet_name":"Cer 42:2;O2"},"15":{"study_id":"ST000329","analysis_id":"AN000525","analysis_summary":"Reversed phase POSITIVE ION MODE","metabolite_name":"Cholesterol","refmet_name":"Cholesterol"},"16":{"study_id":"ST000329","analysis_id":"AN000525","analysis_summary":"Reversed phase POSITIVE ION MODE","metabolite_name":"DG (34:1)","refmet_name":"DG 34:1"},"17":{"study_id":"ST000329","analysis_id":"AN000525","analysis_summary":"Reversed phase POSITIVE ION MODE","metabolite_name":"DG (34:2)","refmet_name":"DG 34:2"},"18":{"study_id":"ST000329","analysis_id":"AN000525","analysis_summary":"Reversed phase POSITIVE ION MODE","metabolite_name":"DG (36:2) A","refmet_name":"DG 36:2"},"19":{"study_id":"ST000329","analysis_id":"AN000525","analysis_summary":"Reversed phase POSITIVE ION MODE","metabolite_name":"DG (36:2) B","refmet_name":"DG 36:2"},"20":{"study_id":"ST000329","analysis_id":"AN000525","analysis_summary":"Reversed phase POSITIVE ION MODE","metabolite_name":"DG (36:2) C","refmet_name":"DG 36:2"},"21":{"study_id":"ST000329","analysis_id":"AN000525","analysis_summary":"Reversed phase POSITIVE ION MODE","metabolite_name":"DG (36:3) A","refmet_name":"DG 36:3"},"22":{"study_id":"ST000329","analysis_id":"AN000525","analysis_summary":"Reversed phase POSITIVE ION MODE","metabolite_name":"DG (36:3) B","refmet_name":"DG 36:3"},"23":{"study_id":"ST000329","analysis_id":"AN000525","analysis_summary":"Reversed phase POSITIVE ION MODE","metabolite_name":"DG (36:3) C","refmet_name":"DG 36:3"},"24":{"study_id":"ST000329","analysis_id":"AN000525","analysis_summary":"Reversed phase POSITIVE ION MODE","metabolite_name":"DG (38:5) A","refmet_name":"DG 38:5"},"25":{"study_id":"ST000329","analysis_id":"AN000525","analysis_summary":"Reversed phase POSITIVE ION MODE","metabolite_name":"DG (38:5) B","refmet_name":"DG 38:5"},"26":{"study_id":"ST000329","analysis_id":"AN000525","analysis_summary":"Reversed phase POSITIVE ION MODE","metabolite_name":"DG (38:5) C","refmet_name":"DG 38:5"},"27":{"study_id":"ST000329","analysis_id":"AN000525","analysis_summary":"Reversed phase POSITIVE ION MODE","metabolite_name":"Gal-Gal-Cer(d18:1\/16:0) or Lactosylceramide(d18:1\/16:0)","refmet_name":"LacCer 18:1;O2\/16:0"},"28":{"study_id":"ST000329","analysis_id":"AN000525","analysis_summary":"Reversed phase POSITIVE ION MODE","metabolite_name":"GlcCer (d40:1)","refmet_name":"GlcCer 40:1;O2"},"29":{"study_id":"ST000329","analysis_id":"AN000525","analysis_summary":"Reversed phase POSITIVE ION MODE","metabolite_name":"GlcCer (d42:1)","refmet_name":"GlcCer 42:1;O2"},"30":{"study_id":"ST000329","analysis_id":"AN000525","analysis_summary":"Reversed phase POSITIVE ION MODE","metabolite_name":"GlcCer (d42:2)","refmet_name":"GlcCer 42:2;O2"},"31":{"study_id":"ST000329","analysis_id":"AN000525","analysis_summary":"Reversed phase POSITIVE ION MODE","metabolite_name":"Lactosylceramide (d18:1\/24:1(15Z))","refmet_name":"LacCer 18:1;O2\/24:1"},"32":{"study_id":"ST000329","analysis_id":"AN000525","analysis_summary":"Reversed phase POSITIVE ION MODE","metabolite_name":"LPC (14:0)","refmet_name":"LPC 14:0"},"33":{"study_id":"ST000329","analysis_id":"AN000525","analysis_summary":"Reversed phase POSITIVE ION MODE","metabolite_name":"LPC (16:0)","refmet_name":"LPC 16:0"},"34":{"study_id":"ST000329","analysis_id":"AN000525","analysis_summary":"Reversed phase POSITIVE ION MODE","metabolite_name":"LPC (18:0)","refmet_name":"LPC 18:0"},"35":{"study_id":"ST000329","analysis_id":"AN000525","analysis_summary":"Reversed phase POSITIVE ION MODE","metabolite_name":"LPC (18:1)","refmet_name":"LPC 18:1"},"36":{"study_id":"ST000329","analysis_id":"AN000525","analysis_summary":"Reversed phase POSITIVE ION MODE","metabolite_name":"LPC (18:2)","refmet_name":"LPC 18:2"},"37":{"study_id":"ST000329","analysis_id":"AN000525","analysis_summary":"Reversed phase POSITIVE ION MODE","metabolite_name":"LPC (20:4)","refmet_name":"LPC 20:4"},"38":{"study_id":"ST000329","analysis_id":"AN000525","analysis_summary":"Reversed phase POSITIVE ION MODE","metabolite_name":"LPC (o-16:0)","refmet_name":"LPC O-16:0"},"39":{"study_id":"ST000329","analysis_id":"AN000525","analysis_summary":"Reversed phase POSITIVE ION MODE","metabolite_name":"PC (30:0)","refmet_name":"PC 30:0"},"40":{"study_id":"ST000329","analysis_id":"AN000525","analysis_summary":"Reversed phase POSITIVE ION MODE","metabolite_name":"PC (32:0)","refmet_name":"PC 32:0"},"41":{"study_id":"ST000329","analysis_id":"AN000525","analysis_summary":"Reversed phase POSITIVE ION MODE","metabolite_name":"PC (32:1)","refmet_name":"PC 32:1"},"42":{"study_id":"ST000329","analysis_id":"AN000525","analysis_summary":"Reversed phase POSITIVE ION MODE","metabolite_name":"PC (32:2)","refmet_name":"PC 32:2"},"43":{"study_id":"ST000329","analysis_id":"AN000525","analysis_summary":"Reversed phase POSITIVE ION MODE","metabolite_name":"PC (32:3)","refmet_name":"PC 32:3"},"44":{"study_id":"ST000329","analysis_id":"AN000525","analysis_summary":"Reversed phase POSITIVE ION MODE","metabolite_name":"PC (33:1)","refmet_name":"PC 33:1"},"45":{"study_id":"ST000329","analysis_id":"AN000525","analysis_summary":"Reversed phase POSITIVE ION MODE","metabolite_name":"PC (33:2)","refmet_name":"PC 33:2"},"46":{"study_id":"ST000329","analysis_id":"AN000525","analysis_summary":"Reversed phase POSITIVE ION MODE","metabolite_name":"PC (34:0)","refmet_name":"PC 34:0"},"47":{"study_id":"ST000329","analysis_id":"AN000525","analysis_summary":"Reversed phase POSITIVE ION MODE","metabolite_name":"PC (34:1)","refmet_name":"PC 34:1"},"48":{"study_id":"ST000329","analysis_id":"AN000525","analysis_summary":"Reversed phase POSITIVE ION MODE","metabolite_name":"PC (34:2)","refmet_name":"PC 34:2"},"49":{"study_id":"ST000329","analysis_id":"AN000525","analysis_summary":"Reversed phase POSITIVE ION MODE","metabolite_name":"PC (34:3)","refmet_name":"PC 34:3"},"50":{"study_id":"ST000329","analysis_id":"AN000525","analysis_summary":"Reversed phase POSITIVE ION MODE","metabolite_name":"PC (35:1)","refmet_name":"PC 35:1"},"51":{"study_id":"ST000329","analysis_id":"AN000525","analysis_summary":"Reversed phase POSITIVE ION MODE","metabolite_name":"PC (35:2)","refmet_name":"PC 35:2"},"52":{"study_id":"ST000329","analysis_id":"AN000525","analysis_summary":"Reversed phase POSITIVE ION MODE","metabolite_name":"PC (35:3)","refmet_name":"PC 35:3"},"53":{"study_id":"ST000329","analysis_id":"AN000525","analysis_summary":"Reversed phase POSITIVE ION MODE","metabolite_name":"PC (36:1)","refmet_name":"PC 36:1"},"54":{"study_id":"ST000329","analysis_id":"AN000525","analysis_summary":"Reversed phase POSITIVE ION MODE","metabolite_name":"PC (36:2)","refmet_name":"PC 36:2"},"55":{"study_id":"ST000329","analysis_id":"AN000525","analysis_summary":"Reversed phase POSITIVE ION MODE","metabolite_name":"PC (36:3) A","refmet_name":"PC 36:3"},"56":{"study_id":"ST000329","analysis_id":"AN000525","analysis_summary":"Reversed phase POSITIVE ION MODE","metabolite_name":"PC (36:3) B","refmet_name":"PC 36:3"},"57":{"study_id":"ST000329","analysis_id":"AN000525","analysis_summary":"Reversed phase POSITIVE ION MODE","metabolite_name":"PC (36:4) A","refmet_name":"PC 36:4"},"58":{"study_id":"ST000329","analysis_id":"AN000525","analysis_summary":"Reversed phase POSITIVE ION MODE","metabolite_name":"PC (36:4) B","refmet_name":"PC 36:4"},"59":{"study_id":"ST000329","analysis_id":"AN000525","analysis_summary":"Reversed phase POSITIVE ION MODE","metabolite_name":"PC (36:4) C","refmet_name":"PC 36:4"},"60":{"study_id":"ST000329","analysis_id":"AN000525","analysis_summary":"Reversed phase POSITIVE ION MODE","metabolite_name":"PC (36:5) A","refmet_name":"PC 36:5"},"61":{"study_id":"ST000329","analysis_id":"AN000525","analysis_summary":"Reversed phase POSITIVE ION MODE","metabolite_name":"PC (36:5) B","refmet_name":"PC 36:5"},"62":{"study_id":"ST000329","analysis_id":"AN000525","analysis_summary":"Reversed phase POSITIVE ION MODE","metabolite_name":"PC (37:2)","refmet_name":"PC 37:2"},"63":{"study_id":"ST000329","analysis_id":"AN000525","analysis_summary":"Reversed phase POSITIVE ION MODE","metabolite_name":"PC (37:4)","refmet_name":"PC 37:4"},"64":{"study_id":"ST000329","analysis_id":"AN000525","analysis_summary":"Reversed phase POSITIVE ION MODE","metabolite_name":"PC (38:2)","refmet_name":"PC 38:2"},"65":{"study_id":"ST000329","analysis_id":"AN000525","analysis_summary":"Reversed phase POSITIVE ION MODE","metabolite_name":"PC (38:3)","refmet_name":"PC 38:3"},"66":{"study_id":"ST000329","analysis_id":"AN000525","analysis_summary":"Reversed phase POSITIVE ION MODE","metabolite_name":"PC (38:4) A","refmet_name":"PC 38:4"},"67":{"study_id":"ST000329","analysis_id":"AN000525","analysis_summary":"Reversed phase POSITIVE ION MODE","metabolite_name":"PC (38:4) B","refmet_name":"PC 38:4"},"68":{"study_id":"ST000329","analysis_id":"AN000525","analysis_summary":"Reversed phase POSITIVE ION MODE","metabolite_name":"PC (38:5) A","refmet_name":"PC 38:5"},"69":{"study_id":"ST000329","analysis_id":"AN000525","analysis_summary":"Reversed phase POSITIVE ION MODE","metabolite_name":"PC (38:5) B","refmet_name":"PC 38:5"},"70":{"study_id":"ST000329","analysis_id":"AN000525","analysis_summary":"Reversed phase POSITIVE ION MODE","metabolite_name":"PC (38:6) A","refmet_name":"PC 38:6"},"71":{"study_id":"ST000329","analysis_id":"AN000525","analysis_summary":"Reversed phase POSITIVE ION MODE","metabolite_name":"PC (40:4)","refmet_name":"PC 40:4"},"72":{"study_id":"ST000329","analysis_id":"AN000525","analysis_summary":"Reversed phase POSITIVE ION MODE","metabolite_name":"PC (40:5) A","refmet_name":"PC 40:5"},"73":{"study_id":"ST000329","analysis_id":"AN000525","analysis_summary":"Reversed phase POSITIVE ION MODE","metabolite_name":"PC (40:5) B","refmet_name":"PC 40:5"},"74":{"study_id":"ST000329","analysis_id":"AN000525","analysis_summary":"Reversed phase POSITIVE ION MODE","metabolite_name":"PC (40:6) A","refmet_name":"PC 40:6"},"75":{"study_id":"ST000329","analysis_id":"AN000525","analysis_summary":"Reversed phase POSITIVE ION MODE","metabolite_name":"PC (40:6) B","refmet_name":"PC 40:6"},"76":{"study_id":"ST000329","analysis_id":"AN000525","analysis_summary":"Reversed phase POSITIVE ION MODE","metabolite_name":"PC (40:7)","refmet_name":"PC 40:7"},"77":{"study_id":"ST000329","analysis_id":"AN000525","analysis_summary":"Reversed phase POSITIVE ION MODE","metabolite_name":"PC (40:8)","refmet_name":"PC 40:8"},"78":{"study_id":"ST000329","analysis_id":"AN000525","analysis_summary":"Reversed phase POSITIVE ION MODE","metabolite_name":"PC (o-32:0)","refmet_name":"PC O-32:0"},"79":{"study_id":"ST000329","analysis_id":"AN000525","analysis_summary":"Reversed phase POSITIVE ION MODE","metabolite_name":"PC (p-32:0) or PC (o-32:1)","refmet_name":"PC P-32:0 or PC O-32:1"},"80":{"study_id":"ST000329","analysis_id":"AN000525","analysis_summary":"Reversed phase POSITIVE ION MODE","metabolite_name":"PC (p-34:0) or PC (o-34:1)","refmet_name":"PC P-34:0 or PC O-34:1"},"81":{"study_id":"ST000329","analysis_id":"AN000525","analysis_summary":"Reversed phase POSITIVE ION MODE","metabolite_name":"PC (p-34:1) or PC (o-34:2) A","refmet_name":"PC P-34:1 or PC O-34:2"},"82":{"study_id":"ST000329","analysis_id":"AN000525","analysis_summary":"Reversed phase POSITIVE ION MODE","metabolite_name":"PC (p-34:2) or PC (o-34:3)","refmet_name":"PC P-34:2 or PC O-34:3"},"83":{"study_id":"ST000329","analysis_id":"AN000525","analysis_summary":"Reversed phase POSITIVE ION MODE","metabolite_name":"PC (p-36:1) or PC (o-36:2)","refmet_name":"PC P-36:1 or PC O-36:2"},"84":{"study_id":"ST000329","analysis_id":"AN000525","analysis_summary":"Reversed phase POSITIVE ION MODE","metabolite_name":"PC (p-36:2) or PC (o-36:3)","refmet_name":"PC P-36:2 or PC O-36:3"},"85":{"study_id":"ST000329","analysis_id":"AN000525","analysis_summary":"Reversed phase POSITIVE ION MODE","metabolite_name":"PC (p-36:3) or PC (o-36:4)","refmet_name":"PC P-36:3 or PC O-36:4"},"86":{"study_id":"ST000329","analysis_id":"AN000525","analysis_summary":"Reversed phase POSITIVE ION MODE","metabolite_name":"PC (p-36:4) or PC (o-36:5)","refmet_name":"PC P-36:4 or PC O-36:5"},"87":{"study_id":"ST000329","analysis_id":"AN000525","analysis_summary":"Reversed phase POSITIVE ION MODE","metabolite_name":"PC (p-38:3) or PC (o-38:4)","refmet_name":"PC P-38:3 or PC O-38:4"},"88":{"study_id":"ST000329","analysis_id":"AN000525","analysis_summary":"Reversed phase POSITIVE ION MODE","metabolite_name":"PC (p-38:4) or PC (o-38:5) A","refmet_name":"PC P-38:4 or PC O-38:5"},"89":{"study_id":"ST000329","analysis_id":"AN000525","analysis_summary":"Reversed phase POSITIVE ION MODE","metabolite_name":"PC (p-38:4) or PC (o-38:5) B","refmet_name":"PC P-38:4 or PC O-38:5"},"90":{"study_id":"ST000329","analysis_id":"AN000525","analysis_summary":"Reversed phase POSITIVE ION MODE","metabolite_name":"PC (p-38:5) or PC (o-38:6)","refmet_name":"PC P-38:5 or PC O-38:6"},"91":{"study_id":"ST000329","analysis_id":"AN000525","analysis_summary":"Reversed phase POSITIVE ION MODE","metabolite_name":"PC (p-40:1) or PC (o-40:2)","refmet_name":"PC P-40:1 or PC O-40:2"},"92":{"study_id":"ST000329","analysis_id":"AN000525","analysis_summary":"Reversed phase POSITIVE ION MODE","metabolite_name":"PC (p-40:3) or PC (o-40:4)","refmet_name":"PC P-40:3 or PC O-40:4"},"93":{"study_id":"ST000329","analysis_id":"AN000525","analysis_summary":"Reversed phase POSITIVE ION MODE","metabolite_name":"PC (p-40:4) or PC (o-40:5)","refmet_name":"PC P-40:4 or PC O-40:5"},"94":{"study_id":"ST000329","analysis_id":"AN000525","analysis_summary":"Reversed phase POSITIVE ION MODE","metabolite_name":"PC (p-40:6) or PC (o-40:7) A","refmet_name":"PC P-40:6 or PC O-40:7"},"95":{"study_id":"ST000329","analysis_id":"AN000525","analysis_summary":"Reversed phase POSITIVE ION MODE","metabolite_name":"PC (p-42:3) or PC (o-42:4)","refmet_name":"PC P-42:3 or PC O-42:4"},"96":{"study_id":"ST000329","analysis_id":"AN000525","analysis_summary":"Reversed phase POSITIVE ION MODE","metabolite_name":"PC (p-42:4) or PC (o-42:5)","refmet_name":"PC P-42:4 or PC O-42:5"},"97":{"study_id":"ST000329","analysis_id":"AN000525","analysis_summary":"Reversed phase POSITIVE ION MODE","metabolite_name":"PC (p-44:4) or PC (o-44:5)","refmet_name":"PC P-44:4 or PC O-44:5"},"98":{"study_id":"ST000329","analysis_id":"AN000525","analysis_summary":"Reversed phase POSITIVE ION MODE","metabolite_name":"PE (34:2)","refmet_name":"PE 34:2"},"99":{"study_id":"ST000329","analysis_id":"AN000525","analysis_summary":"Reversed phase POSITIVE ION MODE","metabolite_name":"PE (36:1)","refmet_name":"PE 36:1"},"100":{"study_id":"ST000329","analysis_id":"AN000525","analysis_summary":"Reversed phase POSITIVE ION MODE","metabolite_name":"PE (38:4)","refmet_name":"PE 38:4"},"101":{"study_id":"ST000329","analysis_id":"AN000525","analysis_summary":"Reversed phase POSITIVE ION MODE","metabolite_name":"PE (38:6)","refmet_name":"PE 38:6"},"102":{"study_id":"ST000329","analysis_id":"AN000525","analysis_summary":"Reversed phase POSITIVE ION MODE","metabolite_name":"PE (38:7)","refmet_name":"PE 38:7"},"103":{"study_id":"ST000329","analysis_id":"AN000525","analysis_summary":"Reversed phase POSITIVE ION MODE","metabolite_name":"PE (40:7)","refmet_name":"PE 40:7"},"104":{"study_id":"ST000329","analysis_id":"AN000525","analysis_summary":"Reversed phase POSITIVE ION MODE","metabolite_name":"PE (p-36:2) or PE (o-36:3)","refmet_name":"PE P-36:2 or PE O-36:3"},"105":{"study_id":"ST000329","analysis_id":"AN000525","analysis_summary":"Reversed phase POSITIVE ION MODE","metabolite_name":"PE (p-36:4) or PE (o-36:5)","refmet_name":"PE P-36:4 or PE O-36:5"},"106":{"study_id":"ST000329","analysis_id":"AN000525","analysis_summary":"Reversed phase POSITIVE ION MODE","metabolite_name":"PE (p-38:4) or PE (o-38:5)","refmet_name":"PE P-38:4 or PE O-38:5"},"107":{"study_id":"ST000329","analysis_id":"AN000525","analysis_summary":"Reversed phase POSITIVE ION MODE","metabolite_name":"PE (p-38:5) or PE (o-38:6)","refmet_name":"PE P-38:5 or PE O-38:6"},"108":{"study_id":"ST000329","analysis_id":"AN000525","analysis_summary":"Reversed phase POSITIVE ION MODE","metabolite_name":"SM (d32:0)","refmet_name":"SM 32:0;O2"},"109":{"study_id":"ST000329","analysis_id":"AN000525","analysis_summary":"Reversed phase POSITIVE ION MODE","metabolite_name":"SM (d32:1)","refmet_name":"SM 32:1;O2"},"110":{"study_id":"ST000329","analysis_id":"AN000525","analysis_summary":"Reversed phase POSITIVE ION MODE","metabolite_name":"SM (d32:2)","refmet_name":"SM 32:2;O2"},"111":{"study_id":"ST000329","analysis_id":"AN000525","analysis_summary":"Reversed phase POSITIVE ION MODE","metabolite_name":"SM (d33:1)","refmet_name":"SM 33:1;O2"},"112":{"study_id":"ST000329","analysis_id":"AN000525","analysis_summary":"Reversed phase POSITIVE ION MODE","metabolite_name":"SM (d34:0)","refmet_name":"SM 34:0;O2"},"113":{"study_id":"ST000329","analysis_id":"AN000525","analysis_summary":"Reversed phase POSITIVE ION MODE","metabolite_name":"SM (d34:1)","refmet_name":"SM 34:1;O2"},"114":{"study_id":"ST000329","analysis_id":"AN000525","analysis_summary":"Reversed phase POSITIVE ION MODE","metabolite_name":"SM (d34:2)","refmet_name":"SM 34:2;O2"},"115":{"study_id":"ST000329","analysis_id":"AN000525","analysis_summary":"Reversed phase POSITIVE ION MODE","metabolite_name":"SM (d36:0)","refmet_name":"SM 36:0;O2"},"116":{"study_id":"ST000329","analysis_id":"AN000525","analysis_summary":"Reversed phase POSITIVE ION MODE","metabolite_name":"SM (d36:1)","refmet_name":"SM 36:1;O2"},"117":{"study_id":"ST000329","analysis_id":"AN000525","analysis_summary":"Reversed phase POSITIVE ION MODE","metabolite_name":"SM (d36:2)","refmet_name":"SM 36:2;O2"},"118":{"study_id":"ST000329","analysis_id":"AN000525","analysis_summary":"Reversed phase POSITIVE ION MODE","metabolite_name":"SM (d37:1)","refmet_name":"SM 37:1;O2"},"119":{"study_id":"ST000329","analysis_id":"AN000525","analysis_summary":"Reversed phase POSITIVE ION MODE","metabolite_name":"SM (d38:0)","refmet_name":"SM 38:0;O2"},"120":{"study_id":"ST000329","analysis_id":"AN000525","analysis_summary":"Reversed phase POSITIVE ION MODE","metabolite_name":"SM (d38:1)","refmet_name":"SM 38:1;O2"},"121":{"study_id":"ST000329","analysis_id":"AN000525","analysis_summary":"Reversed phase POSITIVE ION MODE","metabolite_name":"SM (d38:2)","refmet_name":"SM 38:2;O2"},"122":{"study_id":"ST000329","analysis_id":"AN000525","analysis_summary":"Reversed phase POSITIVE ION MODE","metabolite_name":"SM (d39:1)","refmet_name":"SM 39:1;O2"},"123":{"study_id":"ST000329","analysis_id":"AN000525","analysis_summary":"Reversed phase POSITIVE ION MODE","metabolite_name":"SM (d39:2)","refmet_name":"SM 39:2;O2"},"124":{"study_id":"ST000329","analysis_id":"AN000525","analysis_summary":"Reversed phase POSITIVE ION MODE","metabolite_name":"SM (d40:0)","refmet_name":"SM 40:0;O2"},"125":{"study_id":"ST000329","analysis_id":"AN000525","analysis_summary":"Reversed phase POSITIVE ION MODE","metabolite_name":"SM (d40:1)","refmet_name":"SM 40:1;O2"},"126":{"study_id":"ST000329","analysis_id":"AN000525","analysis_summary":"Reversed phase POSITIVE ION MODE","metabolite_name":"SM (d40:2) A","refmet_name":"SM 40:2;O2"},"127":{"study_id":"ST000329","analysis_id":"AN000525","analysis_summary":"Reversed phase POSITIVE ION MODE","metabolite_name":"SM (d40:2) B","refmet_name":"SM 40:2;O2"},"128":{"study_id":"ST000329","analysis_id":"AN000525","analysis_summary":"Reversed phase POSITIVE ION MODE","metabolite_name":"SM (d41:1)","refmet_name":"SM 41:1;O2"},"129":{"study_id":"ST000329","analysis_id":"AN000525","analysis_summary":"Reversed phase POSITIVE ION MODE","metabolite_name":"SM (d41:2)","refmet_name":"SM 41:2;O2"},"130":{"study_id":"ST000329","analysis_id":"AN000525","analysis_summary":"Reversed phase POSITIVE ION MODE","metabolite_name":"SM (d42:0)","refmet_name":"SM 42:0;O2"},"131":{"study_id":"ST000329","analysis_id":"AN000525","analysis_summary":"Reversed phase POSITIVE ION MODE","metabolite_name":"SM (d42:1)","refmet_name":"SM 42:1;O2"},"132":{"study_id":"ST000329","analysis_id":"AN000525","analysis_summary":"Reversed phase POSITIVE ION MODE","metabolite_name":"SM (d42:2) A","refmet_name":"SM 42:2;O2"},"133":{"study_id":"ST000329","analysis_id":"AN000525","analysis_summary":"Reversed phase POSITIVE ION MODE","metabolite_name":"SM (d42:2) B","refmet_name":"SM 42:2;O2"},"134":{"study_id":"ST000329","analysis_id":"AN000525","analysis_summary":"Reversed phase POSITIVE ION MODE","metabolite_name":"SM (d42:3)","refmet_name":"SM 42:3;O2"},"135":{"study_id":"ST000329","analysis_id":"AN000525","analysis_summary":"Reversed phase POSITIVE ION MODE","metabolite_name":"SM (d43:1)","refmet_name":"SM 43:1;O2"},"136":{"study_id":"ST000329","analysis_id":"AN000525","analysis_summary":"Reversed phase POSITIVE ION MODE","metabolite_name":"SM (d43:2) A","refmet_name":"SM 43:2;O2"},"137":{"study_id":"ST000329","analysis_id":"AN000525","analysis_summary":"Reversed phase POSITIVE ION MODE","metabolite_name":"SM (d43:2) B","refmet_name":"SM 43:2;O2"},"138":{"study_id":"ST000329","analysis_id":"AN000525","analysis_summary":"Reversed phase POSITIVE ION MODE","metabolite_name":"SM (d44:2)","refmet_name":"SM 44:2;O2"},"139":{"study_id":"ST000329","analysis_id":"AN000525","analysis_summary":"Reversed phase POSITIVE ION MODE","metabolite_name":"TG (14:0\/14:0\/14:0)","refmet_name":"TG 14:0\/14:0\/14:0"},"140":{"study_id":"ST000329","analysis_id":"AN000525","analysis_summary":"Reversed phase POSITIVE ION MODE","metabolite_name":"TG (42:1)","refmet_name":"TG 42:1"},"141":{"study_id":"ST000329","analysis_id":"AN000525","analysis_summary":"Reversed phase POSITIVE ION MODE","metabolite_name":"TG (44:1)","refmet_name":"TG 44:1"},"142":{"study_id":"ST000329","analysis_id":"AN000525","analysis_summary":"Reversed phase POSITIVE ION MODE","metabolite_name":"TG (46:0)","refmet_name":"TG 46:0"},"143":{"study_id":"ST000329","analysis_id":"AN000525","analysis_summary":"Reversed phase POSITIVE ION MODE","metabolite_name":"TG (46:1)","refmet_name":"TG 46:1"},"144":{"study_id":"ST000329","analysis_id":"AN000525","analysis_summary":"Reversed phase POSITIVE ION MODE","metabolite_name":"TG (46:2)","refmet_name":"TG 46:2"},"145":{"study_id":"ST000329","analysis_id":"AN000525","analysis_summary":"Reversed phase POSITIVE ION MODE","metabolite_name":"TG (48:0)","refmet_name":"TG 48:0"},"146":{"study_id":"ST000329","analysis_id":"AN000525","analysis_summary":"Reversed phase POSITIVE ION MODE","metabolite_name":"TG (48:1)","refmet_name":"TG 48:1"},"147":{"study_id":"ST000329","analysis_id":"AN000525","analysis_summary":"Reversed phase POSITIVE ION MODE","metabolite_name":"TG (48:2)","refmet_name":"TG 48:2"},"148":{"study_id":"ST000329","analysis_id":"AN000525","analysis_summary":"Reversed phase POSITIVE ION MODE","metabolite_name":"TG (49:0)","refmet_name":"TG 49:0"},"149":{"study_id":"ST000329","analysis_id":"AN000525","analysis_summary":"Reversed phase POSITIVE ION MODE","metabolite_name":"TG (49:1)","refmet_name":"TG 49:1"},"150":{"study_id":"ST000329","analysis_id":"AN000525","analysis_summary":"Reversed phase POSITIVE ION MODE","metabolite_name":"TG (49:2)","refmet_name":"TG 49:2"},"151":{"study_id":"ST000329","analysis_id":"AN000525","analysis_summary":"Reversed phase POSITIVE ION MODE","metabolite_name":"TG (50:0)","refmet_name":"TG 50:0"},"152":{"study_id":"ST000329","analysis_id":"AN000525","analysis_summary":"Reversed phase POSITIVE ION MODE","metabolite_name":"TG (50:1)","refmet_name":"TG 50:1"},"153":{"study_id":"ST000329","analysis_id":"AN000525","analysis_summary":"Reversed phase POSITIVE ION MODE","metabolite_name":"TG (50:2)","refmet_name":"TG 50:2"},"154":{"study_id":"ST000329","analysis_id":"AN000525","analysis_summary":"Reversed phase POSITIVE ION MODE","metabolite_name":"TG (50:3)","refmet_name":"TG 50:3"},"155":{"study_id":"ST000329","analysis_id":"AN000525","analysis_summary":"Reversed phase POSITIVE ION MODE","metabolite_name":"TG (51:1)","refmet_name":"TG 51:1"},"156":{"study_id":"ST000329","analysis_id":"AN000525","analysis_summary":"Reversed phase POSITIVE ION MODE","metabolite_name":"TG (51:2)","refmet_name":"TG 51:2"},"157":{"study_id":"ST000329","analysis_id":"AN000525","analysis_summary":"Reversed phase POSITIVE ION MODE","metabolite_name":"TG (52:0)","refmet_name":"TG 52:0"},"158":{"study_id":"ST000329","analysis_id":"AN000525","analysis_summary":"Reversed phase POSITIVE ION MODE","metabolite_name":"TG (52:1)","refmet_name":"TG 52:1"},"159":{"study_id":"ST000329","analysis_id":"AN000525","analysis_summary":"Reversed phase POSITIVE ION MODE","metabolite_name":"TG (52:2)","refmet_name":"TG 52:2"},"160":{"study_id":"ST000329","analysis_id":"AN000525","analysis_summary":"Reversed phase POSITIVE ION MODE","metabolite_name":"TG (52:3)","refmet_name":"TG 52:3"},"161":{"study_id":"ST000329","analysis_id":"AN000525","analysis_summary":"Reversed phase POSITIVE ION MODE","metabolite_name":"TG (52:4)","refmet_name":"TG 52:4"},"162":{"study_id":"ST000329","analysis_id":"AN000525","analysis_summary":"Reversed phase POSITIVE ION MODE","metabolite_name":"TG (52:5)","refmet_name":"TG 52:5"},"163":{"study_id":"ST000329","analysis_id":"AN000525","analysis_summary":"Reversed phase POSITIVE ION MODE","metabolite_name":"TG (53:1)","refmet_name":"TG 53:1"},"164":{"study_id":"ST000329","analysis_id":"AN000525","analysis_summary":"Reversed phase POSITIVE ION MODE","metabolite_name":"TG (53:3)","refmet_name":"TG 53:3"},"165":{"study_id":"ST000329","analysis_id":"AN000525","analysis_summary":"Reversed phase POSITIVE ION MODE","metabolite_name":"TG (54:1)","refmet_name":"TG 54:1"},"166":{"study_id":"ST000329","analysis_id":"AN000525","analysis_summary":"Reversed phase POSITIVE ION MODE","metabolite_name":"TG (54:2)","refmet_name":"TG 54:2"},"167":{"study_id":"ST000329","analysis_id":"AN000525","analysis_summary":"Reversed phase POSITIVE ION MODE","metabolite_name":"TG (54:3)","refmet_name":"TG 54:3"},"168":{"study_id":"ST000329","analysis_id":"AN000525","analysis_summary":"Reversed phase POSITIVE ION MODE","metabolite_name":"TG (54:4)","refmet_name":"TG 54:4"},"169":{"study_id":"ST000329","analysis_id":"AN000525","analysis_summary":"Reversed phase POSITIVE ION MODE","metabolite_name":"TG (54:5) A","refmet_name":"TG 54:5"},"170":{"study_id":"ST000329","analysis_id":"AN000525","analysis_summary":"Reversed phase POSITIVE ION MODE","metabolite_name":"TG (54:5) B","refmet_name":"TG 54:5"},"171":{"study_id":"ST000329","analysis_id":"AN000525","analysis_summary":"Reversed phase POSITIVE ION MODE","metabolite_name":"TG (54:6) A","refmet_name":"TG 54:6"},"172":{"study_id":"ST000329","analysis_id":"AN000525","analysis_summary":"Reversed phase POSITIVE ION MODE","metabolite_name":"TG (56:1)","refmet_name":"TG 56:1"},"173":{"study_id":"ST000329","analysis_id":"AN000525","analysis_summary":"Reversed phase POSITIVE ION MODE","metabolite_name":"TG (56:2)","refmet_name":"TG 56:2"},"174":{"study_id":"ST000329","analysis_id":"AN000525","analysis_summary":"Reversed phase POSITIVE ION MODE","metabolite_name":"TG (56:3)","refmet_name":"TG 56:3"},"175":{"study_id":"ST000329","analysis_id":"AN000525","analysis_summary":"Reversed phase POSITIVE ION MODE","metabolite_name":"TG (56:4)","refmet_name":"TG 56:4"},"176":{"study_id":"ST000329","analysis_id":"AN000525","analysis_summary":"Reversed phase POSITIVE ION MODE","metabolite_name":"TG (56:7)","refmet_name":"TG 56:7"},"177":{"study_id":"ST000329","analysis_id":"AN000525","analysis_summary":"Reversed phase POSITIVE ION MODE","metabolite_name":"TG (58:1)","refmet_name":"TG 58:1"},"178":{"study_id":"ST000329","analysis_id":"AN000525","analysis_summary":"Reversed phase POSITIVE ION MODE","metabolite_name":"TG (58:2)","refmet_name":"TG 58:2"},"179":{"study_id":"ST000329","analysis_id":"AN000525","analysis_summary":"Reversed phase POSITIVE ION MODE","metabolite_name":"TG (60:2)","refmet_name":"TG 60:2"},"180":{"study_id":"ST000329","analysis_id":"AN000526","analysis_summary":"Reversed phase NEGATIVE ION MODE","metabolite_name":"Ceramide (d33:1)","refmet_name":"Cer 33:1;O2"},"181":{"study_id":"ST000329","analysis_id":"AN000526","analysis_summary":"Reversed phase NEGATIVE ION MODE","metabolite_name":"Ceramide (d34:0)","refmet_name":"Cer 34:0;O2"},"182":{"study_id":"ST000329","analysis_id":"AN000526","analysis_summary":"Reversed phase NEGATIVE ION MODE","metabolite_name":"Ceramide (d34:1)","refmet_name":"Cer 34:1;O2"},"183":{"study_id":"ST000329","analysis_id":"AN000526","analysis_summary":"Reversed phase NEGATIVE ION MODE","metabolite_name":"Ceramide (d34:2)","refmet_name":"Cer 34:2;O2"},"184":{"study_id":"ST000329","analysis_id":"AN000526","analysis_summary":"Reversed phase NEGATIVE ION MODE","metabolite_name":"Ceramide (d36:1)","refmet_name":"Cer 36:1;O2"},"185":{"study_id":"ST000329","analysis_id":"AN000526","analysis_summary":"Reversed phase NEGATIVE ION MODE","metabolite_name":"Ceramide (d38:1)","refmet_name":"Cer 38:1;O2"},"186":{"study_id":"ST000329","analysis_id":"AN000526","analysis_summary":"Reversed phase NEGATIVE ION MODE","metabolite_name":"Ceramide (d40:1)","refmet_name":"Cer 40:1;O2"},"187":{"study_id":"ST000329","analysis_id":"AN000526","analysis_summary":"Reversed phase NEGATIVE ION MODE","metabolite_name":"Ceramide (d40:2)","refmet_name":"Cer 40:2;O2"},"188":{"study_id":"ST000329","analysis_id":"AN000526","analysis_summary":"Reversed phase NEGATIVE ION MODE","metabolite_name":"Ceramide (d41:1)","refmet_name":"Cer 41:1;O2"},"189":{"study_id":"ST000329","analysis_id":"AN000526","analysis_summary":"Reversed phase NEGATIVE ION MODE","metabolite_name":"Ceramide (d42:0)","refmet_name":"Cer 42:0;O2"},"190":{"study_id":"ST000329","analysis_id":"AN000526","analysis_summary":"Reversed phase NEGATIVE ION MODE","metabolite_name":"Ceramide (d42:1)","refmet_name":"Cer 42:1;O2"},"191":{"study_id":"ST000329","analysis_id":"AN000526","analysis_summary":"Reversed phase NEGATIVE ION MODE","metabolite_name":"Ceramide (d42:2) A","refmet_name":"Cer 42:2;O2"},"192":{"study_id":"ST000329","analysis_id":"AN000526","analysis_summary":"Reversed phase NEGATIVE ION MODE","metabolite_name":"Ceramide (d42:2) B","refmet_name":"Cer 42:2;O2"},"193":{"study_id":"ST000329","analysis_id":"AN000526","analysis_summary":"Reversed phase NEGATIVE ION MODE","metabolite_name":"Ceramide (d44:1)","refmet_name":"Cer 44:1;O2"},"194":{"study_id":"ST000329","analysis_id":"AN000526","analysis_summary":"Reversed phase NEGATIVE ION MODE","metabolite_name":"FA (16:0)","refmet_name":"Palmitic acid"},"195":{"study_id":"ST000329","analysis_id":"AN000526","analysis_summary":"Reversed phase NEGATIVE ION MODE","metabolite_name":"FA (16:1)","refmet_name":"Hexadecenoic acid"},"196":{"study_id":"ST000329","analysis_id":"AN000526","analysis_summary":"Reversed phase NEGATIVE ION MODE","metabolite_name":"FA (18:0)","refmet_name":"Stearic acid"},"197":{"study_id":"ST000329","analysis_id":"AN000526","analysis_summary":"Reversed phase NEGATIVE ION MODE","metabolite_name":"FA (18:1)","refmet_name":"Octadecenoic acid"},"198":{"study_id":"ST000329","analysis_id":"AN000526","analysis_summary":"Reversed phase NEGATIVE ION MODE","metabolite_name":"FA (18:2)","refmet_name":"Linoleic acid"},"199":{"study_id":"ST000329","analysis_id":"AN000526","analysis_summary":"Reversed phase NEGATIVE ION MODE","metabolite_name":"FA (20:4)","refmet_name":"Arachidonic acid"},"200":{"study_id":"ST000329","analysis_id":"AN000526","analysis_summary":"Reversed phase NEGATIVE ION MODE","metabolite_name":"FA (20:5)","refmet_name":"Eicosapentaenoic acid"},"201":{"study_id":"ST000329","analysis_id":"AN000526","analysis_summary":"Reversed phase NEGATIVE ION MODE","metabolite_name":"FA (22:4)","refmet_name":"Docosatetraenoic acid"},"202":{"study_id":"ST000329","analysis_id":"AN000526","analysis_summary":"Reversed phase NEGATIVE ION MODE","metabolite_name":"FA (22:6)","refmet_name":"Docosahexaenoic acid"},"203":{"study_id":"ST000329","analysis_id":"AN000526","analysis_summary":"Reversed phase NEGATIVE ION MODE","metabolite_name":"GlcCer(d14:1(4E)\/20:0(2OH))","refmet_name":"GlcCer 14:1;O2(4E)\/20:0;O"},"204":{"study_id":"ST000329","analysis_id":"AN000526","analysis_summary":"Reversed phase NEGATIVE ION MODE","metabolite_name":"GlcCer (d38:1)","refmet_name":"GlcCer 38:1;O2"},"205":{"study_id":"ST000329","analysis_id":"AN000526","analysis_summary":"Reversed phase NEGATIVE ION MODE","metabolite_name":"GlcCer (d40:1)","refmet_name":"GlcCer 40:1;O2"},"206":{"study_id":"ST000329","analysis_id":"AN000526","analysis_summary":"Reversed phase NEGATIVE ION MODE","metabolite_name":"GlcCer (d41:1)","refmet_name":"GlcCer 41:1;O2"},"207":{"study_id":"ST000329","analysis_id":"AN000526","analysis_summary":"Reversed phase NEGATIVE ION MODE","metabolite_name":"GlcCer (d42:1)","refmet_name":"GlcCer 42:1;O2"},"208":{"study_id":"ST000329","analysis_id":"AN000526","analysis_summary":"Reversed phase NEGATIVE ION MODE","metabolite_name":"GlcCer (d42:2)","refmet_name":"GlcCer 42:2;O2"},"209":{"study_id":"ST000329","analysis_id":"AN000526","analysis_summary":"Reversed phase NEGATIVE ION MODE","metabolite_name":"LPC (16:0)","refmet_name":"LPC 16:0"},"210":{"study_id":"ST000329","analysis_id":"AN000526","analysis_summary":"Reversed phase NEGATIVE ION MODE","metabolite_name":"LPC (18:0) A","refmet_name":"LPC 18:0"},"211":{"study_id":"ST000329","analysis_id":"AN000526","analysis_summary":"Reversed phase NEGATIVE ION MODE","metabolite_name":"LPC (18:0) B","refmet_name":"LPC 18:0"},"212":{"study_id":"ST000329","analysis_id":"AN000526","analysis_summary":"Reversed phase NEGATIVE ION MODE","metabolite_name":"LPC (18:1)","refmet_name":"LPC 18:1"},"213":{"study_id":"ST000329","analysis_id":"AN000526","analysis_summary":"Reversed phase NEGATIVE ION MODE","metabolite_name":"LPC (18:2)","refmet_name":"LPC 18:2"},"214":{"study_id":"ST000329","analysis_id":"AN000526","analysis_summary":"Reversed phase NEGATIVE ION MODE","metabolite_name":"LPE (16:0)","refmet_name":"LPE 16:0"},"215":{"study_id":"ST000329","analysis_id":"AN000526","analysis_summary":"Reversed phase NEGATIVE ION MODE","metabolite_name":"LPE (20:4)","refmet_name":"LPE 20:4"},"216":{"study_id":"ST000329","analysis_id":"AN000526","analysis_summary":"Reversed phase NEGATIVE ION MODE","metabolite_name":"PC (32:0)","refmet_name":"PC 32:0"},"217":{"study_id":"ST000329","analysis_id":"AN000526","analysis_summary":"Reversed phase NEGATIVE ION MODE","metabolite_name":"PC (32:2)","refmet_name":"PC 32:2"},"218":{"study_id":"ST000329","analysis_id":"AN000526","analysis_summary":"Reversed phase NEGATIVE ION MODE","metabolite_name":"PC (34:1)","refmet_name":"PC 34:1"},"219":{"study_id":"ST000329","analysis_id":"AN000526","analysis_summary":"Reversed phase NEGATIVE ION MODE","metabolite_name":"PC (34:2)","refmet_name":"PC 34:2"},"220":{"study_id":"ST000329","analysis_id":"AN000526","analysis_summary":"Reversed phase NEGATIVE ION MODE","metabolite_name":"PC (34:3)","refmet_name":"PC 34:3"},"221":{"study_id":"ST000329","analysis_id":"AN000526","analysis_summary":"Reversed phase NEGATIVE ION MODE","metabolite_name":"PC (34:4)","refmet_name":"PC 34:4"},"222":{"study_id":"ST000329","analysis_id":"AN000526","analysis_summary":"Reversed phase NEGATIVE ION MODE","metabolite_name":"PC (36:1)","refmet_name":"PC 36:1"},"223":{"study_id":"ST000329","analysis_id":"AN000526","analysis_summary":"Reversed phase NEGATIVE ION MODE","metabolite_name":"PC (36:2)","refmet_name":"PC 36:2"},"224":{"study_id":"ST000329","analysis_id":"AN000526","analysis_summary":"Reversed phase NEGATIVE ION MODE","metabolite_name":"PC (36:3) A","refmet_name":"PC 36:3"},"225":{"study_id":"ST000329","analysis_id":"AN000526","analysis_summary":"Reversed phase NEGATIVE ION MODE","metabolite_name":"PC (36:3) B","refmet_name":"PC 36:3"},"226":{"study_id":"ST000329","analysis_id":"AN000526","analysis_summary":"Reversed phase NEGATIVE ION MODE","metabolite_name":"PC (36:4) A","refmet_name":"PC 36:4"},"227":{"study_id":"ST000329","analysis_id":"AN000526","analysis_summary":"Reversed phase NEGATIVE ION MODE","metabolite_name":"PC (36:4) B","refmet_name":"PC 36:4"},"228":{"study_id":"ST000329","analysis_id":"AN000526","analysis_summary":"Reversed phase NEGATIVE ION MODE","metabolite_name":"PC (36:5)","refmet_name":"PC 36:5"},"229":{"study_id":"ST000329","analysis_id":"AN000526","analysis_summary":"Reversed phase NEGATIVE ION MODE","metabolite_name":"PC (38:3)","refmet_name":"PC 38:3"},"230":{"study_id":"ST000329","analysis_id":"AN000526","analysis_summary":"Reversed phase NEGATIVE ION MODE","metabolite_name":"PC (38:4)","refmet_name":"PC 38:4"},"231":{"study_id":"ST000329","analysis_id":"AN000526","analysis_summary":"Reversed phase NEGATIVE ION MODE","metabolite_name":"PC (38:5) A","refmet_name":"PC 38:5"},"232":{"study_id":"ST000329","analysis_id":"AN000526","analysis_summary":"Reversed phase NEGATIVE ION MODE","metabolite_name":"PC (38:5) B","refmet_name":"PC 38:5"},"233":{"study_id":"ST000329","analysis_id":"AN000526","analysis_summary":"Reversed phase NEGATIVE ION MODE","metabolite_name":"PC (38:6)","refmet_name":"PC 38:6"},"234":{"study_id":"ST000329","analysis_id":"AN000526","analysis_summary":"Reversed phase NEGATIVE ION MODE","metabolite_name":"PC (40:6) A","refmet_name":"PC 40:6"},"235":{"study_id":"ST000329","analysis_id":"AN000526","analysis_summary":"Reversed phase NEGATIVE ION MODE","metabolite_name":"PC (40:6) B","refmet_name":"PC 40:6"},"236":{"study_id":"ST000329","analysis_id":"AN000526","analysis_summary":"Reversed phase NEGATIVE ION MODE","metabolite_name":"PC (p-36:3) or PC (o-36:4)","refmet_name":"PC P-36:3 or PC O-36:4"},"237":{"study_id":"ST000329","analysis_id":"AN000526","analysis_summary":"Reversed phase NEGATIVE ION MODE","metabolite_name":"PC (p-36:4) or PC (o-36:5)","refmet_name":"PC P-36:4 or PC O-36:5"},"238":{"study_id":"ST000329","analysis_id":"AN000526","analysis_summary":"Reversed phase NEGATIVE ION MODE","metabolite_name":"PC (p-38:4) or PC (o-38:5)","refmet_name":"PC P-38:4 or PC O-38:5"},"239":{"study_id":"ST000329","analysis_id":"AN000526","analysis_summary":"Reversed phase NEGATIVE ION MODE","metabolite_name":"PC (p-42:5) or PC (o-42:6)","refmet_name":"PC P-42:5 or PC O-42:6"},"240":{"study_id":"ST000329","analysis_id":"AN000526","analysis_summary":"Reversed phase NEGATIVE ION MODE","metabolite_name":"PE (32:1)","refmet_name":"PE 32:1"},"241":{"study_id":"ST000329","analysis_id":"AN000526","analysis_summary":"Reversed phase NEGATIVE ION MODE","metabolite_name":"PE (34:1)","refmet_name":"PE 34:1"},"242":{"study_id":"ST000329","analysis_id":"AN000526","analysis_summary":"Reversed phase NEGATIVE ION MODE","metabolite_name":"PE (34:2)","refmet_name":"PE 34:2"},"243":{"study_id":"ST000329","analysis_id":"AN000526","analysis_summary":"Reversed phase NEGATIVE ION MODE","metabolite_name":"PE (36:2)","refmet_name":"PE 36:2"},"244":{"study_id":"ST000329","analysis_id":"AN000526","analysis_summary":"Reversed phase NEGATIVE ION MODE","metabolite_name":"PE (36:3)","refmet_name":"PE 36:3"},"245":{"study_id":"ST000329","analysis_id":"AN000526","analysis_summary":"Reversed phase NEGATIVE ION MODE","metabolite_name":"PE (36:4)","refmet_name":"PE 36:4"},"246":{"study_id":"ST000329","analysis_id":"AN000526","analysis_summary":"Reversed phase NEGATIVE ION MODE","metabolite_name":"PE (38:4)","refmet_name":"PE 38:4"},"247":{"study_id":"ST000329","analysis_id":"AN000526","analysis_summary":"Reversed phase NEGATIVE ION MODE","metabolite_name":"PE (38:6)","refmet_name":"PE 38:6"},"248":{"study_id":"ST000329","analysis_id":"AN000526","analysis_summary":"Reversed phase NEGATIVE ION MODE","metabolite_name":"PE (38:7)","refmet_name":"PE 38:7"},"249":{"study_id":"ST000329","analysis_id":"AN000526","analysis_summary":"Reversed phase NEGATIVE ION MODE","metabolite_name":"PE (40:8)","refmet_name":"PE 40:8"},"250":{"study_id":"ST000329","analysis_id":"AN000526","analysis_summary":"Reversed phase NEGATIVE ION MODE","metabolite_name":"PE (44:3)","refmet_name":"PE 44:3"},"251":{"study_id":"ST000329","analysis_id":"AN000526","analysis_summary":"Reversed phase NEGATIVE ION MODE","metabolite_name":"PE (p-34:1) or PE (o-34:2)","refmet_name":"PE P-34:1 or PE O-34:2"},"252":{"study_id":"ST000329","analysis_id":"AN000526","analysis_summary":"Reversed phase NEGATIVE ION MODE","metabolite_name":"PE (p-34:2) or PE (o-34:3)","refmet_name":"PE P-34:2 or PE O-34:3"},"253":{"study_id":"ST000329","analysis_id":"AN000526","analysis_summary":"Reversed phase NEGATIVE ION MODE","metabolite_name":"PE (p-36:1) or PE (o-36:2)","refmet_name":"PE P-36:1 or PE O-36:2"},"254":{"study_id":"ST000329","analysis_id":"AN000526","analysis_summary":"Reversed phase NEGATIVE ION MODE","metabolite_name":"PE (p-36:2) or PE (o-36:3)","refmet_name":"PE P-36:2 or PE O-36:3"},"255":{"study_id":"ST000329","analysis_id":"AN000526","analysis_summary":"Reversed phase NEGATIVE ION MODE","metabolite_name":"PE (p-36:4) or PE (o-36:5)","refmet_name":"PE P-36:4 or PE O-36:5"},"256":{"study_id":"ST000329","analysis_id":"AN000526","analysis_summary":"Reversed phase NEGATIVE ION MODE","metabolite_name":"PE (p-38:3) or PE (o-38:4)","refmet_name":"PE P-38:3 or PE O-38:4"},"257":{"study_id":"ST000329","analysis_id":"AN000526","analysis_summary":"Reversed phase NEGATIVE ION MODE","metabolite_name":"PE (p-38:4) or PE (o-38:5)","refmet_name":"PE P-38:4 or PE O-38:5"},"258":{"study_id":"ST000329","analysis_id":"AN000526","analysis_summary":"Reversed phase NEGATIVE ION MODE","metabolite_name":"PE (p-38:5) or PE (o-38:6)","refmet_name":"PE P-38:5 or PE O-38:6"},"259":{"study_id":"ST000329","analysis_id":"AN000526","analysis_summary":"Reversed phase NEGATIVE ION MODE","metabolite_name":"PE (p-38:6) or PE (o-38:7)","refmet_name":"PE P-38:6 or PE O-38:7"},"260":{"study_id":"ST000329","analysis_id":"AN000526","analysis_summary":"Reversed phase NEGATIVE ION MODE","metabolite_name":"PE (p-40:6) or PE (o-40:7)","refmet_name":"PE P-40:6 or PE O-40:7"},"261":{"study_id":"ST000329","analysis_id":"AN000526","analysis_summary":"Reversed phase NEGATIVE ION MODE","metabolite_name":"PE (p-40:7) or PE (o-40:8)","refmet_name":"PE P-40:7 or PE O-40:8"},"262":{"study_id":"ST000329","analysis_id":"AN000526","analysis_summary":"Reversed phase NEGATIVE ION MODE","metabolite_name":"PG (40:8)","refmet_name":"PG 40:8"},"263":{"study_id":"ST000329","analysis_id":"AN000526","analysis_summary":"Reversed phase NEGATIVE ION MODE","metabolite_name":"PI (34:2)","refmet_name":"PI 34:2"},"264":{"study_id":"ST000329","analysis_id":"AN000526","analysis_summary":"Reversed phase NEGATIVE ION MODE","metabolite_name":"PI (36:2)","refmet_name":"PI 36:2"},"265":{"study_id":"ST000329","analysis_id":"AN000526","analysis_summary":"Reversed phase NEGATIVE ION MODE","metabolite_name":"PI (36:4)","refmet_name":"PI 36:4"},"266":{"study_id":"ST000329","analysis_id":"AN000526","analysis_summary":"Reversed phase NEGATIVE ION MODE","metabolite_name":"PI (38:4)","refmet_name":"PI 38:4"},"267":{"study_id":"ST000329","analysis_id":"AN000526","analysis_summary":"Reversed phase NEGATIVE ION MODE","metabolite_name":"SM (d32:1)","refmet_name":"SM 32:1;O2"},"268":{"study_id":"ST000329","analysis_id":"AN000526","analysis_summary":"Reversed phase NEGATIVE ION MODE","metabolite_name":"SM (d33:1)","refmet_name":"SM 33:1;O2"},"269":{"study_id":"ST000329","analysis_id":"AN000526","analysis_summary":"Reversed phase NEGATIVE ION MODE","metabolite_name":"SM (d34:0)","refmet_name":"SM 34:0;O2"},"270":{"study_id":"ST000329","analysis_id":"AN000526","analysis_summary":"Reversed phase NEGATIVE ION MODE","metabolite_name":"SM (d34:1)","refmet_name":"SM 34:1;O2"},"271":{"study_id":"ST000329","analysis_id":"AN000526","analysis_summary":"Reversed phase NEGATIVE ION MODE","metabolite_name":"SM (d34:2)","refmet_name":"SM 34:2;O2"},"272":{"study_id":"ST000329","analysis_id":"AN000526","analysis_summary":"Reversed phase NEGATIVE ION MODE","metabolite_name":"SM (d36:1)","refmet_name":"SM 36:1;O2"},"273":{"study_id":"ST000329","analysis_id":"AN000526","analysis_summary":"Reversed phase NEGATIVE ION MODE","metabolite_name":"SM (d36:2)","refmet_name":"SM 36:2;O2"},"274":{"study_id":"ST000329","analysis_id":"AN000526","analysis_summary":"Reversed phase NEGATIVE ION MODE","metabolite_name":"SM (d38:0)","refmet_name":"SM 38:0;O2"},"275":{"study_id":"ST000329","analysis_id":"AN000526","analysis_summary":"Reversed phase NEGATIVE ION MODE","metabolite_name":"SM (d38:1)","refmet_name":"SM 38:1;O2"},"276":{"study_id":"ST000329","analysis_id":"AN000526","analysis_summary":"Reversed phase NEGATIVE ION MODE","metabolite_name":"SM (d38:2)","refmet_name":"SM 38:2;O2"},"277":{"study_id":"ST000329","analysis_id":"AN000526","analysis_summary":"Reversed phase NEGATIVE ION MODE","metabolite_name":"SM (d39:1)","refmet_name":"SM 39:1;O2"},"278":{"study_id":"ST000329","analysis_id":"AN000526","analysis_summary":"Reversed phase NEGATIVE ION MODE","metabolite_name":"SM (d40:1)","refmet_name":"SM 40:1;O2"},"279":{"study_id":"ST000329","analysis_id":"AN000526","analysis_summary":"Reversed phase NEGATIVE ION MODE","metabolite_name":"SM (d40:2) A","refmet_name":"SM 40:2;O2"},"280":{"study_id":"ST000329","analysis_id":"AN000526","analysis_summary":"Reversed phase NEGATIVE ION MODE","metabolite_name":"SM (d40:2) B","refmet_name":"SM 40:2;O2"},"281":{"study_id":"ST000329","analysis_id":"AN000526","analysis_summary":"Reversed phase NEGATIVE ION MODE","metabolite_name":"SM (d41:1)","refmet_name":"SM 41:1;O2"},"282":{"study_id":"ST000329","analysis_id":"AN000526","analysis_summary":"Reversed phase NEGATIVE ION MODE","metabolite_name":"SM (d42:0)","refmet_name":"SM 42:0;O2"},"283":{"study_id":"ST000329","analysis_id":"AN000526","analysis_summary":"Reversed phase NEGATIVE ION MODE","metabolite_name":"SM (d42:1)","refmet_name":"SM 42:1;O2"},"284":{"study_id":"ST000329","analysis_id":"AN000526","analysis_summary":"Reversed phase NEGATIVE ION MODE","metabolite_name":"SM (d42:2) A","refmet_name":"SM 42:2;O2"},"285":{"study_id":"ST000329","analysis_id":"AN000526","analysis_summary":"Reversed phase NEGATIVE ION MODE","metabolite_name":"SM (d42:2) B","refmet_name":"SM 42:2;O2"},"286":{"study_id":"ST000329","analysis_id":"AN000526","analysis_summary":"Reversed phase NEGATIVE ION MODE","metabolite_name":"SM (d42:2) C","refmet_name":"SM 42:2;O2"},"287":{"study_id":"ST000329","analysis_id":"AN000526","analysis_summary":"Reversed phase NEGATIVE ION MODE","metabolite_name":"SM (d42:3)","refmet_name":"SM 42:3;O2"}}