{"1":{"study_id":"ST000428","analysis_id":"AN000678","analysis_summary":"GC POSITIVE ION MODE","metabolite_name":"C10","refmet_name":"CAR 10:0"},"2":{"study_id":"ST000428","analysis_id":"AN000678","analysis_summary":"GC POSITIVE ION MODE","metabolite_name":"C10:1","refmet_name":"CAR 10:1"},"3":{"study_id":"ST000428","analysis_id":"AN000678","analysis_summary":"GC POSITIVE ION MODE","metabolite_name":"C10:2","refmet_name":"CAR 10:2"},"4":{"study_id":"ST000428","analysis_id":"AN000678","analysis_summary":"GC POSITIVE ION MODE","metabolite_name":"C10:3","refmet_name":"CAR 10:3"},"5":{"study_id":"ST000428","analysis_id":"AN000678","analysis_summary":"GC POSITIVE ION MODE","metabolite_name":"C10-OH\/C8-DC","refmet_name":""},"6":{"study_id":"ST000428","analysis_id":"AN000678","analysis_summary":"GC POSITIVE ION MODE","metabolite_name":"C12","refmet_name":"CAR 12:0"},"7":{"study_id":"ST000428","analysis_id":"AN000678","analysis_summary":"GC POSITIVE ION MODE","metabolite_name":"C12:1","refmet_name":"CAR 12:1"},"8":{"study_id":"ST000428","analysis_id":"AN000678","analysis_summary":"GC POSITIVE ION MODE","metabolite_name":"C12:1-OH\/C10:1-DC","refmet_name":""},"9":{"study_id":"ST000428","analysis_id":"AN000678","analysis_summary":"GC POSITIVE ION MODE","metabolite_name":"C12:2","refmet_name":"CAR 12:2"},"10":{"study_id":"ST000428","analysis_id":"AN000678","analysis_summary":"GC POSITIVE ION MODE","metabolite_name":"C12:2-OH\/C10:2-DC","refmet_name":""},"11":{"study_id":"ST000428","analysis_id":"AN000678","analysis_summary":"GC POSITIVE ION MODE","metabolite_name":"C12-OH\/C10-DC","refmet_name":""},"12":{"study_id":"ST000428","analysis_id":"AN000678","analysis_summary":"GC POSITIVE ION MODE","metabolite_name":"C14","refmet_name":"CAR 14:0"},"13":{"study_id":"ST000428","analysis_id":"AN000678","analysis_summary":"GC POSITIVE ION MODE","metabolite_name":"C14:1","refmet_name":"CAR 14:1"},"14":{"study_id":"ST000428","analysis_id":"AN000678","analysis_summary":"GC POSITIVE ION MODE","metabolite_name":"C14:1-OH\/C12:1-DC","refmet_name":""},"15":{"study_id":"ST000428","analysis_id":"AN000678","analysis_summary":"GC POSITIVE ION MODE","metabolite_name":"C14:2","refmet_name":"CAR 14:2"},"16":{"study_id":"ST000428","analysis_id":"AN000678","analysis_summary":"GC POSITIVE ION MODE","metabolite_name":"C14:2-OH\/C12:2-DC","refmet_name":""},"17":{"study_id":"ST000428","analysis_id":"AN000678","analysis_summary":"GC POSITIVE ION MODE","metabolite_name":"C14:3","refmet_name":"CAR 14:3"},"18":{"study_id":"ST000428","analysis_id":"AN000678","analysis_summary":"GC POSITIVE ION MODE","metabolite_name":"C14:3-OH\/C12:3-DC","refmet_name":""},"19":{"study_id":"ST000428","analysis_id":"AN000678","analysis_summary":"GC POSITIVE ION MODE","metabolite_name":"C14-OH\/C12-DC","refmet_name":""},"20":{"study_id":"ST000428","analysis_id":"AN000678","analysis_summary":"GC POSITIVE ION MODE","metabolite_name":"C16","refmet_name":"CAR 16:0"},"21":{"study_id":"ST000428","analysis_id":"AN000678","analysis_summary":"GC POSITIVE ION MODE","metabolite_name":"C16:1","refmet_name":"CAR 16:1"},"22":{"study_id":"ST000428","analysis_id":"AN000678","analysis_summary":"GC POSITIVE ION MODE","metabolite_name":"C16:1-OH\/C14:1-DC","refmet_name":""},"23":{"study_id":"ST000428","analysis_id":"AN000678","analysis_summary":"GC POSITIVE ION MODE","metabolite_name":"C16:2","refmet_name":"CAR 16:2"},"24":{"study_id":"ST000428","analysis_id":"AN000678","analysis_summary":"GC POSITIVE ION MODE","metabolite_name":"C16:2-OH\/C14:2-DC","refmet_name":""},"25":{"study_id":"ST000428","analysis_id":"AN000678","analysis_summary":"GC POSITIVE ION MODE","metabolite_name":"C16:3","refmet_name":"CAR 16:3"},"26":{"study_id":"ST000428","analysis_id":"AN000678","analysis_summary":"GC POSITIVE ION MODE","metabolite_name":"C16:3-OH\/C14:3-DC","refmet_name":""},"27":{"study_id":"ST000428","analysis_id":"AN000678","analysis_summary":"GC POSITIVE ION MODE","metabolite_name":"C16-OH\/C14-DC","refmet_name":""},"28":{"study_id":"ST000428","analysis_id":"AN000678","analysis_summary":"GC POSITIVE ION MODE","metabolite_name":"C18","refmet_name":"CAR 18:0"},"29":{"study_id":"ST000428","analysis_id":"AN000678","analysis_summary":"GC POSITIVE ION MODE","metabolite_name":"C18:1","refmet_name":"CAR 18:1"},"30":{"study_id":"ST000428","analysis_id":"AN000678","analysis_summary":"GC POSITIVE ION MODE","metabolite_name":"C18:1-OH\/C16:1-DC","refmet_name":""},"31":{"study_id":"ST000428","analysis_id":"AN000678","analysis_summary":"GC POSITIVE ION MODE","metabolite_name":"C18:2","refmet_name":"CAR 18:2"},"32":{"study_id":"ST000428","analysis_id":"AN000678","analysis_summary":"GC POSITIVE ION MODE","metabolite_name":"C18:2-OH\/C16:2-DC","refmet_name":""},"33":{"study_id":"ST000428","analysis_id":"AN000678","analysis_summary":"GC POSITIVE ION MODE","metabolite_name":"C18:3","refmet_name":"CAR 18:3"},"34":{"study_id":"ST000428","analysis_id":"AN000678","analysis_summary":"GC POSITIVE ION MODE","metabolite_name":"C18:3-OH\/C16:3-DC","refmet_name":""},"35":{"study_id":"ST000428","analysis_id":"AN000678","analysis_summary":"GC POSITIVE ION MODE","metabolite_name":"C18-OH\/C16-DC","refmet_name":""},"36":{"study_id":"ST000428","analysis_id":"AN000678","analysis_summary":"GC POSITIVE ION MODE","metabolite_name":"C2","refmet_name":"CAR 2:0"},"37":{"study_id":"ST000428","analysis_id":"AN000678","analysis_summary":"GC POSITIVE ION MODE","metabolite_name":"C20","refmet_name":"CAR 20:0"},"38":{"study_id":"ST000428","analysis_id":"AN000678","analysis_summary":"GC POSITIVE ION MODE","metabolite_name":"C20:1","refmet_name":"CAR 20:1"},"39":{"study_id":"ST000428","analysis_id":"AN000678","analysis_summary":"GC POSITIVE ION MODE","metabolite_name":"C20:1-OH\/C18:1-DC","refmet_name":""},"40":{"study_id":"ST000428","analysis_id":"AN000678","analysis_summary":"GC POSITIVE ION MODE","metabolite_name":"C20:2","refmet_name":"CAR 20:2"},"41":{"study_id":"ST000428","analysis_id":"AN000678","analysis_summary":"GC POSITIVE ION MODE","metabolite_name":"C20:2-OH\/C18:2-DC","refmet_name":""},"42":{"study_id":"ST000428","analysis_id":"AN000678","analysis_summary":"GC POSITIVE ION MODE","metabolite_name":"C20:3","refmet_name":"CAR 20:3"},"43":{"study_id":"ST000428","analysis_id":"AN000678","analysis_summary":"GC POSITIVE ION MODE","metabolite_name":"C20:3-OH\/C18:3-DC","refmet_name":""},"44":{"study_id":"ST000428","analysis_id":"AN000678","analysis_summary":"GC POSITIVE ION MODE","metabolite_name":"C20:4","refmet_name":"CAR 20:4"},"45":{"study_id":"ST000428","analysis_id":"AN000678","analysis_summary":"GC POSITIVE ION MODE","metabolite_name":"C20-OH\/C18-DC\/C22:6","refmet_name":""},"46":{"study_id":"ST000428","analysis_id":"AN000678","analysis_summary":"GC POSITIVE ION MODE","metabolite_name":"C22","refmet_name":"CAR 22:0"},"47":{"study_id":"ST000428","analysis_id":"AN000678","analysis_summary":"GC POSITIVE ION MODE","metabolite_name":"C22:1","refmet_name":"CAR 22:1"},"48":{"study_id":"ST000428","analysis_id":"AN000678","analysis_summary":"GC POSITIVE ION MODE","metabolite_name":"C22:2","refmet_name":"CAR 22:2"},"49":{"study_id":"ST000428","analysis_id":"AN000678","analysis_summary":"GC POSITIVE ION MODE","metabolite_name":"C22:3","refmet_name":"CAR 22:3"},"50":{"study_id":"ST000428","analysis_id":"AN000678","analysis_summary":"GC POSITIVE ION MODE","metabolite_name":"C22:4","refmet_name":"CAR 22:4"},"51":{"study_id":"ST000428","analysis_id":"AN000678","analysis_summary":"GC POSITIVE ION MODE","metabolite_name":"C22:5","refmet_name":"CAR 22:5"},"52":{"study_id":"ST000428","analysis_id":"AN000678","analysis_summary":"GC POSITIVE ION MODE","metabolite_name":"C3","refmet_name":"CAR 3:0"},"53":{"study_id":"ST000428","analysis_id":"AN000678","analysis_summary":"GC POSITIVE ION MODE","metabolite_name":"C4\/Ci4","refmet_name":""},"54":{"study_id":"ST000428","analysis_id":"AN000678","analysis_summary":"GC POSITIVE ION MODE","metabolite_name":"C4-DC\/Ci4-DC","refmet_name":""},"55":{"study_id":"ST000428","analysis_id":"AN000678","analysis_summary":"GC POSITIVE ION MODE","metabolite_name":"C4-OH","refmet_name":"CAR 4:0;OH"},"56":{"study_id":"ST000428","analysis_id":"AN000678","analysis_summary":"GC POSITIVE ION MODE","metabolite_name":"C5","refmet_name":"CAR 5:0"},"57":{"study_id":"ST000428","analysis_id":"AN000678","analysis_summary":"GC POSITIVE ION MODE","metabolite_name":"C5:1","refmet_name":"CAR 5:1"},"58":{"study_id":"ST000428","analysis_id":"AN000678","analysis_summary":"GC POSITIVE ION MODE","metabolite_name":"C5-DC","refmet_name":"CAR DC5:0"},"59":{"study_id":"ST000428","analysis_id":"AN000678","analysis_summary":"GC POSITIVE ION MODE","metabolite_name":"C5-OH\/C3-DC","refmet_name":""},"60":{"study_id":"ST000428","analysis_id":"AN000678","analysis_summary":"GC POSITIVE ION MODE","metabolite_name":"C6","refmet_name":"CAR 6:0"},"61":{"study_id":"ST000428","analysis_id":"AN000678","analysis_summary":"GC POSITIVE ION MODE","metabolite_name":"C6-DC\/C8-OH","refmet_name":""},"62":{"study_id":"ST000428","analysis_id":"AN000678","analysis_summary":"GC POSITIVE ION MODE","metabolite_name":"C7-DC","refmet_name":"CAR DC7:0"},"63":{"study_id":"ST000428","analysis_id":"AN000678","analysis_summary":"GC POSITIVE ION MODE","metabolite_name":"C8","refmet_name":"CAR 8:0"},"64":{"study_id":"ST000428","analysis_id":"AN000678","analysis_summary":"GC POSITIVE ION MODE","metabolite_name":"C8:1","refmet_name":"CAR 8:1"},"65":{"study_id":"ST000428","analysis_id":"AN000678","analysis_summary":"GC POSITIVE ION MODE","metabolite_name":"C8:1-DC","refmet_name":"CAR DC8:1"},"66":{"study_id":"ST000428","analysis_id":"AN000678","analysis_summary":"GC POSITIVE ION MODE","metabolite_name":"C8:1-OH\/C6:1-DC","refmet_name":""}}