{"1":{"study_id":"ST000191","analysis_id":"AN000292","analysis_summary":"EI positive ion mode (feces)","metabolite_name":"aceticacid","refmet_name":"Acetic acid"},"2":{"study_id":"ST000191","analysis_id":"AN000292","analysis_summary":"EI positive ion mode (feces)","metabolite_name":"butyricacid","refmet_name":"Butyric acid"},"3":{"study_id":"ST000191","analysis_id":"AN000292","analysis_summary":"EI positive ion mode (feces)","metabolite_name":"heptanoicacid","refmet_name":"Heptylic acid"},"4":{"study_id":"ST000191","analysis_id":"AN000292","analysis_summary":"EI positive ion mode (feces)","metabolite_name":"hexanoicacid","refmet_name":"Caproic acid"},"5":{"study_id":"ST000191","analysis_id":"AN000292","analysis_summary":"EI positive ion mode (feces)","metabolite_name":"iso-butyricacid","refmet_name":"Isobutyric acid"},"6":{"study_id":"ST000191","analysis_id":"AN000292","analysis_summary":"EI positive ion mode (feces)","metabolite_name":"isovalericacid","refmet_name":"Isovaleric acid"},"7":{"study_id":"ST000191","analysis_id":"AN000292","analysis_summary":"EI positive ion mode (feces)","metabolite_name":"propionic acid","refmet_name":"Propionic acid"},"8":{"study_id":"ST000191","analysis_id":"AN000292","analysis_summary":"EI positive ion mode (feces)","metabolite_name":"valericacid","refmet_name":"Valeric acid"},"9":{"study_id":"ST000191","analysis_id":"AN000293","analysis_summary":"EI positive ion mode (plasma)","metabolite_name":"aceticacid","refmet_name":"Acetic acid"},"10":{"study_id":"ST000191","analysis_id":"AN000293","analysis_summary":"EI positive ion mode (plasma)","metabolite_name":"butyricacid","refmet_name":"Butyric acid"},"11":{"study_id":"ST000191","analysis_id":"AN000293","analysis_summary":"EI positive ion mode (plasma)","metabolite_name":"hexanoicacid","refmet_name":"Caproic acid"},"12":{"study_id":"ST000191","analysis_id":"AN000293","analysis_summary":"EI positive ion mode (plasma)","metabolite_name":"iso-butyricacid","refmet_name":"Isobutyric acid"},"13":{"study_id":"ST000191","analysis_id":"AN000293","analysis_summary":"EI positive ion mode (plasma)","metabolite_name":"isovalericacid","refmet_name":"Isovaleric acid"},"14":{"study_id":"ST000191","analysis_id":"AN000293","analysis_summary":"EI positive ion mode (plasma)","metabolite_name":"propionic acid","refmet_name":"Propionic acid"},"15":{"study_id":"ST000191","analysis_id":"AN000293","analysis_summary":"EI positive ion mode (plasma)","metabolite_name":"valericacid","refmet_name":"Valeric acid"}}