{"1":{"study_id":"ST000273","analysis_id":"AN000436","analysis_summary":"GCMS positive ion mode","metabolite_name":"aceticacid","refmet_name":"Acetic acid"},"2":{"study_id":"ST000273","analysis_id":"AN000436","analysis_summary":"GCMS positive ion mode","metabolite_name":"butyricacid","refmet_name":"Butyric acid"},"3":{"study_id":"ST000273","analysis_id":"AN000436","analysis_summary":"GCMS positive ion mode","metabolite_name":"heptanoicacid","refmet_name":"Heptylic acid"},"4":{"study_id":"ST000273","analysis_id":"AN000436","analysis_summary":"GCMS positive ion mode","metabolite_name":"hexanoicacid","refmet_name":"Caproic acid"},"5":{"study_id":"ST000273","analysis_id":"AN000436","analysis_summary":"GCMS positive ion mode","metabolite_name":"isovalericacid","refmet_name":"Isovaleric acid"},"6":{"study_id":"ST000273","analysis_id":"AN000436","analysis_summary":"GCMS positive ion mode","metabolite_name":"propionic acid","refmet_name":"Propionic acid"},"7":{"study_id":"ST000273","analysis_id":"AN000436","analysis_summary":"GCMS positive ion mode","metabolite_name":"valericacid","refmet_name":"Valeric acid"}}