{"1":{"study_id":"ST000475","analysis_id":"AN000739","analysis_summary":"UHPLC POSITIVE ION MODE","metabolite_name":"1-AMINOCYCLOPROPANE-1-CARBOXYLATE","refmet_name":"1-Aminocyclopropanecarboxylic acid"},"2":{"study_id":"ST000475","analysis_id":"AN000739","analysis_summary":"UHPLC POSITIVE ION MODE","metabolite_name":"3-UREIDOPROPIONATE","refmet_name":"Ureidopropionic acid"},"3":{"study_id":"ST000475","analysis_id":"AN000739","analysis_summary":"UHPLC POSITIVE ION MODE","metabolite_name":"4-AMINOBUTANOATE (GABA)","refmet_name":"gamma-Aminobutyric acid"},"4":{"study_id":"ST000475","analysis_id":"AN000739","analysis_summary":"UHPLC POSITIVE ION MODE","metabolite_name":"4-HYDROXYPROLINE","refmet_name":"cis-4-Hydroxyproline"},"5":{"study_id":"ST000475","analysis_id":"AN000739","analysis_summary":"UHPLC POSITIVE ION MODE","metabolite_name":"ADENINE","refmet_name":"Adenine"},"6":{"study_id":"ST000475","analysis_id":"AN000739","analysis_summary":"UHPLC POSITIVE ION MODE","metabolite_name":"ALANINE\/SARCOSINE","refmet_name":"Alanine\/Sarcosine"},"7":{"study_id":"ST000475","analysis_id":"AN000739","analysis_summary":"UHPLC POSITIVE ION MODE","metabolite_name":"ALDO\/KETO-HEXOSE","refmet_name":"Hexose"},"8":{"study_id":"ST000475","analysis_id":"AN000739","analysis_summary":"UHPLC POSITIVE ION MODE","metabolite_name":"ALDOPENTOSE","refmet_name":"Aldopentose"},"9":{"study_id":"ST000475","analysis_id":"AN000739","analysis_summary":"UHPLC POSITIVE ION MODE","metabolite_name":"BETAINE","refmet_name":"Betaine"},"10":{"study_id":"ST000475","analysis_id":"AN000739","analysis_summary":"UHPLC POSITIVE ION MODE","metabolite_name":"Butyrylcarnitine","refmet_name":"CAR 4:0"},"11":{"study_id":"ST000475","analysis_id":"AN000739","analysis_summary":"UHPLC POSITIVE ION MODE","metabolite_name":"Choline","refmet_name":"Choline"},"12":{"study_id":"ST000475","analysis_id":"AN000739","analysis_summary":"UHPLC POSITIVE ION MODE","metabolite_name":"CMP","refmet_name":"CMP"},"13":{"study_id":"ST000475","analysis_id":"AN000739","analysis_summary":"UHPLC POSITIVE ION MODE","metabolite_name":"CREATINE","refmet_name":"Creatine"},"14":{"study_id":"ST000475","analysis_id":"AN000739","analysis_summary":"UHPLC POSITIVE ION MODE","metabolite_name":"Creatine-D3","refmet_name":"Creatine"},"15":{"study_id":"ST000475","analysis_id":"AN000739","analysis_summary":"UHPLC POSITIVE ION MODE","metabolite_name":"CREATININE","refmet_name":"Creatinine"},"16":{"study_id":"ST000475","analysis_id":"AN000739","analysis_summary":"UHPLC POSITIVE ION MODE","metabolite_name":"CYS-GLY","refmet_name":"Cys-Gly"},"17":{"study_id":"ST000475","analysis_id":"AN000739","analysis_summary":"UHPLC POSITIVE ION MODE","metabolite_name":"CYTOSINE","refmet_name":"Cytosine"},"18":{"study_id":"ST000475","analysis_id":"AN000739","analysis_summary":"UHPLC POSITIVE ION MODE","metabolite_name":"Dibutyl phthalate","refmet_name":"Dibutyl phthalate"},"19":{"study_id":"ST000475","analysis_id":"AN000739","analysis_summary":"UHPLC POSITIVE ION MODE","metabolite_name":"DIETHANOLAMINE","refmet_name":"Diethanolamine"},"20":{"study_id":"ST000475","analysis_id":"AN000739","analysis_summary":"UHPLC POSITIVE ION MODE","metabolite_name":"DIHYDROXYACETONE PHOSPHATE","refmet_name":"Dihydroxyacetone phosphate"},"21":{"study_id":"ST000475","analysis_id":"AN000739","analysis_summary":"UHPLC POSITIVE ION MODE","metabolite_name":"Diphenylamine","refmet_name":"Diphenylamine"},"22":{"study_id":"ST000475","analysis_id":"AN000739","analysis_summary":"UHPLC POSITIVE ION MODE","metabolite_name":"Dipropylene glycol","refmet_name":""},"23":{"study_id":"ST000475","analysis_id":"AN000739","analysis_summary":"UHPLC POSITIVE ION MODE","metabolite_name":"Erucamide","refmet_name":"13-Docosenamide"},"24":{"study_id":"ST000475","analysis_id":"AN000739","analysis_summary":"UHPLC POSITIVE ION MODE","metabolite_name":"GLUCOSAMINE\/MANNOSAMINE","refmet_name":""},"25":{"study_id":"ST000475","analysis_id":"AN000739","analysis_summary":"UHPLC POSITIVE ION MODE","metabolite_name":"Glycerophosphocholine","refmet_name":"sn-Glycero-3-phosphocholine"},"26":{"study_id":"ST000475","analysis_id":"AN000739","analysis_summary":"UHPLC POSITIVE ION MODE","metabolite_name":"Glycyl-L-leucine","refmet_name":"Gly-Leu"},"27":{"study_id":"ST000475","analysis_id":"AN000739","analysis_summary":"UHPLC POSITIVE ION MODE","metabolite_name":"GUANINE","refmet_name":"Guanine"},"28":{"study_id":"ST000475","analysis_id":"AN000739","analysis_summary":"UHPLC POSITIVE ION MODE","metabolite_name":"GUANOSINE","refmet_name":"Guanosine"},"29":{"study_id":"ST000475","analysis_id":"AN000739","analysis_summary":"UHPLC POSITIVE ION MODE","metabolite_name":"HEXOSE-6-PHOSPHATE","refmet_name":"Hexose 6-phosphate"},"30":{"study_id":"ST000475","analysis_id":"AN000739","analysis_summary":"UHPLC POSITIVE ION MODE","metabolite_name":"HEXOSE-DISACCHARIDE","refmet_name":"Hexose"},"31":{"study_id":"ST000475","analysis_id":"AN000739","analysis_summary":"UHPLC POSITIVE ION MODE","metabolite_name":"INOSINE","refmet_name":"Inosine"},"32":{"study_id":"ST000475","analysis_id":"AN000739","analysis_summary":"UHPLC POSITIVE ION MODE","metabolite_name":"Isocytosine","refmet_name":"2-Amino-4-hydroxypyrimidine"},"33":{"study_id":"ST000475","analysis_id":"AN000739","analysis_summary":"UHPLC POSITIVE ION MODE","metabolite_name":"L-CARNITINE","refmet_name":"Carnitine"},"34":{"study_id":"ST000475","analysis_id":"AN000739","analysis_summary":"UHPLC POSITIVE ION MODE","metabolite_name":"L-CYSTEINE","refmet_name":"Cysteine"},"35":{"study_id":"ST000475","analysis_id":"AN000739","analysis_summary":"UHPLC POSITIVE ION MODE","metabolite_name":"LEUCINE","refmet_name":"Leucine"},"36":{"study_id":"ST000475","analysis_id":"AN000739","analysis_summary":"UHPLC POSITIVE ION MODE","metabolite_name":"Leu Pro","refmet_name":"Leu-Pro"},"37":{"study_id":"ST000475","analysis_id":"AN000739","analysis_summary":"UHPLC POSITIVE ION MODE","metabolite_name":"L-GLUTAMIC ACID","refmet_name":"Glutamic acid"},"38":{"study_id":"ST000475","analysis_id":"AN000739","analysis_summary":"UHPLC POSITIVE ION MODE","metabolite_name":"L-GLUTAMINE","refmet_name":"Glutamine"},"39":{"study_id":"ST000475","analysis_id":"AN000739","analysis_summary":"UHPLC POSITIVE ION MODE","metabolite_name":"L-Isoleucine","refmet_name":"Isoleucine"},"40":{"study_id":"ST000475","analysis_id":"AN000739","analysis_summary":"UHPLC POSITIVE ION MODE","metabolite_name":"LL-2,6-DIAMINOHEPTANEDIOATE","refmet_name":"2,6-Diaminopimelic acid"},"41":{"study_id":"ST000475","analysis_id":"AN000739","analysis_summary":"UHPLC POSITIVE ION MODE","metabolite_name":"L-Leucine 13C6","refmet_name":"Leucine"},"42":{"study_id":"ST000475","analysis_id":"AN000739","analysis_summary":"UHPLC POSITIVE ION MODE","metabolite_name":"L-Leucine-D10","refmet_name":""},"43":{"study_id":"ST000475","analysis_id":"AN000739","analysis_summary":"UHPLC POSITIVE ION MODE","metabolite_name":"L-METHIONINE","refmet_name":"Methionine"},"44":{"study_id":"ST000475","analysis_id":"AN000739","analysis_summary":"UHPLC POSITIVE ION MODE","metabolite_name":"L-Phenylalanine 13C6","refmet_name":"Phenylalanine"},"45":{"study_id":"ST000475","analysis_id":"AN000739","analysis_summary":"UHPLC POSITIVE ION MODE","metabolite_name":"L-PROLINE","refmet_name":"Proline"},"46":{"study_id":"ST000475","analysis_id":"AN000739","analysis_summary":"UHPLC POSITIVE ION MODE","metabolite_name":"L-Tryptophan 13C11","refmet_name":"Tryptophan"},"47":{"study_id":"ST000475","analysis_id":"AN000739","analysis_summary":"UHPLC POSITIVE ION MODE","metabolite_name":"L-Tyrosine 13C6","refmet_name":"Tyrosine"},"48":{"study_id":"ST000475","analysis_id":"AN000739","analysis_summary":"UHPLC POSITIVE ION MODE","metabolite_name":"L-VALINE\/5-AMINOPENTANOATE\/L-NORVALINE","refmet_name":""},"49":{"study_id":"ST000475","analysis_id":"AN000739","analysis_summary":"UHPLC POSITIVE ION MODE","metabolite_name":"LysoPC (18:2)","refmet_name":"LPC 18:2"},"50":{"study_id":"ST000475","analysis_id":"AN000739","analysis_summary":"UHPLC POSITIVE ION MODE","metabolite_name":"LysoPE (18:0)","refmet_name":"LPE 18:0"},"51":{"study_id":"ST000475","analysis_id":"AN000739","analysis_summary":"UHPLC POSITIVE ION MODE","metabolite_name":"LysoPE (18:1)","refmet_name":"LPE 18:1"},"52":{"study_id":"ST000475","analysis_id":"AN000739","analysis_summary":"UHPLC POSITIVE ION MODE","metabolite_name":"LysoPE (20:4)","refmet_name":"LPE 20:4"},"53":{"study_id":"ST000475","analysis_id":"AN000739","analysis_summary":"UHPLC POSITIVE ION MODE","metabolite_name":"METHYL BETA-D-GALACTOSIDE","refmet_name":"Methyl beta-D-galactoside"},"54":{"study_id":"ST000475","analysis_id":"AN000739","analysis_summary":"UHPLC POSITIVE ION MODE","metabolite_name":"Monobutyl phthalate","refmet_name":"Monobutylphthalate"},"55":{"study_id":"ST000475","analysis_id":"AN000739","analysis_summary":"UHPLC POSITIVE ION MODE","metabolite_name":"N-ACETYL-HEXOSAMINE","refmet_name":"N-Acetylhexosamine"},"56":{"study_id":"ST000475","analysis_id":"AN000739","analysis_summary":"UHPLC POSITIVE ION MODE","metabolite_name":"N-ACETYLNEURAMINATE","refmet_name":"N-Acetylneuraminic acid"},"57":{"study_id":"ST000475","analysis_id":"AN000739","analysis_summary":"UHPLC POSITIVE ION MODE","metabolite_name":"N-ACETYLPUTRESCINE","refmet_name":"N-Acetylputrescine"},"58":{"study_id":"ST000475","analysis_id":"AN000739","analysis_summary":"UHPLC POSITIVE ION MODE","metabolite_name":"N-BOC-L-Aspartic Acid","refmet_name":"Aspartic acid"},"59":{"study_id":"ST000475","analysis_id":"AN000739","analysis_summary":"UHPLC POSITIVE ION MODE","metabolite_name":"Orthophosphate","refmet_name":"Phosphoric acid"},"60":{"study_id":"ST000475","analysis_id":"AN000739","analysis_summary":"UHPLC POSITIVE ION MODE","metabolite_name":"Pantothenic Acid","refmet_name":"Pantothenic acid"},"61":{"study_id":"ST000475","analysis_id":"AN000739","analysis_summary":"UHPLC POSITIVE ION MODE","metabolite_name":"PEG n5","refmet_name":"Pentaethylene glycol"},"62":{"study_id":"ST000475","analysis_id":"AN000739","analysis_summary":"UHPLC POSITIVE ION MODE","metabolite_name":"PHENETHYLAMINE","refmet_name":"Phenylethylamine"},"63":{"study_id":"ST000475","analysis_id":"AN000739","analysis_summary":"UHPLC POSITIVE ION MODE","metabolite_name":"PHOSPHOCHOLINE","refmet_name":"Choline phosphate"},"64":{"study_id":"ST000475","analysis_id":"AN000739","analysis_summary":"UHPLC POSITIVE ION MODE","metabolite_name":"Pyroglutamic Acid","refmet_name":"Pyroglutamic acid"},"65":{"study_id":"ST000475","analysis_id":"AN000739","analysis_summary":"UHPLC POSITIVE ION MODE","metabolite_name":"THREONINE\/HOMOSERINE","refmet_name":"Threonine\/Homoserine"},"66":{"study_id":"ST000475","analysis_id":"AN000739","analysis_summary":"UHPLC POSITIVE ION MODE","metabolite_name":"TRANS-CINNAMATE","refmet_name":"trans-Cinnamic acid"},"67":{"study_id":"ST000475","analysis_id":"AN000739","analysis_summary":"UHPLC POSITIVE ION MODE","metabolite_name":"Triethyl phosphate","refmet_name":"Triethyl phosphate"},"68":{"study_id":"ST000475","analysis_id":"AN000739","analysis_summary":"UHPLC POSITIVE ION MODE","metabolite_name":"Trigonelline","refmet_name":"Trigonelline"},"69":{"study_id":"ST000475","analysis_id":"AN000739","analysis_summary":"UHPLC POSITIVE ION MODE","metabolite_name":"Tryptophan","refmet_name":"Tryptophan"},"70":{"study_id":"ST000475","analysis_id":"AN000739","analysis_summary":"UHPLC POSITIVE ION MODE","metabolite_name":"Tryptophan-2,3,3-D3","refmet_name":"Tryptophan"},"71":{"study_id":"ST000475","analysis_id":"AN000739","analysis_summary":"UHPLC POSITIVE ION MODE","metabolite_name":"Tryptophan-2,3,3-D3-NH3","refmet_name":"Tryptophan"},"72":{"study_id":"ST000475","analysis_id":"AN000739","analysis_summary":"UHPLC POSITIVE ION MODE","metabolite_name":"Tryptophan-NH3","refmet_name":"Tryptophan"},"73":{"study_id":"ST000475","analysis_id":"AN000740","analysis_summary":"UHPLC NEGATIVE ION MODE","metabolite_name":"3-tert-Butyladipic acid","refmet_name":"Sebacic acid"},"74":{"study_id":"ST000475","analysis_id":"AN000740","analysis_summary":"UHPLC NEGATIVE ION MODE","metabolite_name":"4-oxoproline","refmet_name":"4-Oxo-proline"},"75":{"study_id":"ST000475","analysis_id":"AN000740","analysis_summary":"UHPLC NEGATIVE ION MODE","metabolite_name":"ADP","refmet_name":"Adenosine"},"76":{"study_id":"ST000475","analysis_id":"AN000740","analysis_summary":"UHPLC NEGATIVE ION MODE","metabolite_name":"ASPARTATE","refmet_name":"Aspartic acid"},"77":{"study_id":"ST000475","analysis_id":"AN000740","analysis_summary":"UHPLC NEGATIVE ION MODE","metabolite_name":"C12H22O11-DISACCHARIDE-(6C\/6C; GLC-GLC\/GLC-FRC\/GAL-GLC)","refmet_name":""},"78":{"study_id":"ST000475","analysis_id":"AN000740","analysis_summary":"UHPLC NEGATIVE ION MODE","metabolite_name":"C6H12O6-HEXOSE\/KETOSE\/INOSITOL","refmet_name":"Hexose"},"79":{"study_id":"ST000475","analysis_id":"AN000740","analysis_summary":"UHPLC NEGATIVE ION MODE","metabolite_name":"CITRATE","refmet_name":"Citric acid"},"80":{"study_id":"ST000475","analysis_id":"AN000740","analysis_summary":"UHPLC NEGATIVE ION MODE","metabolite_name":"CITRIC ACID-13C6","refmet_name":"Citric acid"},"81":{"study_id":"ST000475","analysis_id":"AN000740","analysis_summary":"UHPLC NEGATIVE ION MODE","metabolite_name":"CMP","refmet_name":"CMP"},"82":{"study_id":"ST000475","analysis_id":"AN000740","analysis_summary":"UHPLC NEGATIVE ION MODE","metabolite_name":"CREATINE","refmet_name":"Creatine"},"83":{"study_id":"ST000475","analysis_id":"AN000740","analysis_summary":"UHPLC NEGATIVE ION MODE","metabolite_name":"DIHYDROXYACETONE PHOSPHATE","refmet_name":"Dihydroxyacetone phosphate"},"84":{"study_id":"ST000475","analysis_id":"AN000740","analysis_summary":"UHPLC NEGATIVE ION MODE","metabolite_name":"Dinoterb (herbicide)","refmet_name":""},"85":{"study_id":"ST000475","analysis_id":"AN000740","analysis_summary":"UHPLC NEGATIVE ION MODE","metabolite_name":"DISACCHARIDE (6C\/6C)\/2-alpha-D-glucosyl-D-glucose","refmet_name":""},"86":{"study_id":"ST000475","analysis_id":"AN000740","analysis_summary":"UHPLC NEGATIVE ION MODE","metabolite_name":"D-RIBOSE 5-PHOSPHATE\/RIBULOSE 5-PHOSPHATE","refmet_name":"Ribose"},"87":{"study_id":"ST000475","analysis_id":"AN000740","analysis_summary":"UHPLC NEGATIVE ION MODE","metabolite_name":"Fructose 1,6-bisphosphate","refmet_name":"Fructose 1,6-bisphosphate"},"88":{"study_id":"ST000475","analysis_id":"AN000740","analysis_summary":"UHPLC NEGATIVE ION MODE","metabolite_name":"GLUCOSE\/FRUCTOSE_R1","refmet_name":"Hexose"},"89":{"study_id":"ST000475","analysis_id":"AN000740","analysis_summary":"UHPLC NEGATIVE ION MODE","metabolite_name":"GLUCOSE\/FRUCTOSE_R2","refmet_name":"Hexose"},"90":{"study_id":"ST000475","analysis_id":"AN000740","analysis_summary":"UHPLC NEGATIVE ION MODE","metabolite_name":"GLUTATHIONE","refmet_name":"Glutathione"},"91":{"study_id":"ST000475","analysis_id":"AN000740","analysis_summary":"UHPLC NEGATIVE ION MODE","metabolite_name":"GLYCERALDEHYDE\/LACTATE","refmet_name":""},"92":{"study_id":"ST000475","analysis_id":"AN000740","analysis_summary":"UHPLC NEGATIVE ION MODE","metabolite_name":"GLYCEROL 2-PHOSPHATE\/SN-GLYCEROL 3-PHOSPHATE","refmet_name":"2-Phosphoglyceric acid"},"93":{"study_id":"ST000475","analysis_id":"AN000740","analysis_summary":"UHPLC NEGATIVE ION MODE","metabolite_name":"GUANINE","refmet_name":"Guanine"},"94":{"study_id":"ST000475","analysis_id":"AN000740","analysis_summary":"UHPLC NEGATIVE ION MODE","metabolite_name":"HYPOXANTHINE","refmet_name":"Hypoxanthine"},"95":{"study_id":"ST000475","analysis_id":"AN000740","analysis_summary":"UHPLC NEGATIVE ION MODE","metabolite_name":"INOSINE","refmet_name":"Inosine"},"96":{"study_id":"ST000475","analysis_id":"AN000740","analysis_summary":"UHPLC NEGATIVE ION MODE","metabolite_name":"ISOCITRIC ACID","refmet_name":"Isocitric acid"},"97":{"study_id":"ST000475","analysis_id":"AN000740","analysis_summary":"UHPLC NEGATIVE ION MODE","metabolite_name":"L-GLUTAMIC ACID","refmet_name":"Glutamic acid"},"98":{"study_id":"ST000475","analysis_id":"AN000740","analysis_summary":"UHPLC NEGATIVE ION MODE","metabolite_name":"L-GLUTAMINE","refmet_name":"Glutamine"},"99":{"study_id":"ST000475","analysis_id":"AN000740","analysis_summary":"UHPLC NEGATIVE ION MODE","metabolite_name":"L-Tryptophan-13C11","refmet_name":"Tryptophan"},"100":{"study_id":"ST000475","analysis_id":"AN000740","analysis_summary":"UHPLC NEGATIVE ION MODE","metabolite_name":"LysoPE (18:0)","refmet_name":"LPE 18:0"},"101":{"study_id":"ST000475","analysis_id":"AN000740","analysis_summary":"UHPLC NEGATIVE ION MODE","metabolite_name":"LysoPE (18:1)","refmet_name":"LPE 18:1"},"102":{"study_id":"ST000475","analysis_id":"AN000740","analysis_summary":"UHPLC NEGATIVE ION MODE","metabolite_name":"LysoPE (20:4)","refmet_name":"LPE 20:4"},"103":{"study_id":"ST000475","analysis_id":"AN000740","analysis_summary":"UHPLC NEGATIVE ION MODE","metabolite_name":"MALATE","refmet_name":"Malic acid"},"104":{"study_id":"ST000475","analysis_id":"AN000740","analysis_summary":"UHPLC NEGATIVE ION MODE","metabolite_name":"Mono-(2-Ethylhexyl) Phthalate","refmet_name":"Monoethylhexyl phthalic acid"},"105":{"study_id":"ST000475","analysis_id":"AN000740","analysis_summary":"UHPLC NEGATIVE ION MODE","metabolite_name":"N-ACETYL-DL-GLUTAMIC ACID","refmet_name":"N-Acetylglutamic acid"},"106":{"study_id":"ST000475","analysis_id":"AN000740","analysis_summary":"UHPLC NEGATIVE ION MODE","metabolite_name":"N-ACETYL-L-ASPARTIC ACID","refmet_name":"N-Acetylaspartic acid"},"107":{"study_id":"ST000475","analysis_id":"AN000740","analysis_summary":"UHPLC NEGATIVE ION MODE","metabolite_name":"N-ACETYLNEURAMINATE","refmet_name":"N-Acetylneuraminic acid"},"108":{"study_id":"ST000475","analysis_id":"AN000740","analysis_summary":"UHPLC NEGATIVE ION MODE","metabolite_name":"PHOSPHOCHOLINE","refmet_name":"Choline phosphate"},"109":{"study_id":"ST000475","analysis_id":"AN000740","analysis_summary":"UHPLC NEGATIVE ION MODE","metabolite_name":"SARCOSINE\/BETA-ALANINE","refmet_name":""},"110":{"study_id":"ST000475","analysis_id":"AN000740","analysis_summary":"UHPLC NEGATIVE ION MODE","metabolite_name":"TAURINE","refmet_name":"Taurine"},"111":{"study_id":"ST000475","analysis_id":"AN000740","analysis_summary":"UHPLC NEGATIVE ION MODE","metabolite_name":"Tryptophan-2,3,3-D3","refmet_name":"Tryptophan"},"112":{"study_id":"ST000475","analysis_id":"AN000740","analysis_summary":"UHPLC NEGATIVE ION MODE","metabolite_name":"URATE","refmet_name":"Uric acid"},"113":{"study_id":"ST000475","analysis_id":"AN000740","analysis_summary":"UHPLC NEGATIVE ION MODE","metabolite_name":"URIDINE-5-MONOPHOSPHATE","refmet_name":"UMP"}}