{"1":{"study_id":"ST000054","analysis_id":"AN000092","analysis_summary":"MS positive ion mode","metabolite_name":"1-monopalmitin","refmet_name":"MG 16:0\/0:0\/0:0"},"2":{"study_id":"ST000054","analysis_id":"AN000092","analysis_summary":"MS positive ion mode","metabolite_name":"1-monostearin","refmet_name":"MG 18:0\/0:0\/0:0"},"3":{"study_id":"ST000054","analysis_id":"AN000092","analysis_summary":"MS positive ion mode","metabolite_name":"2-hydroxybutanoic acid","refmet_name":"2-Hydroxybutyric acid"},"4":{"study_id":"ST000054","analysis_id":"AN000092","analysis_summary":"MS positive ion mode","metabolite_name":"alpha-ketoglutarate","refmet_name":"Oxoglutaric acid"},"5":{"study_id":"ST000054","analysis_id":"AN000092","analysis_summary":"MS positive ion mode","metabolite_name":"alpha tocopherol","refmet_name":"alpha-Tocopherol"},"6":{"study_id":"ST000054","analysis_id":"AN000092","analysis_summary":"MS positive ion mode","metabolite_name":"aminomalonic acid","refmet_name":"Aminomalonic acid"},"7":{"study_id":"ST000054","analysis_id":"AN000092","analysis_summary":"MS positive ion mode","metabolite_name":"arachidiic acid","refmet_name":"Arachidic acid"},"8":{"study_id":"ST000054","analysis_id":"AN000092","analysis_summary":"MS positive ion mode","metabolite_name":"aspartate minor","refmet_name":"Aspartic acid"},"9":{"study_id":"ST000054","analysis_id":"AN000092","analysis_summary":"MS positive ion mode","metabolite_name":"behenic acid","refmet_name":"Behenic acid"},"10":{"study_id":"ST000054","analysis_id":"AN000092","analysis_summary":"MS positive ion mode","metabolite_name":"benzoic acid","refmet_name":"Benzoic acid"},"11":{"study_id":"ST000054","analysis_id":"AN000092","analysis_summary":"MS positive ion mode","metabolite_name":"beta-hydroxybutyric acid","refmet_name":"3-Hydroxybutyric acid"},"12":{"study_id":"ST000054","analysis_id":"AN000092","analysis_summary":"MS positive ion mode","metabolite_name":"caprylic acid","refmet_name":"Caprylic acid"},"13":{"study_id":"ST000054","analysis_id":"AN000092","analysis_summary":"MS positive ion mode","metabolite_name":"chlorogenic acid major","refmet_name":"Chlorogenic acid"},"14":{"study_id":"ST000054","analysis_id":"AN000092","analysis_summary":"MS positive ion mode","metabolite_name":"cholesterol","refmet_name":"Cholesterol"},"15":{"study_id":"ST000054","analysis_id":"AN000092","analysis_summary":"MS positive ion mode","metabolite_name":"citric acid","refmet_name":"Citric acid"},"16":{"study_id":"ST000054","analysis_id":"AN000092","analysis_summary":"MS positive ion mode","metabolite_name":"creatine major dehydrated TMS3","refmet_name":"Creatine"},"17":{"study_id":"ST000054","analysis_id":"AN000092","analysis_summary":"MS positive ion mode","metabolite_name":"glutamic acid 2TMS","refmet_name":"Glutamic acid"},"18":{"study_id":"ST000054","analysis_id":"AN000092","analysis_summary":"MS positive ion mode","metabolite_name":"glycerol","refmet_name":"Glycerol"},"19":{"study_id":"ST000054","analysis_id":"AN000092","analysis_summary":"MS positive ion mode","metabolite_name":"heptadecanoic acid","refmet_name":"Margaric acid"},"20":{"study_id":"ST000054","analysis_id":"AN000092","analysis_summary":"MS positive ion mode","metabolite_name":"isoleucine","refmet_name":"Isoleucine"},"21":{"study_id":"ST000054","analysis_id":"AN000092","analysis_summary":"MS positive ion mode","metabolite_name":"lauric acid","refmet_name":"Lauric acid"},"22":{"study_id":"ST000054","analysis_id":"AN000092","analysis_summary":"MS positive ion mode","metabolite_name":"linoleic acid","refmet_name":"Linoleic acid"},"23":{"study_id":"ST000054","analysis_id":"AN000092","analysis_summary":"MS positive ion mode","metabolite_name":"lysine","refmet_name":"Lysine"},"24":{"study_id":"ST000054","analysis_id":"AN000092","analysis_summary":"MS positive ion mode","metabolite_name":"maleimide","refmet_name":"Maleimide"},"25":{"study_id":"ST000054","analysis_id":"AN000092","analysis_summary":"MS positive ion mode","metabolite_name":"malic acid","refmet_name":"Malic acid"},"26":{"study_id":"ST000054","analysis_id":"AN000092","analysis_summary":"MS positive ion mode","metabolite_name":"myristic acid","refmet_name":"Myristic acid"},"27":{"study_id":"ST000054","analysis_id":"AN000092","analysis_summary":"MS positive ion mode","metabolite_name":"N-acetyl-L-aspartic acid 1","refmet_name":"N-Acetylaspartic acid"},"28":{"study_id":"ST000054","analysis_id":"AN000092","analysis_summary":"MS positive ion mode","metabolite_name":"octadecanol","refmet_name":"Stearyl alcohol"},"29":{"study_id":"ST000054","analysis_id":"AN000092","analysis_summary":"MS positive ion mode","metabolite_name":"oleic acid","refmet_name":"Oleic acid"},"30":{"study_id":"ST000054","analysis_id":"AN000092","analysis_summary":"MS positive ion mode","metabolite_name":"oxalic acid","refmet_name":"Oxalic acid"},"31":{"study_id":"ST000054","analysis_id":"AN000092","analysis_summary":"MS positive ion mode","metabolite_name":"oxoproline","refmet_name":"Pyroglutamic acid"},"32":{"study_id":"ST000054","analysis_id":"AN000092","analysis_summary":"MS positive ion mode","metabolite_name":"palmitic acid","refmet_name":"Palmitic acid"},"33":{"study_id":"ST000054","analysis_id":"AN000092","analysis_summary":"MS positive ion mode","metabolite_name":"palmitoleic acid","refmet_name":"Palmitoleic acid"},"34":{"study_id":"ST000054","analysis_id":"AN000092","analysis_summary":"MS positive ion mode","metabolite_name":"pelargonic acid","refmet_name":"Pelargonic acid"},"35":{"study_id":"ST000054","analysis_id":"AN000092","analysis_summary":"MS positive ion mode","metabolite_name":"pentadecanoic acid","refmet_name":"Pentadecylic acid"},"36":{"study_id":"ST000054","analysis_id":"AN000092","analysis_summary":"MS positive ion mode","metabolite_name":"phosphate","refmet_name":"Phosphoric acid"},"37":{"study_id":"ST000054","analysis_id":"AN000092","analysis_summary":"MS positive ion mode","metabolite_name":"pinitol","refmet_name":"Pinitol"},"38":{"study_id":"ST000054","analysis_id":"AN000092","analysis_summary":"MS positive ion mode","metabolite_name":"proline","refmet_name":"Proline"},"39":{"study_id":"ST000054","analysis_id":"AN000092","analysis_summary":"MS positive ion mode","metabolite_name":"ribitol","refmet_name":"Ribitol"},"40":{"study_id":"ST000054","analysis_id":"AN000092","analysis_summary":"MS positive ion mode","metabolite_name":"salicylic acid","refmet_name":"Salicylic acid"},"41":{"study_id":"ST000054","analysis_id":"AN000092","analysis_summary":"MS positive ion mode","metabolite_name":"serine","refmet_name":"Serine"},"42":{"study_id":"ST000054","analysis_id":"AN000092","analysis_summary":"MS positive ion mode","metabolite_name":"serine minor","refmet_name":"Serine"},"43":{"study_id":"ST000054","analysis_id":"AN000092","analysis_summary":"MS positive ion mode","metabolite_name":"shikimic acid","refmet_name":"Shikimic acid"},"44":{"study_id":"ST000054","analysis_id":"AN000092","analysis_summary":"MS positive ion mode","metabolite_name":"sorbitol","refmet_name":"Sorbitol"},"45":{"study_id":"ST000054","analysis_id":"AN000092","analysis_summary":"MS positive ion mode","metabolite_name":"stearic acid","refmet_name":"Stearic acid"},"46":{"study_id":"ST000054","analysis_id":"AN000092","analysis_summary":"MS positive ion mode","metabolite_name":"succinate semialdehyde meox1","refmet_name":"Succinic acid semialdehyde"},"47":{"study_id":"ST000054","analysis_id":"AN000092","analysis_summary":"MS positive ion mode","metabolite_name":"threonine","refmet_name":"Threonine"},"48":{"study_id":"ST000054","analysis_id":"AN000092","analysis_summary":"MS positive ion mode","metabolite_name":"threonine minor","refmet_name":"Threonine"},"49":{"study_id":"ST000054","analysis_id":"AN000092","analysis_summary":"MS positive ion mode","metabolite_name":"trans-4-hydroxy-L-proline minor1","refmet_name":"trans-4-Hydroxyproline"},"50":{"study_id":"ST000054","analysis_id":"AN000092","analysis_summary":"MS positive ion mode","metabolite_name":"urea","refmet_name":"Urea"},"51":{"study_id":"ST000054","analysis_id":"AN000092","analysis_summary":"MS positive ion mode","metabolite_name":"valine","refmet_name":"Valine"},"52":{"study_id":"ST000054","analysis_id":"AN000092","analysis_summary":"MS positive ion mode","metabolite_name":"z dioctylphtalate","refmet_name":""}}