{"1":{"study_id":"ST000196","analysis_id":"AN000298","analysis_summary":"ESI negative ion mode","metabolite_name":"3a,7a,12a-trihydroxycholestanoic acid","refmet_name":"Coprocholic acid"},"2":{"study_id":"ST000196","analysis_id":"AN000298","analysis_summary":"ESI negative ion mode","metabolite_name":"?a-Muricholic acid","refmet_name":"alpha-Muricholic acid"},"3":{"study_id":"ST000196","analysis_id":"AN000298","analysis_summary":"ESI negative ion mode","metabolite_name":"b-Muricholic acid","refmet_name":"beta-Muricholic acid"},"4":{"study_id":"ST000196","analysis_id":"AN000298","analysis_summary":"ESI negative ion mode","metabolite_name":"Chenodeoxycholic acid","refmet_name":"Chenodeoxycholic acid"},"5":{"study_id":"ST000196","analysis_id":"AN000298","analysis_summary":"ESI negative ion mode","metabolite_name":"Cholic acid","refmet_name":"Cholic acid"},"6":{"study_id":"ST000196","analysis_id":"AN000298","analysis_summary":"ESI negative ion mode","metabolite_name":"Deoxycholic acid","refmet_name":"Deoxycholic acid"},"7":{"study_id":"ST000196","analysis_id":"AN000298","analysis_summary":"ESI negative ion mode","metabolite_name":"Glychocholic acid","refmet_name":"Glycocholic acid"},"8":{"study_id":"ST000196","analysis_id":"AN000298","analysis_summary":"ESI negative ion mode","metabolite_name":"Glycochenodeoxycholic acid","refmet_name":"Glycochenodeoxycholic acid"},"9":{"study_id":"ST000196","analysis_id":"AN000298","analysis_summary":"ESI negative ion mode","metabolite_name":"Glycodeoxycholic acid","refmet_name":"Glycodeoxycholic acid"},"10":{"study_id":"ST000196","analysis_id":"AN000298","analysis_summary":"ESI negative ion mode","metabolite_name":"Glycohyocholic acid","refmet_name":"Glycohyocholic acid"},"11":{"study_id":"ST000196","analysis_id":"AN000298","analysis_summary":"ESI negative ion mode","metabolite_name":"Glycohyodeoxycholic acid","refmet_name":"Glycohyodeoxycholic acid"},"12":{"study_id":"ST000196","analysis_id":"AN000298","analysis_summary":"ESI negative ion mode","metabolite_name":"Glycolithocholic acid","refmet_name":"Glycolithocholic acid"},"13":{"study_id":"ST000196","analysis_id":"AN000298","analysis_summary":"ESI negative ion mode","metabolite_name":"Glycoursodeoxycholic acid","refmet_name":"Glycoursodeoxycholic acid"},"14":{"study_id":"ST000196","analysis_id":"AN000298","analysis_summary":"ESI negative ion mode","metabolite_name":"g-Muricholic acid (hyocholic acid)","refmet_name":"Hyocholic acid"},"15":{"study_id":"ST000196","analysis_id":"AN000298","analysis_summary":"ESI negative ion mode","metabolite_name":"Hyodeoxycholic acid","refmet_name":"Hyodeoxycholic acid"},"16":{"study_id":"ST000196","analysis_id":"AN000298","analysis_summary":"ESI negative ion mode","metabolite_name":"Isolithocholic acid","refmet_name":"Isolithocholic acid"},"17":{"study_id":"ST000196","analysis_id":"AN000298","analysis_summary":"ESI negative ion mode","metabolite_name":"Lithocholic acid","refmet_name":"Lithocholic acid"},"18":{"study_id":"ST000196","analysis_id":"AN000298","analysis_summary":"ESI negative ion mode","metabolite_name":"Tauro-alpha-muricholic acid","refmet_name":"Tauro-alpha-muricholic acid"},"19":{"study_id":"ST000196","analysis_id":"AN000298","analysis_summary":"ESI negative ion mode","metabolite_name":"Tauro-beta-muricholic acid","refmet_name":"Tauro-beta-muricholic acid"},"20":{"study_id":"ST000196","analysis_id":"AN000298","analysis_summary":"ESI negative ion mode","metabolite_name":"Taurochenodeoxycholic acid","refmet_name":"Taurochenodeoxycholic acid"},"21":{"study_id":"ST000196","analysis_id":"AN000298","analysis_summary":"ESI negative ion mode","metabolite_name":"Taurocholic acid","refmet_name":"Taurocholic acid"},"22":{"study_id":"ST000196","analysis_id":"AN000298","analysis_summary":"ESI negative ion mode","metabolite_name":"Taurodeoxycholic acid","refmet_name":"Taurodeoxycholic acid"},"23":{"study_id":"ST000196","analysis_id":"AN000298","analysis_summary":"ESI negative ion mode","metabolite_name":"TAUROHYODEOXYCHOLIC ACID","refmet_name":"Taurohyodeoxycholic acid"},"24":{"study_id":"ST000196","analysis_id":"AN000298","analysis_summary":"ESI negative ion mode","metabolite_name":"Taurolithocolic acid","refmet_name":"Taurolithocholic acid"},"25":{"study_id":"ST000196","analysis_id":"AN000298","analysis_summary":"ESI negative ion mode","metabolite_name":"Ursodeoxycholic acid","refmet_name":"Ursodeoxycholic acid"},"26":{"study_id":"ST000196","analysis_id":"AN000298","analysis_summary":"ESI negative ion mode","metabolite_name":"w-Muricholic acid","refmet_name":"omega-Muricholic acid"}}