{"1":{"study_id":"ST000090","analysis_id":"AN000143","analysis_summary":"MS positive ion mode","metabolite_name":"12-HYDROXY-DODECANOIC ACID","refmet_name":"12-Hydroxy lauric acid"},"2":{"study_id":"ST000090","analysis_id":"AN000143","analysis_summary":"MS positive ion mode","metabolite_name":"[13C]-ARGININE","refmet_name":"Arginine"},"3":{"study_id":"ST000090","analysis_id":"AN000143","analysis_summary":"MS positive ion mode","metabolite_name":"[13C]-ASPARTIC ACID","refmet_name":"Aspartic acid"},"4":{"study_id":"ST000090","analysis_id":"AN000143","analysis_summary":"MS positive ion mode","metabolite_name":"[13C]-GLUTAMATE","refmet_name":"Glutamic acid"},"5":{"study_id":"ST000090","analysis_id":"AN000143","analysis_summary":"MS positive ion mode","metabolite_name":"[13C]-ISOLEUCINE","refmet_name":"Isoleucine"},"6":{"study_id":"ST000090","analysis_id":"AN000143","analysis_summary":"MS positive ion mode","metabolite_name":"[13C]-LEUCINE","refmet_name":"Leucine"},"7":{"study_id":"ST000090","analysis_id":"AN000143","analysis_summary":"MS positive ion mode","metabolite_name":"[13C]-LYSINE","refmet_name":"Lysine"},"8":{"study_id":"ST000090","analysis_id":"AN000143","analysis_summary":"MS positive ion mode","metabolite_name":"[13C]-METHIONINE","refmet_name":"Methionine"},"9":{"study_id":"ST000090","analysis_id":"AN000143","analysis_summary":"MS positive ion mode","metabolite_name":"[13C]-PHENYLALANINE","refmet_name":"Phenylalanine"},"10":{"study_id":"ST000090","analysis_id":"AN000143","analysis_summary":"MS positive ion mode","metabolite_name":"[13C]-PROLINE","refmet_name":"Proline"},"11":{"study_id":"ST000090","analysis_id":"AN000143","analysis_summary":"MS positive ion mode","metabolite_name":"[13C]-THREONINE","refmet_name":"Threonine"},"12":{"study_id":"ST000090","analysis_id":"AN000143","analysis_summary":"MS positive ion mode","metabolite_name":"[13C]-TYROSINE","refmet_name":"Tyrosine"},"13":{"study_id":"ST000090","analysis_id":"AN000143","analysis_summary":"MS positive ion mode","metabolite_name":"[13C]-VALINE","refmet_name":"Valine"},"14":{"study_id":"ST000090","analysis_id":"AN000143","analysis_summary":"MS positive ion mode","metabolite_name":"1-METHYLADENOSINE","refmet_name":"1-Methyladenosine"},"15":{"study_id":"ST000090","analysis_id":"AN000143","analysis_summary":"MS positive ion mode","metabolite_name":"1-METHYLNICOTINAMIDE","refmet_name":"1-Methyl nicotinamide"},"16":{"study_id":"ST000090","analysis_id":"AN000143","analysis_summary":"MS positive ion mode","metabolite_name":"1-OLEOYL-RAC-GLYCEROL","refmet_name":"MG 18:1"},"17":{"study_id":"ST000090","analysis_id":"AN000143","analysis_summary":"MS positive ion mode","metabolite_name":"2`,4`-DIHYDROXYACETOPHENONE","refmet_name":"2',4'-Dihydroxyacetophenone"},"18":{"study_id":"ST000090","analysis_id":"AN000143","analysis_summary":"MS positive ion mode","metabolite_name":"25-HYDROXYCHOLESTEROL","refmet_name":"25-Hydroxycholesterol"},"19":{"study_id":"ST000090","analysis_id":"AN000143","analysis_summary":"MS positive ion mode","metabolite_name":"2-AMINO-2-DEOXYHEXOPYRANOSE","refmet_name":""},"20":{"study_id":"ST000090","analysis_id":"AN000143","analysis_summary":"MS positive ion mode","metabolite_name":"2`-DEOXYCYTIDINE","refmet_name":"Deoxycytidine"},"21":{"study_id":"ST000090","analysis_id":"AN000143","analysis_summary":"MS positive ion mode","metabolite_name":"2-DEOXY-D-GLUCOSE","refmet_name":"2-Deoxy-glucose"},"22":{"study_id":"ST000090","analysis_id":"AN000143","analysis_summary":"MS positive ion mode","metabolite_name":"2-HYDROXY-4-(METHYLTHIO)BUTYRIC ACID","refmet_name":"2-Hydroxy-4-(methylthio)butanoic acid"},"23":{"study_id":"ST000090","analysis_id":"AN000143","analysis_summary":"MS positive ion mode","metabolite_name":"2-HYDROXYBUTYRIC ACID","refmet_name":"2-Hydroxybutyric acid"},"24":{"study_id":"ST000090","analysis_id":"AN000143","analysis_summary":"MS positive ion mode","metabolite_name":"2-HYDROXYPHENYLACETIC ACID","refmet_name":"2-Hydroxyphenylacetic acid"},"25":{"study_id":"ST000090","analysis_id":"AN000143","analysis_summary":"MS positive ion mode","metabolite_name":"2-METHYLGLUTARIC ACID","refmet_name":"2-Methylglutaric acid"},"26":{"study_id":"ST000090","analysis_id":"AN000143","analysis_summary":"MS positive ion mode","metabolite_name":"2-METHYLMALEATE","refmet_name":"Citraconic acid"},"27":{"study_id":"ST000090","analysis_id":"AN000143","analysis_summary":"MS positive ion mode","metabolite_name":"2-QUINOLINECARBOXYLIC ACID","refmet_name":"Quinaldic acid"},"28":{"study_id":"ST000090","analysis_id":"AN000143","analysis_summary":"MS positive ion mode","metabolite_name":"3,4-DIHYDROXYBENZOATE","refmet_name":"Protocatechuic acid"},"29":{"study_id":"ST000090","analysis_id":"AN000143","analysis_summary":"MS positive ion mode","metabolite_name":"3-(CYSTEIN-S-YL)ACETAMINOPHEN (*)","refmet_name":"3-(Cystein-S-yl)acetaminophen"},"30":{"study_id":"ST000090","analysis_id":"AN000143","analysis_summary":"MS positive ion mode","metabolite_name":"3-HYDROXY-3-METHYLGLUTARATE","refmet_name":"3-Hydroxymethylglutaric acid"},"31":{"study_id":"ST000090","analysis_id":"AN000143","analysis_summary":"MS positive ion mode","metabolite_name":"3-METHOXY-L-TYROSINE","refmet_name":"3-Methoxytyrosine"},"32":{"study_id":"ST000090","analysis_id":"AN000143","analysis_summary":"MS positive ion mode","metabolite_name":"3-UREIDOPROPIONIC ACID","refmet_name":"Ureidopropionic acid"},"33":{"study_id":"ST000090","analysis_id":"AN000143","analysis_summary":"MS positive ion mode","metabolite_name":"4-ACETAMIDOBUTANOATE","refmet_name":"4-Acetamidobutanoic acid"},"34":{"study_id":"ST000090","analysis_id":"AN000143","analysis_summary":"MS positive ion mode","metabolite_name":"4-AMINOBENZOYLGLUTAMIC ACID","refmet_name":"4-Aminobenzoylglutamic acid"},"35":{"study_id":"ST000090","analysis_id":"AN000143","analysis_summary":"MS positive ion mode","metabolite_name":"4-COUMARATE","refmet_name":"cis-p-Coumaric acid"},"36":{"study_id":"ST000090","analysis_id":"AN000143","analysis_summary":"MS positive ion mode","metabolite_name":"4-GUANIDINOBUTANOIC ACID","refmet_name":"4-Guanidinobutanoic acid"},"37":{"study_id":"ST000090","analysis_id":"AN000143","analysis_summary":"MS positive ion mode","metabolite_name":"4-METHYLCATECHOL","refmet_name":"4-Methylcatechol"},"38":{"study_id":"ST000090","analysis_id":"AN000143","analysis_summary":"MS positive ion mode","metabolite_name":"4-PYRIDOXATE","refmet_name":"4-Pyridoxic acid"},"39":{"study_id":"ST000090","analysis_id":"AN000143","analysis_summary":"MS positive ion mode","metabolite_name":"5-Aminoimidazole ribotide (*)","refmet_name":"5-Aminoimidazole ribonucleotide"},"40":{"study_id":"ST000090","analysis_id":"AN000143","analysis_summary":"MS positive ion mode","metabolite_name":"5-HYDROXY-L-TRYPTOPHAN","refmet_name":"5-Hydroxy-tryptophan"},"41":{"study_id":"ST000090","analysis_id":"AN000143","analysis_summary":"MS positive ion mode","metabolite_name":"5-HYDROXYPENTANOIC ACID","refmet_name":"5-Hydroxyvaleric acid"},"42":{"study_id":"ST000090","analysis_id":"AN000143","analysis_summary":"MS positive ion mode","metabolite_name":"5`-METHYLTHIOADENOSINE","refmet_name":"5'-Methylthioadenosine"},"43":{"study_id":"ST000090","analysis_id":"AN000143","analysis_summary":"MS positive ion mode","metabolite_name":"5-VALEROLACTONE","refmet_name":"5-Valerolactone"},"44":{"study_id":"ST000090","analysis_id":"AN000143","analysis_summary":"MS positive ion mode","metabolite_name":"6,7-DIHYDROBIOPTERIN","refmet_name":"4a-Carbinolamine tetrahydrobiopterin"},"45":{"study_id":"ST000090","analysis_id":"AN000143","analysis_summary":"MS positive ion mode","metabolite_name":"ACETYLCHOLINE","refmet_name":"Acetylcholine"},"46":{"study_id":"ST000090","analysis_id":"AN000143","analysis_summary":"MS positive ion mode","metabolite_name":"ADENINE","refmet_name":"Adenine"},"47":{"study_id":"ST000090","analysis_id":"AN000143","analysis_summary":"MS positive ion mode","metabolite_name":"ADENOSINE","refmet_name":"Adenosine"},"48":{"study_id":"ST000090","analysis_id":"AN000143","analysis_summary":"MS positive ion mode","metabolite_name":"ADENOSINE 3`,5`-CYCLIC MONOPHOSPHATE","refmet_name":"3',5' cyclic AMP"},"49":{"study_id":"ST000090","analysis_id":"AN000143","analysis_summary":"MS positive ion mode","metabolite_name":"ADENOSINE 5`-MONOPHOSPHATE","refmet_name":"AMP"},"50":{"study_id":"ST000090","analysis_id":"AN000143","analysis_summary":"MS positive ion mode","metabolite_name":"ADENOSINE 5`-MONOPHOSPHATE (*)","refmet_name":"AMP"},"51":{"study_id":"ST000090","analysis_id":"AN000143","analysis_summary":"MS positive ion mode","metabolite_name":"ALANINE","refmet_name":"Alanine"},"52":{"study_id":"ST000090","analysis_id":"AN000143","analysis_summary":"MS positive ion mode","metabolite_name":"ALLANTOATE (*)","refmet_name":"Allantoic acid"},"53":{"study_id":"ST000090","analysis_id":"AN000143","analysis_summary":"MS positive ion mode","metabolite_name":"ALPHA-KETO-GLUTARATE","refmet_name":"Oxoglutaric acid"},"54":{"study_id":"ST000090","analysis_id":"AN000143","analysis_summary":"MS positive ion mode","metabolite_name":"ALPHA-TOCOPHEROL","refmet_name":"alpha-Tocopherol"},"55":{"study_id":"ST000090","analysis_id":"AN000143","analysis_summary":"MS positive ion mode","metabolite_name":"AMINOHYDROXYBENZOIC ACID","refmet_name":"Aminohydroxybenzoic acid"},"56":{"study_id":"ST000090","analysis_id":"AN000143","analysis_summary":"MS positive ion mode","metabolite_name":"AMINOHYDROXYBUTANOIC ACID","refmet_name":""},"57":{"study_id":"ST000090","analysis_id":"AN000143","analysis_summary":"MS positive ion mode","metabolite_name":"ANTHRANILATE","refmet_name":"2-Aminobenzoic acid"},"58":{"study_id":"ST000090","analysis_id":"AN000143","analysis_summary":"MS positive ion mode","metabolite_name":"ARACHIDONOYLGLYCEROPHOSPHOCHOLINE (*)","refmet_name":"LPC 20:4"},"59":{"study_id":"ST000090","analysis_id":"AN000143","analysis_summary":"MS positive ion mode","metabolite_name":"ARG-VAL-TRP","refmet_name":"Arg-Val-Trp"},"60":{"study_id":"ST000090","analysis_id":"AN000143","analysis_summary":"MS positive ion mode","metabolite_name":"AZELAIC ACID","refmet_name":"Azelaic acid"},"61":{"study_id":"ST000090","analysis_id":"AN000143","analysis_summary":"MS positive ion mode","metabolite_name":"BENZENEDICARBOXYLIC ACID","refmet_name":""},"62":{"study_id":"ST000090","analysis_id":"AN000143","analysis_summary":"MS positive ion mode","metabolite_name":"BILIVERDIN","refmet_name":"Biliverdin"},"63":{"study_id":"ST000090","analysis_id":"AN000143","analysis_summary":"MS positive ion mode","metabolite_name":"BIOPTERIN","refmet_name":"Biopterin"},"64":{"study_id":"ST000090","analysis_id":"AN000143","analysis_summary":"MS positive ion mode","metabolite_name":"BIOTIN","refmet_name":"Biotin"},"65":{"study_id":"ST000090","analysis_id":"AN000143","analysis_summary":"MS positive ion mode","metabolite_name":"BIS(2-ETHYLHEXYL)PHTHALATE","refmet_name":"bis(2-Ethylhexyl)phthalic acid"},"66":{"study_id":"ST000090","analysis_id":"AN000143","analysis_summary":"MS positive ion mode","metabolite_name":"BISPHOSPHOGLYCERATE","refmet_name":"2,3-Diphosphoglyceric acid"},"67":{"study_id":"ST000090","analysis_id":"AN000143","analysis_summary":"MS positive ion mode","metabolite_name":"BOC-ALA-OH","refmet_name":""},"68":{"study_id":"ST000090","analysis_id":"AN000143","analysis_summary":"MS positive ion mode","metabolite_name":"BOC-ASN","refmet_name":""},"69":{"study_id":"ST000090","analysis_id":"AN000143","analysis_summary":"MS positive ion mode","metabolite_name":"BOC-ASP-OH","refmet_name":""},"70":{"study_id":"ST000090","analysis_id":"AN000143","analysis_summary":"MS positive ion mode","metabolite_name":"BOC-PHE-OH","refmet_name":""},"71":{"study_id":"ST000090","analysis_id":"AN000143","analysis_summary":"MS positive ion mode","metabolite_name":"BRADYKININ (*)","refmet_name":"Bradykinin"},"72":{"study_id":"ST000090","analysis_id":"AN000143","analysis_summary":"MS positive ion mode","metabolite_name":"BRADYKININ DES-ARG(9) (*)","refmet_name":"Bradykinin"},"73":{"study_id":"ST000090","analysis_id":"AN000143","analysis_summary":"MS positive ion mode","metabolite_name":"BUTYRYLCARNITINE (*)","refmet_name":"CAR 4:0"},"74":{"study_id":"ST000090","analysis_id":"AN000143","analysis_summary":"MS positive ion mode","metabolite_name":"CADAVERINE","refmet_name":"Cadaverine"},"75":{"study_id":"ST000090","analysis_id":"AN000143","analysis_summary":"MS positive ion mode","metabolite_name":"CAFFEINE","refmet_name":"Caffeine"},"76":{"study_id":"ST000090","analysis_id":"AN000143","analysis_summary":"MS positive ion mode","metabolite_name":"CARNITINE","refmet_name":"Carnitine"},"77":{"study_id":"ST000090","analysis_id":"AN000143","analysis_summary":"MS positive ion mode","metabolite_name":"CARNOSINE","refmet_name":"Carnosine"},"78":{"study_id":"ST000090","analysis_id":"AN000143","analysis_summary":"MS positive ion mode","metabolite_name":"CERAMIDE PHOSPHOCHOLINE (*)","refmet_name":"SM 18:0;O2\/22:1"},"79":{"study_id":"ST000090","analysis_id":"AN000143","analysis_summary":"MS positive ion mode","metabolite_name":"C-GLYCOSYLTRYPTOPHAN (*)","refmet_name":"C-Glycosyltryptophan"},"80":{"study_id":"ST000090","analysis_id":"AN000143","analysis_summary":"MS positive ion mode","metabolite_name":"CHOLESTA-5,7-DIEN-3BETA-OL","refmet_name":"7-Dehydrocholesterol"},"81":{"study_id":"ST000090","analysis_id":"AN000143","analysis_summary":"MS positive ion mode","metabolite_name":"CHOLESTEROL","refmet_name":"Cholesterol"},"82":{"study_id":"ST000090","analysis_id":"AN000143","analysis_summary":"MS positive ion mode","metabolite_name":"CHOLESTEROL (-H20)","refmet_name":"Cholesterol"},"83":{"study_id":"ST000090","analysis_id":"AN000143","analysis_summary":"MS positive ion mode","metabolite_name":"CHOLIC ACID","refmet_name":"Cholic acid"},"84":{"study_id":"ST000090","analysis_id":"AN000143","analysis_summary":"MS positive ion mode","metabolite_name":"CHOLINE","refmet_name":"Choline"},"85":{"study_id":"ST000090","analysis_id":"AN000143","analysis_summary":"MS positive ion mode","metabolite_name":"CINNAMOYLGLYCINE (*)","refmet_name":"Cinnamoylglycine"},"86":{"study_id":"ST000090","analysis_id":"AN000143","analysis_summary":"MS positive ion mode","metabolite_name":"CIS-4-DECENOYL CARNITINE (*)","refmet_name":"CAR 10:1"},"87":{"study_id":"ST000090","analysis_id":"AN000143","analysis_summary":"MS positive ion mode","metabolite_name":"CIS-4-HYDROXY-D-PROLINE","refmet_name":"cis-4-Hydroxy-D-proline"},"88":{"study_id":"ST000090","analysis_id":"AN000143","analysis_summary":"MS positive ion mode","metabolite_name":"CITRATE","refmet_name":"Citric acid"},"89":{"study_id":"ST000090","analysis_id":"AN000143","analysis_summary":"MS positive ion mode","metabolite_name":"CREATINE","refmet_name":"Creatine"},"90":{"study_id":"ST000090","analysis_id":"AN000143","analysis_summary":"MS positive ion mode","metabolite_name":"CREATININE","refmet_name":"Creatinine"},"91":{"study_id":"ST000090","analysis_id":"AN000143","analysis_summary":"MS positive ion mode","metabolite_name":"CYCLOHEXANE-1,3-DIONE","refmet_name":"Cyclohexane-1,3-dione"},"92":{"study_id":"ST000090","analysis_id":"AN000143","analysis_summary":"MS positive ion mode","metabolite_name":"CYSTINE","refmet_name":"Cystine"},"93":{"study_id":"ST000090","analysis_id":"AN000143","analysis_summary":"MS positive ion mode","metabolite_name":"CYTIDINE","refmet_name":"Cytidine"},"94":{"study_id":"ST000090","analysis_id":"AN000143","analysis_summary":"MS positive ion mode","metabolite_name":"DECANOYLCARNITINE (*)","refmet_name":"CAR 10:0"},"95":{"study_id":"ST000090","analysis_id":"AN000143","analysis_summary":"MS positive ion mode","metabolite_name":"DEOXYCHOLATE","refmet_name":"Deoxycholic acid"},"96":{"study_id":"ST000090","analysis_id":"AN000143","analysis_summary":"MS positive ion mode","metabolite_name":"DEOXYURIDINE","refmet_name":"Deoxyuridine"},"97":{"study_id":"ST000090","analysis_id":"AN000143","analysis_summary":"MS positive ion mode","metabolite_name":"DIACYL-GLYCEROPHOSPHOCHOLINE (C50H82NO8P PROBABLY)","refmet_name":""},"98":{"study_id":"ST000090","analysis_id":"AN000143","analysis_summary":"MS positive ion mode","metabolite_name":"DIHEXOSE","refmet_name":""},"99":{"study_id":"ST000090","analysis_id":"AN000143","analysis_summary":"MS positive ion mode","metabolite_name":"DI-LINOLEOYL-3-SN-PHOSPHATIDYLCHOLINE (POSSIBLY)","refmet_name":""},"100":{"study_id":"ST000090","analysis_id":"AN000143","analysis_summary":"MS positive ion mode","metabolite_name":"DIMETHYLARGININE (*)","refmet_name":"Dimethylarginine"},"101":{"study_id":"ST000090","analysis_id":"AN000143","analysis_summary":"MS positive ion mode","metabolite_name":"DIMETHYLGUANOSINE (*)","refmet_name":"N2,N2-Dimethylguanosine"},"102":{"study_id":"ST000090","analysis_id":"AN000143","analysis_summary":"MS positive ion mode","metabolite_name":"DIMETHYL MALEATE","refmet_name":"Dimethyl maleate"},"103":{"study_id":"ST000090","analysis_id":"AN000143","analysis_summary":"MS positive ion mode","metabolite_name":"DIMETHYLXANTHINE","refmet_name":""},"104":{"study_id":"ST000090","analysis_id":"AN000143","analysis_summary":"MS positive ion mode","metabolite_name":"DOCOSAHEXAENOIC ACID","refmet_name":"Docosahexaenoic acid"},"105":{"study_id":"ST000090","analysis_id":"AN000143","analysis_summary":"MS positive ion mode","metabolite_name":"DOCOSAHEXAENOYLGLYCEROPHOSPHOCHOLINE (*)","refmet_name":"LPE 22:6"},"106":{"study_id":"ST000090","analysis_id":"AN000143","analysis_summary":"MS positive ion mode","metabolite_name":"DOCOSAPENTAENOYLGLYCEROPHOSPHOCHOLINE","refmet_name":"LPC 22:5"},"107":{"study_id":"ST000090","analysis_id":"AN000143","analysis_summary":"MS positive ion mode","metabolite_name":"EDTA","refmet_name":"Edetic acid"},"108":{"study_id":"ST000090","analysis_id":"AN000143","analysis_summary":"MS positive ion mode","metabolite_name":"EDTA (*)","refmet_name":"Edetic acid"},"109":{"study_id":"ST000090","analysis_id":"AN000143","analysis_summary":"MS positive ion mode","metabolite_name":"EICOSATRIENOYLGLYCEROPHOSPHOCHOLINE (*)","refmet_name":""},"110":{"study_id":"ST000090","analysis_id":"AN000143","analysis_summary":"MS positive ion mode","metabolite_name":"EPINEPHRINE","refmet_name":"Epinephrine"},"111":{"study_id":"ST000090","analysis_id":"AN000143","analysis_summary":"MS positive ion mode","metabolite_name":"ETHYLMALONIC ACID","refmet_name":"Ethylmalonic acid"},"112":{"study_id":"ST000090","analysis_id":"AN000143","analysis_summary":"MS positive ion mode","metabolite_name":"GAMMA-GLUTAMYLISOLEUCINE (*)","refmet_name":"gamma-Glutamylisoleucine"},"113":{"study_id":"ST000090","analysis_id":"AN000143","analysis_summary":"MS positive ion mode","metabolite_name":"GAMMA-GLUTAMYLMETHIONINE (*)","refmet_name":"gamma-Glutamylmethionine"},"114":{"study_id":"ST000090","analysis_id":"AN000143","analysis_summary":"MS positive ion mode","metabolite_name":"GAMMA-GLUTAMYLPHENYLALANINE (*)","refmet_name":"Glu-Phe"},"115":{"study_id":"ST000090","analysis_id":"AN000143","analysis_summary":"MS positive ion mode","metabolite_name":"GAMMA-GLUTAMYLTYROSINE (*)","refmet_name":"gamma-Glutamyltyrosine"},"116":{"study_id":"ST000090","analysis_id":"AN000143","analysis_summary":"MS positive ion mode","metabolite_name":"GLUCOSAMINE 6-PHOSPHATE","refmet_name":"Glucosamine 6-phosphate"},"117":{"study_id":"ST000090","analysis_id":"AN000143","analysis_summary":"MS positive ion mode","metabolite_name":"GLUTAMINE","refmet_name":"Glutamine"},"118":{"study_id":"ST000090","analysis_id":"AN000143","analysis_summary":"MS positive ion mode","metabolite_name":"GLUTARATE","refmet_name":"Glutaric acid"},"119":{"study_id":"ST000090","analysis_id":"AN000143","analysis_summary":"MS positive ion mode","metabolite_name":"GLUTAROYL CARNITINE (*)","refmet_name":"CAR DC5:0"},"120":{"study_id":"ST000090","analysis_id":"AN000143","analysis_summary":"MS positive ion mode","metabolite_name":"GLUTATHIONE","refmet_name":"Glutathione"},"121":{"study_id":"ST000090","analysis_id":"AN000143","analysis_summary":"MS positive ion mode","metabolite_name":"GLUTATHIONE OXIDIZED","refmet_name":"Glutathione"},"122":{"study_id":"ST000090","analysis_id":"AN000143","analysis_summary":"MS positive ion mode","metabolite_name":"GLYCINE","refmet_name":"Glycine"},"123":{"study_id":"ST000090","analysis_id":"AN000143","analysis_summary":"MS positive ion mode","metabolite_name":"GUANINE","refmet_name":"Guanine"},"124":{"study_id":"ST000090","analysis_id":"AN000143","analysis_summary":"MS positive ion mode","metabolite_name":"GUANOSINE 5` MONOPHOSPHATE","refmet_name":"GMP"},"125":{"study_id":"ST000090","analysis_id":"AN000143","analysis_summary":"MS positive ion mode","metabolite_name":"HEPTADECANOYLGLYCEROPHOSPHOCHOLINE (*)","refmet_name":"LPC 17:0"},"126":{"study_id":"ST000090","analysis_id":"AN000143","analysis_summary":"MS positive ion mode","metabolite_name":"HEXOSE","refmet_name":"Hexose"},"127":{"study_id":"ST000090","analysis_id":"AN000143","analysis_summary":"MS positive ion mode","metabolite_name":"HEXOSE (M+K)","refmet_name":"Hexose"},"128":{"study_id":"ST000090","analysis_id":"AN000143","analysis_summary":"MS positive ion mode","metabolite_name":"HIPPURATE","refmet_name":"Hippuric acid"},"129":{"study_id":"ST000090","analysis_id":"AN000143","analysis_summary":"MS positive ion mode","metabolite_name":"HISTAMINE","refmet_name":"Histamine"},"130":{"study_id":"ST000090","analysis_id":"AN000143","analysis_summary":"MS positive ion mode","metabolite_name":"HISTIDINE","refmet_name":"Histidine"},"131":{"study_id":"ST000090","analysis_id":"AN000143","analysis_summary":"MS positive ion mode","metabolite_name":"HOMOCYSTEINE","refmet_name":"Homocysteine"},"132":{"study_id":"ST000090","analysis_id":"AN000143","analysis_summary":"MS positive ion mode","metabolite_name":"HOMOGENTISATE","refmet_name":"Homogentisic acid"},"133":{"study_id":"ST000090","analysis_id":"AN000143","analysis_summary":"MS positive ion mode","metabolite_name":"HOMOSERINE","refmet_name":"Homoserine"},"134":{"study_id":"ST000090","analysis_id":"AN000143","analysis_summary":"MS positive ion mode","metabolite_name":"HOMOSTACHYDRINE (*)","refmet_name":"(S)-Homostachydrine"},"135":{"study_id":"ST000090","analysis_id":"AN000143","analysis_summary":"MS positive ion mode","metabolite_name":"HOMOVANILLATE","refmet_name":"Homovanillic acid"},"136":{"study_id":"ST000090","analysis_id":"AN000143","analysis_summary":"MS positive ion mode","metabolite_name":"HYPOXANTHINE","refmet_name":"Hypoxanthine"},"137":{"study_id":"ST000090","analysis_id":"AN000143","analysis_summary":"MS positive ion mode","metabolite_name":"INDOLE-3-ACETIC ACID","refmet_name":"Indoleacetic acid"},"138":{"study_id":"ST000090","analysis_id":"AN000143","analysis_summary":"MS positive ion mode","metabolite_name":"INDOLE-3-ETHANOL","refmet_name":"Tryptophanol"},"139":{"study_id":"ST000090","analysis_id":"AN000143","analysis_summary":"MS positive ion mode","metabolite_name":"INDOLEPYRUVATE (*)","refmet_name":"Indolepyruvate"},"140":{"study_id":"ST000090","analysis_id":"AN000143","analysis_summary":"MS positive ion mode","metabolite_name":"INOSINE","refmet_name":"Inosine"},"141":{"study_id":"ST000090","analysis_id":"AN000143","analysis_summary":"MS positive ion mode","metabolite_name":"INOSINE 5`-DIPHOSPHATE","refmet_name":"IDP"},"142":{"study_id":"ST000090","analysis_id":"AN000143","analysis_summary":"MS positive ion mode","metabolite_name":"ISOLEUCINE","refmet_name":"Isoleucine"},"143":{"study_id":"ST000090","analysis_id":"AN000143","analysis_summary":"MS positive ion mode","metabolite_name":"ISOVALERYLCARNITINE (*)","refmet_name":"CAR 4:0;3Me"},"144":{"study_id":"ST000090","analysis_id":"AN000143","analysis_summary":"MS positive ion mode","metabolite_name":"KYNURENIC ACID","refmet_name":"Kynurenic acid"},"145":{"study_id":"ST000090","analysis_id":"AN000143","analysis_summary":"MS positive ion mode","metabolite_name":"KYNURENINE","refmet_name":"Kynurenine"},"146":{"study_id":"ST000090","analysis_id":"AN000143","analysis_summary":"MS positive ion mode","metabolite_name":"LAUROYLCARNITINE","refmet_name":"CAR 12:0"},"147":{"study_id":"ST000090","analysis_id":"AN000143","analysis_summary":"MS positive ion mode","metabolite_name":"LEUCINE","refmet_name":"Leucine"},"148":{"study_id":"ST000090","analysis_id":"AN000143","analysis_summary":"MS positive ion mode","metabolite_name":"LINOLEOYLGLYCEROPHOSPHOCHOLINE (*)","refmet_name":"LPC 18:2"},"149":{"study_id":"ST000090","analysis_id":"AN000143","analysis_summary":"MS positive ion mode","metabolite_name":"LL-2,6-DIAMINOHEPTANEDIOATE","refmet_name":"2,6-Diaminopimelic acid"},"150":{"study_id":"ST000090","analysis_id":"AN000143","analysis_summary":"MS positive ion mode","metabolite_name":"L-LEUCYL-L-LEUCINE (*)","refmet_name":"Leu-Leu"},"151":{"study_id":"ST000090","analysis_id":"AN000143","analysis_summary":"MS positive ion mode","metabolite_name":"LYSINE","refmet_name":"Lysine"},"152":{"study_id":"ST000090","analysis_id":"AN000143","analysis_summary":"MS positive ion mode","metabolite_name":"MALATE","refmet_name":"Malic acid"},"153":{"study_id":"ST000090","analysis_id":"AN000143","analysis_summary":"MS positive ion mode","metabolite_name":"METHIONINE","refmet_name":"Methionine"},"154":{"study_id":"ST000090","analysis_id":"AN000143","analysis_summary":"MS positive ion mode","metabolite_name":"METHIONYLALANINE (*)","refmet_name":"Met-Ala"},"155":{"study_id":"ST000090","analysis_id":"AN000143","analysis_summary":"MS positive ion mode","metabolite_name":"METHYL BETA-D-GALACTOSIDE","refmet_name":"Methyl beta-D-galactoside"},"156":{"study_id":"ST000090","analysis_id":"AN000143","analysis_summary":"MS positive ion mode","metabolite_name":"METHYLGLUTAROYLCARNITINE (*)","refmet_name":"CAR DC5:0;3Me"},"157":{"study_id":"ST000090","analysis_id":"AN000143","analysis_summary":"MS positive ion mode","metabolite_name":"METHYLIMIDAZOLEACETIC ACID (*)","refmet_name":"Methylimidazoleacetic acid"},"158":{"study_id":"ST000090","analysis_id":"AN000143","analysis_summary":"MS positive ion mode","metabolite_name":"METHYL INDOLE-3-ACETATE","refmet_name":"Indole-3-methyl acetate"},"159":{"study_id":"ST000090","analysis_id":"AN000143","analysis_summary":"MS positive ion mode","metabolite_name":"METHYL JASMONATE","refmet_name":"Methyl jasmonate"},"160":{"study_id":"ST000090","analysis_id":"AN000143","analysis_summary":"MS positive ion mode","metabolite_name":"METHYLMALONATE","refmet_name":"Methylmalonic acid"},"161":{"study_id":"ST000090","analysis_id":"AN000143","analysis_summary":"MS positive ion mode","metabolite_name":"METHYL PARABEN","refmet_name":"Methylparaben"},"162":{"study_id":"ST000090","analysis_id":"AN000143","analysis_summary":"MS positive ion mode","metabolite_name":"MYRISTOYLGLYCEROPHOSPHOCHOLINE (*)","refmet_name":"LPC 14:0"},"163":{"study_id":"ST000090","analysis_id":"AN000143","analysis_summary":"MS positive ion mode","metabolite_name":"N1-METHYL-2-PYRIDONE-5-CARBOXAMIDE (*)","refmet_name":"N1-Methyl-2-pyridone-5-carboxamide"},"164":{"study_id":"ST000090","analysis_id":"AN000143","analysis_summary":"MS positive ion mode","metabolite_name":"N4-ACETYLCYTIDINE (*)","refmet_name":"N4-Acetylcytidine"},"165":{"study_id":"ST000090","analysis_id":"AN000143","analysis_summary":"MS positive ion mode","metabolite_name":"N6-(DELTA2-ISOPENTENYL)-ADENINE","refmet_name":"N6-(delta2-Isopentenyl)-adenine"},"166":{"study_id":"ST000090","analysis_id":"AN000143","analysis_summary":"MS positive ion mode","metabolite_name":"N-ACETYL-BETA-D-GLUCOSAMINYLAMINE (*)","refmet_name":"N-Acetyl-beta-glucosaminylamine"},"167":{"study_id":"ST000090","analysis_id":"AN000143","analysis_summary":"MS positive ion mode","metabolite_name":"N-ACETYL-DL-GLUTAMIC ACID","refmet_name":"N-Acetylglutamic acid"},"168":{"study_id":"ST000090","analysis_id":"AN000143","analysis_summary":"MS positive ion mode","metabolite_name":"N-ACETYL-DL-METHIONINE","refmet_name":"N-Acetylmethionine"},"169":{"study_id":"ST000090","analysis_id":"AN000143","analysis_summary":"MS positive ion mode","metabolite_name":"N-ACETYL-L-ALANINE","refmet_name":"N-Acetylalanine"},"170":{"study_id":"ST000090","analysis_id":"AN000143","analysis_summary":"MS positive ion mode","metabolite_name":"N-ACETYL-L-ASPARTIC ACID","refmet_name":"N-Acetylaspartic acid"},"171":{"study_id":"ST000090","analysis_id":"AN000143","analysis_summary":"MS positive ion mode","metabolite_name":"N-ACETYL-L-CYSTEINE","refmet_name":"N-Acetylcysteine"},"172":{"study_id":"ST000090","analysis_id":"AN000143","analysis_summary":"MS positive ion mode","metabolite_name":"N-ACETYL-L-LEUCINE","refmet_name":"N-Acetylleucine"},"173":{"study_id":"ST000090","analysis_id":"AN000143","analysis_summary":"MS positive ion mode","metabolite_name":"N-ACETYL-L-PHENYLALANINE","refmet_name":"N-Acetylphenylalanine"},"174":{"study_id":"ST000090","analysis_id":"AN000143","analysis_summary":"MS positive ion mode","metabolite_name":"N-ALPHA-ACETYL-L-ASPARAGINE","refmet_name":"N-Acetylasparagine"},"175":{"study_id":"ST000090","analysis_id":"AN000143","analysis_summary":"MS positive ion mode","metabolite_name":"N-ALPHA-ACETYL-L-LYSINE","refmet_name":"N(2)-Acetyllysine"},"176":{"study_id":"ST000090","analysis_id":"AN000143","analysis_summary":"MS positive ion mode","metabolite_name":"N-BENZYLOXYCARBONYLGLYCINE","refmet_name":"N-Benzyloxycarbonylglycine"},"177":{"study_id":"ST000090","analysis_id":"AN000143","analysis_summary":"MS positive ion mode","metabolite_name":"N-CYCLOHEXYLFORMAMIDE","refmet_name":"N-Cyclohexylformamide"},"178":{"study_id":"ST000090","analysis_id":"AN000143","analysis_summary":"MS positive ion mode","metabolite_name":"N-ETHYLMALEIMIDE","refmet_name":"N-Ethylmaleimide"},"179":{"study_id":"ST000090","analysis_id":"AN000143","analysis_summary":"MS positive ion mode","metabolite_name":"NICOTINATE D-RIBONUCLEOSIDE (*)","refmet_name":"D-Ribosylnicotinate"},"180":{"study_id":"ST000090","analysis_id":"AN000143","analysis_summary":"MS positive ion mode","metabolite_name":"N-METHYLTYRAMINE (*)","refmet_name":"N-Methyltyramine"},"181":{"study_id":"ST000090","analysis_id":"AN000143","analysis_summary":"MS positive ion mode","metabolite_name":"N,N-DIMETHYL-1,4-PHENYLENEDIAMINE","refmet_name":"N,N-Dimethyl-1,4-phenylenediamine"},"182":{"study_id":"ST000090","analysis_id":"AN000143","analysis_summary":"MS positive ion mode","metabolite_name":"N,N,N-TRIMETHYLLYSINE","refmet_name":"N-6-Trimethyllysine"},"183":{"study_id":"ST000090","analysis_id":"AN000143","analysis_summary":"MS positive ion mode","metabolite_name":"NORMETANEPHRINE","refmet_name":"Normetanephrine"},"184":{"study_id":"ST000090","analysis_id":"AN000143","analysis_summary":"MS positive ion mode","metabolite_name":"N(PAI)-METHYL-L-HISTIDINE","refmet_name":"3-Methylhistidine"},"185":{"study_id":"ST000090","analysis_id":"AN000143","analysis_summary":"MS positive ion mode","metabolite_name":"O-ACETYL-L-CARNITINE","refmet_name":"CAR 2:0"},"186":{"study_id":"ST000090","analysis_id":"AN000143","analysis_summary":"MS positive ion mode","metabolite_name":"OCTOPAMINE","refmet_name":"Octopamine"},"187":{"study_id":"ST000090","analysis_id":"AN000143","analysis_summary":"MS positive ion mode","metabolite_name":"OLEAMIDE","refmet_name":"Oleamide"},"188":{"study_id":"ST000090","analysis_id":"AN000143","analysis_summary":"MS positive ion mode","metabolite_name":"OLEOYLGLYCEROPHOSPHOCHOLINE (*)","refmet_name":"LPC 18:1"},"189":{"study_id":"ST000090","analysis_id":"AN000143","analysis_summary":"MS positive ion mode","metabolite_name":"OPHTHALMIC ACID","refmet_name":"Ophthalmic acid"},"190":{"study_id":"ST000090","analysis_id":"AN000143","analysis_summary":"MS positive ion mode","metabolite_name":"ORNITHINE","refmet_name":"Ornithine"},"191":{"study_id":"ST000090","analysis_id":"AN000143","analysis_summary":"MS positive ion mode","metabolite_name":"PALMITOLEOYLGLYCEROPHOSPHOCHOLINE (*)","refmet_name":"LPC 16:1"},"192":{"study_id":"ST000090","analysis_id":"AN000143","analysis_summary":"MS positive ion mode","metabolite_name":"PALMITOYLCARNITINE (*)","refmet_name":"CAR 16:0"},"193":{"study_id":"ST000090","analysis_id":"AN000143","analysis_summary":"MS positive ion mode","metabolite_name":"PALMITOYLGLYCEROPHOSPHOCHOLINE (*)","refmet_name":"LPC 16:0"},"194":{"study_id":"ST000090","analysis_id":"AN000143","analysis_summary":"MS positive ion mode","metabolite_name":"PALMITOYL SPHINGOMYELIN (*)","refmet_name":"SM 18:1;O2\/16:0"},"195":{"study_id":"ST000090","analysis_id":"AN000143","analysis_summary":"MS positive ion mode","metabolite_name":"PANTOLACTONE","refmet_name":"Pantolactone"},"196":{"study_id":"ST000090","analysis_id":"AN000143","analysis_summary":"MS positive ion mode","metabolite_name":"PANTOTHENIC ACID","refmet_name":"Pantothenic acid"},"197":{"study_id":"ST000090","analysis_id":"AN000143","analysis_summary":"MS positive ion mode","metabolite_name":"PENTADECANOYLGLYCEROPHOSPHOCHOLINE\/STEAROYLGLYCEROPHOSPHOETHANOLAMINE (*)","refmet_name":""},"198":{"study_id":"ST000090","analysis_id":"AN000143","analysis_summary":"MS positive ion mode","metabolite_name":"PENTITOL","refmet_name":"Arabitol"},"199":{"study_id":"ST000090","analysis_id":"AN000143","analysis_summary":"MS positive ion mode","metabolite_name":"PHENYLACETIC ACID","refmet_name":"Phenylacetic acid"},"200":{"study_id":"ST000090","analysis_id":"AN000143","analysis_summary":"MS positive ion mode","metabolite_name":"PHENYLALANINE","refmet_name":"Phenylalanine"},"201":{"study_id":"ST000090","analysis_id":"AN000143","analysis_summary":"MS positive ion mode","metabolite_name":"PHOSPHONOACETATE","refmet_name":"Phosphonoacetate"},"202":{"study_id":"ST000090","analysis_id":"AN000143","analysis_summary":"MS positive ion mode","metabolite_name":"PHTHALATE","refmet_name":"Phthalic acid"},"203":{"study_id":"ST000090","analysis_id":"AN000143","analysis_summary":"MS positive ion mode","metabolite_name":"PIMELIC ACID","refmet_name":"Pimelic acid"},"204":{"study_id":"ST000090","analysis_id":"AN000143","analysis_summary":"MS positive ion mode","metabolite_name":"PIPECOLIC ACID","refmet_name":"Pipecolic acid"},"205":{"study_id":"ST000090","analysis_id":"AN000143","analysis_summary":"MS positive ion mode","metabolite_name":"PIPERINE (*)","refmet_name":"Piperine"},"206":{"study_id":"ST000090","analysis_id":"AN000143","analysis_summary":"MS positive ion mode","metabolite_name":"POSSIBLY C47H42O21, K ADDUCT","refmet_name":""},"207":{"study_id":"ST000090","analysis_id":"AN000143","analysis_summary":"MS positive ion mode","metabolite_name":"POSSIBLY C47H42O21, NA ADDUCT","refmet_name":""},"208":{"study_id":"ST000090","analysis_id":"AN000143","analysis_summary":"MS positive ion mode","metabolite_name":"PRO-HYDROXY-PRO (*)","refmet_name":"Pro-hydroxyPro"},"209":{"study_id":"ST000090","analysis_id":"AN000143","analysis_summary":"MS positive ion mode","metabolite_name":"PROLINE","refmet_name":"Proline"},"210":{"study_id":"ST000090","analysis_id":"AN000143","analysis_summary":"MS positive ion mode","metabolite_name":"PROPIONYLCARNITINE (*)","refmet_name":"CAR 3:0"},"211":{"study_id":"ST000090","analysis_id":"AN000143","analysis_summary":"MS positive ion mode","metabolite_name":"PTERIN","refmet_name":"Pterin"},"212":{"study_id":"ST000090","analysis_id":"AN000143","analysis_summary":"MS positive ion mode","metabolite_name":"PYRIDINE CARBOXYLIC ACID","refmet_name":""},"213":{"study_id":"ST000090","analysis_id":"AN000143","analysis_summary":"MS positive ion mode","metabolite_name":"PYRIDOXAL","refmet_name":"Pyridoxal"},"214":{"study_id":"ST000090","analysis_id":"AN000143","analysis_summary":"MS positive ion mode","metabolite_name":"PYRIDOXAL 5`-PHOSPHATE","refmet_name":"Pyridoxal 5'-phosphate"},"215":{"study_id":"ST000090","analysis_id":"AN000143","analysis_summary":"MS positive ion mode","metabolite_name":"PYRIDOXAMINE","refmet_name":"Pyridoxamine"},"216":{"study_id":"ST000090","analysis_id":"AN000143","analysis_summary":"MS positive ion mode","metabolite_name":"QUINATE","refmet_name":"Quinic acid"},"217":{"study_id":"ST000090","analysis_id":"AN000143","analysis_summary":"MS positive ion mode","metabolite_name":"QUINOLIN-2-OL","refmet_name":"2-Hydroxyquinoline"},"218":{"study_id":"ST000090","analysis_id":"AN000143","analysis_summary":"MS positive ion mode","metabolite_name":"QUINOLINE","refmet_name":"Quinoline"},"219":{"study_id":"ST000090","analysis_id":"AN000143","analysis_summary":"MS positive ion mode","metabolite_name":"RIBOFLAVIN","refmet_name":"Riboflavin"},"220":{"study_id":"ST000090","analysis_id":"AN000143","analysis_summary":"MS positive ion mode","metabolite_name":"S-ADENOSYL-L-HOMOCYSTEINE","refmet_name":"S-Adenosylhomocysteine"},"221":{"study_id":"ST000090","analysis_id":"AN000143","analysis_summary":"MS positive ion mode","metabolite_name":"S-ADENOSYL METHIONINE","refmet_name":"S-Adenosylmethionine"},"222":{"study_id":"ST000090","analysis_id":"AN000143","analysis_summary":"MS positive ion mode","metabolite_name":"SALICYLIC ACID","refmet_name":"Salicylic acid"},"223":{"study_id":"ST000090","analysis_id":"AN000143","analysis_summary":"MS positive ion mode","metabolite_name":"SALSOLINOL","refmet_name":"Salsolinol"},"224":{"study_id":"ST000090","analysis_id":"AN000143","analysis_summary":"MS positive ion mode","metabolite_name":"SELENOCYSTAMINE","refmet_name":"Selenocystamine"},"225":{"study_id":"ST000090","analysis_id":"AN000143","analysis_summary":"MS positive ion mode","metabolite_name":"SEROTONIN","refmet_name":"Serotonin"},"226":{"study_id":"ST000090","analysis_id":"AN000143","analysis_summary":"MS positive ion mode","metabolite_name":"SPERMINE","refmet_name":"Spermine"},"227":{"study_id":"ST000090","analysis_id":"AN000143","analysis_summary":"MS positive ion mode","metabolite_name":"SPHINGANINE","refmet_name":"Sphinganine"},"228":{"study_id":"ST000090","analysis_id":"AN000143","analysis_summary":"MS positive ion mode","metabolite_name":"SPHINGOSINE (*)","refmet_name":"Sphingosine"},"229":{"study_id":"ST000090","analysis_id":"AN000143","analysis_summary":"MS positive ion mode","metabolite_name":"STEAROYLCARNITINE (*)","refmet_name":"CAR 18:0"},"230":{"study_id":"ST000090","analysis_id":"AN000143","analysis_summary":"MS positive ion mode","metabolite_name":"STEAROYLGLYCEROPHOSPHOCHOLINE (*)","refmet_name":"LPC 18:0"},"231":{"study_id":"ST000090","analysis_id":"AN000143","analysis_summary":"MS positive ion mode","metabolite_name":"STEAROYL SPHINGOMYELIN (*)","refmet_name":"SM 18:1;O2\/18:0"},"232":{"study_id":"ST000090","analysis_id":"AN000143","analysis_summary":"MS positive ion mode","metabolite_name":"STEROL (*)","refmet_name":"Triethanolamine"},"233":{"study_id":"ST000090","analysis_id":"AN000143","analysis_summary":"MS positive ion mode","metabolite_name":"SUCCINATE","refmet_name":"Succinic acid"},"234":{"study_id":"ST000090","analysis_id":"AN000143","analysis_summary":"MS positive ion mode","metabolite_name":"SUCCINATE (*)","refmet_name":"Succinic acid"},"235":{"study_id":"ST000090","analysis_id":"AN000143","analysis_summary":"MS positive ion mode","metabolite_name":"TAURINE","refmet_name":"Taurine"},"236":{"study_id":"ST000090","analysis_id":"AN000143","analysis_summary":"MS positive ion mode","metabolite_name":"THIAMINE","refmet_name":"Thiamine"},"237":{"study_id":"ST000090","analysis_id":"AN000143","analysis_summary":"MS positive ion mode","metabolite_name":"THYMIDINE","refmet_name":"Thymidine"},"238":{"study_id":"ST000090","analysis_id":"AN000143","analysis_summary":"MS positive ion mode","metabolite_name":"THYROXINE","refmet_name":"Thyroxine"},"239":{"study_id":"ST000090","analysis_id":"AN000143","analysis_summary":"MS positive ion mode","metabolite_name":"TIGLYL CARNITINE (*)","refmet_name":"CAR 4:1;2Me"},"240":{"study_id":"ST000090","analysis_id":"AN000143","analysis_summary":"MS positive ion mode","metabolite_name":"TRANS-CYCLOHEXANE-1,2-DIOL","refmet_name":"trans-Cyclohexane-1,2-diol"},"241":{"study_id":"ST000090","analysis_id":"AN000143","analysis_summary":"MS positive ion mode","metabolite_name":"TRYPTAMINE","refmet_name":"Tryptamine"},"242":{"study_id":"ST000090","analysis_id":"AN000143","analysis_summary":"MS positive ion mode","metabolite_name":"TRYPTOPHAN","refmet_name":"Tryptophan"},"243":{"study_id":"ST000090","analysis_id":"AN000143","analysis_summary":"MS positive ion mode","metabolite_name":"TYROSINE","refmet_name":"Tyrosine"},"244":{"study_id":"ST000090","analysis_id":"AN000143","analysis_summary":"MS positive ion mode","metabolite_name":"URATE","refmet_name":"Uric acid"},"245":{"study_id":"ST000090","analysis_id":"AN000143","analysis_summary":"MS positive ion mode","metabolite_name":"URATE (*)","refmet_name":"Uric acid"},"246":{"study_id":"ST000090","analysis_id":"AN000143","analysis_summary":"MS positive ion mode","metabolite_name":"UREA","refmet_name":"Urea"},"247":{"study_id":"ST000090","analysis_id":"AN000143","analysis_summary":"MS positive ion mode","metabolite_name":"URIDINE","refmet_name":"Uridine"},"248":{"study_id":"ST000090","analysis_id":"AN000143","analysis_summary":"MS positive ion mode","metabolite_name":"UROCANATE","refmet_name":"Urocanic acid"},"249":{"study_id":"ST000090","analysis_id":"AN000143","analysis_summary":"MS positive ion mode","metabolite_name":"VALINE","refmet_name":"Valine"},"250":{"study_id":"ST000090","analysis_id":"AN000143","analysis_summary":"MS positive ion mode","metabolite_name":"VITAMIN D3","refmet_name":"Vitamin D3"},"251":{"study_id":"ST000090","analysis_id":"AN000143","analysis_summary":"MS positive ion mode","metabolite_name":"XANTHINE","refmet_name":"Xanthine"},"252":{"study_id":"ST000090","analysis_id":"AN000143","analysis_summary":"MS positive ion mode","metabolite_name":"XANTHOSINE","refmet_name":"Xanthosine"},"253":{"study_id":"ST000090","analysis_id":"AN000143","analysis_summary":"MS positive ion mode","metabolite_name":"XANTHURENIC ACID","refmet_name":"Xanthurenic acid"},"254":{"study_id":"ST000090","analysis_id":"AN000144","analysis_summary":"MS negative ion mode","metabolite_name":"13(S)-HPODE (*)","refmet_name":"13S-HpODE"},"255":{"study_id":"ST000090","analysis_id":"AN000144","analysis_summary":"MS negative ion mode","metabolite_name":"15(S)-HETE (*)","refmet_name":"15S-HETE"},"256":{"study_id":"ST000090","analysis_id":"AN000144","analysis_summary":"MS negative ion mode","metabolite_name":"2`-DEOXYCYTIDINE","refmet_name":"Deoxycytidine"},"257":{"study_id":"ST000090","analysis_id":"AN000144","analysis_summary":"MS negative ion mode","metabolite_name":"2`-DEOXYURIDINE 5`-MONOPHOSPHATE","refmet_name":"dUMP"},"258":{"study_id":"ST000090","analysis_id":"AN000144","analysis_summary":"MS negative ion mode","metabolite_name":"2-HYDROXYGLUTARATE (*)","refmet_name":"2-Hydroxyglutaric acid"},"259":{"study_id":"ST000090","analysis_id":"AN000144","analysis_summary":"MS negative ion mode","metabolite_name":"2-HYDROXYQUINOLINE","refmet_name":"2-Hydroxyquinoline"},"260":{"study_id":"ST000090","analysis_id":"AN000144","analysis_summary":"MS negative ion mode","metabolite_name":"2-OXO-3-HYDROXY-4-PHOSPHOBUTANOATE (*)","refmet_name":"2-Oxo-3-hydroxy-4-phosphobutanoic acid"},"261":{"study_id":"ST000090","analysis_id":"AN000144","analysis_summary":"MS negative ion mode","metabolite_name":"3-(2-HYDROXYPHENYL)PROPANOATE","refmet_name":"3-(2-Hydroxyphenyl)propanoic acid"},"262":{"study_id":"ST000090","analysis_id":"AN000144","analysis_summary":"MS negative ion mode","metabolite_name":"3-(4-HYDROXYPHENYL)LACTATE","refmet_name":"Hydroxyphenyllactic acid"},"263":{"study_id":"ST000090","analysis_id":"AN000144","analysis_summary":"MS negative ion mode","metabolite_name":"3-HYDROXY-3-METHYLGLUTARATE","refmet_name":"3-Hydroxymethylglutaric acid"},"264":{"study_id":"ST000090","analysis_id":"AN000144","analysis_summary":"MS negative ion mode","metabolite_name":"3-METHOXY-L-TYROSINE","refmet_name":"3-Methoxytyrosine"},"265":{"study_id":"ST000090","analysis_id":"AN000144","analysis_summary":"MS negative ion mode","metabolite_name":"3-METHYL-2-OXOBUTANOIC ACID (*)","refmet_name":"Ketoisovaleric acid"},"266":{"study_id":"ST000090","analysis_id":"AN000144","analysis_summary":"MS negative ion mode","metabolite_name":"3-METHYL-2-OXOVALERIC ACID","refmet_name":"3-Methyl-2-oxovaleric acid"},"267":{"study_id":"ST000090","analysis_id":"AN000144","analysis_summary":"MS negative ion mode","metabolite_name":"4-AMINOBENZOATE","refmet_name":"P-Aminobenzoic acid"},"268":{"study_id":"ST000090","analysis_id":"AN000144","analysis_summary":"MS negative ion mode","metabolite_name":"4-HYDROXY-2-QUINOLINECARBOXYLIC ACID","refmet_name":"Kynurenic acid"},"269":{"study_id":"ST000090","analysis_id":"AN000144","analysis_summary":"MS negative ion mode","metabolite_name":"4-METHYL-2-OXO-PENTANOIC ACID","refmet_name":"Ketoleucine"},"270":{"study_id":"ST000090","analysis_id":"AN000144","analysis_summary":"MS negative ion mode","metabolite_name":"4-PYRIDOXATE","refmet_name":"4-Pyridoxic acid"},"271":{"study_id":"ST000090","analysis_id":"AN000144","analysis_summary":"MS negative ion mode","metabolite_name":"4-VINYLPHENOL SULFATE (*)","refmet_name":"4-Hydroxystyrene"},"272":{"study_id":"ST000090","analysis_id":"AN000144","analysis_summary":"MS negative ion mode","metabolite_name":"5,6-DIHYDROURACIL","refmet_name":"Dihydrouracil"},"273":{"study_id":"ST000090","analysis_id":"AN000144","analysis_summary":"MS negative ion mode","metabolite_name":"5-AMINOIMIDAZOLE-4-CARBOXAMIDE-1-BETA-D-RIBOFURANOSYL 5`-MONOPHOSPHATE","refmet_name":"AICAR"},"274":{"study_id":"ST000090","analysis_id":"AN000144","analysis_summary":"MS negative ion mode","metabolite_name":"5-HYDROXYINDOLE-3-ACETIC ACID","refmet_name":"5-Hydroxyindoleacetic acid"},"275":{"study_id":"ST000090","analysis_id":"AN000144","analysis_summary":"MS negative ion mode","metabolite_name":"5-OXO-PROLINE","refmet_name":"Pyroglutamic acid"},"276":{"study_id":"ST000090","analysis_id":"AN000144","analysis_summary":"MS negative ion mode","metabolite_name":"7-ALPHA-HYDROXY-3-OXO-4-CHOLESTENOATE (*)","refmet_name":"7alpha-Hydroxy-3-oxo-4-cholestenoic acid"},"277":{"study_id":"ST000090","analysis_id":"AN000144","analysis_summary":"MS negative ion mode","metabolite_name":"ACONITATE (*)","refmet_name":"trans-Aconitic acid"},"278":{"study_id":"ST000090","analysis_id":"AN000144","analysis_summary":"MS negative ion mode","metabolite_name":"ADENINE","refmet_name":"Adenine"},"279":{"study_id":"ST000090","analysis_id":"AN000144","analysis_summary":"MS negative ion mode","metabolite_name":"ADENOSINE","refmet_name":"Adenosine"},"280":{"study_id":"ST000090","analysis_id":"AN000144","analysis_summary":"MS negative ion mode","metabolite_name":"ADENOSINE 5`-MONOPHOSPHATE","refmet_name":"AMP"},"281":{"study_id":"ST000090","analysis_id":"AN000144","analysis_summary":"MS negative ion mode","metabolite_name":"ADP-RIBOSE","refmet_name":"ADP-ribose"},"282":{"study_id":"ST000090","analysis_id":"AN000144","analysis_summary":"MS negative ion mode","metabolite_name":"AMINOHYDROXYBUTANOIC ACID","refmet_name":""},"283":{"study_id":"ST000090","analysis_id":"AN000144","analysis_summary":"MS negative ion mode","metabolite_name":"AMINOPENTANOIC ACID","refmet_name":"Aminopentanoic acid"},"284":{"study_id":"ST000090","analysis_id":"AN000144","analysis_summary":"MS negative ion mode","metabolite_name":"AMINOPROPIONIC ACID \/ SARCOSINE","refmet_name":""},"285":{"study_id":"ST000090","analysis_id":"AN000144","analysis_summary":"MS negative ion mode","metabolite_name":"ARGININE","refmet_name":"Arginine"},"286":{"study_id":"ST000090","analysis_id":"AN000144","analysis_summary":"MS negative ion mode","metabolite_name":"ASPARTATE","refmet_name":"Aspartic acid"},"287":{"study_id":"ST000090","analysis_id":"AN000144","analysis_summary":"MS negative ion mode","metabolite_name":"AZELAIC ACID","refmet_name":"Azelaic acid"},"288":{"study_id":"ST000090","analysis_id":"AN000144","analysis_summary":"MS negative ion mode","metabolite_name":"B-ALANYL-N(PAI)-METHYL-L-HISTIDINE","refmet_name":"Anserine"},"289":{"study_id":"ST000090","analysis_id":"AN000144","analysis_summary":"MS negative ion mode","metabolite_name":"BOC-ASN","refmet_name":""},"290":{"study_id":"ST000090","analysis_id":"AN000144","analysis_summary":"MS negative ion mode","metabolite_name":"BOC-ASP-OH","refmet_name":""},"291":{"study_id":"ST000090","analysis_id":"AN000144","analysis_summary":"MS negative ion mode","metabolite_name":"BOC-PHE-OH","refmet_name":""},"292":{"study_id":"ST000090","analysis_id":"AN000144","analysis_summary":"MS negative ion mode","metabolite_name":"[C13] PHENYLALANINE","refmet_name":"Phenylalanine"},"293":{"study_id":"ST000090","analysis_id":"AN000144","analysis_summary":"MS negative ion mode","metabolite_name":"[C13] TYROSINE","refmet_name":"Tyrosine"},"294":{"study_id":"ST000090","analysis_id":"AN000144","analysis_summary":"MS negative ion mode","metabolite_name":"[C13] VALINE","refmet_name":"Valine"},"295":{"study_id":"ST000090","analysis_id":"AN000144","analysis_summary":"MS negative ion mode","metabolite_name":"CAPRYLIC ACID","refmet_name":"Caprylic acid"},"296":{"study_id":"ST000090","analysis_id":"AN000144","analysis_summary":"MS negative ion mode","metabolite_name":"CATECHOL","refmet_name":"Pyrocatechol"},"297":{"study_id":"ST000090","analysis_id":"AN000144","analysis_summary":"MS negative ion mode","metabolite_name":"CINNAMIC ACID","refmet_name":"Cinnamic acid"},"298":{"study_id":"ST000090","analysis_id":"AN000144","analysis_summary":"MS negative ion mode","metabolite_name":"CIS-7,10,13,16-DOCOSATETRAENOIC ACID","refmet_name":"Adrenic acid"},"299":{"study_id":"ST000090","analysis_id":"AN000144","analysis_summary":"MS negative ion mode","metabolite_name":"CITRATE","refmet_name":"Citric acid"},"300":{"study_id":"ST000090","analysis_id":"AN000144","analysis_summary":"MS negative ion mode","metabolite_name":"CORTISOL 21-ACETATE","refmet_name":"Cortisol 21-acetate"},"301":{"study_id":"ST000090","analysis_id":"AN000144","analysis_summary":"MS negative ion mode","metabolite_name":"CYTIDINE","refmet_name":"Cytidine"},"302":{"study_id":"ST000090","analysis_id":"AN000144","analysis_summary":"MS negative ion mode","metabolite_name":"DECANOATE","refmet_name":"Capric acid"},"303":{"study_id":"ST000090","analysis_id":"AN000144","analysis_summary":"MS negative ion mode","metabolite_name":"DEOXYURIDINE","refmet_name":"Deoxyuridine"},"304":{"study_id":"ST000090","analysis_id":"AN000144","analysis_summary":"MS negative ion mode","metabolite_name":"DODECENOATE (*)","refmet_name":"Dodecenoic acid"},"305":{"study_id":"ST000090","analysis_id":"AN000144","analysis_summary":"MS negative ion mode","metabolite_name":"DOPAMINE 3-O-SULFATE (*)","refmet_name":"Dopamine 3-O-sulfate"},"306":{"study_id":"ST000090","analysis_id":"AN000144","analysis_summary":"MS negative ion mode","metabolite_name":"EDTA","refmet_name":"Edetic acid"},"307":{"study_id":"ST000090","analysis_id":"AN000144","analysis_summary":"MS negative ion mode","metabolite_name":"FORMYL-L-METHIONINE","refmet_name":"N-Formylmethionine"},"308":{"study_id":"ST000090","analysis_id":"AN000144","analysis_summary":"MS negative ion mode","metabolite_name":"FUMARIC ACID","refmet_name":"Fumaric acid"},"309":{"study_id":"ST000090","analysis_id":"AN000144","analysis_summary":"MS negative ion mode","metabolite_name":"GAMMA-GLUTAMYLTHREONINE (*)","refmet_name":"gamma-Glutamylthreonine"},"310":{"study_id":"ST000090","analysis_id":"AN000144","analysis_summary":"MS negative ion mode","metabolite_name":"GAMMA-LINOLENIC ACID","refmet_name":"gamma-Linolenic acid"},"311":{"study_id":"ST000090","analysis_id":"AN000144","analysis_summary":"MS negative ion mode","metabolite_name":"GLUCONIC ACID","refmet_name":"Gluconic acid"},"312":{"study_id":"ST000090","analysis_id":"AN000144","analysis_summary":"MS negative ion mode","metabolite_name":"GLUCURONOLACTONE","refmet_name":"Glucuronolactone"},"313":{"study_id":"ST000090","analysis_id":"AN000144","analysis_summary":"MS negative ion mode","metabolite_name":"GLUTAMINE","refmet_name":"Glutamine"},"314":{"study_id":"ST000090","analysis_id":"AN000144","analysis_summary":"MS negative ion mode","metabolite_name":"HEPTANOIC ACID","refmet_name":"Heptylic acid"},"315":{"study_id":"ST000090","analysis_id":"AN000144","analysis_summary":"MS negative ion mode","metabolite_name":"HEXANOATE","refmet_name":"Caproic acid"},"316":{"study_id":"ST000090","analysis_id":"AN000144","analysis_summary":"MS negative ion mode","metabolite_name":"HEXOSE","refmet_name":"Hexose"},"317":{"study_id":"ST000090","analysis_id":"AN000144","analysis_summary":"MS negative ion mode","metabolite_name":"HIPPURATE","refmet_name":"Hippuric acid"},"318":{"study_id":"ST000090","analysis_id":"AN000144","analysis_summary":"MS negative ion mode","metabolite_name":"HYDROXYDECANOATE (*)","refmet_name":"Hydroxydecanoic acid"},"319":{"study_id":"ST000090","analysis_id":"AN000144","analysis_summary":"MS negative ion mode","metabolite_name":"HYPOXANTHINE","refmet_name":"Hypoxanthine"},"320":{"study_id":"ST000090","analysis_id":"AN000144","analysis_summary":"MS negative ion mode","metabolite_name":"INDICAN","refmet_name":"Indican"},"321":{"study_id":"ST000090","analysis_id":"AN000144","analysis_summary":"MS negative ion mode","metabolite_name":"INDOLEPROPIONATE (*)","refmet_name":"3-Indolepropionic acid"},"322":{"study_id":"ST000090","analysis_id":"AN000144","analysis_summary":"MS negative ion mode","metabolite_name":"INOSINE","refmet_name":"Inosine"},"323":{"study_id":"ST000090","analysis_id":"AN000144","analysis_summary":"MS negative ion mode","metabolite_name":"INOSINE 5`-DIPHOSPHATE","refmet_name":"IDP"},"324":{"study_id":"ST000090","analysis_id":"AN000144","analysis_summary":"MS negative ion mode","metabolite_name":"LACTATE","refmet_name":"Lactic acid"},"325":{"study_id":"ST000090","analysis_id":"AN000144","analysis_summary":"MS negative ion mode","metabolite_name":"LAURIC ACID","refmet_name":"Lauric acid"},"326":{"study_id":"ST000090","analysis_id":"AN000144","analysis_summary":"MS negative ion mode","metabolite_name":"LL-2,6-DIAMINOHEPTANEDIOATE","refmet_name":"2,6-Diaminopimelic acid"},"327":{"study_id":"ST000090","analysis_id":"AN000144","analysis_summary":"MS negative ion mode","metabolite_name":"MALATE","refmet_name":"Malic acid"},"328":{"study_id":"ST000090","analysis_id":"AN000144","analysis_summary":"MS negative ion mode","metabolite_name":"MALEIMIDE","refmet_name":"Maleimide"},"329":{"study_id":"ST000090","analysis_id":"AN000144","analysis_summary":"MS negative ion mode","metabolite_name":"MELATONIN","refmet_name":"Melatonin"},"330":{"study_id":"ST000090","analysis_id":"AN000144","analysis_summary":"MS negative ion mode","metabolite_name":"METHIONINE","refmet_name":"Methionine"},"331":{"study_id":"ST000090","analysis_id":"AN000144","analysis_summary":"MS negative ion mode","metabolite_name":"METHYL BETA-D-GALACTOSIDE","refmet_name":"Methyl beta-D-galactoside"},"332":{"study_id":"ST000090","analysis_id":"AN000144","analysis_summary":"MS negative ion mode","metabolite_name":"METHYLMALONATE","refmet_name":"Methylmalonic acid"},"333":{"study_id":"ST000090","analysis_id":"AN000144","analysis_summary":"MS negative ion mode","metabolite_name":"MYO-INOSITOL","refmet_name":"Myo-inositol"},"334":{"study_id":"ST000090","analysis_id":"AN000144","analysis_summary":"MS negative ion mode","metabolite_name":"MYRISTIC ACID","refmet_name":"Myristic acid"},"335":{"study_id":"ST000090","analysis_id":"AN000144","analysis_summary":"MS negative ion mode","metabolite_name":"MYRISTOLEIC ACID","refmet_name":"Myristoleic acid"},"336":{"study_id":"ST000090","analysis_id":"AN000144","analysis_summary":"MS negative ion mode","metabolite_name":"N-ACETYL-D-HEXOSAMINE","refmet_name":"N-Acetylhexosamine"},"337":{"study_id":"ST000090","analysis_id":"AN000144","analysis_summary":"MS negative ion mode","metabolite_name":"N-ACETYL-D-TRYPTOPHAN","refmet_name":"N-Acetyl-D-tryptophan"},"338":{"study_id":"ST000090","analysis_id":"AN000144","analysis_summary":"MS negative ion mode","metabolite_name":"N-ACETYLGLYCINE","refmet_name":"N-Acetylglycine"},"339":{"study_id":"ST000090","analysis_id":"AN000144","analysis_summary":"MS negative ion mode","metabolite_name":"N-ACETYL-L-LEUCINE","refmet_name":"N-Acetylleucine"},"340":{"study_id":"ST000090","analysis_id":"AN000144","analysis_summary":"MS negative ion mode","metabolite_name":"N-ACETYL-L-PHENYLALANINE","refmet_name":"N-Acetylphenylalanine"},"341":{"study_id":"ST000090","analysis_id":"AN000144","analysis_summary":"MS negative ion mode","metabolite_name":"N-ACETYLNEURAMINATE","refmet_name":"N-Acetylneuraminic acid"},"342":{"study_id":"ST000090","analysis_id":"AN000144","analysis_summary":"MS negative ion mode","metabolite_name":"N-ETHYLMALEIMIDE","refmet_name":"N-Ethylmaleimide"},"343":{"study_id":"ST000090","analysis_id":"AN000144","analysis_summary":"MS negative ion mode","metabolite_name":"N-OLEOYLGLYCINE","refmet_name":"N-Oleoyl glycine"},"344":{"study_id":"ST000090","analysis_id":"AN000144","analysis_summary":"MS negative ion mode","metabolite_name":"NONANOATE","refmet_name":"Pelargonic acid"},"345":{"study_id":"ST000090","analysis_id":"AN000144","analysis_summary":"MS negative ion mode","metabolite_name":"N(PAI)-METHYL-L-HISTIDINE","refmet_name":"3-Methylhistidine"},"346":{"study_id":"ST000090","analysis_id":"AN000144","analysis_summary":"MS negative ion mode","metabolite_name":"N(PAI)-METHYL-L-HISTIDINE (*)","refmet_name":"3-Methylhistidine"},"347":{"study_id":"ST000090","analysis_id":"AN000144","analysis_summary":"MS negative ion mode","metabolite_name":"OCTADECANEDIOATE (*)","refmet_name":"Octadecanedioic acid"},"348":{"study_id":"ST000090","analysis_id":"AN000144","analysis_summary":"MS negative ion mode","metabolite_name":"ORNITHINE","refmet_name":"Ornithine"},"349":{"study_id":"ST000090","analysis_id":"AN000144","analysis_summary":"MS negative ion mode","metabolite_name":"PALMITOLEIC ACID","refmet_name":"Palmitoleic acid"},"350":{"study_id":"ST000090","analysis_id":"AN000144","analysis_summary":"MS negative ion mode","metabolite_name":"PANTOTHENIC ACID","refmet_name":"Pantothenic acid"},"351":{"study_id":"ST000090","analysis_id":"AN000144","analysis_summary":"MS negative ion mode","metabolite_name":"PENTITOL","refmet_name":"Arabitol"},"352":{"study_id":"ST000090","analysis_id":"AN000144","analysis_summary":"MS negative ion mode","metabolite_name":"PHENYLACETATE (*)","refmet_name":"Phenylacetic acid"},"353":{"study_id":"ST000090","analysis_id":"AN000144","analysis_summary":"MS negative ion mode","metabolite_name":"PHENYLALANINE","refmet_name":"Phenylalanine"},"354":{"study_id":"ST000090","analysis_id":"AN000144","analysis_summary":"MS negative ion mode","metabolite_name":"PREGN STEROID MONOSULFATE (*)","refmet_name":"Pregnenolone sulfate"},"355":{"study_id":"ST000090","analysis_id":"AN000144","analysis_summary":"MS negative ion mode","metabolite_name":"PROLINE","refmet_name":"Proline"},"356":{"study_id":"ST000090","analysis_id":"AN000144","analysis_summary":"MS negative ion mode","metabolite_name":"PYRIDOXAL","refmet_name":"Pyridoxal"},"357":{"study_id":"ST000090","analysis_id":"AN000144","analysis_summary":"MS negative ion mode","metabolite_name":"PYRUVATE","refmet_name":"Pyruvic acid"},"358":{"study_id":"ST000090","analysis_id":"AN000144","analysis_summary":"MS negative ion mode","metabolite_name":"SERINE","refmet_name":"Serine"},"359":{"study_id":"ST000090","analysis_id":"AN000144","analysis_summary":"MS negative ion mode","metabolite_name":"(S)-LACTATE","refmet_name":"Lactic acid"},"360":{"study_id":"ST000090","analysis_id":"AN000144","analysis_summary":"MS negative ion mode","metabolite_name":"SPHINGOSINE 1-PHOSPHATE (*)","refmet_name":"Sphingosine 1-phosphate"},"361":{"study_id":"ST000090","analysis_id":"AN000144","analysis_summary":"MS negative ion mode","metabolite_name":"STEARIDONATE (*)","refmet_name":"Stearidonic acid"},"362":{"study_id":"ST000090","analysis_id":"AN000144","analysis_summary":"MS negative ion mode","metabolite_name":"SUCCINATE","refmet_name":"Succinic acid"},"363":{"study_id":"ST000090","analysis_id":"AN000144","analysis_summary":"MS negative ion mode","metabolite_name":"TAURINE","refmet_name":"Taurine"},"364":{"study_id":"ST000090","analysis_id":"AN000144","analysis_summary":"MS negative ion mode","metabolite_name":"TAUROCHENODEOXYCHOLATE (*)","refmet_name":"Taurochenodeoxycholic acid"},"365":{"study_id":"ST000090","analysis_id":"AN000144","analysis_summary":"MS negative ion mode","metabolite_name":"TAUROCHOLATE (*)","refmet_name":"Taurocholic acid"},"366":{"study_id":"ST000090","analysis_id":"AN000144","analysis_summary":"MS negative ion mode","metabolite_name":"THIAMINE","refmet_name":"Thiamine"},"367":{"study_id":"ST000090","analysis_id":"AN000144","analysis_summary":"MS negative ion mode","metabolite_name":"THREONATE (*)","refmet_name":"D-Threonic acid"},"368":{"study_id":"ST000090","analysis_id":"AN000144","analysis_summary":"MS negative ion mode","metabolite_name":"THYMIDINE","refmet_name":"Thymidine"},"369":{"study_id":"ST000090","analysis_id":"AN000144","analysis_summary":"MS negative ion mode","metabolite_name":"THYMIDINE 5`-MONOPHOSPHATE","refmet_name":"TMP"},"370":{"study_id":"ST000090","analysis_id":"AN000144","analysis_summary":"MS negative ion mode","metabolite_name":"TRIDECANOIC ACID","refmet_name":"Tridecylic acid"},"371":{"study_id":"ST000090","analysis_id":"AN000144","analysis_summary":"MS negative ion mode","metabolite_name":"TRYPTOPHAN (*)","refmet_name":"Tryptophan"},"372":{"study_id":"ST000090","analysis_id":"AN000144","analysis_summary":"MS negative ion mode","metabolite_name":"TRYPTOPHANAMIDE","refmet_name":"Tryptophanamide"},"373":{"study_id":"ST000090","analysis_id":"AN000144","analysis_summary":"MS negative ion mode","metabolite_name":"URACIL","refmet_name":"Uracil"},"374":{"study_id":"ST000090","analysis_id":"AN000144","analysis_summary":"MS negative ion mode","metabolite_name":"URATE","refmet_name":"Uric acid"},"375":{"study_id":"ST000090","analysis_id":"AN000144","analysis_summary":"MS negative ion mode","metabolite_name":"URIDINE","refmet_name":"Uridine"}}