{"1":{"study_id":"ST000576","analysis_id":"AN000886","analysis_summary":"GC POSITIVE ION MODE","metabolite_name":"1,5-Anhydroglucitol","refmet_name":"1,5-Anhydrosorbitol"},"2":{"study_id":"ST000576","analysis_id":"AN000886","analysis_summary":"GC POSITIVE ION MODE","metabolite_name":"2-Aminoadipic acid","refmet_name":"Aminoadipic acid"},"3":{"study_id":"ST000576","analysis_id":"AN000886","analysis_summary":"GC POSITIVE ION MODE","metabolite_name":"2-Hydroxypyridine","refmet_name":"2-Hydroxypyridine"},"4":{"study_id":"ST000576","analysis_id":"AN000886","analysis_summary":"GC POSITIVE ION MODE","metabolite_name":"5'-Deoxy-5'-(methylthio) adenosine","refmet_name":"5'-Methylthioadenosine"},"5":{"study_id":"ST000576","analysis_id":"AN000886","analysis_summary":"GC POSITIVE ION MODE","metabolite_name":"6-Hydroxynicotinic acid","refmet_name":"6-Hydroxynicotinic acid"},"6":{"study_id":"ST000576","analysis_id":"AN000886","analysis_summary":"GC POSITIVE ION MODE","metabolite_name":"Adenine","refmet_name":"Adenine"},"7":{"study_id":"ST000576","analysis_id":"AN000886","analysis_summary":"GC POSITIVE ION MODE","metabolite_name":"Adenosine-5-monophosphate","refmet_name":"AMP"},"8":{"study_id":"ST000576","analysis_id":"AN000886","analysis_summary":"GC POSITIVE ION MODE","metabolite_name":"Adenosine\/Inosine","refmet_name":""},"9":{"study_id":"ST000576","analysis_id":"AN000886","analysis_summary":"GC POSITIVE ION MODE","metabolite_name":"Alanine","refmet_name":"Alanine"},"10":{"study_id":"ST000576","analysis_id":"AN000886","analysis_summary":"GC POSITIVE ION MODE","metabolite_name":"alpha-Monopalmitin","refmet_name":"MG 16:0\/0:0\/0:0"},"11":{"study_id":"ST000576","analysis_id":"AN000886","analysis_summary":"GC POSITIVE ION MODE","metabolite_name":"alpha-Monostearin","refmet_name":"MG 18:0\/0:0\/0:0"},"12":{"study_id":"ST000576","analysis_id":"AN000886","analysis_summary":"GC POSITIVE ION MODE","metabolite_name":"alpha-Tocopherol","refmet_name":"alpha-Tocopherol"},"13":{"study_id":"ST000576","analysis_id":"AN000886","analysis_summary":"GC POSITIVE ION MODE","metabolite_name":"Arachidic acid\/ 1-Heneicosanol","refmet_name":""},"14":{"study_id":"ST000576","analysis_id":"AN000886","analysis_summary":"GC POSITIVE ION MODE","metabolite_name":"Arachidonic acid (also Eicosapentaenoic acid)","refmet_name":"Arachidonic acid"},"15":{"study_id":"ST000576","analysis_id":"AN000886","analysis_summary":"GC POSITIVE ION MODE","metabolite_name":"Aspartic acid","refmet_name":"Aspartic acid"},"16":{"study_id":"ST000576","analysis_id":"AN000886","analysis_summary":"GC POSITIVE ION MODE","metabolite_name":"Benzoic acid","refmet_name":"Benzoic acid"},"17":{"study_id":"ST000576","analysis_id":"AN000886","analysis_summary":"GC POSITIVE ION MODE","metabolite_name":"beta-Hydroxybutyric acid","refmet_name":"3-Hydroxybutyric acid"},"18":{"study_id":"ST000576","analysis_id":"AN000886","analysis_summary":"GC POSITIVE ION MODE","metabolite_name":"beta-Monopalmitin","refmet_name":"MG 0:0\/16:0\/0:0"},"19":{"study_id":"ST000576","analysis_id":"AN000886","analysis_summary":"GC POSITIVE ION MODE","metabolite_name":"beta-Monostearin","refmet_name":"MG 0:0\/18:0\/0:0"},"20":{"study_id":"ST000576","analysis_id":"AN000886","analysis_summary":"GC POSITIVE ION MODE","metabolite_name":"beta-Sitosterol","refmet_name":"Sitosterol"},"21":{"study_id":"ST000576","analysis_id":"AN000886","analysis_summary":"GC POSITIVE ION MODE","metabolite_name":"C10 hydrocarbon","refmet_name":""},"22":{"study_id":"ST000576","analysis_id":"AN000886","analysis_summary":"GC POSITIVE ION MODE","metabolite_name":"C11 hydrocarbon","refmet_name":""},"23":{"study_id":"ST000576","analysis_id":"AN000886","analysis_summary":"GC POSITIVE ION MODE","metabolite_name":"C12 hydrocarbon","refmet_name":""},"24":{"study_id":"ST000576","analysis_id":"AN000886","analysis_summary":"GC POSITIVE ION MODE","metabolite_name":"C13 hydrocarbon","refmet_name":""},"25":{"study_id":"ST000576","analysis_id":"AN000886","analysis_summary":"GC POSITIVE ION MODE","metabolite_name":"C15 hydrocarbon","refmet_name":""},"26":{"study_id":"ST000576","analysis_id":"AN000886","analysis_summary":"GC POSITIVE ION MODE","metabolite_name":"C17 hydrocarbon","refmet_name":""},"27":{"study_id":"ST000576","analysis_id":"AN000886","analysis_summary":"GC POSITIVE ION MODE","metabolite_name":"C21 Hydrocarbon","refmet_name":""},"28":{"study_id":"ST000576","analysis_id":"AN000886","analysis_summary":"GC POSITIVE ION MODE","metabolite_name":"Campesterol","refmet_name":"Campesterol"},"29":{"study_id":"ST000576","analysis_id":"AN000886","analysis_summary":"GC POSITIVE ION MODE","metabolite_name":"Cholesterol","refmet_name":"Cholesterol"},"30":{"study_id":"ST000576","analysis_id":"AN000886","analysis_summary":"GC POSITIVE ION MODE","metabolite_name":"Citric acid\/isocitric acid","refmet_name":"Citric acid\/Isocitric acid"},"31":{"study_id":"ST000576","analysis_id":"AN000886","analysis_summary":"GC POSITIVE ION MODE","metabolite_name":"Creatinine","refmet_name":"Creatinine"},"32":{"study_id":"ST000576","analysis_id":"AN000886","analysis_summary":"GC POSITIVE ION MODE","metabolite_name":"Dehydroalanine (possibly from cysteine)","refmet_name":"2-Aminoacrylic acid"},"33":{"study_id":"ST000576","analysis_id":"AN000886","analysis_summary":"GC POSITIVE ION MODE","metabolite_name":"Dehydroascorbic acid (possibly alpha-ketoglutarate)","refmet_name":"L-Dehydroascorbic acid"},"34":{"study_id":"ST000576","analysis_id":"AN000886","analysis_summary":"GC POSITIVE ION MODE","metabolite_name":"deuterated Myristic Acid (RTL std)","refmet_name":""},"35":{"study_id":"ST000576","analysis_id":"AN000886","analysis_summary":"GC POSITIVE ION MODE","metabolite_name":"Disaccharide","refmet_name":""},"36":{"study_id":"ST000576","analysis_id":"AN000886","analysis_summary":"GC POSITIVE ION MODE","metabolite_name":"Docosahexaenoic acid","refmet_name":"Docosahexaenoic acid"},"37":{"study_id":"ST000576","analysis_id":"AN000886","analysis_summary":"GC POSITIVE ION MODE","metabolite_name":"Ethanolamine","refmet_name":"Ethanolamine"},"38":{"study_id":"ST000576","analysis_id":"AN000886","analysis_summary":"GC POSITIVE ION MODE","metabolite_name":"Fructose or similar ketohexose","refmet_name":"Ketohexose"},"39":{"study_id":"ST000576","analysis_id":"AN000886","analysis_summary":"GC POSITIVE ION MODE","metabolite_name":"Fumaric acid","refmet_name":"Fumaric acid"},"40":{"study_id":"ST000576","analysis_id":"AN000886","analysis_summary":"GC POSITIVE ION MODE","metabolite_name":"Glucose-6-phosphate or similar","refmet_name":"Hexose 6-phosphate"},"41":{"study_id":"ST000576","analysis_id":"AN000886","analysis_summary":"GC POSITIVE ION MODE","metabolite_name":"Glucose and other aldohexoses","refmet_name":"Hexose"},"42":{"study_id":"ST000576","analysis_id":"AN000886","analysis_summary":"GC POSITIVE ION MODE","metabolite_name":"Glutamic acid","refmet_name":"Glutamic acid"},"43":{"study_id":"ST000576","analysis_id":"AN000886","analysis_summary":"GC POSITIVE ION MODE","metabolite_name":"Glutamine","refmet_name":"Glutamine"},"44":{"study_id":"ST000576","analysis_id":"AN000886","analysis_summary":"GC POSITIVE ION MODE","metabolite_name":"Glycerol 1-phosphate","refmet_name":"sn-Glycero-3-phosphate"},"45":{"study_id":"ST000576","analysis_id":"AN000886","analysis_summary":"GC POSITIVE ION MODE","metabolite_name":"Glycine","refmet_name":"Glycine"},"46":{"study_id":"ST000576","analysis_id":"AN000886","analysis_summary":"GC POSITIVE ION MODE","metabolite_name":"Heptadecanoic acid\/Octadecanol","refmet_name":""},"47":{"study_id":"ST000576","analysis_id":"AN000886","analysis_summary":"GC POSITIVE ION MODE","metabolite_name":"Hexitols","refmet_name":""},"48":{"study_id":"ST000576","analysis_id":"AN000886","analysis_summary":"GC POSITIVE ION MODE","metabolite_name":"Homoserine","refmet_name":"Homoserine"},"49":{"study_id":"ST000576","analysis_id":"AN000886","analysis_summary":"GC POSITIVE ION MODE","metabolite_name":"Hypotaurine","refmet_name":"Hypotaurine"},"50":{"study_id":"ST000576","analysis_id":"AN000886","analysis_summary":"GC POSITIVE ION MODE","metabolite_name":"Hypoxanthine","refmet_name":"Hypoxanthine"},"51":{"study_id":"ST000576","analysis_id":"AN000886","analysis_summary":"GC POSITIVE ION MODE","metabolite_name":"Inosine\/Adenosine","refmet_name":""},"52":{"study_id":"ST000576","analysis_id":"AN000886","analysis_summary":"GC POSITIVE ION MODE","metabolite_name":"Isoleucine\/Leucine","refmet_name":"Leucine"},"53":{"study_id":"ST000576","analysis_id":"AN000886","analysis_summary":"GC POSITIVE ION MODE","metabolite_name":"Lactic acid","refmet_name":"Lactic acid"},"54":{"study_id":"ST000576","analysis_id":"AN000886","analysis_summary":"GC POSITIVE ION MODE","metabolite_name":"Linoleic acid","refmet_name":"Linoleic acid"},"55":{"study_id":"ST000576","analysis_id":"AN000886","analysis_summary":"GC POSITIVE ION MODE","metabolite_name":"Lysine","refmet_name":"Lysine"},"56":{"study_id":"ST000576","analysis_id":"AN000886","analysis_summary":"GC POSITIVE ION MODE","metabolite_name":"Malic acid","refmet_name":"Malic acid"},"57":{"study_id":"ST000576","analysis_id":"AN000886","analysis_summary":"GC POSITIVE ION MODE","metabolite_name":"Methionine","refmet_name":"Methionine"},"58":{"study_id":"ST000576","analysis_id":"AN000886","analysis_summary":"GC POSITIVE ION MODE","metabolite_name":"MSTFA artifact","refmet_name":""},"59":{"study_id":"ST000576","analysis_id":"AN000886","analysis_summary":"GC POSITIVE ION MODE","metabolite_name":"Myoinositol","refmet_name":"Myo-inositol"},"60":{"study_id":"ST000576","analysis_id":"AN000886","analysis_summary":"GC POSITIVE ION MODE","metabolite_name":"Myoinositol-2-phosphate","refmet_name":"myo-Inositol 2-phosphate"},"61":{"study_id":"ST000576","analysis_id":"AN000886","analysis_summary":"GC POSITIVE ION MODE","metabolite_name":"Myristic acid or Pentadecanol","refmet_name":"Myristic acid"},"62":{"study_id":"ST000576","analysis_id":"AN000886","analysis_summary":"GC POSITIVE ION MODE","metabolite_name":"Nicotinamide","refmet_name":"Niacinamide"},"63":{"study_id":"ST000576","analysis_id":"AN000886","analysis_summary":"GC POSITIVE ION MODE","metabolite_name":"Oleic acid","refmet_name":"Oleic acid"},"64":{"study_id":"ST000576","analysis_id":"AN000886","analysis_summary":"GC POSITIVE ION MODE","metabolite_name":"O-Methylphosphate","refmet_name":"Methanolphosphate"},"65":{"study_id":"ST000576","analysis_id":"AN000886","analysis_summary":"GC POSITIVE ION MODE","metabolite_name":"O-Phosphocolamine","refmet_name":"Phosphoethanolamine"},"66":{"study_id":"ST000576","analysis_id":"AN000886","analysis_summary":"GC POSITIVE ION MODE","metabolite_name":"Palmitic acid","refmet_name":"Palmitic acid"},"67":{"study_id":"ST000576","analysis_id":"AN000886","analysis_summary":"GC POSITIVE ION MODE","metabolite_name":"Pantothenic acid","refmet_name":"Pantothenic acid"},"68":{"study_id":"ST000576","analysis_id":"AN000886","analysis_summary":"GC POSITIVE ION MODE","metabolite_name":"Pentadecanoic acid\/Hexadecanol","refmet_name":""},"69":{"study_id":"ST000576","analysis_id":"AN000886","analysis_summary":"GC POSITIVE ION MODE","metabolite_name":"Pentitols","refmet_name":"Arabitol"},"70":{"study_id":"ST000576","analysis_id":"AN000886","analysis_summary":"GC POSITIVE ION MODE","metabolite_name":"Phenol","refmet_name":"Phenol"},"71":{"study_id":"ST000576","analysis_id":"AN000886","analysis_summary":"GC POSITIVE ION MODE","metabolite_name":"Phenylalanine","refmet_name":"Phenylalanine"},"72":{"study_id":"ST000576","analysis_id":"AN000886","analysis_summary":"GC POSITIVE ION MODE","metabolite_name":"Phosphoric acid","refmet_name":"Phosphoric acid"},"73":{"study_id":"ST000576","analysis_id":"AN000886","analysis_summary":"GC POSITIVE ION MODE","metabolite_name":"Prunetin or similar isoflavone","refmet_name":""},"74":{"study_id":"ST000576","analysis_id":"AN000886","analysis_summary":"GC POSITIVE ION MODE","metabolite_name":"Pyrophosphate","refmet_name":"Pyrophosphate"},"75":{"study_id":"ST000576","analysis_id":"AN000886","analysis_summary":"GC POSITIVE ION MODE","metabolite_name":"Pyruvic acid","refmet_name":"Pyruvic acid"},"76":{"study_id":"ST000576","analysis_id":"AN000886","analysis_summary":"GC POSITIVE ION MODE","metabolite_name":"Serine","refmet_name":"Serine"},"77":{"study_id":"ST000576","analysis_id":"AN000886","analysis_summary":"GC POSITIVE ION MODE","metabolite_name":"Siloxanes","refmet_name":""},"78":{"study_id":"ST000576","analysis_id":"AN000886","analysis_summary":"GC POSITIVE ION MODE","metabolite_name":"Spermidine","refmet_name":"Spermidine"},"79":{"study_id":"ST000576","analysis_id":"AN000886","analysis_summary":"GC POSITIVE ION MODE","metabolite_name":"Squalene","refmet_name":"Squalene"},"80":{"study_id":"ST000576","analysis_id":"AN000886","analysis_summary":"GC POSITIVE ION MODE","metabolite_name":"Stearamide","refmet_name":"Stearamide"},"81":{"study_id":"ST000576","analysis_id":"AN000886","analysis_summary":"GC POSITIVE ION MODE","metabolite_name":"Stearic acid","refmet_name":"Stearic acid"},"82":{"study_id":"ST000576","analysis_id":"AN000886","analysis_summary":"GC POSITIVE ION MODE","metabolite_name":"Succinic acid","refmet_name":"Succinic acid"},"83":{"study_id":"ST000576","analysis_id":"AN000886","analysis_summary":"GC POSITIVE ION MODE","metabolite_name":"Taurine","refmet_name":"Taurine"},"84":{"study_id":"ST000576","analysis_id":"AN000886","analysis_summary":"GC POSITIVE ION MODE","metabolite_name":"Threonine","refmet_name":"Threonine"},"85":{"study_id":"ST000576","analysis_id":"AN000886","analysis_summary":"GC POSITIVE ION MODE","metabolite_name":"Tyrosine","refmet_name":"Tyrosine"},"86":{"study_id":"ST000576","analysis_id":"AN000886","analysis_summary":"GC POSITIVE ION MODE","metabolite_name":"Urea","refmet_name":"Urea"},"87":{"study_id":"ST000576","analysis_id":"AN000886","analysis_summary":"GC POSITIVE ION MODE","metabolite_name":"Valine","refmet_name":"Valine"}}