{"1":{"study_id":"ST000081","analysis_id":"AN000131","analysis_summary":"ESI\/QTOF positive ion mode","metabolite_name":"1-hexadecyl-2-(8Z,11Z,14Z-eicosatrienoyl)-sn-glycero-3-phosphocholine","refmet_name":"PC O-16:0\/20:5"},"2":{"study_id":"ST000081","analysis_id":"AN000131","analysis_summary":"ESI\/QTOF positive ion mode","metabolite_name":"1-Octadecanoyl-sn-glycero-3-phosphoethanolamine","refmet_name":"LPE 18:0"},"3":{"study_id":"ST000081","analysis_id":"AN000131","analysis_summary":"ESI\/QTOF positive ion mode","metabolite_name":"1-Stearoyl-2-oleoyl-sn-glycero-3-phosphoethanolamine","refmet_name":"PE 18:0\/18:1"},"4":{"study_id":"ST000081","analysis_id":"AN000131","analysis_summary":"ESI\/QTOF positive ion mode","metabolite_name":"Acylcarnitine C16:0","refmet_name":"CAR 16:0"},"5":{"study_id":"ST000081","analysis_id":"AN000131","analysis_summary":"ESI\/QTOF positive ion mode","metabolite_name":"Acylcarnitine C18:1","refmet_name":"CAR 18:1"},"6":{"study_id":"ST000081","analysis_id":"AN000131","analysis_summary":"ESI\/QTOF positive ion mode","metabolite_name":"Ceramide (d40:1)","refmet_name":"Cer 40:1;O2"},"7":{"study_id":"ST000081","analysis_id":"AN000131","analysis_summary":"ESI\/QTOF positive ion mode","metabolite_name":"Ceramide (d42:2)","refmet_name":"Cer 42:2;O2"},"8":{"study_id":"ST000081","analysis_id":"AN000131","analysis_summary":"ESI\/QTOF positive ion mode","metabolite_name":"Cholesterol","refmet_name":"Cholesterol"},"9":{"study_id":"ST000081","analysis_id":"AN000131","analysis_summary":"ESI\/QTOF positive ion mode","metabolite_name":"Choline","refmet_name":"Choline"},"10":{"study_id":"ST000081","analysis_id":"AN000131","analysis_summary":"ESI\/QTOF positive ion mode","metabolite_name":"DG (30:0)","refmet_name":"DG 30:0"},"11":{"study_id":"ST000081","analysis_id":"AN000131","analysis_summary":"ESI\/QTOF positive ion mode","metabolite_name":"DG (32:0)","refmet_name":"DG 32:0"},"12":{"study_id":"ST000081","analysis_id":"AN000131","analysis_summary":"ESI\/QTOF positive ion mode","metabolite_name":"DG (34:1)","refmet_name":"DG 34:1"},"13":{"study_id":"ST000081","analysis_id":"AN000131","analysis_summary":"ESI\/QTOF positive ion mode","metabolite_name":"DG (34:2)","refmet_name":"DG 34:2"},"14":{"study_id":"ST000081","analysis_id":"AN000131","analysis_summary":"ESI\/QTOF positive ion mode","metabolite_name":"DG (36:2)","refmet_name":"DG 36:2"},"15":{"study_id":"ST000081","analysis_id":"AN000131","analysis_summary":"ESI\/QTOF positive ion mode","metabolite_name":"DG (36:3)","refmet_name":"DG 36:3"},"16":{"study_id":"ST000081","analysis_id":"AN000131","analysis_summary":"ESI\/QTOF positive ion mode","metabolite_name":"DG (38:4)","refmet_name":"DG 38:4"},"17":{"study_id":"ST000081","analysis_id":"AN000131","analysis_summary":"ESI\/QTOF positive ion mode","metabolite_name":"DG (38:5)","refmet_name":"DG 38:5"},"18":{"study_id":"ST000081","analysis_id":"AN000131","analysis_summary":"ESI\/QTOF positive ion mode","metabolite_name":"Gal-Gal-Cer(d18:1\/16:0) or Lactosylceramide(d18:1\/16:0)","refmet_name":"LacCer 18:1;O2\/16:0"},"19":{"study_id":"ST000081","analysis_id":"AN000131","analysis_summary":"ESI\/QTOF positive ion mode","metabolite_name":"Hydromorphone","refmet_name":"Hydromorphone"},"20":{"study_id":"ST000081","analysis_id":"AN000131","analysis_summary":"ESI\/QTOF positive ion mode","metabolite_name":"LPC (16:0)","refmet_name":"LPC 16:0"},"21":{"study_id":"ST000081","analysis_id":"AN000131","analysis_summary":"ESI\/QTOF positive ion mode","metabolite_name":"LPC (18:0)","refmet_name":"LPC 18:0"},"22":{"study_id":"ST000081","analysis_id":"AN000131","analysis_summary":"ESI\/QTOF positive ion mode","metabolite_name":"LPC (18:1)","refmet_name":"LPC 18:1"},"23":{"study_id":"ST000081","analysis_id":"AN000131","analysis_summary":"ESI\/QTOF positive ion mode","metabolite_name":"LPC (18:2)","refmet_name":"LPC 18:2"},"24":{"study_id":"ST000081","analysis_id":"AN000131","analysis_summary":"ESI\/QTOF positive ion mode","metabolite_name":"LPC (20:4)","refmet_name":"LPC 20:4"},"25":{"study_id":"ST000081","analysis_id":"AN000131","analysis_summary":"ESI\/QTOF positive ion mode","metabolite_name":"N-Tetracosenoyl-4-sphingenyl-1-O-phosphorylcholine","refmet_name":"SM 18:1;O2\/24:1"},"26":{"study_id":"ST000081","analysis_id":"AN000131","analysis_summary":"ESI\/QTOF positive ion mode","metabolite_name":"Oleoyl ethylamide","refmet_name":"Oleoyl-EA"},"27":{"study_id":"ST000081","analysis_id":"AN000131","analysis_summary":"ESI\/QTOF positive ion mode","metabolite_name":"PC (16:0\/16:0)","refmet_name":"PC 16:0\/16:0"},"28":{"study_id":"ST000081","analysis_id":"AN000131","analysis_summary":"ESI\/QTOF positive ion mode","metabolite_name":"PC (30:0)","refmet_name":"PC 30:0"},"29":{"study_id":"ST000081","analysis_id":"AN000131","analysis_summary":"ESI\/QTOF positive ion mode","metabolite_name":"PC (30:1)","refmet_name":"PC 30:1"},"30":{"study_id":"ST000081","analysis_id":"AN000131","analysis_summary":"ESI\/QTOF positive ion mode","metabolite_name":"PC (31:0)","refmet_name":"PC 31:0"},"31":{"study_id":"ST000081","analysis_id":"AN000131","analysis_summary":"ESI\/QTOF positive ion mode","metabolite_name":"PC (32:0)","refmet_name":"PC 32:0"},"32":{"study_id":"ST000081","analysis_id":"AN000131","analysis_summary":"ESI\/QTOF positive ion mode","metabolite_name":"PC (32:2)","refmet_name":"PC 32:2"},"33":{"study_id":"ST000081","analysis_id":"AN000131","analysis_summary":"ESI\/QTOF positive ion mode","metabolite_name":"PC (33:1)","refmet_name":"PC 33:1"},"34":{"study_id":"ST000081","analysis_id":"AN000131","analysis_summary":"ESI\/QTOF positive ion mode","metabolite_name":"PC (33:2)","refmet_name":"PC 33:2"},"35":{"study_id":"ST000081","analysis_id":"AN000131","analysis_summary":"ESI\/QTOF positive ion mode","metabolite_name":"PC (34:0)","refmet_name":"PC 34:0"},"36":{"study_id":"ST000081","analysis_id":"AN000131","analysis_summary":"ESI\/QTOF positive ion mode","metabolite_name":"PC (34:1)","refmet_name":"PC 34:1"},"37":{"study_id":"ST000081","analysis_id":"AN000131","analysis_summary":"ESI\/QTOF positive ion mode","metabolite_name":"PC (34:2)","refmet_name":"PC 34:2"},"38":{"study_id":"ST000081","analysis_id":"AN000131","analysis_summary":"ESI\/QTOF positive ion mode","metabolite_name":"PC (34:3)","refmet_name":"PC 34:3"},"39":{"study_id":"ST000081","analysis_id":"AN000131","analysis_summary":"ESI\/QTOF positive ion mode","metabolite_name":"PC (34:4)","refmet_name":"PC 34:4"},"40":{"study_id":"ST000081","analysis_id":"AN000131","analysis_summary":"ESI\/QTOF positive ion mode","metabolite_name":"PC (35:1)","refmet_name":"PC 35:1"},"41":{"study_id":"ST000081","analysis_id":"AN000131","analysis_summary":"ESI\/QTOF positive ion mode","metabolite_name":"PC (35:2)","refmet_name":"PC 35:2"},"42":{"study_id":"ST000081","analysis_id":"AN000131","analysis_summary":"ESI\/QTOF positive ion mode","metabolite_name":"PC (36:1)","refmet_name":"PC 36:1"},"43":{"study_id":"ST000081","analysis_id":"AN000131","analysis_summary":"ESI\/QTOF positive ion mode","metabolite_name":"PC (36:2)","refmet_name":"PC 36:2"},"44":{"study_id":"ST000081","analysis_id":"AN000131","analysis_summary":"ESI\/QTOF positive ion mode","metabolite_name":"PC (36:3) A","refmet_name":"PC 36:3"},"45":{"study_id":"ST000081","analysis_id":"AN000131","analysis_summary":"ESI\/QTOF positive ion mode","metabolite_name":"PC (36:4)","refmet_name":"PC 36:4"},"46":{"study_id":"ST000081","analysis_id":"AN000131","analysis_summary":"ESI\/QTOF positive ion mode","metabolite_name":"PC (36:5)","refmet_name":"PC 36:5"},"47":{"study_id":"ST000081","analysis_id":"AN000131","analysis_summary":"ESI\/QTOF positive ion mode","metabolite_name":"PC (37:4)","refmet_name":"PC 37:4"},"48":{"study_id":"ST000081","analysis_id":"AN000131","analysis_summary":"ESI\/QTOF positive ion mode","metabolite_name":"PC (38:2)","refmet_name":"PC 38:2"},"49":{"study_id":"ST000081","analysis_id":"AN000131","analysis_summary":"ESI\/QTOF positive ion mode","metabolite_name":"PC (38:3)","refmet_name":"PC 38:3"},"50":{"study_id":"ST000081","analysis_id":"AN000131","analysis_summary":"ESI\/QTOF positive ion mode","metabolite_name":"PC (38:4) A","refmet_name":"PC 38:4"},"51":{"study_id":"ST000081","analysis_id":"AN000131","analysis_summary":"ESI\/QTOF positive ion mode","metabolite_name":"PC (38:5) A","refmet_name":"PC 38:5"},"52":{"study_id":"ST000081","analysis_id":"AN000131","analysis_summary":"ESI\/QTOF positive ion mode","metabolite_name":"PC (38:6) A","refmet_name":"PC 38:6"},"53":{"study_id":"ST000081","analysis_id":"AN000131","analysis_summary":"ESI\/QTOF positive ion mode","metabolite_name":"PC (40:4)","refmet_name":"PC 40:4"},"54":{"study_id":"ST000081","analysis_id":"AN000131","analysis_summary":"ESI\/QTOF positive ion mode","metabolite_name":"PC (40:5) B","refmet_name":"PC 40:5"},"55":{"study_id":"ST000081","analysis_id":"AN000131","analysis_summary":"ESI\/QTOF positive ion mode","metabolite_name":"PC (40:6) A","refmet_name":"PC 40:6"},"56":{"study_id":"ST000081","analysis_id":"AN000131","analysis_summary":"ESI\/QTOF positive ion mode","metabolite_name":"PC (40:6) B","refmet_name":"PC 40:6"},"57":{"study_id":"ST000081","analysis_id":"AN000131","analysis_summary":"ESI\/QTOF positive ion mode","metabolite_name":"PC (40:8)","refmet_name":"PC 40:8"},"58":{"study_id":"ST000081","analysis_id":"AN000131","analysis_summary":"ESI\/QTOF positive ion mode","metabolite_name":"PC (o-32:0)","refmet_name":"PC O-32:0"},"59":{"study_id":"ST000081","analysis_id":"AN000131","analysis_summary":"ESI\/QTOF positive ion mode","metabolite_name":"PC (p-32:0) or PC (o-32:1)","refmet_name":"PC P-32:0 or PC O-32:1"},"60":{"study_id":"ST000081","analysis_id":"AN000131","analysis_summary":"ESI\/QTOF positive ion mode","metabolite_name":"PC (p-34:1) or PC (o-34:2) A","refmet_name":"PC P-34:1 or PC O-34:2"},"61":{"study_id":"ST000081","analysis_id":"AN000131","analysis_summary":"ESI\/QTOF positive ion mode","metabolite_name":"PC (p-34:1) or PC (o-34:2) B","refmet_name":"PC P-34:1 or PC O-34:2"},"62":{"study_id":"ST000081","analysis_id":"AN000131","analysis_summary":"ESI\/QTOF positive ion mode","metabolite_name":"PC (p-34:2) or PC (o-34:3)","refmet_name":"PC P-34:2 or PC O-34:3"},"63":{"study_id":"ST000081","analysis_id":"AN000131","analysis_summary":"ESI\/QTOF positive ion mode","metabolite_name":"PC (p-36:4) or PC (o-36:5)","refmet_name":"PC P-36:4 or PC O-36:5"},"64":{"study_id":"ST000081","analysis_id":"AN000131","analysis_summary":"ESI\/QTOF positive ion mode","metabolite_name":"PC (p-38:4) A or PC (o-38:5) A","refmet_name":"PC P-38:4 or PC O-38:5"},"65":{"study_id":"ST000081","analysis_id":"AN000131","analysis_summary":"ESI\/QTOF positive ion mode","metabolite_name":"PC (p-38:5) or PC (o-38:6)","refmet_name":"PC P-38:5 or PC O-38:6"},"66":{"study_id":"ST000081","analysis_id":"AN000131","analysis_summary":"ESI\/QTOF positive ion mode","metabolite_name":"PE (36:1)","refmet_name":"PE 36:1"},"67":{"study_id":"ST000081","analysis_id":"AN000131","analysis_summary":"ESI\/QTOF positive ion mode","metabolite_name":"PE (p-36:4) or PE (o-36:5)","refmet_name":"PE P-36:4 or PE O-36:5"},"68":{"study_id":"ST000081","analysis_id":"AN000131","analysis_summary":"ESI\/QTOF positive ion mode","metabolite_name":"PE (p-38:4) or PE (o-38:5)","refmet_name":"PE P-38:4 or PE O-38:5"},"69":{"study_id":"ST000081","analysis_id":"AN000131","analysis_summary":"ESI\/QTOF positive ion mode","metabolite_name":"PE (p-40:5) or PE (o-40:6)","refmet_name":"PE P-40:5 or PE O-40:6"},"70":{"study_id":"ST000081","analysis_id":"AN000131","analysis_summary":"ESI\/QTOF positive ion mode","metabolite_name":"plasmenyl-PC (36:3)","refmet_name":"PC P-36:3"},"71":{"study_id":"ST000081","analysis_id":"AN000131","analysis_summary":"ESI\/QTOF positive ion mode","metabolite_name":"plasmenyl-PE (34:1)","refmet_name":"PE P-34:1"},"72":{"study_id":"ST000081","analysis_id":"AN000131","analysis_summary":"ESI\/QTOF positive ion mode","metabolite_name":"plasmenyl-PE (34:2)","refmet_name":"PE P-34:2"},"73":{"study_id":"ST000081","analysis_id":"AN000131","analysis_summary":"ESI\/QTOF positive ion mode","metabolite_name":"plasmenyl-PE (36:1)","refmet_name":"PE P-36:1"},"74":{"study_id":"ST000081","analysis_id":"AN000131","analysis_summary":"ESI\/QTOF positive ion mode","metabolite_name":"plasmenyl-PE (38:3)","refmet_name":"PE P-38:3"},"75":{"study_id":"ST000081","analysis_id":"AN000131","analysis_summary":"ESI\/QTOF positive ion mode","metabolite_name":"plasmenyl-PE (38:5)","refmet_name":"PE P-38:5"},"76":{"study_id":"ST000081","analysis_id":"AN000131","analysis_summary":"ESI\/QTOF positive ion mode","metabolite_name":"plasmenyl-PE (40:4)","refmet_name":"PE P-40:4"},"77":{"study_id":"ST000081","analysis_id":"AN000131","analysis_summary":"ESI\/QTOF positive ion mode","metabolite_name":"SM (33:1)","refmet_name":"SM 33:1;O2"},"78":{"study_id":"ST000081","analysis_id":"AN000131","analysis_summary":"ESI\/QTOF positive ion mode","metabolite_name":"SM (34:0)","refmet_name":"SM 34:0;O2"},"79":{"study_id":"ST000081","analysis_id":"AN000131","analysis_summary":"ESI\/QTOF positive ion mode","metabolite_name":"SM (d16:1\/20:0)","refmet_name":"SM 16:1;O2\/20:0"},"80":{"study_id":"ST000081","analysis_id":"AN000131","analysis_summary":"ESI\/QTOF positive ion mode","metabolite_name":"SM (d16:1\/20:1)","refmet_name":"SM 16:1;O2\/20:1"},"81":{"study_id":"ST000081","analysis_id":"AN000131","analysis_summary":"ESI\/QTOF positive ion mode","metabolite_name":"SM (d18:1\/14:0)","refmet_name":"SM 18:1;O2\/14:0"},"82":{"study_id":"ST000081","analysis_id":"AN000131","analysis_summary":"ESI\/QTOF positive ion mode","metabolite_name":"SM (d18:1\/16:0)","refmet_name":"SM 18:1;O2\/16:0"},"83":{"study_id":"ST000081","analysis_id":"AN000131","analysis_summary":"ESI\/QTOF positive ion mode","metabolite_name":"SM (d18:1\/16:1)","refmet_name":"SM 18:1;O2\/16:1"},"84":{"study_id":"ST000081","analysis_id":"AN000131","analysis_summary":"ESI\/QTOF positive ion mode","metabolite_name":"SM (d18:2\/23:0)","refmet_name":"SM 18:2;O2\/23:0"},"85":{"study_id":"ST000081","analysis_id":"AN000131","analysis_summary":"ESI\/QTOF positive ion mode","metabolite_name":"SM (d18:2\/24:1)","refmet_name":"SM 18:2;O2\/24:1"},"86":{"study_id":"ST000081","analysis_id":"AN000131","analysis_summary":"ESI\/QTOF positive ion mode","metabolite_name":"SM (d38:1)","refmet_name":"SM 38:1;O2"},"87":{"study_id":"ST000081","analysis_id":"AN000131","analysis_summary":"ESI\/QTOF positive ion mode","metabolite_name":"SM (d40:1)","refmet_name":"SM 40:1;O2"},"88":{"study_id":"ST000081","analysis_id":"AN000131","analysis_summary":"ESI\/QTOF positive ion mode","metabolite_name":"SM (d40:2) B","refmet_name":"SM 40:2;O2"},"89":{"study_id":"ST000081","analysis_id":"AN000131","analysis_summary":"ESI\/QTOF positive ion mode","metabolite_name":"SM (d41:1)","refmet_name":"SM 41:1;O2"},"90":{"study_id":"ST000081","analysis_id":"AN000131","analysis_summary":"ESI\/QTOF positive ion mode","metabolite_name":"TG (42:0)","refmet_name":"TG 42:0"},"91":{"study_id":"ST000081","analysis_id":"AN000131","analysis_summary":"ESI\/QTOF positive ion mode","metabolite_name":"TG (42:1)","refmet_name":"TG 42:1"},"92":{"study_id":"ST000081","analysis_id":"AN000131","analysis_summary":"ESI\/QTOF positive ion mode","metabolite_name":"TG (44:1)","refmet_name":"TG 44:1"},"93":{"study_id":"ST000081","analysis_id":"AN000131","analysis_summary":"ESI\/QTOF positive ion mode","metabolite_name":"TG (44:2)","refmet_name":"TG 44:2"},"94":{"study_id":"ST000081","analysis_id":"AN000131","analysis_summary":"ESI\/QTOF positive ion mode","metabolite_name":"TG (46:0)","refmet_name":"TG 46:0"},"95":{"study_id":"ST000081","analysis_id":"AN000131","analysis_summary":"ESI\/QTOF positive ion mode","metabolite_name":"TG (46:1)","refmet_name":"TG 46:1"},"96":{"study_id":"ST000081","analysis_id":"AN000131","analysis_summary":"ESI\/QTOF positive ion mode","metabolite_name":"TG (46:2)","refmet_name":"TG 46:2"},"97":{"study_id":"ST000081","analysis_id":"AN000131","analysis_summary":"ESI\/QTOF positive ion mode","metabolite_name":"TG (46:3)","refmet_name":"TG 46:3"},"98":{"study_id":"ST000081","analysis_id":"AN000131","analysis_summary":"ESI\/QTOF positive ion mode","metabolite_name":"TG (48:0)","refmet_name":"TG 48:0"},"99":{"study_id":"ST000081","analysis_id":"AN000131","analysis_summary":"ESI\/QTOF positive ion mode","metabolite_name":"TG (48:1)","refmet_name":"TG 48:1"},"100":{"study_id":"ST000081","analysis_id":"AN000131","analysis_summary":"ESI\/QTOF positive ion mode","metabolite_name":"TG (48:2)","refmet_name":"TG 48:2"},"101":{"study_id":"ST000081","analysis_id":"AN000131","analysis_summary":"ESI\/QTOF positive ion mode","metabolite_name":"TG (48:3)","refmet_name":"TG 48:3"},"102":{"study_id":"ST000081","analysis_id":"AN000131","analysis_summary":"ESI\/QTOF positive ion mode","metabolite_name":"TG (49:0)","refmet_name":"TG 49:0"},"103":{"study_id":"ST000081","analysis_id":"AN000131","analysis_summary":"ESI\/QTOF positive ion mode","metabolite_name":"TG (49:1)","refmet_name":"TG 49:1"},"104":{"study_id":"ST000081","analysis_id":"AN000131","analysis_summary":"ESI\/QTOF positive ion mode","metabolite_name":"TG (49:2)","refmet_name":"TG 49:2"},"105":{"study_id":"ST000081","analysis_id":"AN000131","analysis_summary":"ESI\/QTOF positive ion mode","metabolite_name":"TG (49:3)","refmet_name":"TG 49:3"},"106":{"study_id":"ST000081","analysis_id":"AN000131","analysis_summary":"ESI\/QTOF positive ion mode","metabolite_name":"TG (50:0)","refmet_name":"TG 50:0"},"107":{"study_id":"ST000081","analysis_id":"AN000131","analysis_summary":"ESI\/QTOF positive ion mode","metabolite_name":"TG (50:1)","refmet_name":"TG 50:1"},"108":{"study_id":"ST000081","analysis_id":"AN000131","analysis_summary":"ESI\/QTOF positive ion mode","metabolite_name":"TG (50:2)","refmet_name":"TG 50:2"},"109":{"study_id":"ST000081","analysis_id":"AN000131","analysis_summary":"ESI\/QTOF positive ion mode","metabolite_name":"TG (50:3)","refmet_name":"TG 50:3"},"110":{"study_id":"ST000081","analysis_id":"AN000131","analysis_summary":"ESI\/QTOF positive ion mode","metabolite_name":"TG (50:4)","refmet_name":"TG 50:4"},"111":{"study_id":"ST000081","analysis_id":"AN000131","analysis_summary":"ESI\/QTOF positive ion mode","metabolite_name":"TG (50:5)","refmet_name":"TG 50:5"},"112":{"study_id":"ST000081","analysis_id":"AN000131","analysis_summary":"ESI\/QTOF positive ion mode","metabolite_name":"TG (51:0)","refmet_name":"TG 51:0"},"113":{"study_id":"ST000081","analysis_id":"AN000131","analysis_summary":"ESI\/QTOF positive ion mode","metabolite_name":"TG (51:1)","refmet_name":"TG 51:1"},"114":{"study_id":"ST000081","analysis_id":"AN000131","analysis_summary":"ESI\/QTOF positive ion mode","metabolite_name":"TG (51:2)","refmet_name":"TG 51:2"},"115":{"study_id":"ST000081","analysis_id":"AN000131","analysis_summary":"ESI\/QTOF positive ion mode","metabolite_name":"TG (51:3)","refmet_name":"TG 51:3"},"116":{"study_id":"ST000081","analysis_id":"AN000131","analysis_summary":"ESI\/QTOF positive ion mode","metabolite_name":"TG (51:4)","refmet_name":"TG 51:4"},"117":{"study_id":"ST000081","analysis_id":"AN000131","analysis_summary":"ESI\/QTOF positive ion mode","metabolite_name":"TG (52:0)","refmet_name":"TG 52:0"},"118":{"study_id":"ST000081","analysis_id":"AN000131","analysis_summary":"ESI\/QTOF positive ion mode","metabolite_name":"TG (52:1)","refmet_name":"TG 52:1"},"119":{"study_id":"ST000081","analysis_id":"AN000131","analysis_summary":"ESI\/QTOF positive ion mode","metabolite_name":"TG (52:4)","refmet_name":"TG 52:4"},"120":{"study_id":"ST000081","analysis_id":"AN000131","analysis_summary":"ESI\/QTOF positive ion mode","metabolite_name":"TG (52:5)","refmet_name":"TG 52:5"},"121":{"study_id":"ST000081","analysis_id":"AN000131","analysis_summary":"ESI\/QTOF positive ion mode","metabolite_name":"TG (52:6)","refmet_name":"TG 52:6"},"122":{"study_id":"ST000081","analysis_id":"AN000131","analysis_summary":"ESI\/QTOF positive ion mode","metabolite_name":"TG (53:1)","refmet_name":"TG 53:1"},"123":{"study_id":"ST000081","analysis_id":"AN000131","analysis_summary":"ESI\/QTOF positive ion mode","metabolite_name":"TG (53:2)","refmet_name":"TG 53:2"},"124":{"study_id":"ST000081","analysis_id":"AN000131","analysis_summary":"ESI\/QTOF positive ion mode","metabolite_name":"TG (53:3)","refmet_name":"TG 53:3"},"125":{"study_id":"ST000081","analysis_id":"AN000131","analysis_summary":"ESI\/QTOF positive ion mode","metabolite_name":"TG (53:4)","refmet_name":"TG 53:4"},"126":{"study_id":"ST000081","analysis_id":"AN000131","analysis_summary":"ESI\/QTOF positive ion mode","metabolite_name":"TG (54:1)","refmet_name":"TG 54:1"},"127":{"study_id":"ST000081","analysis_id":"AN000131","analysis_summary":"ESI\/QTOF positive ion mode","metabolite_name":"TG (54:2)","refmet_name":"TG 54:2"},"128":{"study_id":"ST000081","analysis_id":"AN000131","analysis_summary":"ESI\/QTOF positive ion mode","metabolite_name":"TG (54:5)","refmet_name":"TG 54:5"},"129":{"study_id":"ST000081","analysis_id":"AN000131","analysis_summary":"ESI\/QTOF positive ion mode","metabolite_name":"TG (54:6)","refmet_name":"TG 54:6"},"130":{"study_id":"ST000081","analysis_id":"AN000131","analysis_summary":"ESI\/QTOF positive ion mode","metabolite_name":"TG (54:7) B","refmet_name":"TG 54:7"},"131":{"study_id":"ST000081","analysis_id":"AN000131","analysis_summary":"ESI\/QTOF positive ion mode","metabolite_name":"TG (55:1)","refmet_name":"TG 55:1"},"132":{"study_id":"ST000081","analysis_id":"AN000131","analysis_summary":"ESI\/QTOF positive ion mode","metabolite_name":"TG (55:2)","refmet_name":"TG 55:2"},"133":{"study_id":"ST000081","analysis_id":"AN000131","analysis_summary":"ESI\/QTOF positive ion mode","metabolite_name":"TG (55:3)","refmet_name":"TG 55:3"},"134":{"study_id":"ST000081","analysis_id":"AN000131","analysis_summary":"ESI\/QTOF positive ion mode","metabolite_name":"TG (55:4)","refmet_name":"TG 55:4"},"135":{"study_id":"ST000081","analysis_id":"AN000131","analysis_summary":"ESI\/QTOF positive ion mode","metabolite_name":"TG (56:1)","refmet_name":"TG 56:1"},"136":{"study_id":"ST000081","analysis_id":"AN000131","analysis_summary":"ESI\/QTOF positive ion mode","metabolite_name":"TG (56:2)","refmet_name":"TG 56:2"},"137":{"study_id":"ST000081","analysis_id":"AN000131","analysis_summary":"ESI\/QTOF positive ion mode","metabolite_name":"TG (56:3)","refmet_name":"TG 56:3"},"138":{"study_id":"ST000081","analysis_id":"AN000131","analysis_summary":"ESI\/QTOF positive ion mode","metabolite_name":"TG (56:5)","refmet_name":"TG 56:5"},"139":{"study_id":"ST000081","analysis_id":"AN000131","analysis_summary":"ESI\/QTOF positive ion mode","metabolite_name":"TG (56:6)","refmet_name":"TG 56:6"},"140":{"study_id":"ST000081","analysis_id":"AN000131","analysis_summary":"ESI\/QTOF positive ion mode","metabolite_name":"TG (56:7)","refmet_name":"TG 56:7"},"141":{"study_id":"ST000081","analysis_id":"AN000131","analysis_summary":"ESI\/QTOF positive ion mode","metabolite_name":"TG (56:8)","refmet_name":"TG 56:8"},"142":{"study_id":"ST000081","analysis_id":"AN000131","analysis_summary":"ESI\/QTOF positive ion mode","metabolite_name":"TG (57:2)","refmet_name":"TG 57:2"},"143":{"study_id":"ST000081","analysis_id":"AN000131","analysis_summary":"ESI\/QTOF positive ion mode","metabolite_name":"TG (57:3)","refmet_name":"TG 57:3"},"144":{"study_id":"ST000081","analysis_id":"AN000131","analysis_summary":"ESI\/QTOF positive ion mode","metabolite_name":"TG (58:1)","refmet_name":"TG 58:1"},"145":{"study_id":"ST000081","analysis_id":"AN000131","analysis_summary":"ESI\/QTOF positive ion mode","metabolite_name":"TG (58:2)","refmet_name":"TG 58:2"},"146":{"study_id":"ST000081","analysis_id":"AN000131","analysis_summary":"ESI\/QTOF positive ion mode","metabolite_name":"TG (58:3)","refmet_name":"TG 58:3"},"147":{"study_id":"ST000081","analysis_id":"AN000131","analysis_summary":"ESI\/QTOF positive ion mode","metabolite_name":"TG (58:4) A","refmet_name":"TG 58:4"},"148":{"study_id":"ST000081","analysis_id":"AN000131","analysis_summary":"ESI\/QTOF positive ion mode","metabolite_name":"TG (58:6)","refmet_name":"TG 58:6"},"149":{"study_id":"ST000081","analysis_id":"AN000131","analysis_summary":"ESI\/QTOF positive ion mode","metabolite_name":"TG (58:7)","refmet_name":"TG 58:7"},"150":{"study_id":"ST000081","analysis_id":"AN000131","analysis_summary":"ESI\/QTOF positive ion mode","metabolite_name":"TG (58:8)","refmet_name":"TG 58:8"},"151":{"study_id":"ST000081","analysis_id":"AN000131","analysis_summary":"ESI\/QTOF positive ion mode","metabolite_name":"TG (58:9)","refmet_name":"TG 58:9"},"152":{"study_id":"ST000081","analysis_id":"AN000131","analysis_summary":"ESI\/QTOF positive ion mode","metabolite_name":"TG (60:2)","refmet_name":"TG 60:2"},"153":{"study_id":"ST000081","analysis_id":"AN000131","analysis_summary":"ESI\/QTOF positive ion mode","metabolite_name":"TG (60:3)","refmet_name":"TG 60:3"},"154":{"study_id":"ST000081","analysis_id":"AN000131","analysis_summary":"ESI\/QTOF positive ion mode","metabolite_name":"TG (60:4)","refmet_name":"TG 60:4"},"155":{"study_id":"ST000081","analysis_id":"AN000131","analysis_summary":"ESI\/QTOF positive ion mode","metabolite_name":"TG (62:2)","refmet_name":"TG 62:2"},"156":{"study_id":"ST000081","analysis_id":"AN000131","analysis_summary":"ESI\/QTOF positive ion mode","metabolite_name":"TG (62:3)","refmet_name":"TG 62:3"},"157":{"study_id":"ST000081","analysis_id":"AN000132","analysis_summary":"ESI\/QTOF negative ion mode","metabolite_name":"Cer (d34:1)","refmet_name":"Cer 34:1;O2"},"158":{"study_id":"ST000081","analysis_id":"AN000132","analysis_summary":"ESI\/QTOF negative ion mode","metabolite_name":"Cer (d38:1)","refmet_name":"Cer 38:1;O2"},"159":{"study_id":"ST000081","analysis_id":"AN000132","analysis_summary":"ESI\/QTOF negative ion mode","metabolite_name":"Cer (d39:1)","refmet_name":"Cer 39:1;O2"},"160":{"study_id":"ST000081","analysis_id":"AN000132","analysis_summary":"ESI\/QTOF negative ion mode","metabolite_name":"Cer (d40:1)","refmet_name":"Cer 40:1;O2"},"161":{"study_id":"ST000081","analysis_id":"AN000132","analysis_summary":"ESI\/QTOF negative ion mode","metabolite_name":"Cer (d40:2)","refmet_name":"Cer 40:2;O2"},"162":{"study_id":"ST000081","analysis_id":"AN000132","analysis_summary":"ESI\/QTOF negative ion mode","metabolite_name":"Cer (d41:1)","refmet_name":"Cer 41:1;O2"},"163":{"study_id":"ST000081","analysis_id":"AN000132","analysis_summary":"ESI\/QTOF negative ion mode","metabolite_name":"FA (18:1)","refmet_name":"Octadecenoic acid"},"164":{"study_id":"ST000081","analysis_id":"AN000132","analysis_summary":"ESI\/QTOF negative ion mode","metabolite_name":"PC (32:0)","refmet_name":"PC 32:0"},"165":{"study_id":"ST000081","analysis_id":"AN000132","analysis_summary":"ESI\/QTOF negative ion mode","metabolite_name":"PC (32:1)","refmet_name":"PC 32:1"},"166":{"study_id":"ST000081","analysis_id":"AN000132","analysis_summary":"ESI\/QTOF negative ion mode","metabolite_name":"PC (34:1)","refmet_name":"PC 34:1"},"167":{"study_id":"ST000081","analysis_id":"AN000132","analysis_summary":"ESI\/QTOF negative ion mode","metabolite_name":"PC (34:2)","refmet_name":"PC 34:2"},"168":{"study_id":"ST000081","analysis_id":"AN000132","analysis_summary":"ESI\/QTOF negative ion mode","metabolite_name":"PC (36:1)","refmet_name":"PC 36:1"},"169":{"study_id":"ST000081","analysis_id":"AN000132","analysis_summary":"ESI\/QTOF negative ion mode","metabolite_name":"PC (36:2)","refmet_name":"PC 36:2"},"170":{"study_id":"ST000081","analysis_id":"AN000132","analysis_summary":"ESI\/QTOF negative ion mode","metabolite_name":"PC (36:3)","refmet_name":"PC 36:3"},"171":{"study_id":"ST000081","analysis_id":"AN000132","analysis_summary":"ESI\/QTOF negative ion mode","metabolite_name":"PC (36:4) B","refmet_name":"PC 36:4"},"172":{"study_id":"ST000081","analysis_id":"AN000132","analysis_summary":"ESI\/QTOF negative ion mode","metabolite_name":"PC (38:4)","refmet_name":"PC 38:4"},"173":{"study_id":"ST000081","analysis_id":"AN000132","analysis_summary":"ESI\/QTOF negative ion mode","metabolite_name":"PE (34:1) B","refmet_name":"PE 34:1"},"174":{"study_id":"ST000081","analysis_id":"AN000132","analysis_summary":"ESI\/QTOF negative ion mode","metabolite_name":"PE (36:2) B","refmet_name":"PE 36:2"},"175":{"study_id":"ST000081","analysis_id":"AN000132","analysis_summary":"ESI\/QTOF negative ion mode","metabolite_name":"PE (38:4) B","refmet_name":"PE 38:4"},"176":{"study_id":"ST000081","analysis_id":"AN000132","analysis_summary":"ESI\/QTOF negative ion mode","metabolite_name":"PI (38:4)","refmet_name":"PI 38:4"},"177":{"study_id":"ST000081","analysis_id":"AN000132","analysis_summary":"ESI\/QTOF negative ion mode","metabolite_name":"plasmenyl-PC (34:2)","refmet_name":"PC P-34:2"},"178":{"study_id":"ST000081","analysis_id":"AN000132","analysis_summary":"ESI\/QTOF negative ion mode","metabolite_name":"plasmenyl-PC (36:4)","refmet_name":"PC P-36:4"},"179":{"study_id":"ST000081","analysis_id":"AN000132","analysis_summary":"ESI\/QTOF negative ion mode","metabolite_name":"plasmenyl-PE (34:1)","refmet_name":"PE P-34:1"},"180":{"study_id":"ST000081","analysis_id":"AN000132","analysis_summary":"ESI\/QTOF negative ion mode","metabolite_name":"plasmenyl-PE (34:2)","refmet_name":"PE P-34:2"},"181":{"study_id":"ST000081","analysis_id":"AN000132","analysis_summary":"ESI\/QTOF negative ion mode","metabolite_name":"plasmenyl-PE (36:1)","refmet_name":"PE P-36:1"},"182":{"study_id":"ST000081","analysis_id":"AN000132","analysis_summary":"ESI\/QTOF negative ion mode","metabolite_name":"plasmenyl-PE (36:2)","refmet_name":"PE P-36:2"},"183":{"study_id":"ST000081","analysis_id":"AN000132","analysis_summary":"ESI\/QTOF negative ion mode","metabolite_name":"plasmenyl-PE (36:4)","refmet_name":"PE P-36:4"},"184":{"study_id":"ST000081","analysis_id":"AN000132","analysis_summary":"ESI\/QTOF negative ion mode","metabolite_name":"plasmenyl-PE (38:4)","refmet_name":"PE P-38:4"},"185":{"study_id":"ST000081","analysis_id":"AN000132","analysis_summary":"ESI\/QTOF negative ion mode","metabolite_name":"plasmenyl-PE (38:5)","refmet_name":"PE P-38:5"},"186":{"study_id":"ST000081","analysis_id":"AN000132","analysis_summary":"ESI\/QTOF negative ion mode","metabolite_name":"SM (d34:1)","refmet_name":"SM 34:1;O2"},"187":{"study_id":"ST000081","analysis_id":"AN000132","analysis_summary":"ESI\/QTOF negative ion mode","metabolite_name":"SM (d36:1)","refmet_name":"SM 36:1;O2"},"188":{"study_id":"ST000081","analysis_id":"AN000132","analysis_summary":"ESI\/QTOF negative ion mode","metabolite_name":"SM (d38:1)","refmet_name":"SM 38:1;O2"},"189":{"study_id":"ST000081","analysis_id":"AN000132","analysis_summary":"ESI\/QTOF negative ion mode","metabolite_name":"SM (d40:1)","refmet_name":"SM 40:1;O2"},"190":{"study_id":"ST000081","analysis_id":"AN000132","analysis_summary":"ESI\/QTOF negative ion mode","metabolite_name":"SM (d42:1)","refmet_name":"SM 42:1;O2"},"191":{"study_id":"ST000081","analysis_id":"AN000132","analysis_summary":"ESI\/QTOF negative ion mode","metabolite_name":"SM (d42:2)","refmet_name":"SM 42:2;O2"}}