{"1":{"study_id":"ST000594","analysis_id":"AN000910","analysis_summary":"Reversed phase NEGATIVE ION MODE","metabolite_name":"10-Nitrolinoleate","refmet_name":"10-Nitrolinoleic acid"},"2":{"study_id":"ST000594","analysis_id":"AN000910","analysis_summary":"Reversed phase NEGATIVE ION MODE","metabolite_name":"10-Nitrooleate","refmet_name":"10-Nitrooleic acid"},"3":{"study_id":"ST000594","analysis_id":"AN000910","analysis_summary":"Reversed phase NEGATIVE ION MODE","metabolite_name":"11_12-DiHETrE","refmet_name":"11,12-DiHETrE"},"4":{"study_id":"ST000594","analysis_id":"AN000910","analysis_summary":"Reversed phase NEGATIVE ION MODE","metabolite_name":"11(12)-EpETE","refmet_name":"11(12)-EpETE"},"5":{"study_id":"ST000594","analysis_id":"AN000910","analysis_summary":"Reversed phase NEGATIVE ION MODE","metabolite_name":"11(12)-EpETrE","refmet_name":"11,12-EpETrE"},"6":{"study_id":"ST000594","analysis_id":"AN000910","analysis_summary":"Reversed phase NEGATIVE ION MODE","metabolite_name":"11-HETE","refmet_name":"11-HETE"},"7":{"study_id":"ST000594","analysis_id":"AN000910","analysis_summary":"Reversed phase NEGATIVE ION MODE","metabolite_name":"12_13-DiHODE","refmet_name":"12,13-DiHODE"},"8":{"study_id":"ST000594","analysis_id":"AN000910","analysis_summary":"Reversed phase NEGATIVE ION MODE","metabolite_name":"12_13-DiHOME","refmet_name":"12,13-DiHOME"},"9":{"study_id":"ST000594","analysis_id":"AN000910","analysis_summary":"Reversed phase NEGATIVE ION MODE","metabolite_name":"12(13)-Ep-9-KODE","refmet_name":"9-oxo-12(13)-EpOME"},"10":{"study_id":"ST000594","analysis_id":"AN000910","analysis_summary":"Reversed phase NEGATIVE ION MODE","metabolite_name":"12(13)-EpODE","refmet_name":"alpha-12(13)-EpODE"},"11":{"study_id":"ST000594","analysis_id":"AN000910","analysis_summary":"Reversed phase NEGATIVE ION MODE","metabolite_name":"12(13)-EpOME","refmet_name":"12(13)-EpOME"},"12":{"study_id":"ST000594","analysis_id":"AN000910","analysis_summary":"Reversed phase NEGATIVE ION MODE","metabolite_name":"12-HEPE","refmet_name":"12-HEPE"},"13":{"study_id":"ST000594","analysis_id":"AN000910","analysis_summary":"Reversed phase NEGATIVE ION MODE","metabolite_name":"12-HETE","refmet_name":"12-HETE"},"14":{"study_id":"ST000594","analysis_id":"AN000910","analysis_summary":"Reversed phase NEGATIVE ION MODE","metabolite_name":"12-HpETE screen","refmet_name":"12S-HpETE"},"15":{"study_id":"ST000594","analysis_id":"AN000910","analysis_summary":"Reversed phase NEGATIVE ION MODE","metabolite_name":"13-HODE","refmet_name":"13-HODE"},"16":{"study_id":"ST000594","analysis_id":"AN000910","analysis_summary":"Reversed phase NEGATIVE ION MODE","metabolite_name":"13-HOTE","refmet_name":"13-HOTE"},"17":{"study_id":"ST000594","analysis_id":"AN000910","analysis_summary":"Reversed phase NEGATIVE ION MODE","metabolite_name":"13-KODE","refmet_name":"13-Oxo-ODE"},"18":{"study_id":"ST000594","analysis_id":"AN000910","analysis_summary":"Reversed phase NEGATIVE ION MODE","metabolite_name":"14_15-DiHETE","refmet_name":"14,15-DiHETE"},"19":{"study_id":"ST000594","analysis_id":"AN000910","analysis_summary":"Reversed phase NEGATIVE ION MODE","metabolite_name":"14_15-DiHETrE","refmet_name":"14,15-DiHETrE"},"20":{"study_id":"ST000594","analysis_id":"AN000910","analysis_summary":"Reversed phase NEGATIVE ION MODE","metabolite_name":"14(15)-EpETE","refmet_name":"14(15)-EpETE"},"21":{"study_id":"ST000594","analysis_id":"AN000910","analysis_summary":"Reversed phase NEGATIVE ION MODE","metabolite_name":"14(15)-EpETrE","refmet_name":"14,15-EpETrE"},"22":{"study_id":"ST000594","analysis_id":"AN000910","analysis_summary":"Reversed phase NEGATIVE ION MODE","metabolite_name":"14-HDoHE","refmet_name":"14-HDoHE"},"23":{"study_id":"ST000594","analysis_id":"AN000910","analysis_summary":"Reversed phase NEGATIVE ION MODE","metabolite_name":"15_16-DiHODE","refmet_name":"15,16-DiHODE"},"24":{"study_id":"ST000594","analysis_id":"AN000910","analysis_summary":"Reversed phase NEGATIVE ION MODE","metabolite_name":"15(16)-EpODE","refmet_name":"15,16-EpODE"},"25":{"study_id":"ST000594","analysis_id":"AN000910","analysis_summary":"Reversed phase NEGATIVE ION MODE","metabolite_name":"15-deoxy PGJ2","refmet_name":"15-Deoxy-delta-12,14-PGJ2"},"26":{"study_id":"ST000594","analysis_id":"AN000910","analysis_summary":"Reversed phase NEGATIVE ION MODE","metabolite_name":"15-HEPE","refmet_name":"15-HEPE"},"27":{"study_id":"ST000594","analysis_id":"AN000910","analysis_summary":"Reversed phase NEGATIVE ION MODE","metabolite_name":"15-HETE","refmet_name":"15-HETE"},"28":{"study_id":"ST000594","analysis_id":"AN000910","analysis_summary":"Reversed phase NEGATIVE ION MODE","metabolite_name":"15-HpETE screen","refmet_name":"15S-HpETE"},"29":{"study_id":"ST000594","analysis_id":"AN000910","analysis_summary":"Reversed phase NEGATIVE ION MODE","metabolite_name":"15-KETE","refmet_name":"15-Oxo-ETE"},"30":{"study_id":"ST000594","analysis_id":"AN000910","analysis_summary":"Reversed phase NEGATIVE ION MODE","metabolite_name":"15-Keto PGE2","refmet_name":"15-Keto-PGE2"},"31":{"study_id":"ST000594","analysis_id":"AN000910","analysis_summary":"Reversed phase NEGATIVE ION MODE","metabolite_name":"16(17)-EpDPE","refmet_name":"16(17)-EpDPE"},"32":{"study_id":"ST000594","analysis_id":"AN000910","analysis_summary":"Reversed phase NEGATIVE ION MODE","metabolite_name":"17_18-DiHETE","refmet_name":"17,18-DiHETE"},"33":{"study_id":"ST000594","analysis_id":"AN000910","analysis_summary":"Reversed phase NEGATIVE ION MODE","metabolite_name":"17(18)-EpETE","refmet_name":"17(18)-EpETE"},"34":{"study_id":"ST000594","analysis_id":"AN000910","analysis_summary":"Reversed phase NEGATIVE ION MODE","metabolite_name":"17-HDoHE","refmet_name":"17-HDoHE"},"35":{"study_id":"ST000594","analysis_id":"AN000910","analysis_summary":"Reversed phase NEGATIVE ION MODE","metabolite_name":"19_20-DiHDoPA","refmet_name":"19,20-DiHDPE"},"36":{"study_id":"ST000594","analysis_id":"AN000910","analysis_summary":"Reversed phase NEGATIVE ION MODE","metabolite_name":"19(20)-EpDPE","refmet_name":"19(20)-EpDPE"},"37":{"study_id":"ST000594","analysis_id":"AN000910","analysis_summary":"Reversed phase NEGATIVE ION MODE","metabolite_name":"20-HETE","refmet_name":"20-HETE"},"38":{"study_id":"ST000594","analysis_id":"AN000910","analysis_summary":"Reversed phase NEGATIVE ION MODE","metabolite_name":"4-HDoHE","refmet_name":"4-HDoHE"},"39":{"study_id":"ST000594","analysis_id":"AN000910","analysis_summary":"Reversed phase NEGATIVE ION MODE","metabolite_name":"5_15-DiHETE","refmet_name":"5,15-DiHETE"},"40":{"study_id":"ST000594","analysis_id":"AN000910","analysis_summary":"Reversed phase NEGATIVE ION MODE","metabolite_name":"5_6-DiHETrE","refmet_name":"5,6-DiHETrE"},"41":{"study_id":"ST000594","analysis_id":"AN000910","analysis_summary":"Reversed phase NEGATIVE ION MODE","metabolite_name":"5-HEPE","refmet_name":"5-HEPE"},"42":{"study_id":"ST000594","analysis_id":"AN000910","analysis_summary":"Reversed phase NEGATIVE ION MODE","metabolite_name":"5-HETE","refmet_name":"5-HETE"},"43":{"study_id":"ST000594","analysis_id":"AN000910","analysis_summary":"Reversed phase NEGATIVE ION MODE","metabolite_name":"5-HpETE screen","refmet_name":"5S-HpETE"},"44":{"study_id":"ST000594","analysis_id":"AN000910","analysis_summary":"Reversed phase NEGATIVE ION MODE","metabolite_name":"5-KETE","refmet_name":"5-Oxo-ETE"},"45":{"study_id":"ST000594","analysis_id":"AN000910","analysis_summary":"Reversed phase NEGATIVE ION MODE","metabolite_name":"6-keto PGF1a","refmet_name":"6-Keto-PGF1alpha"},"46":{"study_id":"ST000594","analysis_id":"AN000910","analysis_summary":"Reversed phase NEGATIVE ION MODE","metabolite_name":"6-trans-LTB4","refmet_name":"6-trans-LTB4"},"47":{"study_id":"ST000594","analysis_id":"AN000910","analysis_summary":"Reversed phase NEGATIVE ION MODE","metabolite_name":"8_15-DiHETE","refmet_name":"8,15-DiHETE"},"48":{"study_id":"ST000594","analysis_id":"AN000910","analysis_summary":"Reversed phase NEGATIVE ION MODE","metabolite_name":"8_9-DiHETrE","refmet_name":"8,9-DiHETrE"},"49":{"study_id":"ST000594","analysis_id":"AN000910","analysis_summary":"Reversed phase NEGATIVE ION MODE","metabolite_name":"8(9)-EpETrE","refmet_name":"8(9)-EpETrE"},"50":{"study_id":"ST000594","analysis_id":"AN000910","analysis_summary":"Reversed phase NEGATIVE ION MODE","metabolite_name":"8-HETE","refmet_name":"8-HETE"},"51":{"study_id":"ST000594","analysis_id":"AN000910","analysis_summary":"Reversed phase NEGATIVE ION MODE","metabolite_name":"9_10-DiHODE","refmet_name":"9,10-DiHODE"},"52":{"study_id":"ST000594","analysis_id":"AN000910","analysis_summary":"Reversed phase NEGATIVE ION MODE","metabolite_name":"9_10-DiHOME","refmet_name":"9,10-DiHOME"},"53":{"study_id":"ST000594","analysis_id":"AN000910","analysis_summary":"Reversed phase NEGATIVE ION MODE","metabolite_name":"9_10-e-DiHO","refmet_name":"9S,10R-Dihydroxystearic acid"},"54":{"study_id":"ST000594","analysis_id":"AN000910","analysis_summary":"Reversed phase NEGATIVE ION MODE","metabolite_name":"9_10-EpO","refmet_name":"9,10-Epoxystearic acid"},"55":{"study_id":"ST000594","analysis_id":"AN000910","analysis_summary":"Reversed phase NEGATIVE ION MODE","metabolite_name":"9(10)-EpODE","refmet_name":"9,10-EpODE"},"56":{"study_id":"ST000594","analysis_id":"AN000910","analysis_summary":"Reversed phase NEGATIVE ION MODE","metabolite_name":"9(10)-EpOME","refmet_name":"9(10)-EpOME"},"57":{"study_id":"ST000594","analysis_id":"AN000910","analysis_summary":"Reversed phase NEGATIVE ION MODE","metabolite_name":"9_12_13-TriHOME","refmet_name":"9,12,13-TriHOME"},"58":{"study_id":"ST000594","analysis_id":"AN000910","analysis_summary":"Reversed phase NEGATIVE ION MODE","metabolite_name":"9-HEPE","refmet_name":"9-HEPE"},"59":{"study_id":"ST000594","analysis_id":"AN000910","analysis_summary":"Reversed phase NEGATIVE ION MODE","metabolite_name":"9-HETE","refmet_name":"9-HETE"},"60":{"study_id":"ST000594","analysis_id":"AN000910","analysis_summary":"Reversed phase NEGATIVE ION MODE","metabolite_name":"9-HODE","refmet_name":"9-HODE"},"61":{"study_id":"ST000594","analysis_id":"AN000910","analysis_summary":"Reversed phase NEGATIVE ION MODE","metabolite_name":"9-HOTE","refmet_name":"9-HOTE"},"62":{"study_id":"ST000594","analysis_id":"AN000910","analysis_summary":"Reversed phase NEGATIVE ION MODE","metabolite_name":"9-KODE","refmet_name":"9-OxoODE"},"63":{"study_id":"ST000594","analysis_id":"AN000910","analysis_summary":"Reversed phase NEGATIVE ION MODE","metabolite_name":"9-Nitrooleate","refmet_name":"9-Nitrooleic acid"},"64":{"study_id":"ST000594","analysis_id":"AN000910","analysis_summary":"Reversed phase NEGATIVE ION MODE","metabolite_name":"Lipoxin A4","refmet_name":"Lipoxin A4"},"65":{"study_id":"ST000594","analysis_id":"AN000910","analysis_summary":"Reversed phase NEGATIVE ION MODE","metabolite_name":"LTB4","refmet_name":"LTB4"},"66":{"study_id":"ST000594","analysis_id":"AN000910","analysis_summary":"Reversed phase NEGATIVE ION MODE","metabolite_name":"LTB5","refmet_name":"LTB5"},"67":{"study_id":"ST000594","analysis_id":"AN000910","analysis_summary":"Reversed phase NEGATIVE ION MODE","metabolite_name":"LTE4","refmet_name":"LTE4"},"68":{"study_id":"ST000594","analysis_id":"AN000910","analysis_summary":"Reversed phase NEGATIVE ION MODE","metabolite_name":"PGD2","refmet_name":"PGD2"},"69":{"study_id":"ST000594","analysis_id":"AN000910","analysis_summary":"Reversed phase NEGATIVE ION MODE","metabolite_name":"PGE1","refmet_name":"PGE1"},"70":{"study_id":"ST000594","analysis_id":"AN000910","analysis_summary":"Reversed phase NEGATIVE ION MODE","metabolite_name":"PGE2","refmet_name":"PGE2"},"71":{"study_id":"ST000594","analysis_id":"AN000910","analysis_summary":"Reversed phase NEGATIVE ION MODE","metabolite_name":"PGE3","refmet_name":"PGE3"},"72":{"study_id":"ST000594","analysis_id":"AN000910","analysis_summary":"Reversed phase NEGATIVE ION MODE","metabolite_name":"PGF2a","refmet_name":"PGF2alpha"},"73":{"study_id":"ST000594","analysis_id":"AN000910","analysis_summary":"Reversed phase NEGATIVE ION MODE","metabolite_name":"PGF3a","refmet_name":"PGF3alpha"},"74":{"study_id":"ST000594","analysis_id":"AN000910","analysis_summary":"Reversed phase NEGATIVE ION MODE","metabolite_name":"Resolvin D1","refmet_name":"Resolvin D1"},"75":{"study_id":"ST000594","analysis_id":"AN000910","analysis_summary":"Reversed phase NEGATIVE ION MODE","metabolite_name":"TXB2","refmet_name":"TXB2"}}