{"1":{"study_id":"ST000658","analysis_id":"AN001287","analysis_summary":"GC POSITIVE ION MODE","metabolite_name":"1,5-anhydroglucitol","refmet_name":"1,5-Anhydrosorbitol"},"2":{"study_id":"ST000658","analysis_id":"AN001287","analysis_summary":"GC POSITIVE ION MODE","metabolite_name":"1-monoolein","refmet_name":"MG 18:1(9Z)\/0:0\/0:0"},"3":{"study_id":"ST000658","analysis_id":"AN001287","analysis_summary":"GC POSITIVE ION MODE","metabolite_name":"2,3-dihydroxybutanoic acid NIST","refmet_name":"2,3-Dihydroxybutanoic acid"},"4":{"study_id":"ST000658","analysis_id":"AN001287","analysis_summary":"GC POSITIVE ION MODE","metabolite_name":"2,4-diaminobutyric acid","refmet_name":"2,4-Diaminobutyric acid"},"5":{"study_id":"ST000658","analysis_id":"AN001287","analysis_summary":"GC POSITIVE ION MODE","metabolite_name":"2,5-dihydroxypyrazine NIST","refmet_name":"2,5-Dihydroxypyrazine"},"6":{"study_id":"ST000658","analysis_id":"AN001287","analysis_summary":"GC POSITIVE ION MODE","metabolite_name":"2-deoxytetronic acid","refmet_name":"3,4-Dihydroxybutyric acid"},"7":{"study_id":"ST000658","analysis_id":"AN001287","analysis_summary":"GC POSITIVE ION MODE","metabolite_name":"2-deoxytetronic acid NIST","refmet_name":"3,4-Dihydroxybutyric acid"},"8":{"study_id":"ST000658","analysis_id":"AN001287","analysis_summary":"GC POSITIVE ION MODE","metabolite_name":"2-hydroxy-2-methylbutanoic acid","refmet_name":"2-Hydroxy-2-methyl-butyric acid"},"9":{"study_id":"ST000658","analysis_id":"AN001287","analysis_summary":"GC POSITIVE ION MODE","metabolite_name":"2-hydroxyglutaric acid","refmet_name":"2-Hydroxyglutaric acid"},"10":{"study_id":"ST000658","analysis_id":"AN001287","analysis_summary":"GC POSITIVE ION MODE","metabolite_name":"2-ketoglucose dimethylacetal NIST","refmet_name":"D-Glucosone"},"11":{"study_id":"ST000658","analysis_id":"AN001287","analysis_summary":"GC POSITIVE ION MODE","metabolite_name":"2-ketoisocaproic acid","refmet_name":"Ketoleucine"},"12":{"study_id":"ST000658","analysis_id":"AN001287","analysis_summary":"GC POSITIVE ION MODE","metabolite_name":"3,6-anhydro-D-galactose","refmet_name":"3,6-Anhydro-galactose"},"13":{"study_id":"ST000658","analysis_id":"AN001287","analysis_summary":"GC POSITIVE ION MODE","metabolite_name":"3-hydroxybutyric acid","refmet_name":"3-Hydroxybutyric acid"},"14":{"study_id":"ST000658","analysis_id":"AN001287","analysis_summary":"GC POSITIVE ION MODE","metabolite_name":"3-ureidopropionate","refmet_name":"Ureidopropionic acid"},"15":{"study_id":"ST000658","analysis_id":"AN001287","analysis_summary":"GC POSITIVE ION MODE","metabolite_name":"4-hydroxybutyric acid","refmet_name":"4-Hydroxybutyric acid"},"16":{"study_id":"ST000658","analysis_id":"AN001287","analysis_summary":"GC POSITIVE ION MODE","metabolite_name":"6-deoxyglucose","refmet_name":"Quinovose"},"17":{"study_id":"ST000658","analysis_id":"AN001287","analysis_summary":"GC POSITIVE ION MODE","metabolite_name":"acetophenone NIST","refmet_name":"Acetophenone"},"18":{"study_id":"ST000658","analysis_id":"AN001287","analysis_summary":"GC POSITIVE ION MODE","metabolite_name":"aconitic acid","refmet_name":"cis-Aconitic acid"},"19":{"study_id":"ST000658","analysis_id":"AN001287","analysis_summary":"GC POSITIVE ION MODE","metabolite_name":"adenosine-5-monophosphate","refmet_name":"AMP"},"20":{"study_id":"ST000658","analysis_id":"AN001287","analysis_summary":"GC POSITIVE ION MODE","metabolite_name":"alanine","refmet_name":"Alanine"},"21":{"study_id":"ST000658","analysis_id":"AN001287","analysis_summary":"GC POSITIVE ION MODE","metabolite_name":"alanine-alanine","refmet_name":"Ala-Ala"},"22":{"study_id":"ST000658","analysis_id":"AN001287","analysis_summary":"GC POSITIVE ION MODE","metabolite_name":"allantoic acid","refmet_name":"Allantoic acid"},"23":{"study_id":"ST000658","analysis_id":"AN001287","analysis_summary":"GC POSITIVE ION MODE","metabolite_name":"alloxanoic acid","refmet_name":"Alloxanoic acid"},"24":{"study_id":"ST000658","analysis_id":"AN001287","analysis_summary":"GC POSITIVE ION MODE","metabolite_name":"Alpha-D-Galactose","refmet_name":"Hexose"},"25":{"study_id":"ST000658","analysis_id":"AN001287","analysis_summary":"GC POSITIVE ION MODE","metabolite_name":"alpha-ketoglutarate","refmet_name":"Oxoglutaric acid"},"26":{"study_id":"ST000658","analysis_id":"AN001287","analysis_summary":"GC POSITIVE ION MODE","metabolite_name":"aminomalonate","refmet_name":"Aminomalonic acid"},"27":{"study_id":"ST000658","analysis_id":"AN001287","analysis_summary":"GC POSITIVE ION MODE","metabolite_name":"arachidonic acid","refmet_name":"Arachidonic acid"},"28":{"study_id":"ST000658","analysis_id":"AN001287","analysis_summary":"GC POSITIVE ION MODE","metabolite_name":"asparagine","refmet_name":"Asparagine"},"29":{"study_id":"ST000658","analysis_id":"AN001287","analysis_summary":"GC POSITIVE ION MODE","metabolite_name":"aspartic acid","refmet_name":"Aspartic acid"},"30":{"study_id":"ST000658","analysis_id":"AN001287","analysis_summary":"GC POSITIVE ION MODE","metabolite_name":"benzoic acid","refmet_name":"Benzoic acid"},"31":{"study_id":"ST000658","analysis_id":"AN001287","analysis_summary":"GC POSITIVE ION MODE","metabolite_name":"beta-sitosterol","refmet_name":"Sitosterol"},"32":{"study_id":"ST000658","analysis_id":"AN001287","analysis_summary":"GC POSITIVE ION MODE","metabolite_name":"capric acid","refmet_name":"Capric acid"},"33":{"study_id":"ST000658","analysis_id":"AN001287","analysis_summary":"GC POSITIVE ION MODE","metabolite_name":"cholesterol","refmet_name":"Cholesterol"},"34":{"study_id":"ST000658","analysis_id":"AN001287","analysis_summary":"GC POSITIVE ION MODE","metabolite_name":"citric acid","refmet_name":"Citric acid"},"35":{"study_id":"ST000658","analysis_id":"AN001287","analysis_summary":"GC POSITIVE ION MODE","metabolite_name":"citrulline","refmet_name":"Citrulline"},"36":{"study_id":"ST000658","analysis_id":"AN001287","analysis_summary":"GC POSITIVE ION MODE","metabolite_name":"conduritol-beta-epoxide minor","refmet_name":"Conduritol epoxide"},"37":{"study_id":"ST000658","analysis_id":"AN001287","analysis_summary":"GC POSITIVE ION MODE","metabolite_name":"creatinine","refmet_name":"Creatinine"},"38":{"study_id":"ST000658","analysis_id":"AN001287","analysis_summary":"GC POSITIVE ION MODE","metabolite_name":"cysteine","refmet_name":"Cysteine"},"39":{"study_id":"ST000658","analysis_id":"AN001287","analysis_summary":"GC POSITIVE ION MODE","metabolite_name":"cystine","refmet_name":"Cystine"},"40":{"study_id":"ST000658","analysis_id":"AN001287","analysis_summary":"GC POSITIVE ION MODE","metabolite_name":"diacetone alcohol NIST","refmet_name":"Diacetone alcohol"},"41":{"study_id":"ST000658","analysis_id":"AN001287","analysis_summary":"GC POSITIVE ION MODE","metabolite_name":"dodecanoic acid, isopropanol ester NIST","refmet_name":""},"42":{"study_id":"ST000658","analysis_id":"AN001287","analysis_summary":"GC POSITIVE ION MODE","metabolite_name":"fructose","refmet_name":"Fructose"},"43":{"study_id":"ST000658","analysis_id":"AN001287","analysis_summary":"GC POSITIVE ION MODE","metabolite_name":"fucose","refmet_name":"Fucose"},"44":{"study_id":"ST000658","analysis_id":"AN001287","analysis_summary":"GC POSITIVE ION MODE","metabolite_name":"fumaric acid","refmet_name":"Fumaric acid"},"45":{"study_id":"ST000658","analysis_id":"AN001287","analysis_summary":"GC POSITIVE ION MODE","metabolite_name":"gamma-aminobutyric acid","refmet_name":"gamma-Aminobutyric acid"},"46":{"study_id":"ST000658","analysis_id":"AN001287","analysis_summary":"GC POSITIVE ION MODE","metabolite_name":"glucoheptulose","refmet_name":"Glucoheptulose"},"47":{"study_id":"ST000658","analysis_id":"AN001287","analysis_summary":"GC POSITIVE ION MODE","metabolite_name":"glucose","refmet_name":"Glucose"},"48":{"study_id":"ST000658","analysis_id":"AN001287","analysis_summary":"GC POSITIVE ION MODE","metabolite_name":"glucose-6-phosphate","refmet_name":"Glucose 6-phosphate"},"49":{"study_id":"ST000658","analysis_id":"AN001287","analysis_summary":"GC POSITIVE ION MODE","metabolite_name":"glutamic acid","refmet_name":"Glutamic acid"},"50":{"study_id":"ST000658","analysis_id":"AN001287","analysis_summary":"GC POSITIVE ION MODE","metabolite_name":"glutamine","refmet_name":"Glutamine"},"51":{"study_id":"ST000658","analysis_id":"AN001287","analysis_summary":"GC POSITIVE ION MODE","metabolite_name":"glutaric acid","refmet_name":"Glutaric acid"},"52":{"study_id":"ST000658","analysis_id":"AN001287","analysis_summary":"GC POSITIVE ION MODE","metabolite_name":"glyceric acid","refmet_name":"Glyceric acid"},"53":{"study_id":"ST000658","analysis_id":"AN001287","analysis_summary":"GC POSITIVE ION MODE","metabolite_name":"glycerol","refmet_name":"Glycerol"},"54":{"study_id":"ST000658","analysis_id":"AN001287","analysis_summary":"GC POSITIVE ION MODE","metabolite_name":"glycerol-alpha-phosphate","refmet_name":"sn-Glycero-3-phosphate"},"55":{"study_id":"ST000658","analysis_id":"AN001287","analysis_summary":"GC POSITIVE ION MODE","metabolite_name":"glycine","refmet_name":"Glycine"},"56":{"study_id":"ST000658","analysis_id":"AN001287","analysis_summary":"GC POSITIVE ION MODE","metabolite_name":"glycolic acid","refmet_name":"Glycolic acid"},"57":{"study_id":"ST000658","analysis_id":"AN001287","analysis_summary":"GC POSITIVE ION MODE","metabolite_name":"heptadecanoic acid","refmet_name":"Margaric acid"},"58":{"study_id":"ST000658","analysis_id":"AN001287","analysis_summary":"GC POSITIVE ION MODE","metabolite_name":"hexitol","refmet_name":"Sorbitol"},"59":{"study_id":"ST000658","analysis_id":"AN001287","analysis_summary":"GC POSITIVE ION MODE","metabolite_name":"hexuronic acid","refmet_name":"Hexuronic acid"},"60":{"study_id":"ST000658","analysis_id":"AN001287","analysis_summary":"GC POSITIVE ION MODE","metabolite_name":"hippuric acid","refmet_name":"Hippuric acid"},"61":{"study_id":"ST000658","analysis_id":"AN001287","analysis_summary":"GC POSITIVE ION MODE","metabolite_name":"histidine","refmet_name":"Histidine"},"62":{"study_id":"ST000658","analysis_id":"AN001287","analysis_summary":"GC POSITIVE ION MODE","metabolite_name":"hydroxylamine","refmet_name":"Hydroxylamine"},"63":{"study_id":"ST000658","analysis_id":"AN001287","analysis_summary":"GC POSITIVE ION MODE","metabolite_name":"hypoxanthine","refmet_name":"Hypoxanthine"},"64":{"study_id":"ST000658","analysis_id":"AN001287","analysis_summary":"GC POSITIVE ION MODE","metabolite_name":"isocitric acid","refmet_name":"Isocitric acid"},"65":{"study_id":"ST000658","analysis_id":"AN001287","analysis_summary":"GC POSITIVE ION MODE","metabolite_name":"isoleucine","refmet_name":"Isoleucine"},"66":{"study_id":"ST000658","analysis_id":"AN001287","analysis_summary":"GC POSITIVE ION MODE","metabolite_name":"isothreonic acid","refmet_name":"D-Threonic acid"},"67":{"study_id":"ST000658","analysis_id":"AN001287","analysis_summary":"GC POSITIVE ION MODE","metabolite_name":"lactamide","refmet_name":"Lactamide"},"68":{"study_id":"ST000658","analysis_id":"AN001287","analysis_summary":"GC POSITIVE ION MODE","metabolite_name":"lactic acid","refmet_name":"Lactic acid"},"69":{"study_id":"ST000658","analysis_id":"AN001287","analysis_summary":"GC POSITIVE ION MODE","metabolite_name":"lauric acid","refmet_name":"Lauric acid"},"70":{"study_id":"ST000658","analysis_id":"AN001287","analysis_summary":"GC POSITIVE ION MODE","metabolite_name":"leucine","refmet_name":"Leucine"},"71":{"study_id":"ST000658","analysis_id":"AN001287","analysis_summary":"GC POSITIVE ION MODE","metabolite_name":"linoleic acid","refmet_name":"Linoleic acid"},"72":{"study_id":"ST000658","analysis_id":"AN001287","analysis_summary":"GC POSITIVE ION MODE","metabolite_name":"linolenic acid","refmet_name":"Octadecatrienoic acid"},"73":{"study_id":"ST000658","analysis_id":"AN001287","analysis_summary":"GC POSITIVE ION MODE","metabolite_name":"lysine","refmet_name":"Lysine"},"74":{"study_id":"ST000658","analysis_id":"AN001287","analysis_summary":"GC POSITIVE ION MODE","metabolite_name":"lyxitol","refmet_name":"L-Arabitol"},"75":{"study_id":"ST000658","analysis_id":"AN001287","analysis_summary":"GC POSITIVE ION MODE","metabolite_name":"malic acid","refmet_name":"Malic acid"},"76":{"study_id":"ST000658","analysis_id":"AN001287","analysis_summary":"GC POSITIVE ION MODE","metabolite_name":"mannose","refmet_name":"Mannose"},"77":{"study_id":"ST000658","analysis_id":"AN001287","analysis_summary":"GC POSITIVE ION MODE","metabolite_name":"methionine","refmet_name":"Methionine"},"78":{"study_id":"ST000658","analysis_id":"AN001287","analysis_summary":"GC POSITIVE ION MODE","metabolite_name":"methionine sulfoxide","refmet_name":"Methionine sulfoxide"},"79":{"study_id":"ST000658","analysis_id":"AN001287","analysis_summary":"GC POSITIVE ION MODE","metabolite_name":"myo-inositol","refmet_name":"Myo-inositol"},"80":{"study_id":"ST000658","analysis_id":"AN001287","analysis_summary":"GC POSITIVE ION MODE","metabolite_name":"myristic acid","refmet_name":"Myristic acid"},"81":{"study_id":"ST000658","analysis_id":"AN001287","analysis_summary":"GC POSITIVE ION MODE","metabolite_name":"n-acetylglutamate","refmet_name":"N-Acetylglutamic acid"},"82":{"study_id":"ST000658","analysis_id":"AN001287","analysis_summary":"GC POSITIVE ION MODE","metabolite_name":"N-acetylglycine NIST","refmet_name":"N-Acetylglycine"},"83":{"study_id":"ST000658","analysis_id":"AN001287","analysis_summary":"GC POSITIVE ION MODE","metabolite_name":"nicotinamide","refmet_name":"Niacinamide"},"84":{"study_id":"ST000658","analysis_id":"AN001287","analysis_summary":"GC POSITIVE ION MODE","metabolite_name":"nicotinic acid","refmet_name":"Nicotinic acid"},"85":{"study_id":"ST000658","analysis_id":"AN001287","analysis_summary":"GC POSITIVE ION MODE","metabolite_name":"N-methylalanine","refmet_name":"N-Methylalanine"},"86":{"study_id":"ST000658","analysis_id":"AN001287","analysis_summary":"GC POSITIVE ION MODE","metabolite_name":"octadecanol","refmet_name":"Stearyl alcohol"},"87":{"study_id":"ST000658","analysis_id":"AN001287","analysis_summary":"GC POSITIVE ION MODE","metabolite_name":"oleic acid","refmet_name":"Oleic acid"},"88":{"study_id":"ST000658","analysis_id":"AN001287","analysis_summary":"GC POSITIVE ION MODE","metabolite_name":"ornithine","refmet_name":"Ornithine"},"89":{"study_id":"ST000658","analysis_id":"AN001287","analysis_summary":"GC POSITIVE ION MODE","metabolite_name":"oxalic acid","refmet_name":"Oxalic acid"},"90":{"study_id":"ST000658","analysis_id":"AN001287","analysis_summary":"GC POSITIVE ION MODE","metabolite_name":"oxoproline","refmet_name":"Pyroglutamic acid"},"91":{"study_id":"ST000658","analysis_id":"AN001287","analysis_summary":"GC POSITIVE ION MODE","metabolite_name":"palmitic acid","refmet_name":"Palmitic acid"},"92":{"study_id":"ST000658","analysis_id":"AN001287","analysis_summary":"GC POSITIVE ION MODE","metabolite_name":"palmitoleic acid","refmet_name":"Palmitoleic acid"},"93":{"study_id":"ST000658","analysis_id":"AN001287","analysis_summary":"GC POSITIVE ION MODE","metabolite_name":"parabanic acid NIST","refmet_name":"Parabanic acid"},"94":{"study_id":"ST000658","analysis_id":"AN001287","analysis_summary":"GC POSITIVE ION MODE","metabolite_name":"pelargonic acid","refmet_name":"Pelargonic acid"},"95":{"study_id":"ST000658","analysis_id":"AN001287","analysis_summary":"GC POSITIVE ION MODE","metabolite_name":"phenylalanine","refmet_name":"Phenylalanine"},"96":{"study_id":"ST000658","analysis_id":"AN001287","analysis_summary":"GC POSITIVE ION MODE","metabolite_name":"phenylethylamine","refmet_name":"Phenylethylamine"},"97":{"study_id":"ST000658","analysis_id":"AN001287","analysis_summary":"GC POSITIVE ION MODE","metabolite_name":"phosphate","refmet_name":"Phosphoric acid"},"98":{"study_id":"ST000658","analysis_id":"AN001287","analysis_summary":"GC POSITIVE ION MODE","metabolite_name":"pipecolinic acid","refmet_name":"Pipecolic acid"},"99":{"study_id":"ST000658","analysis_id":"AN001287","analysis_summary":"GC POSITIVE ION MODE","metabolite_name":"proline","refmet_name":"Proline"},"100":{"study_id":"ST000658","analysis_id":"AN001287","analysis_summary":"GC POSITIVE ION MODE","metabolite_name":"propane-1,3-diol NIST","refmet_name":"Propane-1,3-diol"},"101":{"study_id":"ST000658","analysis_id":"AN001287","analysis_summary":"GC POSITIVE ION MODE","metabolite_name":"pseudo uridine","refmet_name":"Pseudouridine"},"102":{"study_id":"ST000658","analysis_id":"AN001287","analysis_summary":"GC POSITIVE ION MODE","metabolite_name":"pyrophosphate","refmet_name":"Pyrophosphate"},"103":{"study_id":"ST000658","analysis_id":"AN001287","analysis_summary":"GC POSITIVE ION MODE","metabolite_name":"pyruvic acid","refmet_name":"Pyruvic acid"},"104":{"study_id":"ST000658","analysis_id":"AN001287","analysis_summary":"GC POSITIVE ION MODE","metabolite_name":"ribitol","refmet_name":"Ribitol"},"105":{"study_id":"ST000658","analysis_id":"AN001287","analysis_summary":"GC POSITIVE ION MODE","metabolite_name":"ribose","refmet_name":"Ribose"},"106":{"study_id":"ST000658","analysis_id":"AN001287","analysis_summary":"GC POSITIVE ION MODE","metabolite_name":"saccharic acid","refmet_name":"Glucaric acid"},"107":{"study_id":"ST000658","analysis_id":"AN001287","analysis_summary":"GC POSITIVE ION MODE","metabolite_name":"serine","refmet_name":"Serine"},"108":{"study_id":"ST000658","analysis_id":"AN001287","analysis_summary":"GC POSITIVE ION MODE","metabolite_name":"shikimic acid","refmet_name":"Shikimic acid"},"109":{"study_id":"ST000658","analysis_id":"AN001287","analysis_summary":"GC POSITIVE ION MODE","metabolite_name":"sorbitol","refmet_name":"Sorbitol"},"110":{"study_id":"ST000658","analysis_id":"AN001287","analysis_summary":"GC POSITIVE ION MODE","metabolite_name":"stearic acid","refmet_name":"Stearic acid"},"111":{"study_id":"ST000658","analysis_id":"AN001287","analysis_summary":"GC POSITIVE ION MODE","metabolite_name":"succinic acid","refmet_name":"Succinic acid"},"112":{"study_id":"ST000658","analysis_id":"AN001287","analysis_summary":"GC POSITIVE ION MODE","metabolite_name":"sucrose","refmet_name":"Sucrose"},"113":{"study_id":"ST000658","analysis_id":"AN001287","analysis_summary":"GC POSITIVE ION MODE","metabolite_name":"tartaric acid","refmet_name":"Tartaric acid"},"114":{"study_id":"ST000658","analysis_id":"AN001287","analysis_summary":"GC POSITIVE ION MODE","metabolite_name":"taurine","refmet_name":"Taurine"},"115":{"study_id":"ST000658","analysis_id":"AN001287","analysis_summary":"GC POSITIVE ION MODE","metabolite_name":"threonic acid","refmet_name":"Threonic acid"},"116":{"study_id":"ST000658","analysis_id":"AN001287","analysis_summary":"GC POSITIVE ION MODE","metabolite_name":"threonine","refmet_name":"Threonine"},"117":{"study_id":"ST000658","analysis_id":"AN001287","analysis_summary":"GC POSITIVE ION MODE","metabolite_name":"thymidine","refmet_name":"Thymidine"},"118":{"study_id":"ST000658","analysis_id":"AN001287","analysis_summary":"GC POSITIVE ION MODE","metabolite_name":"thymine","refmet_name":"Thymine"},"119":{"study_id":"ST000658","analysis_id":"AN001287","analysis_summary":"GC POSITIVE ION MODE","metabolite_name":"tocopherol alpha-","refmet_name":"alpha-Tocopherol"},"120":{"study_id":"ST000658","analysis_id":"AN001287","analysis_summary":"GC POSITIVE ION MODE","metabolite_name":"trans-4-hydroxyproline","refmet_name":"trans-4-Hydroxyproline"},"121":{"study_id":"ST000658","analysis_id":"AN001287","analysis_summary":"GC POSITIVE ION MODE","metabolite_name":"tryptophan","refmet_name":"Tryptophan"},"122":{"study_id":"ST000658","analysis_id":"AN001287","analysis_summary":"GC POSITIVE ION MODE","metabolite_name":"tyrosine","refmet_name":"Tyrosine"},"123":{"study_id":"ST000658","analysis_id":"AN001287","analysis_summary":"GC POSITIVE ION MODE","metabolite_name":"uracil","refmet_name":"Uracil"},"124":{"study_id":"ST000658","analysis_id":"AN001287","analysis_summary":"GC POSITIVE ION MODE","metabolite_name":"urea","refmet_name":"Urea"},"125":{"study_id":"ST000658","analysis_id":"AN001287","analysis_summary":"GC POSITIVE ION MODE","metabolite_name":"uric acid","refmet_name":"Uric acid"},"126":{"study_id":"ST000658","analysis_id":"AN001287","analysis_summary":"GC POSITIVE ION MODE","metabolite_name":"valine","refmet_name":"Valine"},"127":{"study_id":"ST000658","analysis_id":"AN001287","analysis_summary":"GC POSITIVE ION MODE","metabolite_name":"xylitol","refmet_name":"Xylitol"},"128":{"study_id":"ST000658","analysis_id":"AN001287","analysis_summary":"GC POSITIVE ION MODE","metabolite_name":"xylose","refmet_name":"Xylose"},"129":{"study_id":"ST000658","analysis_id":"AN001287","analysis_summary":"GC POSITIVE ION MODE","metabolite_name":"xylulose NIST","refmet_name":"Xylulose"}}