{"1":{"study_id":"ST000230","analysis_id":"AN000343","analysis_summary":"ESI negative ion mode","metabolite_name":"1-Pyrroline-2-carboxylate\/ (S)-1-Pyrroline-5-carboxylate\/ 3,4-Dihydro-2H-Pyrrole-2-carboxylate\/ Glutarimide","refmet_name":"1-Pyrroline-2-carboxylic acid"},"2":{"study_id":"ST000230","analysis_id":"AN000343","analysis_summary":"ESI negative ion mode","metabolite_name":"(1R,2S)-1-Hydroxypropane-1,2,3-tricarboxylate(0.78); 5-Dehydro-4-deoxy-D-glucarate(0.78); 2,5-Didehydro-D-gluconate(0.78);","refmet_name":""},"3":{"study_id":"ST000230","analysis_id":"AN000343","analysis_summary":"ESI negative ion mode","metabolite_name":"2,3-Diphosphoglyceric acid","refmet_name":"2,3-Diphosphoglyceric acid"},"4":{"study_id":"ST000230","analysis_id":"AN000343","analysis_summary":"ESI negative ion mode","metabolite_name":"2,7-Anhydro-alpha-N-acetylneuraminic acid\/ 2-Deoxy-2,3-dehydro-N-acetylneuraminic acid\/ Sarmentosin epoxide","refmet_name":""},"5":{"study_id":"ST000230","analysis_id":"AN000343","analysis_summary":"ESI negative ion mode","metabolite_name":"2-Hydroxybutyric acid","refmet_name":"2-Hydroxybutyric acid"},"6":{"study_id":"ST000230","analysis_id":"AN000343","analysis_summary":"ESI negative ion mode","metabolite_name":"2-Hydroxyglutaric acid","refmet_name":"2-Hydroxyglutaric acid"},"7":{"study_id":"ST000230","analysis_id":"AN000343","analysis_summary":"ESI negative ion mode","metabolite_name":"2-Hydroxyvaleric acid","refmet_name":"2-Hydroxyvaleric acid"},"8":{"study_id":"ST000230","analysis_id":"AN000343","analysis_summary":"ESI negative ion mode","metabolite_name":"2-Phosphinomethylmalate","refmet_name":""},"9":{"study_id":"ST000230","analysis_id":"AN000343","analysis_summary":"ESI negative ion mode","metabolite_name":"2-Phosphoglyceric acid","refmet_name":"2-Phosphoglyceric acid"},"10":{"study_id":"ST000230","analysis_id":"AN000343","analysis_summary":"ESI negative ion mode","metabolite_name":"3-Hydroxybutyric acid","refmet_name":"3-Hydroxybutyric acid"},"11":{"study_id":"ST000230","analysis_id":"AN000343","analysis_summary":"ESI negative ion mode","metabolite_name":"3-Phenylpropionic acid","refmet_name":"Hydrocinnamic acid"},"12":{"study_id":"ST000230","analysis_id":"AN000343","analysis_summary":"ESI negative ion mode","metabolite_name":"3-Phosphoglyceric acid","refmet_name":"3-Phosphoglyceric acid"},"13":{"study_id":"ST000230","analysis_id":"AN000343","analysis_summary":"ESI negative ion mode","metabolite_name":"3-Sulfino-L-alanine","refmet_name":"3-Sulfino-alanine"},"14":{"study_id":"ST000230","analysis_id":"AN000343","analysis_summary":"ESI negative ion mode","metabolite_name":"5-Hydroxypentanoate","refmet_name":"5-Hydroxyvaleric acid"},"15":{"study_id":"ST000230","analysis_id":"AN000343","analysis_summary":"ESI negative ion mode","metabolite_name":"(5-L-Glutamyl)-L-glutamine\/ N-Succinyl-L-citrulline","refmet_name":""},"16":{"study_id":"ST000230","analysis_id":"AN000343","analysis_summary":"ESI negative ion mode","metabolite_name":"5-Oxoproline","refmet_name":"Pyroglutamic acid"},"17":{"study_id":"ST000230","analysis_id":"AN000343","analysis_summary":"ESI negative ion mode","metabolite_name":"6-endo-Hydroxycineole(1.76); (E)-3,7-Dimethylocta-1,6-diene-3,8-diol(1.76); Limonene-1,2-diol(1.76); (+)-Neomatatabiol(1.76);","refmet_name":""},"18":{"study_id":"ST000230","analysis_id":"AN000343","analysis_summary":"ESI negative ion mode","metabolite_name":"6-Phosphogluconic acid","refmet_name":"6-Phosphogluconic acid"},"19":{"study_id":"ST000230","analysis_id":"AN000343","analysis_summary":"ESI negative ion mode","metabolite_name":"9-Oxononanoic acid","refmet_name":"9-Oxo-nonanoic acid"},"20":{"study_id":"ST000230","analysis_id":"AN000343","analysis_summary":"ESI negative ion mode","metabolite_name":"Acetyl CoA_divalent","refmet_name":"Acetyl-CoA"},"21":{"study_id":"ST000230","analysis_id":"AN000343","analysis_summary":"ESI negative ion mode","metabolite_name":"Adenylosuccinic acid","refmet_name":"Adenylsuccinic acid"},"22":{"study_id":"ST000230","analysis_id":"AN000343","analysis_summary":"ESI negative ion mode","metabolite_name":"Adipic acid","refmet_name":"Adipic acid"},"23":{"study_id":"ST000230","analysis_id":"AN000343","analysis_summary":"ESI negative ion mode","metabolite_name":"ADP","refmet_name":"Adenosine"},"24":{"study_id":"ST000230","analysis_id":"AN000343","analysis_summary":"ESI negative ion mode","metabolite_name":"ADP-glucose\/GDP-fucose","refmet_name":""},"25":{"study_id":"ST000230","analysis_id":"AN000343","analysis_summary":"ESI negative ion mode","metabolite_name":"Alatolide\/ Arctiopicrin","refmet_name":""},"26":{"study_id":"ST000230","analysis_id":"AN000343","analysis_summary":"ESI negative ion mode","metabolite_name":"AMP","refmet_name":"AMP"},"27":{"study_id":"ST000230","analysis_id":"AN000343","analysis_summary":"ESI negative ion mode","metabolite_name":"Ascorbate 2-sulfate","refmet_name":""},"28":{"study_id":"ST000230","analysis_id":"AN000343","analysis_summary":"ESI negative ion mode","metabolite_name":"Ascorbic acid","refmet_name":"Vitamin C"},"29":{"study_id":"ST000230","analysis_id":"AN000343","analysis_summary":"ESI negative ion mode","metabolite_name":"ATP","refmet_name":"ATP"},"30":{"study_id":"ST000230","analysis_id":"AN000343","analysis_summary":"ESI negative ion mode","metabolite_name":"cAMP","refmet_name":"3',5' cyclic AMP"},"31":{"study_id":"ST000230","analysis_id":"AN000343","analysis_summary":"ESI negative ion mode","metabolite_name":"CDP-choline","refmet_name":"Cytidine 5'-diphosphocholine"},"32":{"study_id":"ST000230","analysis_id":"AN000343","analysis_summary":"ESI negative ion mode","metabolite_name":"cis-Aconitic acid","refmet_name":"cis-Aconitic acid"},"33":{"study_id":"ST000230","analysis_id":"AN000343","analysis_summary":"ESI negative ion mode","metabolite_name":"Citric acid","refmet_name":"Citric acid"},"34":{"study_id":"ST000230","analysis_id":"AN000343","analysis_summary":"ESI negative ion mode","metabolite_name":"CMP","refmet_name":"CMP"},"35":{"study_id":"ST000230","analysis_id":"AN000343","analysis_summary":"ESI negative ion mode","metabolite_name":"CoA_divalent","refmet_name":"Coenzyme A"},"36":{"study_id":"ST000230","analysis_id":"AN000343","analysis_summary":"ESI negative ion mode","metabolite_name":"D-Alanyl-D-alanine\/ N5-Methyl-L-glutamine\/ N-gamma-Acetyldiaminobutyrate\/ Daminozide","refmet_name":""},"37":{"study_id":"ST000230","analysis_id":"AN000343","analysis_summary":"ESI negative ion mode","metabolite_name":"Decanoic acid","refmet_name":"Capric acid"},"38":{"study_id":"ST000230","analysis_id":"AN000343","analysis_summary":"ESI negative ion mode","metabolite_name":"D-Glucosamine 6-phosphate(-1.15); 1-Amino-1-deoxy-scyllo-inositol 4-phosphate(-1.15); D-Galactosamine 1-phosphate(-1.15);","refmet_name":"Glucosamine 6-phosphate"},"39":{"study_id":"ST000230","analysis_id":"AN000343","analysis_summary":"ESI negative ion mode","metabolite_name":"Dihydroxyacetone phosphate","refmet_name":"Dihydroxyacetone phosphate"},"40":{"study_id":"ST000230","analysis_id":"AN000343","analysis_summary":"ESI negative ion mode","metabolite_name":"D-myo-Inositol 1,2-cyclic phosphate\/ 6-Deoxy-5-ketofructose 1-phosphate","refmet_name":"Inositol cyclic phosphate"},"41":{"study_id":"ST000230","analysis_id":"AN000343","analysis_summary":"ESI negative ion mode","metabolite_name":"D-Xylonate\/ L-Arabinonate\/ D-Arabinonate\/ D-Ribonate\/ L-Xylonate\/ L-Lyxonate\/ 7-Methylxanthine(8)\/ 3-Methylxanthine(8)\/ 1-Methylxanthine(8)","refmet_name":"Xylonic acid"},"42":{"study_id":"ST000230","analysis_id":"AN000343","analysis_summary":"ESI negative ion mode","metabolite_name":"D-Xylulose 5-phosphate\/alpha-D-Ribose 1-phosphate\/D-Arabinose 5-phosphate","refmet_name":"Xylulose 5-phosphate"},"43":{"study_id":"ST000230","analysis_id":"AN000343","analysis_summary":"ESI negative ion mode","metabolite_name":"Ethanolamine phosphate","refmet_name":"Phosphoethanolamine"},"44":{"study_id":"ST000230","analysis_id":"AN000343","analysis_summary":"ESI negative ion mode","metabolite_name":"Evoxanthidine","refmet_name":"Evoxanthidine"},"45":{"study_id":"ST000230","analysis_id":"AN000343","analysis_summary":"ESI negative ion mode","metabolite_name":"FAD_divalent","refmet_name":"FAD"},"46":{"study_id":"ST000230","analysis_id":"AN000343","analysis_summary":"ESI negative ion mode","metabolite_name":"Fructose 1,6-diphosphate","refmet_name":"Fructose 1,6-bisphosphate"},"47":{"study_id":"ST000230","analysis_id":"AN000343","analysis_summary":"ESI negative ion mode","metabolite_name":"Fructose 6-phosphate","refmet_name":"Fructose 6-phosphate"},"48":{"study_id":"ST000230","analysis_id":"AN000343","analysis_summary":"ESI negative ion mode","metabolite_name":"Fructoselysine 6-phosphate(-7)","refmet_name":"Fructoselysine 6-phosphate"},"49":{"study_id":"ST000230","analysis_id":"AN000343","analysis_summary":"ESI negative ion mode","metabolite_name":"Fumaric acid","refmet_name":"Fumaric acid"},"50":{"study_id":"ST000230","analysis_id":"AN000343","analysis_summary":"ESI negative ion mode","metabolite_name":"gamma-L-Glutamyl-D-alanine","refmet_name":"gamma-L-Glutamyl-D-alanine"},"51":{"study_id":"ST000230","analysis_id":"AN000343","analysis_summary":"ESI negative ion mode","metabolite_name":"GDP","refmet_name":"GDP"},"52":{"study_id":"ST000230","analysis_id":"AN000343","analysis_summary":"ESI negative ion mode","metabolite_name":"GDP-glucose\/GDP-mannose\/GDP-galactose","refmet_name":""},"53":{"study_id":"ST000230","analysis_id":"AN000343","analysis_summary":"ESI negative ion mode","metabolite_name":"Glucaric acid","refmet_name":"Glucaric acid"},"54":{"study_id":"ST000230","analysis_id":"AN000343","analysis_summary":"ESI negative ion mode","metabolite_name":"Gluconic acid","refmet_name":"Gluconic acid"},"55":{"study_id":"ST000230","analysis_id":"AN000343","analysis_summary":"ESI negative ion mode","metabolite_name":"Glucose 1-phosphate","refmet_name":"Glucose 1-phosphate"},"56":{"study_id":"ST000230","analysis_id":"AN000343","analysis_summary":"ESI negative ion mode","metabolite_name":"Glucose 6-phosphate","refmet_name":"Glucose 6-phosphate"},"57":{"study_id":"ST000230","analysis_id":"AN000343","analysis_summary":"ESI negative ion mode","metabolite_name":"Glucuronic acid","refmet_name":"Glucuronic acid"},"58":{"study_id":"ST000230","analysis_id":"AN000343","analysis_summary":"ESI negative ion mode","metabolite_name":"Glyceric acid","refmet_name":"Glyceric acid"},"59":{"study_id":"ST000230","analysis_id":"AN000343","analysis_summary":"ESI negative ion mode","metabolite_name":"Glycerol 3-phosphate","refmet_name":"sn-Glycero-3-phosphate"},"60":{"study_id":"ST000230","analysis_id":"AN000343","analysis_summary":"ESI negative ion mode","metabolite_name":"Glycocholic acid","refmet_name":"Glycocholic acid"},"61":{"study_id":"ST000230","analysis_id":"AN000343","analysis_summary":"ESI negative ion mode","metabolite_name":"Glycyl-leucine\/ N6-Acetyl-L-lysine\/ 6-Acetamido-3-aminohexanoate\/ N2-Acetyl-L-lysine","refmet_name":"Gly-Leu"},"62":{"study_id":"ST000230","analysis_id":"AN000343","analysis_summary":"ESI negative ion mode","metabolite_name":"GMP","refmet_name":"GMP"},"63":{"study_id":"ST000230","analysis_id":"AN000343","analysis_summary":"ESI negative ion mode","metabolite_name":"GTP","refmet_name":"GTP"},"64":{"study_id":"ST000230","analysis_id":"AN000343","analysis_summary":"ESI negative ion mode","metabolite_name":"Heptanoic acid","refmet_name":"Heptylic acid"},"65":{"study_id":"ST000230","analysis_id":"AN000343","analysis_summary":"ESI negative ion mode","metabolite_name":"Hexanoic acid","refmet_name":"Caproic acid"},"66":{"study_id":"ST000230","analysis_id":"AN000343","analysis_summary":"ESI negative ion mode","metabolite_name":"Hippuric acid","refmet_name":"Hippuric acid"},"67":{"study_id":"ST000230","analysis_id":"AN000343","analysis_summary":"ESI negative ion mode","metabolite_name":"Homovanillic acid","refmet_name":"Homovanillic acid"},"68":{"study_id":"ST000230","analysis_id":"AN000343","analysis_summary":"ESI negative ion mode","metabolite_name":"Hyoscyamine methylbromide","refmet_name":""},"69":{"study_id":"ST000230","analysis_id":"AN000343","analysis_summary":"ESI negative ion mode","metabolite_name":"IMP","refmet_name":"IMP"},"70":{"study_id":"ST000230","analysis_id":"AN000343","analysis_summary":"ESI negative ion mode","metabolite_name":"Inosine\/ 2(alpha-D-Mannosyl)-D-glycerate","refmet_name":"Inosine"},"71":{"study_id":"ST000230","analysis_id":"AN000343","analysis_summary":"ESI negative ion mode","metabolite_name":"Isethionic acid","refmet_name":"2-Hydroxyethanesulfonate"},"72":{"study_id":"ST000230","analysis_id":"AN000343","analysis_summary":"ESI negative ion mode","metabolite_name":"Isopimpinellin\/ Glycerophosphoglycerol\/ 2,3',4,6-Tetrahydroxybenzophenone\/ Pimpinellin","refmet_name":"Isopimpinellin"},"73":{"study_id":"ST000230","analysis_id":"AN000343","analysis_summary":"ESI negative ion mode","metabolite_name":"Isosorbide mononitrate\/ O-Oxalylhomoserine\/ Nitrilotriacetic acid","refmet_name":""},"74":{"study_id":"ST000230","analysis_id":"AN000343","analysis_summary":"ESI negative ion mode","metabolite_name":"Lactic acid","refmet_name":"Lactic acid"},"75":{"study_id":"ST000230","analysis_id":"AN000343","analysis_summary":"ESI negative ion mode","metabolite_name":"Lauric acid","refmet_name":"Lauric acid"},"76":{"study_id":"ST000230","analysis_id":"AN000343","analysis_summary":"ESI negative ion mode","metabolite_name":"Malic acid","refmet_name":"Malic acid"},"77":{"study_id":"ST000230","analysis_id":"AN000343","analysis_summary":"ESI negative ion mode","metabolite_name":"myo-Inositol 1-phosphate\/myo-Inositol 3-phosphate","refmet_name":""},"78":{"study_id":"ST000230","analysis_id":"AN000343","analysis_summary":"ESI negative ion mode","metabolite_name":"N2-(D-1-Carboxyethyl)-L-lysine","refmet_name":"D-Lysopine"},"79":{"study_id":"ST000230","analysis_id":"AN000343","analysis_summary":"ESI negative ion mode","metabolite_name":"N-(6-Aminohexanoyl)-6-aminohexanoate\/ Leucyl-leucine","refmet_name":""},"80":{"study_id":"ST000230","analysis_id":"AN000343","analysis_summary":"ESI negative ion mode","metabolite_name":"N-Acetylaspartic acid","refmet_name":"N-Acetylaspartic acid"},"81":{"study_id":"ST000230","analysis_id":"AN000343","analysis_summary":"ESI negative ion mode","metabolite_name":"N-Acetylglucosamine 1-phosphate","refmet_name":"N-Acetyl-D-glucosamine 1-phosphate"},"82":{"study_id":"ST000230","analysis_id":"AN000343","analysis_summary":"ESI negative ion mode","metabolite_name":"N-Acetylglucosamine 6-phosphate","refmet_name":"N-Acetyl-glucosamine 6-phosphate"},"83":{"study_id":"ST000230","analysis_id":"AN000343","analysis_summary":"ESI negative ion mode","metabolite_name":"N-Acetylglutamic acid","refmet_name":"N-Acetylglutamic acid"},"84":{"study_id":"ST000230","analysis_id":"AN000343","analysis_summary":"ESI negative ion mode","metabolite_name":"N-Acetyl-L-citrulline","refmet_name":"N-Acetylcitrulline"},"85":{"study_id":"ST000230","analysis_id":"AN000343","analysis_summary":"ESI negative ion mode","metabolite_name":"N-Acetylneuraminic acid","refmet_name":"N-Acetylneuraminic acid"},"86":{"study_id":"ST000230","analysis_id":"AN000343","analysis_summary":"ESI negative ion mode","metabolite_name":"NAD+","refmet_name":"NAD+"},"87":{"study_id":"ST000230","analysis_id":"AN000343","analysis_summary":"ESI negative ion mode","metabolite_name":"NADP+","refmet_name":"NADP+"},"88":{"study_id":"ST000230","analysis_id":"AN000343","analysis_summary":"ESI negative ion mode","metabolite_name":"Octanoic acid","refmet_name":"Caprylic acid"},"89":{"study_id":"ST000230","analysis_id":"AN000343","analysis_summary":"ESI negative ion mode","metabolite_name":"Orthophosphate\/ Potassium acetate","refmet_name":"Phosphoric acid"},"90":{"study_id":"ST000230","analysis_id":"AN000343","analysis_summary":"ESI negative ion mode","metabolite_name":"Pantothenic acid","refmet_name":"Pantothenic acid"},"91":{"study_id":"ST000230","analysis_id":"AN000343","analysis_summary":"ESI negative ion mode","metabolite_name":"Pelargonic acid","refmet_name":"Pelargonic acid"},"92":{"study_id":"ST000230","analysis_id":"AN000343","analysis_summary":"ESI negative ion mode","metabolite_name":"Phosphocreatine","refmet_name":"Phosphocreatine"},"93":{"study_id":"ST000230","analysis_id":"AN000343","analysis_summary":"ESI negative ion mode","metabolite_name":"Phosphoenolpyruvic acid","refmet_name":"Phosphoenolpyruvic acid"},"94":{"study_id":"ST000230","analysis_id":"AN000343","analysis_summary":"ESI negative ion mode","metabolite_name":"Phthalic acid","refmet_name":"Phthalic acid"},"95":{"study_id":"ST000230","analysis_id":"AN000343","analysis_summary":"ESI negative ion mode","metabolite_name":"Prostaglandin E2","refmet_name":"PGE2"},"96":{"study_id":"ST000230","analysis_id":"AN000343","analysis_summary":"ESI negative ion mode","metabolite_name":"Psorospermin(0)\/ S-[2-(N7-Guanyl)ethyl]-N-acetyl-L-cysteine\/ Methylophiopogonone A(0)","refmet_name":"Psorospermin"},"97":{"study_id":"ST000230","analysis_id":"AN000343","analysis_summary":"ESI negative ion mode","metabolite_name":"Pterin\/ 3-Hydroxy-L-glutamate\/ 4-Hydroxy-L-glutamate\/ L-erythro-4-Hydroxyglutamate","refmet_name":""},"98":{"study_id":"ST000230","analysis_id":"AN000343","analysis_summary":"ESI negative ion mode","metabolite_name":"Pyruvic acid","refmet_name":"Pyruvic acid"},"99":{"study_id":"ST000230","analysis_id":"AN000343","analysis_summary":"ESI negative ion mode","metabolite_name":"Ribose 5-phosphate","refmet_name":"Ribose 5-phosphate"},"100":{"study_id":"ST000230","analysis_id":"AN000343","analysis_summary":"ESI negative ion mode","metabolite_name":"Ribulose 5-phosphate","refmet_name":"Ribulose 5-phosphate"},"101":{"study_id":"ST000230","analysis_id":"AN000343","analysis_summary":"ESI negative ion mode","metabolite_name":"Sedoheptulose 7-phosphate","refmet_name":"Sedoheptulose 7-phosphate"},"102":{"study_id":"ST000230","analysis_id":"AN000343","analysis_summary":"ESI negative ion mode","metabolite_name":"S-Glutathionyl-L-cysteine","refmet_name":"S-Glutathionyl-cysteine"},"103":{"study_id":"ST000230","analysis_id":"AN000343","analysis_summary":"ESI negative ion mode","metabolite_name":"(S)-N-Methylcanadine","refmet_name":"(S)-N-Methylcanadine"},"104":{"study_id":"ST000230","analysis_id":"AN000343","analysis_summary":"ESI negative ion mode","metabolite_name":"Succinic acid","refmet_name":"Succinic acid"},"105":{"study_id":"ST000230","analysis_id":"AN000343","analysis_summary":"ESI negative ion mode","metabolite_name":"Taurocholic acid","refmet_name":"Taurocholic acid"},"106":{"study_id":"ST000230","analysis_id":"AN000343","analysis_summary":"ESI negative ion mode","metabolite_name":"Taurodeoxycholate\/ Taurochenodeoxycholate\/ Tauroursodeoxycholic acid","refmet_name":"Taurodeoxycholic acid"},"107":{"study_id":"ST000230","analysis_id":"AN000343","analysis_summary":"ESI negative ion mode","metabolite_name":"Thiomorpholine 3-carboxylate","refmet_name":"Thiomorpholine-3-carboxylic acid"},"108":{"study_id":"ST000230","analysis_id":"AN000343","analysis_summary":"ESI negative ion mode","metabolite_name":"Threonic acid","refmet_name":"Threonic acid"},"109":{"study_id":"ST000230","analysis_id":"AN000343","analysis_summary":"ESI negative ion mode","metabolite_name":"Trovafloxacin\/ Daidzin\/ Chrysophanol 8-O-beta-D-glucoside\/ Frangulin A\/ Puerarin\/ Flavonol 7-O-beta-D-glucoside\/ Tenitramine","refmet_name":"Trovafloxacin"},"110":{"study_id":"ST000230","analysis_id":"AN000343","analysis_summary":"ESI negative ion mode","metabolite_name":"UDP","refmet_name":"UDP"},"111":{"study_id":"ST000230","analysis_id":"AN000343","analysis_summary":"ESI negative ion mode","metabolite_name":"UDP-glucose\/UDP-galactose","refmet_name":""},"112":{"study_id":"ST000230","analysis_id":"AN000343","analysis_summary":"ESI negative ion mode","metabolite_name":"UDP-glucuronic acid","refmet_name":"UDP-glucuronic acid"},"113":{"study_id":"ST000230","analysis_id":"AN000343","analysis_summary":"ESI negative ion mode","metabolite_name":"UDP-N-acetylglucosamine","refmet_name":"UDP-N-acetylglucosamine"},"114":{"study_id":"ST000230","analysis_id":"AN000343","analysis_summary":"ESI negative ion mode","metabolite_name":"UMP","refmet_name":"UMP"},"115":{"study_id":"ST000230","analysis_id":"AN000343","analysis_summary":"ESI negative ion mode","metabolite_name":"Uric acid","refmet_name":"Uric acid"},"116":{"study_id":"ST000230","analysis_id":"AN000343","analysis_summary":"ESI negative ion mode","metabolite_name":"UTP","refmet_name":"UTP"},"117":{"study_id":"ST000230","analysis_id":"AN000343","analysis_summary":"ESI negative ion mode","metabolite_name":"Valeric acid","refmet_name":"Valeric acid"},"118":{"study_id":"ST000230","analysis_id":"AN000343","analysis_summary":"ESI negative ion mode","metabolite_name":"Xanthine","refmet_name":"Xanthine"},"119":{"study_id":"ST000230","analysis_id":"AN000343","analysis_summary":"ESI negative ion mode","metabolite_name":"Xanthosine","refmet_name":"Xanthosine"},"120":{"study_id":"ST000230","analysis_id":"AN000344","analysis_summary":"ESI positive ion mode","metabolite_name":"1,2,3,4,6,7,8,9-Octachlorodibenzofuran\/","refmet_name":""},"121":{"study_id":"ST000230","analysis_id":"AN000344","analysis_summary":"ESI positive ion mode","metabolite_name":"16alpha-Bromo-17beta-estradiol(0)\/","refmet_name":""},"122":{"study_id":"ST000230","analysis_id":"AN000344","analysis_summary":"ESI positive ion mode","metabolite_name":"?1-Methyl-2-pyrrolidone","refmet_name":"N-Methylpyrrolidin-2-one"},"123":{"study_id":"ST000230","analysis_id":"AN000344","analysis_summary":"ESI positive ion mode","metabolite_name":"1-Methyl-4-imidazoleacetic acid","refmet_name":"Methylimidazoleacetic acid"},"124":{"study_id":"ST000230","analysis_id":"AN000344","analysis_summary":"ESI positive ion mode","metabolite_name":"1-Methyladenosine","refmet_name":"1-Methyladenosine"},"125":{"study_id":"ST000230","analysis_id":"AN000344","analysis_summary":"ESI positive ion mode","metabolite_name":"1-Methylhistamine","refmet_name":"1-Methylhistamine"},"126":{"study_id":"ST000230","analysis_id":"AN000344","analysis_summary":"ESI positive ion mode","metabolite_name":"1-Methylhistidine","refmet_name":"1-Methylhistidine"},"127":{"study_id":"ST000230","analysis_id":"AN000344","analysis_summary":"ESI positive ion mode","metabolite_name":"1-Methylnicotinamide","refmet_name":"1-Methyl nicotinamide"},"128":{"study_id":"ST000230","analysis_id":"AN000344","analysis_summary":"ESI positive ion mode","metabolite_name":"1-Pyrroline 5-carboxylic acid","refmet_name":"1-Pyrroline-5-carboxylic acid"},"129":{"study_id":"ST000230","analysis_id":"AN000344","analysis_summary":"ESI positive ion mode","metabolite_name":"2-Aminoadipic acid","refmet_name":"Aminoadipic acid"},"130":{"study_id":"ST000230","analysis_id":"AN000344","analysis_summary":"ESI positive ion mode","metabolite_name":"2-Aminobutyric acid","refmet_name":"2-Aminobutyric acid"},"131":{"study_id":"ST000230","analysis_id":"AN000344","analysis_summary":"ESI positive ion mode","metabolite_name":"2-Methylserine","refmet_name":"2-Methylserine"},"132":{"study_id":"ST000230","analysis_id":"AN000344","analysis_summary":"ESI positive ion mode","metabolite_name":"2-Phenylethylamine","refmet_name":"Phenylethylamine"},"133":{"study_id":"ST000230","analysis_id":"AN000344","analysis_summary":"ESI positive ion mode","metabolite_name":"3,4-Dehydrothiomorpholine-3-carboxylate\/","refmet_name":""},"134":{"study_id":"ST000230","analysis_id":"AN000344","analysis_summary":"ESI positive ion mode","metabolite_name":"3-Aminoisobutyric acid","refmet_name":"3-Aminoisobutanoic acid"},"135":{"study_id":"ST000230","analysis_id":"AN000344","analysis_summary":"ESI positive ion mode","metabolite_name":"3-beta-D-Galactosyl-sn-glycerol\/ Dyphylline\/ 2-(beta-D-Glucosyl)-sn-glycerol\/","refmet_name":"Galactosylglycerol"},"136":{"study_id":"ST000230","analysis_id":"AN000344","analysis_summary":"ESI positive ion mode","metabolite_name":"3-(Pyrazol-1-yl)-L-alanine\/","refmet_name":"3-(Pyrazol-1-yl)-L-alanine"},"137":{"study_id":"ST000230","analysis_id":"AN000344","analysis_summary":"ESI positive ion mode","metabolite_name":"4-Aminobenzoate\/ 4-Nitrotoluene\/","refmet_name":""},"138":{"study_id":"ST000230","analysis_id":"AN000344","analysis_summary":"ESI positive ion mode","metabolite_name":"4-(Trimethylammonio)but-2-enoate\/","refmet_name":""},"139":{"study_id":"ST000230","analysis_id":"AN000344","analysis_summary":"ESI positive ion mode","metabolite_name":"5,6-Dihydrothymine\/ gamma-Amino-gamma-cyanobutanoate\/ alpha-Amino-gamma-cyanobutanoate\/","refmet_name":"Dihydrothymine"},"140":{"study_id":"ST000230","analysis_id":"AN000344","analysis_summary":"ESI positive ion mode","metabolite_name":"5-Aminovaleric acid","refmet_name":"5-Aminopentanoic acid"},"141":{"study_id":"ST000230","analysis_id":"AN000344","analysis_summary":"ESI positive ion mode","metabolite_name":"5-Hydroxylysine","refmet_name":"5-Hydroxylysine"},"142":{"study_id":"ST000230","analysis_id":"AN000344","analysis_summary":"ESI positive ion mode","metabolite_name":"5-Phosphonooxy-L-lysine\/ 2-Deoxystreptamine phospahte\/ 2-Deoxystreptamine 4-phosphate\/ Phosphoallohydroxy-L-lysine\/","refmet_name":""},"143":{"study_id":"ST000230","analysis_id":"AN000344","analysis_summary":"ESI positive ion mode","metabolite_name":"6alpha-Fluoro-11beta,17-dihydroxypregn-4-ene-3,20-dione\/ 9-Fluoro-11beta,16alpha-dihydroxypregn-4-ene-3,20-dione\/","refmet_name":""},"144":{"study_id":"ST000230","analysis_id":"AN000344","analysis_summary":"ESI positive ion mode","metabolite_name":"Acetylcysteine\/","refmet_name":"N-Acetylcysteine"},"145":{"study_id":"ST000230","analysis_id":"AN000344","analysis_summary":"ESI positive ion mode","metabolite_name":"Adenine","refmet_name":"Adenine"},"146":{"study_id":"ST000230","analysis_id":"AN000344","analysis_summary":"ESI positive ion mode","metabolite_name":"Adenosine","refmet_name":"Adenosine"},"147":{"study_id":"ST000230","analysis_id":"AN000344","analysis_summary":"ESI positive ion mode","metabolite_name":"ADMA","refmet_name":"Dimethylarginine"},"148":{"study_id":"ST000230","analysis_id":"AN000344","analysis_summary":"ESI positive ion mode","metabolite_name":"Ala","refmet_name":"Alanine"},"149":{"study_id":"ST000230","analysis_id":"AN000344","analysis_summary":"ESI positive ion mode","metabolite_name":"Ala-Ala","refmet_name":"Ala-Ala"},"150":{"study_id":"ST000230","analysis_id":"AN000344","analysis_summary":"ESI positive ion mode","metabolite_name":"Ala-Arg\/Arg-Ala","refmet_name":""},"151":{"study_id":"ST000230","analysis_id":"AN000344","analysis_summary":"ESI positive ion mode","metabolite_name":"Ala-Asn\/Asn-Ala\/Gly-Gln","refmet_name":""},"152":{"study_id":"ST000230","analysis_id":"AN000344","analysis_summary":"ESI positive ion mode","metabolite_name":"Ala-Asp\/Asp-Ala","refmet_name":""},"153":{"study_id":"ST000230","analysis_id":"AN000344","analysis_summary":"ESI positive ion mode","metabolite_name":"Ala-Gly\/Gly-Ala","refmet_name":""},"154":{"study_id":"ST000230","analysis_id":"AN000344","analysis_summary":"ESI positive ion mode","metabolite_name":"Ala-His\/His-Ala","refmet_name":""},"155":{"study_id":"ST000230","analysis_id":"AN000344","analysis_summary":"ESI positive ion mode","metabolite_name":"Ala-Lys","refmet_name":"Ala-Lys"},"156":{"study_id":"ST000230","analysis_id":"AN000344","analysis_summary":"ESI positive ion mode","metabolite_name":"Ala-Met","refmet_name":"Ala-Met"},"157":{"study_id":"ST000230","analysis_id":"AN000344","analysis_summary":"ESI positive ion mode","metabolite_name":"Ala-Ser\/Thr-Gly","refmet_name":""},"158":{"study_id":"ST000230","analysis_id":"AN000344","analysis_summary":"ESI positive ion mode","metabolite_name":"Ala-Thr\/Thr-Ala","refmet_name":""},"159":{"study_id":"ST000230","analysis_id":"AN000344","analysis_summary":"ESI positive ion mode","metabolite_name":"Ala-Tyr\/Phe-Ser\/Tyr-Ala","refmet_name":""},"160":{"study_id":"ST000230","analysis_id":"AN000344","analysis_summary":"ESI positive ion mode","metabolite_name":"Ala-Val\/Ile-Gly\/Leu-Gly\/Val-Ala","refmet_name":""},"161":{"study_id":"ST000230","analysis_id":"AN000344","analysis_summary":"ESI positive ion mode","metabolite_name":"Anthranilic acid","refmet_name":"2-Aminobenzoic acid"},"162":{"study_id":"ST000230","analysis_id":"AN000344","analysis_summary":"ESI positive ion mode","metabolite_name":"Arg","refmet_name":"Arginine"},"163":{"study_id":"ST000230","analysis_id":"AN000344","analysis_summary":"ESI positive ion mode","metabolite_name":"Arg-Asn\/Asn-Arg","refmet_name":""},"164":{"study_id":"ST000230","analysis_id":"AN000344","analysis_summary":"ESI positive ion mode","metabolite_name":"Arg-Gln","refmet_name":"Arg-Gln"},"165":{"study_id":"ST000230","analysis_id":"AN000344","analysis_summary":"ESI positive ion mode","metabolite_name":"Arg-Glu\/Glu-Arg","refmet_name":""},"166":{"study_id":"ST000230","analysis_id":"AN000344","analysis_summary":"ESI positive ion mode","metabolite_name":"Arg-Gly\/Gly-Arg","refmet_name":""},"167":{"study_id":"ST000230","analysis_id":"AN000344","analysis_summary":"ESI positive ion mode","metabolite_name":"Arg-Ile\/Arg-Leu\/Leu-Arg","refmet_name":""},"168":{"study_id":"ST000230","analysis_id":"AN000344","analysis_summary":"ESI positive ion mode","metabolite_name":"Argininosuccinic acid","refmet_name":"Argininosuccinic acid"},"169":{"study_id":"ST000230","analysis_id":"AN000344","analysis_summary":"ESI positive ion mode","metabolite_name":"Arg-Ser\/Ser-Arg","refmet_name":""},"170":{"study_id":"ST000230","analysis_id":"AN000344","analysis_summary":"ESI positive ion mode","metabolite_name":"Arg-Thr","refmet_name":"Arg-Thr"},"171":{"study_id":"ST000230","analysis_id":"AN000344","analysis_summary":"ESI positive ion mode","metabolite_name":"Arg-Tyr\/Tyr-Arg","refmet_name":""},"172":{"study_id":"ST000230","analysis_id":"AN000344","analysis_summary":"ESI positive ion mode","metabolite_name":"Arg-Val","refmet_name":"Arg-Val"},"173":{"study_id":"ST000230","analysis_id":"AN000344","analysis_summary":"ESI positive ion mode","metabolite_name":"Asn","refmet_name":"Asparagine"},"174":{"study_id":"ST000230","analysis_id":"AN000344","analysis_summary":"ESI positive ion mode","metabolite_name":"Asn-Glu","refmet_name":"Asn-Glu"},"175":{"study_id":"ST000230","analysis_id":"AN000344","analysis_summary":"ESI positive ion mode","metabolite_name":"Asn-Ile\/Asn-Leu\/Ile-Asn\/Leu-Asn\/Val-Gln","refmet_name":""},"176":{"study_id":"ST000230","analysis_id":"AN000344","analysis_summary":"ESI positive ion mode","metabolite_name":"Asn-Lys\/Lys-Asn","refmet_name":""},"177":{"study_id":"ST000230","analysis_id":"AN000344","analysis_summary":"ESI positive ion mode","metabolite_name":"Asn-Ser\/Ser-Asn","refmet_name":""},"178":{"study_id":"ST000230","analysis_id":"AN000344","analysis_summary":"ESI positive ion mode","metabolite_name":"Asn-Thr\/Ser-Gln\/Thr-Asn","refmet_name":""},"179":{"study_id":"ST000230","analysis_id":"AN000344","analysis_summary":"ESI positive ion mode","metabolite_name":"Asn-Val\/Val-Asn","refmet_name":""},"180":{"study_id":"ST000230","analysis_id":"AN000344","analysis_summary":"ESI positive ion mode","metabolite_name":"Asp","refmet_name":"Aspartic acid"},"181":{"study_id":"ST000230","analysis_id":"AN000344","analysis_summary":"ESI positive ion mode","metabolite_name":"Asp-Lys","refmet_name":"Asp-Lys"},"182":{"study_id":"ST000230","analysis_id":"AN000344","analysis_summary":"ESI positive ion mode","metabolite_name":"Asp-Ser\/Ser-Asp","refmet_name":""},"183":{"study_id":"ST000230","analysis_id":"AN000344","analysis_summary":"ESI positive ion mode","metabolite_name":"Atherospermidine\/","refmet_name":"Atherospermidine"},"184":{"study_id":"ST000230","analysis_id":"AN000344","analysis_summary":"ESI positive ion mode","metabolite_name":"beta-Alanyl-L-lysine\/ gamma-L-Glutamylputrescine\/","refmet_name":""},"185":{"study_id":"ST000230","analysis_id":"AN000344","analysis_summary":"ESI positive ion mode","metabolite_name":"Betaine","refmet_name":"Betaine"},"186":{"study_id":"ST000230","analysis_id":"AN000344","analysis_summary":"ESI positive ion mode","metabolite_name":"Betaine aldehyde_+H2O","refmet_name":"Betaine"},"187":{"study_id":"ST000230","analysis_id":"AN000344","analysis_summary":"ESI positive ion mode","metabolite_name":"Betonicine","refmet_name":"Betonicine"},"188":{"study_id":"ST000230","analysis_id":"AN000344","analysis_summary":"ESI positive ion mode","metabolite_name":"?-Butyrobetaine","refmet_name":"3-Dehydroxycarnitine"},"189":{"study_id":"ST000230","analysis_id":"AN000344","analysis_summary":"ESI positive ion mode","metabolite_name":"Butyrylcarnitine\/Isobutyrylcarnitine","refmet_name":"CAR 4:0"},"190":{"study_id":"ST000230","analysis_id":"AN000344","analysis_summary":"ESI positive ion mode","metabolite_name":"Carnitine","refmet_name":"Carnitine"},"191":{"study_id":"ST000230","analysis_id":"AN000344","analysis_summary":"ESI positive ion mode","metabolite_name":"Carnosine","refmet_name":"Carnosine"},"192":{"study_id":"ST000230","analysis_id":"AN000344","analysis_summary":"ESI positive ion mode","metabolite_name":"Choline","refmet_name":"Choline"},"193":{"study_id":"ST000230","analysis_id":"AN000344","analysis_summary":"ESI positive ion mode","metabolite_name":"cis-4-Hydroxyproline","refmet_name":"cis-4-Hydroxyproline"},"194":{"study_id":"ST000230","analysis_id":"AN000344","analysis_summary":"ESI positive ion mode","metabolite_name":"Citrulline","refmet_name":"Citrulline"},"195":{"study_id":"ST000230","analysis_id":"AN000344","analysis_summary":"ESI positive ion mode","metabolite_name":"Creatine","refmet_name":"Creatine"},"196":{"study_id":"ST000230","analysis_id":"AN000344","analysis_summary":"ESI positive ion mode","metabolite_name":"Creatinine","refmet_name":"Creatinine"},"197":{"study_id":"ST000230","analysis_id":"AN000344","analysis_summary":"ESI positive ion mode","metabolite_name":"Cryptolepine\/","refmet_name":""},"198":{"study_id":"ST000230","analysis_id":"AN000344","analysis_summary":"ESI positive ion mode","metabolite_name":"Cys","refmet_name":"Cysteine"},"199":{"study_id":"ST000230","analysis_id":"AN000344","analysis_summary":"ESI positive ion mode","metabolite_name":"Cystathionine","refmet_name":"Cystathionine"},"200":{"study_id":"ST000230","analysis_id":"AN000344","analysis_summary":"ESI positive ion mode","metabolite_name":"Cysteine glutathione disulfide","refmet_name":"Cysteine-glutathione disulfide"},"201":{"study_id":"ST000230","analysis_id":"AN000344","analysis_summary":"ESI positive ion mode","metabolite_name":"Cystine","refmet_name":"Cystine"},"202":{"study_id":"ST000230","analysis_id":"AN000344","analysis_summary":"ESI positive ion mode","metabolite_name":"Cytidine","refmet_name":"Cytidine"},"203":{"study_id":"ST000230","analysis_id":"AN000344","analysis_summary":"ESI positive ion mode","metabolite_name":"Cytosine","refmet_name":"Cytosine"},"204":{"study_id":"ST000230","analysis_id":"AN000344","analysis_summary":"ESI positive ion mode","metabolite_name":"Dehydrocostus lactone\/ Eremanthin\/ Dehydromyodesmone\/ 3-(1,2,3,4-Tetrahydro-6-hydroxy-2-naphthyl)cyclopentanone\/ Curzerenone\/ Furanodienone\/ Linderenol\/ Isodehydrocostus lactone\/","refmet_name":"Dehydrocostus lactone"},"205":{"study_id":"ST000230","analysis_id":"AN000344","analysis_summary":"ESI positive ion mode","metabolite_name":"DIBOA-glucoside\/","refmet_name":""},"206":{"study_id":"ST000230","analysis_id":"AN000344","analysis_summary":"ESI positive ion mode","metabolite_name":"Dicyclohexylamine\/","refmet_name":"N,N-Dicyclohexylamine"},"207":{"study_id":"ST000230","analysis_id":"AN000344","analysis_summary":"ESI positive ion mode","metabolite_name":"Ergothioneine","refmet_name":"Ergothioneine"},"208":{"study_id":"ST000230","analysis_id":"AN000344","analysis_summary":"ESI positive ion mode","metabolite_name":"Ethanolamine","refmet_name":"Ethanolamine"},"209":{"study_id":"ST000230","analysis_id":"AN000344","analysis_summary":"ESI positive ion mode","metabolite_name":"Fagomine\/","refmet_name":"Fagomine"},"210":{"study_id":"ST000230","analysis_id":"AN000344","analysis_summary":"ESI positive ion mode","metabolite_name":"Fortimicin KL1\/","refmet_name":""},"211":{"study_id":"ST000230","analysis_id":"AN000344","analysis_summary":"ESI positive ion mode","metabolite_name":"Fructoselysine\/","refmet_name":""},"212":{"study_id":"ST000230","analysis_id":"AN000344","analysis_summary":"ESI positive ion mode","metabolite_name":"GABA","refmet_name":"gamma-Aminobutyric acid"},"213":{"study_id":"ST000230","analysis_id":"AN000344","analysis_summary":"ESI positive ion mode","metabolite_name":"Gln","refmet_name":"Glutamine"},"214":{"study_id":"ST000230","analysis_id":"AN000344","analysis_summary":"ESI positive ion mode","metabolite_name":"Gln-Thr\/Thr-Gln","refmet_name":""},"215":{"study_id":"ST000230","analysis_id":"AN000344","analysis_summary":"ESI positive ion mode","metabolite_name":"Glu","refmet_name":"Glutamic acid"},"216":{"study_id":"ST000230","analysis_id":"AN000344","analysis_summary":"ESI positive ion mode","metabolite_name":"Gluconolactone","refmet_name":"Gluconolactone"},"217":{"study_id":"ST000230","analysis_id":"AN000344","analysis_summary":"ESI positive ion mode","metabolite_name":"Glucosamine","refmet_name":"Glucosamine"},"218":{"study_id":"ST000230","analysis_id":"AN000344","analysis_summary":"ESI positive ion mode","metabolite_name":"?-Glu-Cys","refmet_name":"Glu-Cys"},"219":{"study_id":"ST000230","analysis_id":"AN000344","analysis_summary":"ESI positive ion mode","metabolite_name":"Glu-Glu","refmet_name":"Glu-Glu"},"220":{"study_id":"ST000230","analysis_id":"AN000344","analysis_summary":"ESI positive ion mode","metabolite_name":"Glu-Ile\/Glu-Leu\/Ile-Glu\/Leu-Glu","refmet_name":""},"221":{"study_id":"ST000230","analysis_id":"AN000344","analysis_summary":"ESI positive ion mode","metabolite_name":"Glu-Lys\/Lys-Glu","refmet_name":""},"222":{"study_id":"ST000230","analysis_id":"AN000344","analysis_summary":"ESI positive ion mode","metabolite_name":"Glu-Ser","refmet_name":"Glu-Ser"},"223":{"study_id":"ST000230","analysis_id":"AN000344","analysis_summary":"ESI positive ion mode","metabolite_name":"Glutathione (GSH)","refmet_name":"Glutathione"},"224":{"study_id":"ST000230","analysis_id":"AN000344","analysis_summary":"ESI positive ion mode","metabolite_name":"Glutathione (GSSG)_divalent","refmet_name":"Oxidized glutathione"},"225":{"study_id":"ST000230","analysis_id":"AN000344","analysis_summary":"ESI positive ion mode","metabolite_name":"Glu-Tyr\/Tyr-Glu","refmet_name":""},"226":{"study_id":"ST000230","analysis_id":"AN000344","analysis_summary":"ESI positive ion mode","metabolite_name":"Gly","refmet_name":"Glycine"},"227":{"study_id":"ST000230","analysis_id":"AN000344","analysis_summary":"ESI positive ion mode","metabolite_name":"Gly-Asn","refmet_name":"Gly-Asn"},"228":{"study_id":"ST000230","analysis_id":"AN000344","analysis_summary":"ESI positive ion mode","metabolite_name":"Glycerophosphocholine","refmet_name":"sn-Glycero-3-phosphocholine"},"229":{"study_id":"ST000230","analysis_id":"AN000344","analysis_summary":"ESI positive ion mode","metabolite_name":"Gly-Gly","refmet_name":"Gly-Gly"},"230":{"study_id":"ST000230","analysis_id":"AN000344","analysis_summary":"ESI positive ion mode","metabolite_name":"Gly-His\/His-Gly","refmet_name":""},"231":{"study_id":"ST000230","analysis_id":"AN000344","analysis_summary":"ESI positive ion mode","metabolite_name":"Gly-Ile\/Gly-Leu","refmet_name":""},"232":{"study_id":"ST000230","analysis_id":"AN000344","analysis_summary":"ESI positive ion mode","metabolite_name":"Gly-Lys\/Lys-Gly","refmet_name":""},"233":{"study_id":"ST000230","analysis_id":"AN000344","analysis_summary":"ESI positive ion mode","metabolite_name":"Gly-Met\/Met-Gly","refmet_name":""},"234":{"study_id":"ST000230","analysis_id":"AN000344","analysis_summary":"ESI positive ion mode","metabolite_name":"Gly-Thr\/Ser-Ala","refmet_name":""},"235":{"study_id":"ST000230","analysis_id":"AN000344","analysis_summary":"ESI positive ion mode","metabolite_name":"Gly-Val","refmet_name":"Gly-Val"},"236":{"study_id":"ST000230","analysis_id":"AN000344","analysis_summary":"ESI positive ion mode","metabolite_name":"Guanidinosuccinic acid","refmet_name":"Guanidinosuccinic acid"},"237":{"study_id":"ST000230","analysis_id":"AN000344","analysis_summary":"ESI positive ion mode","metabolite_name":"Guanidoacetic acid","refmet_name":"Guanidoacetic acid"},"238":{"study_id":"ST000230","analysis_id":"AN000344","analysis_summary":"ESI positive ion mode","metabolite_name":"Guanine","refmet_name":"Guanine"},"239":{"study_id":"ST000230","analysis_id":"AN000344","analysis_summary":"ESI positive ion mode","metabolite_name":"Guanosine","refmet_name":"Guanosine"},"240":{"study_id":"ST000230","analysis_id":"AN000344","analysis_summary":"ESI positive ion mode","metabolite_name":"His","refmet_name":"Histidine"},"241":{"study_id":"ST000230","analysis_id":"AN000344","analysis_summary":"ESI positive ion mode","metabolite_name":"Histamine","refmet_name":"Histamine"},"242":{"study_id":"ST000230","analysis_id":"AN000344","analysis_summary":"ESI positive ion mode","metabolite_name":"His-Thr\/Thr-His","refmet_name":""},"243":{"study_id":"ST000230","analysis_id":"AN000344","analysis_summary":"ESI positive ion mode","metabolite_name":"Homoserine","refmet_name":"Homoserine"},"244":{"study_id":"ST000230","analysis_id":"AN000344","analysis_summary":"ESI positive ion mode","metabolite_name":"Homoserinelactone","refmet_name":"Homoserine lactone"},"245":{"study_id":"ST000230","analysis_id":"AN000344","analysis_summary":"ESI positive ion mode","metabolite_name":"Homospermidine\/ Aminopropylcadaverine\/","refmet_name":""},"246":{"study_id":"ST000230","analysis_id":"AN000344","analysis_summary":"ESI positive ion mode","metabolite_name":"Hordenine","refmet_name":"Hordenine"},"247":{"study_id":"ST000230","analysis_id":"AN000344","analysis_summary":"ESI positive ion mode","metabolite_name":"Hydroxyproline","refmet_name":"cis-3-Hydroxyproline"},"248":{"study_id":"ST000230","analysis_id":"AN000344","analysis_summary":"ESI positive ion mode","metabolite_name":"Hypotaurine","refmet_name":"Hypotaurine"},"249":{"study_id":"ST000230","analysis_id":"AN000344","analysis_summary":"ESI positive ion mode","metabolite_name":"Hypoxanthine","refmet_name":"Hypoxanthine"},"250":{"study_id":"ST000230","analysis_id":"AN000344","analysis_summary":"ESI positive ion mode","metabolite_name":"Ile","refmet_name":"Isoleucine"},"251":{"study_id":"ST000230","analysis_id":"AN000344","analysis_summary":"ESI positive ion mode","metabolite_name":"Ile-Ala\/Leu-Ala","refmet_name":""},"252":{"study_id":"ST000230","analysis_id":"AN000344","analysis_summary":"ESI positive ion mode","metabolite_name":"Ile-Arg_divalent","refmet_name":"Ile-Arg"},"253":{"study_id":"ST000230","analysis_id":"AN000344","analysis_summary":"ESI positive ion mode","metabolite_name":"Ile-Asp\/Leu-Asp","refmet_name":""},"254":{"study_id":"ST000230","analysis_id":"AN000344","analysis_summary":"ESI positive ion mode","metabolite_name":"Ile-Gln\/Leu-Gln","refmet_name":""},"255":{"study_id":"ST000230","analysis_id":"AN000344","analysis_summary":"ESI positive ion mode","metabolite_name":"Ile-Lys\/Lys-Ile\/Lys-Leu\/Leu-Lys","refmet_name":""},"256":{"study_id":"ST000230","analysis_id":"AN000344","analysis_summary":"ESI positive ion mode","metabolite_name":"Ile-Ser\/Ser-Ile\/Ser-Leu\/Thr-Val\/Val-Thr","refmet_name":""},"257":{"study_id":"ST000230","analysis_id":"AN000344","analysis_summary":"ESI positive ion mode","metabolite_name":"Ile-Thr\/Thr-Ile\/Thr-Leu","refmet_name":""},"258":{"study_id":"ST000230","analysis_id":"AN000344","analysis_summary":"ESI positive ion mode","metabolite_name":"Ile-Val","refmet_name":"Ile-Val"},"259":{"study_id":"ST000230","analysis_id":"AN000344","analysis_summary":"ESI positive ion mode","metabolite_name":"Imidazolelactic acid","refmet_name":"Imidazolelactic acid"},"260":{"study_id":"ST000230","analysis_id":"AN000344","analysis_summary":"ESI positive ion mode","metabolite_name":"Inosine","refmet_name":"Inosine"},"261":{"study_id":"ST000230","analysis_id":"AN000344","analysis_summary":"ESI positive ion mode","metabolite_name":"Isopropylamine\/","refmet_name":"Isopropylamine"},"262":{"study_id":"ST000230","analysis_id":"AN000344","analysis_summary":"ESI positive ion mode","metabolite_name":"Isovalerylcarnitine","refmet_name":"CAR 4:0;3Me"},"263":{"study_id":"ST000230","analysis_id":"AN000344","analysis_summary":"ESI positive ion mode","metabolite_name":"Kynurenine","refmet_name":"Kynurenine"},"264":{"study_id":"ST000230","analysis_id":"AN000344","analysis_summary":"ESI positive ion mode","metabolite_name":"Leu","refmet_name":"Leucine"},"265":{"study_id":"ST000230","analysis_id":"AN000344","analysis_summary":"ESI positive ion mode","metabolite_name":"Leu-His","refmet_name":"Leu-His"},"266":{"study_id":"ST000230","analysis_id":"AN000344","analysis_summary":"ESI positive ion mode","metabolite_name":"Leu-Ile\/Leu-Leu","refmet_name":""},"267":{"study_id":"ST000230","analysis_id":"AN000344","analysis_summary":"ESI positive ion mode","metabolite_name":"Leu-Phe","refmet_name":"Leu-Phe"},"268":{"study_id":"ST000230","analysis_id":"AN000344","analysis_summary":"ESI positive ion mode","metabolite_name":"Lidocaine","refmet_name":"Lidocaine"},"269":{"study_id":"ST000230","analysis_id":"AN000344","analysis_summary":"ESI positive ion mode","metabolite_name":"L-Norleucine\/ 6-Aminohexanoate\/ -beta-Leucine\/ beta-Alaninebetaine\/ N,N-Diethylglycine\/","refmet_name":""},"270":{"study_id":"ST000230","analysis_id":"AN000344","analysis_summary":"ESI positive ion mode","metabolite_name":"Lys","refmet_name":"Lysine"},"271":{"study_id":"ST000230","analysis_id":"AN000344","analysis_summary":"ESI positive ion mode","metabolite_name":"Lys-Ala","refmet_name":"Lys-Ala"},"272":{"study_id":"ST000230","analysis_id":"AN000344","analysis_summary":"ESI positive ion mode","metabolite_name":"Lys-Gln","refmet_name":"Lys-Gln"},"273":{"study_id":"ST000230","analysis_id":"AN000344","analysis_summary":"ESI positive ion mode","metabolite_name":"Lys-Phe\/Phe-Lys","refmet_name":""},"274":{"study_id":"ST000230","analysis_id":"AN000344","analysis_summary":"ESI positive ion mode","metabolite_name":"Lys-Ser\/Ser-Lys","refmet_name":""},"275":{"study_id":"ST000230","analysis_id":"AN000344","analysis_summary":"ESI positive ion mode","metabolite_name":"Lys-Tyr\/Tyr-Lys","refmet_name":""},"276":{"study_id":"ST000230","analysis_id":"AN000344","analysis_summary":"ESI positive ion mode","metabolite_name":"Lys-Val","refmet_name":"Lys-Val"},"277":{"study_id":"ST000230","analysis_id":"AN000344","analysis_summary":"ESI positive ion mode","metabolite_name":"Maculosin\/","refmet_name":"Maculosin"},"278":{"study_id":"ST000230","analysis_id":"AN000344","analysis_summary":"ESI positive ion mode","metabolite_name":"Malonylcarnitine","refmet_name":"CAR DC3:0"},"279":{"study_id":"ST000230","analysis_id":"AN000344","analysis_summary":"ESI positive ion mode","metabolite_name":"Melicopine\/","refmet_name":"Melicopine"},"280":{"study_id":"ST000230","analysis_id":"AN000344","analysis_summary":"ESI positive ion mode","metabolite_name":"Met","refmet_name":"Methionine"},"281":{"study_id":"ST000230","analysis_id":"AN000344","analysis_summary":"ESI positive ion mode","metabolite_name":"Met-Gln","refmet_name":"Met-Gln"},"282":{"study_id":"ST000230","analysis_id":"AN000344","analysis_summary":"ESI positive ion mode","metabolite_name":"Methaphenilene\/","refmet_name":"Methaphenilene"},"283":{"study_id":"ST000230","analysis_id":"AN000344","analysis_summary":"ESI positive ion mode","metabolite_name":"Methionine sulfoxide","refmet_name":"Methionine sulfoxide"},"284":{"study_id":"ST000230","analysis_id":"AN000344","analysis_summary":"ESI positive ion mode","metabolite_name":"Methyldopa anhydrous\/ Enicoflavine\/","refmet_name":""},"285":{"study_id":"ST000230","analysis_id":"AN000344","analysis_summary":"ESI positive ion mode","metabolite_name":"Metronidazole","refmet_name":"Metronidazole"},"286":{"study_id":"ST000230","analysis_id":"AN000344","analysis_summary":"ESI positive ion mode","metabolite_name":"Met-Thr","refmet_name":"Met-Thr"},"287":{"study_id":"ST000230","analysis_id":"AN000344","analysis_summary":"ESI positive ion mode","metabolite_name":"N1-Methyl-4-pyridone-5-carboxamide","refmet_name":"N1-Methyl-4-pyridone-3-carboxamide"},"288":{"study_id":"ST000230","analysis_id":"AN000344","analysis_summary":"ESI positive ion mode","metabolite_name":"N5-Ethylglutamine","refmet_name":"N(5)-Ethyl-glutamine"},"289":{"study_id":"ST000230","analysis_id":"AN000344","analysis_summary":"ESI positive ion mode","metabolite_name":"N6-Acetyllysine","refmet_name":"N6-Acetyllysine"},"290":{"study_id":"ST000230","analysis_id":"AN000344","analysis_summary":"ESI positive ion mode","metabolite_name":"N6-Methyllysine","refmet_name":"N(6)-Methyllysine"},"291":{"study_id":"ST000230","analysis_id":"AN000344","analysis_summary":"ESI positive ion mode","metabolite_name":"N8-Acetylspermidine","refmet_name":"N8-Acetylspermidine"},"292":{"study_id":"ST000230","analysis_id":"AN000344","analysis_summary":"ESI positive ion mode","metabolite_name":"N-Acetyl-D-fucosamine\/ N-Acetyl-D-quinovosamine\/","refmet_name":""},"293":{"study_id":"ST000230","analysis_id":"AN000344","analysis_summary":"ESI positive ion mode","metabolite_name":"N-Acetylgalactosamine","refmet_name":"N-Acetyl-D-galactosamine"},"294":{"study_id":"ST000230","analysis_id":"AN000344","analysis_summary":"ESI positive ion mode","metabolite_name":"N-Acetylhistidine","refmet_name":"N-Acetylhistidine"},"295":{"study_id":"ST000230","analysis_id":"AN000344","analysis_summary":"ESI positive ion mode","metabolite_name":"N-Acetyl-L-citrulline\/","refmet_name":"N-Acetylcitrulline"},"296":{"study_id":"ST000230","analysis_id":"AN000344","analysis_summary":"ESI positive ion mode","metabolite_name":"Nagilactone C\/ Vernolide\/ Gibberellin A8-catabolite\/","refmet_name":"N-Acetylcitrulline"},"297":{"study_id":"ST000230","analysis_id":"AN000344","analysis_summary":"ESI positive ion mode","metabolite_name":"N-Ethylglycine","refmet_name":"N-Ethylglycine"},"298":{"study_id":"ST000230","analysis_id":"AN000344","analysis_summary":"ESI positive ion mode","metabolite_name":"Neuraminic acid\/ Miserotoxin\/","refmet_name":"Nagilactone C"},"299":{"study_id":"ST000230","analysis_id":"AN000344","analysis_summary":"ESI positive ion mode","metabolite_name":"Nicotinamide","refmet_name":"Niacinamide"},"300":{"study_id":"ST000230","analysis_id":"AN000344","analysis_summary":"ESI positive ion mode","metabolite_name":"N-Methylethanolamine phosphate\/ D-1-Aminopropan-2-ol O-phosphate\/ L-1-Aminopropan-2-ol O-phosphate\/","refmet_name":"N-Methylethanolamine phosphate"},"301":{"study_id":"ST000230","analysis_id":"AN000344","analysis_summary":"ESI positive ion mode","metabolite_name":"NMN","refmet_name":"Nicotinamide ribotide"},"302":{"study_id":"ST000230","analysis_id":"AN000344","analysis_summary":"ESI positive ion mode","metabolite_name":"N,N-Dimethylglycine","refmet_name":"Dimethylglycine"},"303":{"study_id":"ST000230","analysis_id":"AN000344","analysis_summary":"ESI positive ion mode","metabolite_name":"Noradrenaline","refmet_name":"Xi-Norepinephrine"},"304":{"study_id":"ST000230","analysis_id":"AN000344","analysis_summary":"ESI positive ion mode","metabolite_name":"Norfloxacin\/","refmet_name":"Norfloxacin"},"305":{"study_id":"ST000230","analysis_id":"AN000344","analysis_summary":"ESI positive ion mode","metabolite_name":"O-Acetylcarnitine","refmet_name":"CAR 2:0"},"306":{"study_id":"ST000230","analysis_id":"AN000344","analysis_summary":"ESI positive ion mode","metabolite_name":"Octanoylcarnitine","refmet_name":"CAR 8:0"},"307":{"study_id":"ST000230","analysis_id":"AN000344","analysis_summary":"ESI positive ion mode","metabolite_name":"Ophthalmic acid","refmet_name":"Ophthalmic acid"},"308":{"study_id":"ST000230","analysis_id":"AN000344","analysis_summary":"ESI positive ion mode","metabolite_name":"Ornithine","refmet_name":"Ornithine"},"309":{"study_id":"ST000230","analysis_id":"AN000344","analysis_summary":"ESI positive ion mode","metabolite_name":"Oxotremorine\/ Isoproturon\/ Monoethylglycinexylidide\/","refmet_name":"Norfloxacin"},"310":{"study_id":"ST000230","analysis_id":"AN000344","analysis_summary":"ESI positive ion mode","metabolite_name":"Pantetheine 4'-phosphate\/","refmet_name":"Pantetheine 4'-phosphate"},"311":{"study_id":"ST000230","analysis_id":"AN000344","analysis_summary":"ESI positive ion mode","metabolite_name":"Phe","refmet_name":"Phenylalanine"},"312":{"study_id":"ST000230","analysis_id":"AN000344","analysis_summary":"ESI positive ion mode","metabolite_name":"Phe-Arg_divalent","refmet_name":"Phe-Arg"},"313":{"study_id":"ST000230","analysis_id":"AN000344","analysis_summary":"ESI positive ion mode","metabolite_name":"Phe-Asn","refmet_name":"Phe-Asn"},"314":{"study_id":"ST000230","analysis_id":"AN000344","analysis_summary":"ESI positive ion mode","metabolite_name":"Phe-Gln","refmet_name":"Phe-Gln"},"315":{"study_id":"ST000230","analysis_id":"AN000344","analysis_summary":"ESI positive ion mode","metabolite_name":"Phe-Thr","refmet_name":"Phe-Thr"},"316":{"study_id":"ST000230","analysis_id":"AN000344","analysis_summary":"ESI positive ion mode","metabolite_name":"Phe-Val","refmet_name":"Phe-Val"},"317":{"study_id":"ST000230","analysis_id":"AN000344","analysis_summary":"ESI positive ion mode","metabolite_name":"Phosphorylcholine","refmet_name":"Choline phosphate"},"318":{"study_id":"ST000230","analysis_id":"AN000344","analysis_summary":"ESI positive ion mode","metabolite_name":"Pipecolic acid","refmet_name":"Pipecolic acid"},"319":{"study_id":"ST000230","analysis_id":"AN000344","analysis_summary":"ESI positive ion mode","metabolite_name":"Prenyl-L-cysteine\/","refmet_name":""},"320":{"study_id":"ST000230","analysis_id":"AN000344","analysis_summary":"ESI positive ion mode","metabolite_name":"Pro","refmet_name":"Proline"},"321":{"study_id":"ST000230","analysis_id":"AN000344","analysis_summary":"ESI positive ion mode","metabolite_name":"Pro-Ala","refmet_name":"Pro-Ala"},"322":{"study_id":"ST000230","analysis_id":"AN000344","analysis_summary":"ESI positive ion mode","metabolite_name":"Pro-Arg_divalent","refmet_name":"Pro-Arg"},"323":{"study_id":"ST000230","analysis_id":"AN000344","analysis_summary":"ESI positive ion mode","metabolite_name":"Pro-Ser","refmet_name":"Pro-Ser"},"324":{"study_id":"ST000230","analysis_id":"AN000344","analysis_summary":"ESI positive ion mode","metabolite_name":"Pro-Val","refmet_name":"Pro-Val"},"325":{"study_id":"ST000230","analysis_id":"AN000344","analysis_summary":"ESI positive ion mode","metabolite_name":"Putrescine","refmet_name":"Putrescine"},"326":{"study_id":"ST000230","analysis_id":"AN000344","analysis_summary":"ESI positive ion mode","metabolite_name":"Pyridoxamine 5'-phosphate","refmet_name":"Pyridoxamine 5'-phosphate"},"327":{"study_id":"ST000230","analysis_id":"AN000344","analysis_summary":"ESI positive ion mode","metabolite_name":"(R)-1-Aminopropan-2-ol\/ 1-Aminopropan-2-ol\/","refmet_name":""},"328":{"study_id":"ST000230","analysis_id":"AN000344","analysis_summary":"ESI positive ion mode","metabolite_name":"Ranitidine","refmet_name":"Ranitidine"},"329":{"study_id":"ST000230","analysis_id":"AN000344","analysis_summary":"ESI positive ion mode","metabolite_name":"RU-0211\/ 6alpha-Fluoro-17-hydroxypregn-4-ene-3,20-dione acetate\/","refmet_name":""},"330":{"study_id":"ST000230","analysis_id":"AN000344","analysis_summary":"ESI positive ion mode","metabolite_name":"Saccharopine","refmet_name":"Saccharopine"},"331":{"study_id":"ST000230","analysis_id":"AN000344","analysis_summary":"ESI positive ion mode","metabolite_name":"S-Adenosylhomocysteine","refmet_name":"S-Adenosylhomocysteine"},"332":{"study_id":"ST000230","analysis_id":"AN000344","analysis_summary":"ESI positive ion mode","metabolite_name":"S-Adenosylmethionine","refmet_name":"S-Adenosylmethionine"},"333":{"study_id":"ST000230","analysis_id":"AN000344","analysis_summary":"ESI positive ion mode","metabolite_name":"S-Allyl-L-cysteine\/","refmet_name":""},"334":{"study_id":"ST000230","analysis_id":"AN000344","analysis_summary":"ESI positive ion mode","metabolite_name":"Sarcosine","refmet_name":"Sarcosine"},"335":{"study_id":"ST000230","analysis_id":"AN000344","analysis_summary":"ESI positive ion mode","metabolite_name":"SDMA","refmet_name":"Symmetric dimethylarginine"},"336":{"study_id":"ST000230","analysis_id":"AN000344","analysis_summary":"ESI positive ion mode","metabolite_name":"Ser","refmet_name":"Serine"},"337":{"study_id":"ST000230","analysis_id":"AN000344","analysis_summary":"ESI positive ion mode","metabolite_name":"Ser-Gly\/Gly-Ser","refmet_name":""},"338":{"study_id":"ST000230","analysis_id":"AN000344","analysis_summary":"ESI positive ion mode","metabolite_name":"Ser-His","refmet_name":"Ser-His"},"339":{"study_id":"ST000230","analysis_id":"AN000344","analysis_summary":"ESI positive ion mode","metabolite_name":"Ser-Ser","refmet_name":"Ser-Ser"},"340":{"study_id":"ST000230","analysis_id":"AN000344","analysis_summary":"ESI positive ion mode","metabolite_name":"Ser-Thr","refmet_name":"Ser-Thr"},"341":{"study_id":"ST000230","analysis_id":"AN000344","analysis_summary":"ESI positive ion mode","metabolite_name":"S-Methylglutathione","refmet_name":"S-Methylglutathione"},"342":{"study_id":"ST000230","analysis_id":"AN000344","analysis_summary":"ESI positive ion mode","metabolite_name":"Spermidine","refmet_name":"Spermidine"},"343":{"study_id":"ST000230","analysis_id":"AN000344","analysis_summary":"ESI positive ion mode","metabolite_name":"Spermine","refmet_name":"Spermine"},"344":{"study_id":"ST000230","analysis_id":"AN000344","analysis_summary":"ESI positive ion mode","metabolite_name":"\u00df-Ala","refmet_name":"beta-Alanine"},"345":{"study_id":"ST000230","analysis_id":"AN000344","analysis_summary":"ESI positive ion mode","metabolite_name":"Stachydrine","refmet_name":"Stachydrine"},"346":{"study_id":"ST000230","analysis_id":"AN000344","analysis_summary":"ESI positive ion mode","metabolite_name":"Taurine","refmet_name":"Taurine"},"347":{"study_id":"ST000230","analysis_id":"AN000344","analysis_summary":"ESI positive ion mode","metabolite_name":"Thiamine","refmet_name":"Thiamine"},"348":{"study_id":"ST000230","analysis_id":"AN000344","analysis_summary":"ESI positive ion mode","metabolite_name":"Thiaproline","refmet_name":""},"349":{"study_id":"ST000230","analysis_id":"AN000344","analysis_summary":"ESI positive ion mode","metabolite_name":"Thiomorpholine 3-carboxylate\/","refmet_name":"Thiomorpholine-3-carboxylic acid"},"350":{"study_id":"ST000230","analysis_id":"AN000344","analysis_summary":"ESI positive ion mode","metabolite_name":"Thr","refmet_name":"Threonine"},"351":{"study_id":"ST000230","analysis_id":"AN000344","analysis_summary":"ESI positive ion mode","metabolite_name":"Thr-Asp\/Asp-Thr\/Ser-Glu","refmet_name":""},"352":{"study_id":"ST000230","analysis_id":"AN000344","analysis_summary":"ESI positive ion mode","metabolite_name":"Thr-Glu","refmet_name":"Thr-Glu"},"353":{"study_id":"ST000230","analysis_id":"AN000344","analysis_summary":"ESI positive ion mode","metabolite_name":"Thr-Lys","refmet_name":"Thr-Lys"},"354":{"study_id":"ST000230","analysis_id":"AN000344","analysis_summary":"ESI positive ion mode","metabolite_name":"Thr-Thr","refmet_name":"Thr-Thr"},"355":{"study_id":"ST000230","analysis_id":"AN000344","analysis_summary":"ESI positive ion mode","metabolite_name":"Thr-Tyr\/Tyr-Thr","refmet_name":""},"356":{"study_id":"ST000230","analysis_id":"AN000344","analysis_summary":"ESI positive ion mode","metabolite_name":"Thymine","refmet_name":"Thymine"},"357":{"study_id":"ST000230","analysis_id":"AN000344","analysis_summary":"ESI positive ion mode","metabolite_name":"trans-Glutaconic acid","refmet_name":"Glutaconic acid"},"358":{"study_id":"ST000230","analysis_id":"AN000344","analysis_summary":"ESI positive ion mode","metabolite_name":"Trigonelline","refmet_name":"Trigonelline"},"359":{"study_id":"ST000230","analysis_id":"AN000344","analysis_summary":"ESI positive ion mode","metabolite_name":"Trimethylamine","refmet_name":"Trimethylamine"},"360":{"study_id":"ST000230","analysis_id":"AN000344","analysis_summary":"ESI positive ion mode","metabolite_name":"Trimethylamine N-oxide","refmet_name":"Trimethylamine N-oxide"},"361":{"study_id":"ST000230","analysis_id":"AN000344","analysis_summary":"ESI positive ion mode","metabolite_name":"Trp","refmet_name":"Tryptophan"},"362":{"study_id":"ST000230","analysis_id":"AN000344","analysis_summary":"ESI positive ion mode","metabolite_name":"Tyr","refmet_name":"Tyrosine"},"363":{"study_id":"ST000230","analysis_id":"AN000344","analysis_summary":"ESI positive ion mode","metabolite_name":"Tyramine","refmet_name":"Tyramine"},"364":{"study_id":"ST000230","analysis_id":"AN000344","analysis_summary":"ESI positive ion mode","metabolite_name":"Tyr-Arg_divalent","refmet_name":"Tyr-Arg"},"365":{"study_id":"ST000230","analysis_id":"AN000344","analysis_summary":"ESI positive ion mode","metabolite_name":"Tyr-Gln","refmet_name":"Tyr-Gln"},"366":{"study_id":"ST000230","analysis_id":"AN000344","analysis_summary":"ESI positive ion mode","metabolite_name":"Tyr-Gly","refmet_name":"Tyr-Gly"},"367":{"study_id":"ST000230","analysis_id":"AN000344","analysis_summary":"ESI positive ion mode","metabolite_name":"Tyr-His","refmet_name":"Tyr-His"},"368":{"study_id":"ST000230","analysis_id":"AN000344","analysis_summary":"ESI positive ion mode","metabolite_name":"Uracil","refmet_name":"Uracil"},"369":{"study_id":"ST000230","analysis_id":"AN000344","analysis_summary":"ESI positive ion mode","metabolite_name":"Urea","refmet_name":"Urea"},"370":{"study_id":"ST000230","analysis_id":"AN000344","analysis_summary":"ESI positive ion mode","metabolite_name":"Urethane\/ 2-Nitropropane\/ HMMF\/","refmet_name":"Thiomorpholine-3-carboxylic acid"},"371":{"study_id":"ST000230","analysis_id":"AN000344","analysis_summary":"ESI positive ion mode","metabolite_name":"Uridine","refmet_name":"Uridine"},"372":{"study_id":"ST000230","analysis_id":"AN000344","analysis_summary":"ESI positive ion mode","metabolite_name":"Urocanic acid","refmet_name":"Urocanic acid"},"373":{"study_id":"ST000230","analysis_id":"AN000344","analysis_summary":"ESI positive ion mode","metabolite_name":"Val","refmet_name":"Valine"},"374":{"study_id":"ST000230","analysis_id":"AN000344","analysis_summary":"ESI positive ion mode","metabolite_name":"Val-Arg_divalent","refmet_name":"Val-Arg"},"375":{"study_id":"ST000230","analysis_id":"AN000344","analysis_summary":"ESI positive ion mode","metabolite_name":"Val-Asp","refmet_name":"Val-Asp"},"376":{"study_id":"ST000230","analysis_id":"AN000344","analysis_summary":"ESI positive ion mode","metabolite_name":"Val-Glu","refmet_name":"Val-Glu"},"377":{"study_id":"ST000230","analysis_id":"AN000344","analysis_summary":"ESI positive ion mode","metabolite_name":"Val-Gly\/N-Acetylornithine","refmet_name":""},"378":{"study_id":"ST000230","analysis_id":"AN000344","analysis_summary":"ESI positive ion mode","metabolite_name":"Val-His","refmet_name":"Val-His"},"379":{"study_id":"ST000230","analysis_id":"AN000344","analysis_summary":"ESI positive ion mode","metabolite_name":"Val-Lys","refmet_name":"Val-Lys"},"380":{"study_id":"ST000230","analysis_id":"AN000344","analysis_summary":"ESI positive ion mode","metabolite_name":"Vulgaxanthin-II\/ Psorospermin\/ S-[2-(N7-Guanyl)ethyl]-N-acetyl-L-cysteine\/ Methylophiopogonone A\/","refmet_name":""}}