{"1":{"study_id":"ST000702","analysis_id":"AN001091","analysis_summary":"Reversed phase NEGATIVE ION MODE","metabolite_name":"18:0 LYSO-PE (M-H)-","refmet_name":"LPE 18:0"},"2":{"study_id":"ST000702","analysis_id":"AN001091","analysis_summary":"Reversed phase NEGATIVE ION MODE","metabolite_name":"1-OLEOYL-RAC-GLYCEROL (M+HCOO)-","refmet_name":"MG 18:1"},"3":{"study_id":"ST000702","analysis_id":"AN001091","analysis_summary":"Reversed phase NEGATIVE ION MODE","metabolite_name":"2-DEOXY-D-GLUCOSE (M+CL)-","refmet_name":"2-Deoxy-glucose"},"4":{"study_id":"ST000702","analysis_id":"AN001091","analysis_summary":"Reversed phase NEGATIVE ION MODE","metabolite_name":"2-HYDROXY-3-METHYLBUTYRIC ACID (M-H)-","refmet_name":"2-Hydroxy-3-methylbutyric acid"},"5":{"study_id":"ST000702","analysis_id":"AN001091","analysis_summary":"Reversed phase NEGATIVE ION MODE","metabolite_name":"3-(4-HYDROXYPHENYL)LACTATE (M-H)-","refmet_name":"Hydroxyphenyllactic acid"},"6":{"study_id":"ST000702","analysis_id":"AN001091","analysis_summary":"Reversed phase NEGATIVE ION MODE","metabolite_name":"3-HYDROXYBENZOATE (M-H)-","refmet_name":"3-Hydroxybenzoic acid"},"7":{"study_id":"ST000702","analysis_id":"AN001091","analysis_summary":"Reversed phase NEGATIVE ION MODE","metabolite_name":"4-HYDROXYBENZOATE (M-H)-","refmet_name":"4-Hydroxybenzoic acid"},"8":{"study_id":"ST000702","analysis_id":"AN001091","analysis_summary":"Reversed phase NEGATIVE ION MODE","metabolite_name":"4-METHYL-2-OXOPENTANOATE (M-H)-","refmet_name":"Ketoleucine"},"9":{"study_id":"ST000702","analysis_id":"AN001091","analysis_summary":"Reversed phase NEGATIVE ION MODE","metabolite_name":"5-AMINOPENTANOATE (M-H)-","refmet_name":"5-Aminopentanoic acid"},"10":{"study_id":"ST000702","analysis_id":"AN001091","analysis_summary":"Reversed phase NEGATIVE ION MODE","metabolite_name":"ADENOSINE (M+HCOO)-","refmet_name":"Adenosine"},"11":{"study_id":"ST000702","analysis_id":"AN001091","analysis_summary":"Reversed phase NEGATIVE ION MODE","metabolite_name":"ADPGLUCOSE (M-H)-","refmet_name":"ADP-glucose"},"12":{"study_id":"ST000702","analysis_id":"AN001091","analysis_summary":"Reversed phase NEGATIVE ION MODE","metabolite_name":"ADP-RIBOSE (M-H)-","refmet_name":"ADP-ribose"},"13":{"study_id":"ST000702","analysis_id":"AN001091","analysis_summary":"Reversed phase NEGATIVE ION MODE","metabolite_name":"ASPARTATE (M-H)-","refmet_name":"Aspartic acid"},"14":{"study_id":"ST000702","analysis_id":"AN001091","analysis_summary":"Reversed phase NEGATIVE ION MODE","metabolite_name":"BEHENIC ACID (M-H)-","refmet_name":"Behenic acid"},"15":{"study_id":"ST000702","analysis_id":"AN001091","analysis_summary":"Reversed phase NEGATIVE ION MODE","metabolite_name":"CIS-VACCENIC ACID (M-H)-","refmet_name":"cis-Vaccenic acid"},"16":{"study_id":"ST000702","analysis_id":"AN001091","analysis_summary":"Reversed phase NEGATIVE ION MODE","metabolite_name":"CORTISOL (M+CL)-","refmet_name":"Cortisol"},"17":{"study_id":"ST000702","analysis_id":"AN001091","analysis_summary":"Reversed phase NEGATIVE ION MODE","metabolite_name":"DEOXYURIDINE (M+HCOO)-","refmet_name":"Deoxyuridine"},"18":{"study_id":"ST000702","analysis_id":"AN001091","analysis_summary":"Reversed phase NEGATIVE ION MODE","metabolite_name":"D-GLUCOSE 6-PHOSPHATE (M-H)-","refmet_name":"Glucose 6-phosphate"},"19":{"study_id":"ST000702","analysis_id":"AN001091","analysis_summary":"Reversed phase NEGATIVE ION MODE","metabolite_name":"DOCOSAHEXAENOIC ACID (M-H)-","refmet_name":"Docosahexaenoic acid"},"20":{"study_id":"ST000702","analysis_id":"AN001091","analysis_summary":"Reversed phase NEGATIVE ION MODE","metabolite_name":"EDTA (M-H)-","refmet_name":"Edetic acid"},"21":{"study_id":"ST000702","analysis_id":"AN001091","analysis_summary":"Reversed phase NEGATIVE ION MODE","metabolite_name":"ERUCIC ACID (M-H)-","refmet_name":"cis-Erucic acid"},"22":{"study_id":"ST000702","analysis_id":"AN001091","analysis_summary":"Reversed phase NEGATIVE ION MODE","metabolite_name":"FLAVIN ADENINE DINUCLEOTIDE (M-H)-","refmet_name":"FAD"},"23":{"study_id":"ST000702","analysis_id":"AN001091","analysis_summary":"Reversed phase NEGATIVE ION MODE","metabolite_name":"FUMARATE (M-H)-","refmet_name":"Fumaric acid"},"24":{"study_id":"ST000702","analysis_id":"AN001091","analysis_summary":"Reversed phase NEGATIVE ION MODE","metabolite_name":"GDPMANNOSE (M-H)-","refmet_name":"GDP-mannose"},"25":{"study_id":"ST000702","analysis_id":"AN001091","analysis_summary":"Reversed phase NEGATIVE ION MODE","metabolite_name":"GIBBERELLIC ACID [ISTD] (M+CL)-","refmet_name":"Gibberellin A3"},"26":{"study_id":"ST000702","analysis_id":"AN001091","analysis_summary":"Reversed phase NEGATIVE ION MODE","metabolite_name":"GIBBERELLIC ACID [ISTD] (M-H)-","refmet_name":"Gibberellin A3"},"27":{"study_id":"ST000702","analysis_id":"AN001091","analysis_summary":"Reversed phase NEGATIVE ION MODE","metabolite_name":"GLUCOSE (M+CL)-","refmet_name":"Glucose"},"28":{"study_id":"ST000702","analysis_id":"AN001091","analysis_summary":"Reversed phase NEGATIVE ION MODE","metabolite_name":"GLUCURONIC ACID (M-H)-","refmet_name":"Glucuronic acid"},"29":{"study_id":"ST000702","analysis_id":"AN001091","analysis_summary":"Reversed phase NEGATIVE ION MODE","metabolite_name":"GLUTAMATE (M-H)-","refmet_name":"Glutamic acid"},"30":{"study_id":"ST000702","analysis_id":"AN001091","analysis_summary":"Reversed phase NEGATIVE ION MODE","metabolite_name":"GLUTARATE (M-H)-","refmet_name":"Glutaric acid"},"31":{"study_id":"ST000702","analysis_id":"AN001091","analysis_summary":"Reversed phase NEGATIVE ION MODE","metabolite_name":"GLUTATHIONE (OXIDIZED) (M-H)-","refmet_name":"Glutathione"},"32":{"study_id":"ST000702","analysis_id":"AN001091","analysis_summary":"Reversed phase NEGATIVE ION MODE","metabolite_name":"GLYCEROL 2-PHOSPHATE (M-H)-","refmet_name":"sn-Glycero-2-phosphate"},"33":{"study_id":"ST000702","analysis_id":"AN001091","analysis_summary":"Reversed phase NEGATIVE ION MODE","metabolite_name":"GLYCOCHOLATE (M-H)-","refmet_name":"Glycocholic acid"},"34":{"study_id":"ST000702","analysis_id":"AN001091","analysis_summary":"Reversed phase NEGATIVE ION MODE","metabolite_name":"GUANOSINE 5'-PHOSPHATE (M-H)-","refmet_name":"GMP"},"35":{"study_id":"ST000702","analysis_id":"AN001091","analysis_summary":"Reversed phase NEGATIVE ION MODE","metabolite_name":"HEPTADECANOATE (M-H)-","refmet_name":"Margaric acid"},"36":{"study_id":"ST000702","analysis_id":"AN001091","analysis_summary":"Reversed phase NEGATIVE ION MODE","metabolite_name":"HEXACOSANOIC ACID (M-H)-","refmet_name":"Cerotic acid"},"37":{"study_id":"ST000702","analysis_id":"AN001091","analysis_summary":"Reversed phase NEGATIVE ION MODE","metabolite_name":"HYODEOXYCHOLATE (M-H)-","refmet_name":"Hyodeoxycholic acid"},"38":{"study_id":"ST000702","analysis_id":"AN001091","analysis_summary":"Reversed phase NEGATIVE ION MODE","metabolite_name":"INOSINE 5'-PHOSPHATE (M-H)-","refmet_name":"IMP"},"39":{"study_id":"ST000702","analysis_id":"AN001091","analysis_summary":"Reversed phase NEGATIVE ION MODE","metabolite_name":"INOSINE (M-H)-","refmet_name":"Inosine"},"40":{"study_id":"ST000702","analysis_id":"AN001091","analysis_summary":"Reversed phase NEGATIVE ION MODE","metabolite_name":"ISOLEUCINE (M-H)-","refmet_name":"Isoleucine"},"41":{"study_id":"ST000702","analysis_id":"AN001091","analysis_summary":"Reversed phase NEGATIVE ION MODE","metabolite_name":"L-[15N]ANTHRANILIC ACID [ISTD] (M-H)-","refmet_name":"2-Aminobenzoic acid"},"42":{"study_id":"ST000702","analysis_id":"AN001091","analysis_summary":"Reversed phase NEGATIVE ION MODE","metabolite_name":"LAURIC ACID (M-H)-","refmet_name":"Lauric acid"},"43":{"study_id":"ST000702","analysis_id":"AN001091","analysis_summary":"Reversed phase NEGATIVE ION MODE","metabolite_name":"LEUCINE (M-H)-","refmet_name":"Leucine"},"44":{"study_id":"ST000702","analysis_id":"AN001091","analysis_summary":"Reversed phase NEGATIVE ION MODE","metabolite_name":"LIGNOCERIC ACID (M-H)-","refmet_name":"Lignoceric acid"},"45":{"study_id":"ST000702","analysis_id":"AN001091","analysis_summary":"Reversed phase NEGATIVE ION MODE","metabolite_name":"LINOLEATE (M-H)-","refmet_name":"Linoleic acid"},"46":{"study_id":"ST000702","analysis_id":"AN001091","analysis_summary":"Reversed phase NEGATIVE ION MODE","metabolite_name":"L-TRYPTOPHAN-15N2 [ISTD] (M-H)-","refmet_name":"Tryptophan"},"47":{"study_id":"ST000702","analysis_id":"AN001091","analysis_summary":"Reversed phase NEGATIVE ION MODE","metabolite_name":"LUMICHROME (M-H)-","refmet_name":"Lumichrome"},"48":{"study_id":"ST000702","analysis_id":"AN001091","analysis_summary":"Reversed phase NEGATIVE ION MODE","metabolite_name":"LYSINE (M-H)-","refmet_name":"Lysine"},"49":{"study_id":"ST000702","analysis_id":"AN001091","analysis_summary":"Reversed phase NEGATIVE ION MODE","metabolite_name":"MANNITOL (M-H)-","refmet_name":"Mannitol"},"50":{"study_id":"ST000702","analysis_id":"AN001091","analysis_summary":"Reversed phase NEGATIVE ION MODE","metabolite_name":"N-ACETYL-D-GLUCOSAMINE (M+CL)-","refmet_name":"N-Acetyl-D-glucosamine"},"51":{"study_id":"ST000702","analysis_id":"AN001091","analysis_summary":"Reversed phase NEGATIVE ION MODE","metabolite_name":"N-ACETYL-DL-METHIONINE (M-H)-","refmet_name":"N-Acetylmethionine"},"52":{"study_id":"ST000702","analysis_id":"AN001091","analysis_summary":"Reversed phase NEGATIVE ION MODE","metabolite_name":"N-ACETYL-L-ALANINE (M-H)-","refmet_name":"N-Acetylalanine"},"53":{"study_id":"ST000702","analysis_id":"AN001091","analysis_summary":"Reversed phase NEGATIVE ION MODE","metabolite_name":"N-ACETYL-L-PHENYLALANINE (M-H)-","refmet_name":"N-Acetylphenylalanine"},"54":{"study_id":"ST000702","analysis_id":"AN001091","analysis_summary":"Reversed phase NEGATIVE ION MODE","metabolite_name":"N-ACETYLNEURAMINATE (M-H)-","refmet_name":"N-Acetylneuraminic acid"},"55":{"study_id":"ST000702","analysis_id":"AN001091","analysis_summary":"Reversed phase NEGATIVE ION MODE","metabolite_name":"OROTATE (M-H)-","refmet_name":"Orotic acid"},"56":{"study_id":"ST000702","analysis_id":"AN001091","analysis_summary":"Reversed phase NEGATIVE ION MODE","metabolite_name":"OXALOACETATE (M-H)-[-H2O]","refmet_name":"Oxaloacetic acid"},"57":{"study_id":"ST000702","analysis_id":"AN001091","analysis_summary":"Reversed phase NEGATIVE ION MODE","metabolite_name":"PALMITATE (M-H)-","refmet_name":"Palmitic acid"},"58":{"study_id":"ST000702","analysis_id":"AN001091","analysis_summary":"Reversed phase NEGATIVE ION MODE","metabolite_name":"PALMITOLEIC ACID (M-H)-","refmet_name":"Palmitoleic acid"},"59":{"study_id":"ST000702","analysis_id":"AN001091","analysis_summary":"Reversed phase NEGATIVE ION MODE","metabolite_name":"PHTHALATE (M-H)-","refmet_name":"Phthalic acid"},"60":{"study_id":"ST000702","analysis_id":"AN001091","analysis_summary":"Reversed phase NEGATIVE ION MODE","metabolite_name":"PIMELIC ACID (M-H)-","refmet_name":"Pimelic acid"},"61":{"study_id":"ST000702","analysis_id":"AN001091","analysis_summary":"Reversed phase NEGATIVE ION MODE","metabolite_name":"PROSTAGLANDIN E2 (M+CL)-","refmet_name":"PGE2"},"62":{"study_id":"ST000702","analysis_id":"AN001091","analysis_summary":"Reversed phase NEGATIVE ION MODE","metabolite_name":"PROSTAGLANDIN E2 (M-H)-[-H2O]","refmet_name":"PGE2"},"63":{"study_id":"ST000702","analysis_id":"AN001091","analysis_summary":"Reversed phase NEGATIVE ION MODE","metabolite_name":"PURINE (M-H)-","refmet_name":"Purine"},"64":{"study_id":"ST000702","analysis_id":"AN001091","analysis_summary":"Reversed phase NEGATIVE ION MODE","metabolite_name":"PYRUVATE (M-H)-","refmet_name":"Pyruvic acid"},"65":{"study_id":"ST000702","analysis_id":"AN001091","analysis_summary":"Reversed phase NEGATIVE ION MODE","metabolite_name":"RETINOATE (M-H)-","refmet_name":"Retinoic acid"},"66":{"study_id":"ST000702","analysis_id":"AN001091","analysis_summary":"Reversed phase NEGATIVE ION MODE","metabolite_name":"(S)-2-AMINO-3-(3-HYDOXY-4-OXO-4H-PYRIDIN-1-YL)PROPANOATE OR L-MIMOSINE (M-H)-","refmet_name":"Mimosine"},"67":{"study_id":"ST000702","analysis_id":"AN001091","analysis_summary":"Reversed phase NEGATIVE ION MODE","metabolite_name":"(S)-3-METHYL-2-OXOPENTANOATE (M-H)-","refmet_name":"3-Methyl-2-oxovaleric acid"},"68":{"study_id":"ST000702","analysis_id":"AN001091","analysis_summary":"Reversed phase NEGATIVE ION MODE","metabolite_name":"SALICYLATE (M-H)-","refmet_name":"Salicylic acid"},"69":{"study_id":"ST000702","analysis_id":"AN001091","analysis_summary":"Reversed phase NEGATIVE ION MODE","metabolite_name":"(S)-DIHYDROOROTATE (M-H)-","refmet_name":"4,5-Dihydroorotic acid"},"70":{"study_id":"ST000702","analysis_id":"AN001091","analysis_summary":"Reversed phase NEGATIVE ION MODE","metabolite_name":"SEBACIC ACID (M-H)-","refmet_name":"Sebacic acid"},"71":{"study_id":"ST000702","analysis_id":"AN001091","analysis_summary":"Reversed phase NEGATIVE ION MODE","metabolite_name":"SN-GLYCERO-3-PHOSPHOCHOLINE (M+HCOO)-","refmet_name":"sn-Glycero-3-phosphocholine"},"72":{"study_id":"ST000702","analysis_id":"AN001091","analysis_summary":"Reversed phase NEGATIVE ION MODE","metabolite_name":"STEARATE (M-H)-","refmet_name":"Stearic acid"},"73":{"study_id":"ST000702","analysis_id":"AN001091","analysis_summary":"Reversed phase NEGATIVE ION MODE","metabolite_name":"SUCCINATE (M-H)-","refmet_name":"Succinic acid"},"74":{"study_id":"ST000702","analysis_id":"AN001091","analysis_summary":"Reversed phase NEGATIVE ION MODE","metabolite_name":"THYMIDINE 5'-MONOPHOSPHATE (M-H)-","refmet_name":"TMP"},"75":{"study_id":"ST000702","analysis_id":"AN001091","analysis_summary":"Reversed phase NEGATIVE ION MODE","metabolite_name":"THYMIDINE (M+CL)-","refmet_name":"Thymidine"},"76":{"study_id":"ST000702","analysis_id":"AN001091","analysis_summary":"Reversed phase NEGATIVE ION MODE","metabolite_name":"TRANS-ACONITATE (M-H)-","refmet_name":"trans-Aconitic acid"},"77":{"study_id":"ST000702","analysis_id":"AN001091","analysis_summary":"Reversed phase NEGATIVE ION MODE","metabolite_name":"TRICARBALLYLIC ACID (M-H)-[-H2O]","refmet_name":"1,2,3-Propanetricarboxylic acid"},"78":{"study_id":"ST000702","analysis_id":"AN001091","analysis_summary":"Reversed phase NEGATIVE ION MODE","metabolite_name":"TYROSINE (M-H)-","refmet_name":"Tyrosine"},"79":{"study_id":"ST000702","analysis_id":"AN001091","analysis_summary":"Reversed phase NEGATIVE ION MODE","metabolite_name":"UDP-N-ACETYL-D-GALACTOSAMINE (M-H)+[-H2O]","refmet_name":"UDP-N-acetylgalactosamine"},"80":{"study_id":"ST000702","analysis_id":"AN001091","analysis_summary":"Reversed phase NEGATIVE ION MODE","metabolite_name":"URIDINE-5-MONOPHOSPHATE (M-H)-","refmet_name":"UMP"},"81":{"study_id":"ST000702","analysis_id":"AN001091","analysis_summary":"Reversed phase NEGATIVE ION MODE","metabolite_name":"URIDINE (M-H)-","refmet_name":"Uridine"},"82":{"study_id":"ST000702","analysis_id":"AN001091","analysis_summary":"Reversed phase NEGATIVE ION MODE","metabolite_name":"VALINE (M-H)-","refmet_name":"Valine"},"83":{"study_id":"ST000702","analysis_id":"AN001091","analysis_summary":"Reversed phase NEGATIVE ION MODE","metabolite_name":"XANTHINE (M-H)-","refmet_name":"Xanthine"},"84":{"study_id":"ST000702","analysis_id":"AN001091","analysis_summary":"Reversed phase NEGATIVE ION MODE","metabolite_name":"XANTHOSINE 5'-PHOSPHATE (M-H)-","refmet_name":"XMP"},"85":{"study_id":"ST000702","analysis_id":"AN001092","analysis_summary":"Reversed phase POSITIVE ION MODE","metabolite_name":"1-METHYLNICOTINAMIDE M+","refmet_name":"1-Methyl nicotinamide"},"86":{"study_id":"ST000702","analysis_id":"AN001092","analysis_summary":"Reversed phase POSITIVE ION MODE","metabolite_name":"1-METHYLXANTHINE (M+NA)+","refmet_name":"1-Methylxanthine"},"87":{"study_id":"ST000702","analysis_id":"AN001092","analysis_summary":"Reversed phase POSITIVE ION MODE","metabolite_name":"1-OLEOYL-RAC-GLYCEROL (M+H)+[-H2O]","refmet_name":"MG 18:1"},"88":{"study_id":"ST000702","analysis_id":"AN001092","analysis_summary":"Reversed phase POSITIVE ION MODE","metabolite_name":"1-OLEOYL-RAC-GLYCEROL (M+NA)+","refmet_name":"MG 18:1"},"89":{"study_id":"ST000702","analysis_id":"AN001092","analysis_summary":"Reversed phase POSITIVE ION MODE","metabolite_name":"3-HYDROXYBENZALDEHYDE (M+H)+[-H2O]","refmet_name":"3-Hydroxybenzaldehyde"},"90":{"study_id":"ST000702","analysis_id":"AN001092","analysis_summary":"Reversed phase POSITIVE ION MODE","metabolite_name":"5-AMINOPENTANOATE (M+H)+","refmet_name":"5-Aminopentanoic acid"},"91":{"study_id":"ST000702","analysis_id":"AN001092","analysis_summary":"Reversed phase POSITIVE ION MODE","metabolite_name":"5-HYDROXYTRYPTOPHAN (M+H)+","refmet_name":"5-Hydroxy-tryptophan"},"92":{"study_id":"ST000702","analysis_id":"AN001092","analysis_summary":"Reversed phase POSITIVE ION MODE","metabolite_name":"5'-METHYLTHIOADENOSINE (M+NA)+","refmet_name":"5'-Methylthioadenosine"},"93":{"study_id":"ST000702","analysis_id":"AN001092","analysis_summary":"Reversed phase POSITIVE ION MODE","metabolite_name":"ADENOSINE 5'-MONOPHOSPHATE (M+H)+","refmet_name":"AMP"},"94":{"study_id":"ST000702","analysis_id":"AN001092","analysis_summary":"Reversed phase POSITIVE ION MODE","metabolite_name":"ADENOSINE (M+H)+","refmet_name":"Adenosine"},"95":{"study_id":"ST000702","analysis_id":"AN001092","analysis_summary":"Reversed phase POSITIVE ION MODE","metabolite_name":"ALPHA-TOCOPHEROL (M+H)+","refmet_name":"alpha-Tocopherol"},"96":{"study_id":"ST000702","analysis_id":"AN001092","analysis_summary":"Reversed phase POSITIVE ION MODE","metabolite_name":"AZELAIC ACID (M+H)+[-H2O]","refmet_name":"Azelaic acid"},"97":{"study_id":"ST000702","analysis_id":"AN001092","analysis_summary":"Reversed phase POSITIVE ION MODE","metabolite_name":"BILIVERDIN (M+H)+","refmet_name":"Biliverdin"},"98":{"study_id":"ST000702","analysis_id":"AN001092","analysis_summary":"Reversed phase POSITIVE ION MODE","metabolite_name":"BIS(2-ETHYLHEXYL)PHTHALATE (M+NA)+","refmet_name":"bis(2-Ethylhexyl)phthalic acid"},"99":{"study_id":"ST000702","analysis_id":"AN001092","analysis_summary":"Reversed phase POSITIVE ION MODE","metabolite_name":"BUTYRYLCARNITINE (*) (M+H)+","refmet_name":"CAR 4:0"},"100":{"study_id":"ST000702","analysis_id":"AN001092","analysis_summary":"Reversed phase POSITIVE ION MODE","metabolite_name":"CARNITINE (M+H)+","refmet_name":"Carnitine"},"101":{"study_id":"ST000702","analysis_id":"AN001092","analysis_summary":"Reversed phase POSITIVE ION MODE","metabolite_name":"CHOLESTEROL (M+H)+[-H2O]","refmet_name":"Cholesterol"},"102":{"study_id":"ST000702","analysis_id":"AN001092","analysis_summary":"Reversed phase POSITIVE ION MODE","metabolite_name":"CHOLINE M+","refmet_name":"Choline"},"103":{"study_id":"ST000702","analysis_id":"AN001092","analysis_summary":"Reversed phase POSITIVE ION MODE","metabolite_name":"CHOLINE PHOSPHATE (M+NA)+","refmet_name":"Choline phosphate"},"104":{"study_id":"ST000702","analysis_id":"AN001092","analysis_summary":"Reversed phase POSITIVE ION MODE","metabolite_name":"CITRATE (M+NA)+","refmet_name":"Citric acid"},"105":{"study_id":"ST000702","analysis_id":"AN001092","analysis_summary":"Reversed phase POSITIVE ION MODE","metabolite_name":"CORTISOL (M+H)+","refmet_name":"Cortisol"},"106":{"study_id":"ST000702","analysis_id":"AN001092","analysis_summary":"Reversed phase POSITIVE ION MODE","metabolite_name":"CORTISOL (M+NA)+","refmet_name":"Cortisol"},"107":{"study_id":"ST000702","analysis_id":"AN001092","analysis_summary":"Reversed phase POSITIVE ION MODE","metabolite_name":"CREATINE (M+H)+","refmet_name":"Creatine"},"108":{"study_id":"ST000702","analysis_id":"AN001092","analysis_summary":"Reversed phase POSITIVE ION MODE","metabolite_name":"CREATININE (M+H)+","refmet_name":"Creatinine"},"109":{"study_id":"ST000702","analysis_id":"AN001092","analysis_summary":"Reversed phase POSITIVE ION MODE","metabolite_name":"DECANOATE (2M+NA)+","refmet_name":"Capric acid"},"110":{"study_id":"ST000702","analysis_id":"AN001092","analysis_summary":"Reversed phase POSITIVE ION MODE","metabolite_name":"DGMP (M+H)+","refmet_name":"dGMP"},"111":{"study_id":"ST000702","analysis_id":"AN001092","analysis_summary":"Reversed phase POSITIVE ION MODE","metabolite_name":"ELAIDIC ACID (M+H)+","refmet_name":"Elaidic acid"},"112":{"study_id":"ST000702","analysis_id":"AN001092","analysis_summary":"Reversed phase POSITIVE ION MODE","metabolite_name":"ETHANOLAMINE PHOSPHATE (M+NA)+","refmet_name":"Phosphoethanolamine"},"113":{"study_id":"ST000702","analysis_id":"AN001092","analysis_summary":"Reversed phase POSITIVE ION MODE","metabolite_name":"GAMMA-L-GLUTAMYL-L-CYSTEINE (M+H)+","refmet_name":"gamma-Glutamylcysteine"},"114":{"study_id":"ST000702","analysis_id":"AN001092","analysis_summary":"Reversed phase POSITIVE ION MODE","metabolite_name":"GIBBERELLIC ACID [ISTD] (2M+NA)+","refmet_name":"Gibberellin A3"},"115":{"study_id":"ST000702","analysis_id":"AN001092","analysis_summary":"Reversed phase POSITIVE ION MODE","metabolite_name":"GLUTAMATE (M+H)+[-H2O]","refmet_name":"Glutamic acid"},"116":{"study_id":"ST000702","analysis_id":"AN001092","analysis_summary":"Reversed phase POSITIVE ION MODE","metabolite_name":"GLUTATHIONE OXIDIZED (M+H2)+2","refmet_name":"Glutathione"},"117":{"study_id":"ST000702","analysis_id":"AN001092","analysis_summary":"Reversed phase POSITIVE ION MODE","metabolite_name":"GUANINE (M+H)+","refmet_name":"Guanine"},"118":{"study_id":"ST000702","analysis_id":"AN001092","analysis_summary":"Reversed phase POSITIVE ION MODE","metabolite_name":"GUANOSINE (M+H)+","refmet_name":"Guanosine"},"119":{"study_id":"ST000702","analysis_id":"AN001092","analysis_summary":"Reversed phase POSITIVE ION MODE","metabolite_name":"HIPPURATE (M+H)+","refmet_name":"Hippuric acid"},"120":{"study_id":"ST000702","analysis_id":"AN001092","analysis_summary":"Reversed phase POSITIVE ION MODE","metabolite_name":"INOSINE 5'-PHOSPHATE (M+H)+","refmet_name":"IMP"},"121":{"study_id":"ST000702","analysis_id":"AN001092","analysis_summary":"Reversed phase POSITIVE ION MODE","metabolite_name":"INOSINE 5'-PHOSPHATE (M+NA)+","refmet_name":"IMP"},"122":{"study_id":"ST000702","analysis_id":"AN001092","analysis_summary":"Reversed phase POSITIVE ION MODE","metabolite_name":"ISOLEUCINE (M+H)+","refmet_name":"Isoleucine"},"123":{"study_id":"ST000702","analysis_id":"AN001092","analysis_summary":"Reversed phase POSITIVE ION MODE","metabolite_name":"ISOVALERYLCARNITINE (*) (M+H)+","refmet_name":"CAR 4:0;3Me"},"124":{"study_id":"ST000702","analysis_id":"AN001092","analysis_summary":"Reversed phase POSITIVE ION MODE","metabolite_name":"KYNURENINE (M+H)+","refmet_name":"Kynurenine"},"125":{"study_id":"ST000702","analysis_id":"AN001092","analysis_summary":"Reversed phase POSITIVE ION MODE","metabolite_name":"L-ARGININE (M+H)+","refmet_name":"Arginine"},"126":{"study_id":"ST000702","analysis_id":"AN001092","analysis_summary":"Reversed phase POSITIVE ION MODE","metabolite_name":"L-ARGININE (M+NA)+","refmet_name":"Arginine"},"127":{"study_id":"ST000702","analysis_id":"AN001092","analysis_summary":"Reversed phase POSITIVE ION MODE","metabolite_name":"L-HISTIDINE (M+H)+","refmet_name":"Histidine"},"128":{"study_id":"ST000702","analysis_id":"AN001092","analysis_summary":"Reversed phase POSITIVE ION MODE","metabolite_name":"L-TRYPTOPHAN-15N2 [ISTD] (M+H)+","refmet_name":"Tryptophan"},"129":{"study_id":"ST000702","analysis_id":"AN001092","analysis_summary":"Reversed phase POSITIVE ION MODE","metabolite_name":"LYSINE (M+H)+","refmet_name":"Lysine"},"130":{"study_id":"ST000702","analysis_id":"AN001092","analysis_summary":"Reversed phase POSITIVE ION MODE","metabolite_name":"LYSINE (M+NA)+","refmet_name":"Lysine"},"131":{"study_id":"ST000702","analysis_id":"AN001092","analysis_summary":"Reversed phase POSITIVE ION MODE","metabolite_name":"MANNOSE-6-PHOSPHATE (M+NA)+","refmet_name":"Mannose 6-phosphate"},"132":{"study_id":"ST000702","analysis_id":"AN001092","analysis_summary":"Reversed phase POSITIVE ION MODE","metabolite_name":"N-ACETYL-DL-METHIONINE (M+H)+[-H2O]","refmet_name":"N-Acetylmethionine"},"133":{"study_id":"ST000702","analysis_id":"AN001092","analysis_summary":"Reversed phase POSITIVE ION MODE","metabolite_name":"N-ACETYL-DL-SERINE (M+H)+[-H2O]","refmet_name":"N-Acetylserine"},"134":{"study_id":"ST000702","analysis_id":"AN001092","analysis_summary":"Reversed phase POSITIVE ION MODE","metabolite_name":"N-ACETYL-L-ALANINE (M+NA)+","refmet_name":"N-Acetylalanine"},"135":{"study_id":"ST000702","analysis_id":"AN001092","analysis_summary":"Reversed phase POSITIVE ION MODE","metabolite_name":"N-ACETYL-L-LEUCINE (M+NA)+","refmet_name":"N-Acetylleucine"},"136":{"study_id":"ST000702","analysis_id":"AN001092","analysis_summary":"Reversed phase POSITIVE ION MODE","metabolite_name":"N-ACETYLNEURAMINATE (M+H)+","refmet_name":"N-Acetylneuraminic acid"},"137":{"study_id":"ST000702","analysis_id":"AN001092","analysis_summary":"Reversed phase POSITIVE ION MODE","metabolite_name":"NAD (M+2H)+2","refmet_name":"NAD+"},"138":{"study_id":"ST000702","analysis_id":"AN001092","analysis_summary":"Reversed phase POSITIVE ION MODE","metabolite_name":"NAD (M+H)+","refmet_name":"NAD+"},"139":{"study_id":"ST000702","analysis_id":"AN001092","analysis_summary":"Reversed phase POSITIVE ION MODE","metabolite_name":"NAD (M+NA)+","refmet_name":"NAD+"},"140":{"study_id":"ST000702","analysis_id":"AN001092","analysis_summary":"Reversed phase POSITIVE ION MODE","metabolite_name":"N-METHYL-D-ASPARTIC ACID (M+NA)+","refmet_name":"N-Methyl-D-aspartic acid"},"141":{"study_id":"ST000702","analysis_id":"AN001092","analysis_summary":"Reversed phase POSITIVE ION MODE","metabolite_name":"NORADRENALINE (M+H)+","refmet_name":"Xi-Norepinephrine"},"142":{"study_id":"ST000702","analysis_id":"AN001092","analysis_summary":"Reversed phase POSITIVE ION MODE","metabolite_name":"OLEAMIDE (M+H)+","refmet_name":"Oleamide"},"143":{"study_id":"ST000702","analysis_id":"AN001092","analysis_summary":"Reversed phase POSITIVE ION MODE","metabolite_name":"OLEIC ACID (M+NA)+","refmet_name":"Oleic acid"},"144":{"study_id":"ST000702","analysis_id":"AN001092","analysis_summary":"Reversed phase POSITIVE ION MODE","metabolite_name":"O-PHOSPHOSERINE (M+NA)+","refmet_name":"Phosphoserine"},"145":{"study_id":"ST000702","analysis_id":"AN001092","analysis_summary":"Reversed phase POSITIVE ION MODE","metabolite_name":"ORNITHINE (M+H)+","refmet_name":"Ornithine"},"146":{"study_id":"ST000702","analysis_id":"AN001092","analysis_summary":"Reversed phase POSITIVE ION MODE","metabolite_name":"PANTOTHENATE (M+H)+","refmet_name":"Pantothenic acid"},"147":{"study_id":"ST000702","analysis_id":"AN001092","analysis_summary":"Reversed phase POSITIVE ION MODE","metabolite_name":"PANTOTHENATE (M+NA)+","refmet_name":"Pantothenic acid"},"148":{"study_id":"ST000702","analysis_id":"AN001092","analysis_summary":"Reversed phase POSITIVE ION MODE","metabolite_name":"PHENYLALANINE (M+H)+","refmet_name":"Phenylalanine"},"149":{"study_id":"ST000702","analysis_id":"AN001092","analysis_summary":"Reversed phase POSITIVE ION MODE","metabolite_name":"PROGESTERONE (M+H)+","refmet_name":"Progesterone"},"150":{"study_id":"ST000702","analysis_id":"AN001092","analysis_summary":"Reversed phase POSITIVE ION MODE","metabolite_name":"PROSTAGLANDIN E2 (M+H)+","refmet_name":"PGE2"},"151":{"study_id":"ST000702","analysis_id":"AN001092","analysis_summary":"Reversed phase POSITIVE ION MODE","metabolite_name":"PROSTAGLANDIN E2 (M+H)+[-H2O]","refmet_name":"PGE2"},"152":{"study_id":"ST000702","analysis_id":"AN001092","analysis_summary":"Reversed phase POSITIVE ION MODE","metabolite_name":"PYRIDOXAMINE (M+H)+","refmet_name":"Pyridoxamine"},"153":{"study_id":"ST000702","analysis_id":"AN001092","analysis_summary":"Reversed phase POSITIVE ION MODE","metabolite_name":"RAC-GLYCEROL 1-MYRISTATE (M+H)+[-H2O]","refmet_name":"MG 14:0"},"154":{"study_id":"ST000702","analysis_id":"AN001092","analysis_summary":"Reversed phase POSITIVE ION MODE","metabolite_name":"RAC-GLYCEROL 1-MYRISTATE (M+NA)+","refmet_name":"MG 14:0"},"155":{"study_id":"ST000702","analysis_id":"AN001092","analysis_summary":"Reversed phase POSITIVE ION MODE","metabolite_name":"S-ADENOSYL-L-HOMOCYSTEINE (M+H)+","refmet_name":"S-Adenosylhomocysteine"},"156":{"study_id":"ST000702","analysis_id":"AN001092","analysis_summary":"Reversed phase POSITIVE ION MODE","metabolite_name":"SERINE (M+H)+","refmet_name":"Serine"},"157":{"study_id":"ST000702","analysis_id":"AN001092","analysis_summary":"Reversed phase POSITIVE ION MODE","metabolite_name":"SN-GLYCERO-3-PHOSPHOCHOLINE (M+H)+","refmet_name":"sn-Glycero-3-phosphocholine"},"158":{"study_id":"ST000702","analysis_id":"AN001092","analysis_summary":"Reversed phase POSITIVE ION MODE","metabolite_name":"SPERMIDINE (M+H)+","refmet_name":"Spermidine"},"159":{"study_id":"ST000702","analysis_id":"AN001092","analysis_summary":"Reversed phase POSITIVE ION MODE","metabolite_name":"STEAROYLCARNITINE (*) (M+H)+","refmet_name":"CAR 18:0"},"160":{"study_id":"ST000702","analysis_id":"AN001092","analysis_summary":"Reversed phase POSITIVE ION MODE","metabolite_name":"SUBERIC ACID (M+NA)+","refmet_name":"Suberic acid"},"161":{"study_id":"ST000702","analysis_id":"AN001092","analysis_summary":"Reversed phase POSITIVE ION MODE","metabolite_name":"TAURINE (M+NA)+","refmet_name":"Taurine"},"162":{"study_id":"ST000702","analysis_id":"AN001092","analysis_summary":"Reversed phase POSITIVE ION MODE","metabolite_name":"TETRADECENOYLCARNITINE (*) M+","refmet_name":"CAR 14:1"},"163":{"study_id":"ST000702","analysis_id":"AN001092","analysis_summary":"Reversed phase POSITIVE ION MODE","metabolite_name":"THIAMIN M+[-C6H9NOS]","refmet_name":"Thiamine"},"164":{"study_id":"ST000702","analysis_id":"AN001092","analysis_summary":"Reversed phase POSITIVE ION MODE","metabolite_name":"TRYPTOPHAN (M+H)+","refmet_name":"Tryptophan"},"165":{"study_id":"ST000702","analysis_id":"AN001092","analysis_summary":"Reversed phase POSITIVE ION MODE","metabolite_name":"TYROSINE (M+H)+","refmet_name":"Tyrosine"},"166":{"study_id":"ST000702","analysis_id":"AN001092","analysis_summary":"Reversed phase POSITIVE ION MODE","metabolite_name":"UDP-N-ACETYL-D-GALACTOSAMINE (M+NA)+","refmet_name":"UDP-N-acetylgalactosamine"},"167":{"study_id":"ST000702","analysis_id":"AN001092","analysis_summary":"Reversed phase POSITIVE ION MODE","metabolite_name":"URIDINE-5-MONOPHOSPHATE (M+H)+","refmet_name":"UMP"}}