{"1":{"study_id":"ST000510","analysis_id":"AN000782","analysis_summary":"Reversed phase POSITIVE ION MODE","metabolite_name":"2--3--Cyclic CMP","refmet_name":"2',3' cyclic CMP"},"2":{"study_id":"ST000510","analysis_id":"AN000782","analysis_summary":"Reversed phase POSITIVE ION MODE","metabolite_name":"2-(9Z-octadecenoyl)-sn-glycero-3-phosphocholine","refmet_name":"LPC 18:1"},"3":{"study_id":"ST000510","analysis_id":"AN000782","analysis_summary":"Reversed phase POSITIVE ION MODE","metabolite_name":"2-Deoxy-alpha-D-glucoside","refmet_name":""},"4":{"study_id":"ST000510","analysis_id":"AN000782","analysis_summary":"Reversed phase POSITIVE ION MODE","metabolite_name":"2-Methyleneglutarate","refmet_name":""},"5":{"study_id":"ST000510","analysis_id":"AN000782","analysis_summary":"Reversed phase POSITIVE ION MODE","metabolite_name":"2-Oxo-7-methylthioheptanoic acid","refmet_name":"2-Oxo-7-methylthioheptanoic acid"},"6":{"study_id":"ST000510","analysis_id":"AN000782","analysis_summary":"Reversed phase POSITIVE ION MODE","metabolite_name":"3-hexadecanoyl-sn-glycero-1-phosphocholine","refmet_name":""},"7":{"study_id":"ST000510","analysis_id":"AN000782","analysis_summary":"Reversed phase POSITIVE ION MODE","metabolite_name":"3-Methyleneoxindole","refmet_name":"3-Methyleneoxindole"},"8":{"study_id":"ST000510","analysis_id":"AN000782","analysis_summary":"Reversed phase POSITIVE ION MODE","metabolite_name":"3-Oxalomalate","refmet_name":"3-Oxalomalic acid"},"9":{"study_id":"ST000510","analysis_id":"AN000782","analysis_summary":"Reversed phase POSITIVE ION MODE","metabolite_name":"3-Sulfino-L-alanine","refmet_name":"3-Sulfino-alanine"},"10":{"study_id":"ST000510","analysis_id":"AN000782","analysis_summary":"Reversed phase POSITIVE ION MODE","metabolite_name":"4-Aminobenzoate","refmet_name":"P-Aminobenzoic acid"},"11":{"study_id":"ST000510","analysis_id":"AN000782","analysis_summary":"Reversed phase POSITIVE ION MODE","metabolite_name":"5-10-Methenyltetrahydrofolate","refmet_name":"5,10-Methenyl-THF"},"12":{"study_id":"ST000510","analysis_id":"AN000782","analysis_summary":"Reversed phase POSITIVE ION MODE","metabolite_name":"5-6-Dihydrothymine","refmet_name":"Dihydrothymine"},"13":{"study_id":"ST000510","analysis_id":"AN000782","analysis_summary":"Reversed phase POSITIVE ION MODE","metabolite_name":"5-Guanidino-2-oxopentanoate","refmet_name":"2-Oxoarginine"},"14":{"study_id":"ST000510","analysis_id":"AN000782","analysis_summary":"Reversed phase POSITIVE ION MODE","metabolite_name":"5-Hydroxyisourate","refmet_name":"5-Hydroxyisouric acid"},"15":{"study_id":"ST000510","analysis_id":"AN000782","analysis_summary":"Reversed phase POSITIVE ION MODE","metabolite_name":"(5-L-Glutamyl)-L-glutamine","refmet_name":"gamma-Glutamylglutamine"},"16":{"study_id":"ST000510","analysis_id":"AN000782","analysis_summary":"Reversed phase POSITIVE ION MODE","metabolite_name":"5-Oxoproline","refmet_name":"Pyroglutamic acid"},"17":{"study_id":"ST000510","analysis_id":"AN000782","analysis_summary":"Reversed phase POSITIVE ION MODE","metabolite_name":"5--Phosphoribosyl-N-formylglycinamide","refmet_name":"FGAR"},"18":{"study_id":"ST000510","analysis_id":"AN000782","analysis_summary":"Reversed phase POSITIVE ION MODE","metabolite_name":"6-Lactoyl-5-6-7-8-tetrahydropterin","refmet_name":"6-Lactoyltetrahydropterin"},"19":{"study_id":"ST000510","analysis_id":"AN000782","analysis_summary":"Reversed phase POSITIVE ION MODE","metabolite_name":"Acetyl phosphate","refmet_name":"Acetylphosphate"},"20":{"study_id":"ST000510","analysis_id":"AN000782","analysis_summary":"Reversed phase POSITIVE ION MODE","metabolite_name":"Adenine","refmet_name":"Adenine"},"21":{"study_id":"ST000510","analysis_id":"AN000782","analysis_summary":"Reversed phase POSITIVE ION MODE","metabolite_name":"Adenosine","refmet_name":"Adenosine"},"22":{"study_id":"ST000510","analysis_id":"AN000782","analysis_summary":"Reversed phase POSITIVE ION MODE","metabolite_name":"alanine","refmet_name":"Alanine"},"23":{"study_id":"ST000510","analysis_id":"AN000782","analysis_summary":"Reversed phase POSITIVE ION MODE","metabolite_name":"Allantoate","refmet_name":"Allantoic acid"},"24":{"study_id":"ST000510","analysis_id":"AN000782","analysis_summary":"Reversed phase POSITIVE ION MODE","metabolite_name":"alpha-D-Glucosamine 1-phosphate","refmet_name":"Glucosamine 1-phosphate"},"25":{"study_id":"ST000510","analysis_id":"AN000782","analysis_summary":"Reversed phase POSITIVE ION MODE","metabolite_name":"arginine","refmet_name":"Arginine"},"26":{"study_id":"ST000510","analysis_id":"AN000782","analysis_summary":"Reversed phase POSITIVE ION MODE","metabolite_name":"Ascorbate","refmet_name":"Vitamin C"},"27":{"study_id":"ST000510","analysis_id":"AN000782","analysis_summary":"Reversed phase POSITIVE ION MODE","metabolite_name":"asparagine","refmet_name":"Asparagine"},"28":{"study_id":"ST000510","analysis_id":"AN000782","analysis_summary":"Reversed phase POSITIVE ION MODE","metabolite_name":"aspartate","refmet_name":"Aspartic acid"},"29":{"study_id":"ST000510","analysis_id":"AN000782","analysis_summary":"Reversed phase POSITIVE ION MODE","metabolite_name":"beta-D-Glucuronoside","refmet_name":""},"30":{"study_id":"ST000510","analysis_id":"AN000782","analysis_summary":"Reversed phase POSITIVE ION MODE","metabolite_name":"cis-p-Coumarate","refmet_name":""},"31":{"study_id":"ST000510","analysis_id":"AN000782","analysis_summary":"Reversed phase POSITIVE ION MODE","metabolite_name":"Creatine","refmet_name":"Creatine"},"32":{"study_id":"ST000510","analysis_id":"AN000782","analysis_summary":"Reversed phase POSITIVE ION MODE","metabolite_name":"Creatinine","refmet_name":"Creatinine"},"33":{"study_id":"ST000510","analysis_id":"AN000782","analysis_summary":"Reversed phase POSITIVE ION MODE","metabolite_name":"Cys-Gly","refmet_name":"Cys-Gly"},"34":{"study_id":"ST000510","analysis_id":"AN000782","analysis_summary":"Reversed phase POSITIVE ION MODE","metabolite_name":"Cystathionine","refmet_name":"Cystathionine"},"35":{"study_id":"ST000510","analysis_id":"AN000782","analysis_summary":"Reversed phase POSITIVE ION MODE","metabolite_name":"cysteine","refmet_name":"Cysteine"},"36":{"study_id":"ST000510","analysis_id":"AN000782","analysis_summary":"Reversed phase POSITIVE ION MODE","metabolite_name":"cystine","refmet_name":"Cystine"},"37":{"study_id":"ST000510","analysis_id":"AN000782","analysis_summary":"Reversed phase POSITIVE ION MODE","metabolite_name":"Cytidine","refmet_name":"Cytidine"},"38":{"study_id":"ST000510","analysis_id":"AN000782","analysis_summary":"Reversed phase POSITIVE ION MODE","metabolite_name":"D-Alanyl-alanyl-poly(glycerolphosphate)","refmet_name":""},"39":{"study_id":"ST000510","analysis_id":"AN000782","analysis_summary":"Reversed phase POSITIVE ION MODE","metabolite_name":"Decanoic acid (caprate)","refmet_name":"Capric acid"},"40":{"study_id":"ST000510","analysis_id":"AN000782","analysis_summary":"Reversed phase POSITIVE ION MODE","metabolite_name":"D-Glucosamine","refmet_name":"Glucosamine"},"41":{"study_id":"ST000510","analysis_id":"AN000782","analysis_summary":"Reversed phase POSITIVE ION MODE","metabolite_name":"D-Ribitol 5-phosphate","refmet_name":"D-Ribitol 5-phosphate"},"42":{"study_id":"ST000510","analysis_id":"AN000782","analysis_summary":"Reversed phase POSITIVE ION MODE","metabolite_name":"Ethanolamine phosphate","refmet_name":"Phosphoethanolamine"},"43":{"study_id":"ST000510","analysis_id":"AN000782","analysis_summary":"Reversed phase POSITIVE ION MODE","metabolite_name":"Fe(III)dicitrate","refmet_name":""},"44":{"study_id":"ST000510","analysis_id":"AN000782","analysis_summary":"Reversed phase POSITIVE ION MODE","metabolite_name":"gamma-Glutamyl-gamma-aminobutyrate","refmet_name":"4-(Glutamylamino) butanoate"},"45":{"study_id":"ST000510","analysis_id":"AN000782","analysis_summary":"Reversed phase POSITIVE ION MODE","metabolite_name":"gamma-Glutamyl-Se-methylselenocysteine","refmet_name":"gamma-Glutamyl-Se-methylselenocysteine"},"46":{"study_id":"ST000510","analysis_id":"AN000782","analysis_summary":"Reversed phase POSITIVE ION MODE","metabolite_name":"gamma-L-Glutamyl-D-alanine","refmet_name":"gamma-L-Glutamyl-D-alanine"},"47":{"study_id":"ST000510","analysis_id":"AN000782","analysis_summary":"Reversed phase POSITIVE ION MODE","metabolite_name":"gamma-L-Glutamyl-L-cysteine","refmet_name":"gamma-Glutamylcysteine"},"48":{"study_id":"ST000510","analysis_id":"AN000782","analysis_summary":"Reversed phase POSITIVE ION MODE","metabolite_name":"gamma-L-Glutamylputrescine","refmet_name":"gamma-Glutamylputrescine"},"49":{"study_id":"ST000510","analysis_id":"AN000782","analysis_summary":"Reversed phase POSITIVE ION MODE","metabolite_name":"glutamate","refmet_name":"Glutamic acid"},"50":{"study_id":"ST000510","analysis_id":"AN000782","analysis_summary":"Reversed phase POSITIVE ION MODE","metabolite_name":"glutamine","refmet_name":"Glutamine"},"51":{"study_id":"ST000510","analysis_id":"AN000782","analysis_summary":"Reversed phase POSITIVE ION MODE","metabolite_name":"Glutathione","refmet_name":"Glutathione"},"52":{"study_id":"ST000510","analysis_id":"AN000782","analysis_summary":"Reversed phase POSITIVE ION MODE","metabolite_name":"Glutathione disulfide","refmet_name":"Oxidized glutathione"},"53":{"study_id":"ST000510","analysis_id":"AN000782","analysis_summary":"Reversed phase POSITIVE ION MODE","metabolite_name":"glycine","refmet_name":"Glycine"},"54":{"study_id":"ST000510","analysis_id":"AN000782","analysis_summary":"Reversed phase POSITIVE ION MODE","metabolite_name":"Guanidinoacetate","refmet_name":"Guanidoacetic acid"},"55":{"study_id":"ST000510","analysis_id":"AN000782","analysis_summary":"Reversed phase POSITIVE ION MODE","metabolite_name":"Guanine","refmet_name":"Guanine"},"56":{"study_id":"ST000510","analysis_id":"AN000782","analysis_summary":"Reversed phase POSITIVE ION MODE","metabolite_name":"Guanosine","refmet_name":"Guanosine"},"57":{"study_id":"ST000510","analysis_id":"AN000782","analysis_summary":"Reversed phase POSITIVE ION MODE","metabolite_name":"histidine","refmet_name":"Histidine"},"58":{"study_id":"ST000510","analysis_id":"AN000782","analysis_summary":"Reversed phase POSITIVE ION MODE","metabolite_name":"Homocarnosine","refmet_name":"Homocarnosine"},"59":{"study_id":"ST000510","analysis_id":"AN000782","analysis_summary":"Reversed phase POSITIVE ION MODE","metabolite_name":"Homomethionine","refmet_name":"Homomethionine"},"60":{"study_id":"ST000510","analysis_id":"AN000782","analysis_summary":"Reversed phase POSITIVE ION MODE","metabolite_name":"Hypotaurine","refmet_name":"Hypotaurine"},"61":{"study_id":"ST000510","analysis_id":"AN000782","analysis_summary":"Reversed phase POSITIVE ION MODE","metabolite_name":"Hypoxanthine","refmet_name":"Hypoxanthine"},"62":{"study_id":"ST000510","analysis_id":"AN000782","analysis_summary":"Reversed phase POSITIVE ION MODE","metabolite_name":"Indole","refmet_name":"Indole"},"63":{"study_id":"ST000510","analysis_id":"AN000782","analysis_summary":"Reversed phase POSITIVE ION MODE","metabolite_name":"Indole-3-acetaldehyde","refmet_name":"Indoleacetaldehyde"},"64":{"study_id":"ST000510","analysis_id":"AN000782","analysis_summary":"Reversed phase POSITIVE ION MODE","metabolite_name":"Inosine","refmet_name":"Inosine"},"65":{"study_id":"ST000510","analysis_id":"AN000782","analysis_summary":"Reversed phase POSITIVE ION MODE","metabolite_name":"kynurenine","refmet_name":"Kynurenine"},"66":{"study_id":"ST000510","analysis_id":"AN000782","analysis_summary":"Reversed phase POSITIVE ION MODE","metabolite_name":"L-Arabinose","refmet_name":"Lyxose"},"67":{"study_id":"ST000510","analysis_id":"AN000782","analysis_summary":"Reversed phase POSITIVE ION MODE","metabolite_name":"L-Carnitine","refmet_name":"Carnitine"},"68":{"study_id":"ST000510","analysis_id":"AN000782","analysis_summary":"Reversed phase POSITIVE ION MODE","metabolite_name":"L-Citrulline","refmet_name":"Citrulline"},"69":{"study_id":"ST000510","analysis_id":"AN000782","analysis_summary":"Reversed phase POSITIVE ION MODE","metabolite_name":"leucine\/isoleucine","refmet_name":"Leucine\/Isoleucine"},"70":{"study_id":"ST000510","analysis_id":"AN000782","analysis_summary":"Reversed phase POSITIVE ION MODE","metabolite_name":"L-Homocitrulline","refmet_name":"Homocitrulline"},"71":{"study_id":"ST000510","analysis_id":"AN000782","analysis_summary":"Reversed phase POSITIVE ION MODE","metabolite_name":"L-Homocysteine","refmet_name":"Homocysteine"},"72":{"study_id":"ST000510","analysis_id":"AN000782","analysis_summary":"Reversed phase POSITIVE ION MODE","metabolite_name":"L-Methionine S-oxide","refmet_name":"Methionine"},"73":{"study_id":"ST000510","analysis_id":"AN000782","analysis_summary":"Reversed phase POSITIVE ION MODE","metabolite_name":"L-Octanoylcarnitine","refmet_name":"CAR 8:0"},"74":{"study_id":"ST000510","analysis_id":"AN000782","analysis_summary":"Reversed phase POSITIVE ION MODE","metabolite_name":"L-Palmitoylcarnitine","refmet_name":"CAR 16:0"},"75":{"study_id":"ST000510","analysis_id":"AN000782","analysis_summary":"Reversed phase POSITIVE ION MODE","metabolite_name":"lysine","refmet_name":"Lysine"},"76":{"study_id":"ST000510","analysis_id":"AN000782","analysis_summary":"Reversed phase POSITIVE ION MODE","metabolite_name":"Mesterolone","refmet_name":"Mesterolone"},"77":{"study_id":"ST000510","analysis_id":"AN000782","analysis_summary":"Reversed phase POSITIVE ION MODE","metabolite_name":"methionine","refmet_name":"Methionine"},"78":{"study_id":"ST000510","analysis_id":"AN000782","analysis_summary":"Reversed phase POSITIVE ION MODE","metabolite_name":"Methylenediurea","refmet_name":"Methylenediurea"},"79":{"study_id":"ST000510","analysis_id":"AN000782","analysis_summary":"Reversed phase POSITIVE ION MODE","metabolite_name":"N5-Methyl-L-glutamine","refmet_name":"N(5)-Methyl-glutamine"},"80":{"study_id":"ST000510","analysis_id":"AN000782","analysis_summary":"Reversed phase POSITIVE ION MODE","metabolite_name":"N6-Methyl-L-lysine","refmet_name":"N(6)-Methyllysine"},"81":{"study_id":"ST000510","analysis_id":"AN000782","analysis_summary":"Reversed phase POSITIVE ION MODE","metabolite_name":"N-(9Z-hexadecenoyl)-ethanolamine","refmet_name":"Palmitoleoyl-EA"},"82":{"study_id":"ST000510","analysis_id":"AN000782","analysis_summary":"Reversed phase POSITIVE ION MODE","metabolite_name":"N-Acetyl-L-citrulline","refmet_name":"N-Acetylcitrulline"},"83":{"study_id":"ST000510","analysis_id":"AN000782","analysis_summary":"Reversed phase POSITIVE ION MODE","metabolite_name":"N-Acetylneuraminate","refmet_name":"N-Acetylneuraminic acid"},"84":{"study_id":"ST000510","analysis_id":"AN000782","analysis_summary":"Reversed phase POSITIVE ION MODE","metabolite_name":"NAD+","refmet_name":"NAD+"},"85":{"study_id":"ST000510","analysis_id":"AN000782","analysis_summary":"Reversed phase POSITIVE ION MODE","metabolite_name":"N-Amidino-L-aspartate","refmet_name":"Guanidinosuccinic acid"},"86":{"study_id":"ST000510","analysis_id":"AN000782","analysis_summary":"Reversed phase POSITIVE ION MODE","metabolite_name":"N-Carbamyl-L-glutamate","refmet_name":"Carglumic acid"},"87":{"study_id":"ST000510","analysis_id":"AN000782","analysis_summary":"Reversed phase POSITIVE ION MODE","metabolite_name":"N-(Dodecanoyl)-ethanolamine","refmet_name":"Lauroyl-EA"},"88":{"study_id":"ST000510","analysis_id":"AN000782","analysis_summary":"Reversed phase POSITIVE ION MODE","metabolite_name":"N-Glycoloyl-neuraminate","refmet_name":"N-Glycoloylneuraminate"},"89":{"study_id":"ST000510","analysis_id":"AN000782","analysis_summary":"Reversed phase POSITIVE ION MODE","metabolite_name":"N-hexadecanoyl-ethanolamine","refmet_name":"Palmitoyl-EA"},"90":{"study_id":"ST000510","analysis_id":"AN000782","analysis_summary":"Reversed phase POSITIVE ION MODE","metabolite_name":"Nicotinamide","refmet_name":"Niacinamide"},"91":{"study_id":"ST000510","analysis_id":"AN000782","analysis_summary":"Reversed phase POSITIVE ION MODE","metabolite_name":"N-(L-Arginino)succinate","refmet_name":"Argininosuccinic acid"},"92":{"study_id":"ST000510","analysis_id":"AN000782","analysis_summary":"Reversed phase POSITIVE ION MODE","metabolite_name":"N-Methylethanolamine phosphate","refmet_name":"N-Methylethanolamine phosphate"},"93":{"study_id":"ST000510","analysis_id":"AN000782","analysis_summary":"Reversed phase POSITIVE ION MODE","metabolite_name":"N-N-Dimethylglycine","refmet_name":"Dimethylglycine"},"94":{"study_id":"ST000510","analysis_id":"AN000782","analysis_summary":"Reversed phase POSITIVE ION MODE","metabolite_name":"N-(Pentadecanoyl)-ethanolamine","refmet_name":"Pentadecanoyl-EA"},"95":{"study_id":"ST000510","analysis_id":"AN000782","analysis_summary":"Reversed phase POSITIVE ION MODE","metabolite_name":"N-(Tetradecanoyl)-ethanolamine","refmet_name":"Myristoyl-EA"},"96":{"study_id":"ST000510","analysis_id":"AN000782","analysis_summary":"Reversed phase POSITIVE ION MODE","metabolite_name":"O-Butanoylcarnitine","refmet_name":"CAR 4:0"},"97":{"study_id":"ST000510","analysis_id":"AN000782","analysis_summary":"Reversed phase POSITIVE ION MODE","metabolite_name":"O-Decanoyl-L-carnitine","refmet_name":"CAR 10:0"},"98":{"study_id":"ST000510","analysis_id":"AN000782","analysis_summary":"Reversed phase POSITIVE ION MODE","metabolite_name":"O-Propanoylcarnitine","refmet_name":"CAR 3:0"},"99":{"study_id":"ST000510","analysis_id":"AN000782","analysis_summary":"Reversed phase POSITIVE ION MODE","metabolite_name":"Ornithine","refmet_name":"Ornithine"},"100":{"study_id":"ST000510","analysis_id":"AN000782","analysis_summary":"Reversed phase POSITIVE ION MODE","metabolite_name":"Orthophosphate","refmet_name":"Phosphoric acid"},"101":{"study_id":"ST000510","analysis_id":"AN000782","analysis_summary":"Reversed phase POSITIVE ION MODE","metabolite_name":"Peptide tryptophan","refmet_name":""},"102":{"study_id":"ST000510","analysis_id":"AN000782","analysis_summary":"Reversed phase POSITIVE ION MODE","metabolite_name":"phenylalanine","refmet_name":"Phenylalanine"},"103":{"study_id":"ST000510","analysis_id":"AN000782","analysis_summary":"Reversed phase POSITIVE ION MODE","metabolite_name":"Phosphocreatine","refmet_name":"Phosphocreatine"},"104":{"study_id":"ST000510","analysis_id":"AN000782","analysis_summary":"Reversed phase POSITIVE ION MODE","metabolite_name":"proline","refmet_name":"Proline"},"105":{"study_id":"ST000510","analysis_id":"AN000782","analysis_summary":"Reversed phase POSITIVE ION MODE","metabolite_name":"Prostaglandin A2","refmet_name":"PGA2"},"106":{"study_id":"ST000510","analysis_id":"AN000782","analysis_summary":"Reversed phase POSITIVE ION MODE","metabolite_name":"Protein 5-hydroxylysine","refmet_name":""},"107":{"study_id":"ST000510","analysis_id":"AN000782","analysis_summary":"Reversed phase POSITIVE ION MODE","metabolite_name":"Protein glutamine","refmet_name":""},"108":{"study_id":"ST000510","analysis_id":"AN000782","analysis_summary":"Reversed phase POSITIVE ION MODE","metabolite_name":"Putrescine","refmet_name":"Putrescine"},"109":{"study_id":"ST000510","analysis_id":"AN000782","analysis_summary":"Reversed phase POSITIVE ION MODE","metabolite_name":"Pyridoxal","refmet_name":"Pyridoxal"},"110":{"study_id":"ST000510","analysis_id":"AN000782","analysis_summary":"Reversed phase POSITIVE ION MODE","metabolite_name":"Riboflavin","refmet_name":"Riboflavin"},"111":{"study_id":"ST000510","analysis_id":"AN000782","analysis_summary":"Reversed phase POSITIVE ION MODE","metabolite_name":"S-Adenosyl-L-homocysteine","refmet_name":"S-Adenosylhomocysteine"},"112":{"study_id":"ST000510","analysis_id":"AN000782","analysis_summary":"Reversed phase POSITIVE ION MODE","metabolite_name":"S-Adenosyl-L-methionine","refmet_name":"S-Adenosylmethionine"},"113":{"study_id":"ST000510","analysis_id":"AN000782","analysis_summary":"Reversed phase POSITIVE ION MODE","metabolite_name":"(S)(+)-Allantoin","refmet_name":"Allantoin"},"114":{"study_id":"ST000510","analysis_id":"AN000782","analysis_summary":"Reversed phase POSITIVE ION MODE","metabolite_name":"serine","refmet_name":"Serine"},"115":{"study_id":"ST000510","analysis_id":"AN000782","analysis_summary":"Reversed phase POSITIVE ION MODE","metabolite_name":"S-Glutathionyl-L-cysteine","refmet_name":"S-Glutathionyl-cysteine"},"116":{"study_id":"ST000510","analysis_id":"AN000782","analysis_summary":"Reversed phase POSITIVE ION MODE","metabolite_name":"sn-glycero-3-Phosphoethanolamine","refmet_name":"sn-Glycero-3-phosphoethanolamine"},"117":{"study_id":"ST000510","analysis_id":"AN000782","analysis_summary":"Reversed phase POSITIVE ION MODE","metabolite_name":"sn-Glycerol 3-phosphate","refmet_name":"sn-Glycero-3-phosphate"},"118":{"study_id":"ST000510","analysis_id":"AN000782","analysis_summary":"Reversed phase POSITIVE ION MODE","metabolite_name":"Spermidine","refmet_name":"Spermidine"},"119":{"study_id":"ST000510","analysis_id":"AN000782","analysis_summary":"Reversed phase POSITIVE ION MODE","metabolite_name":"Spermine","refmet_name":"Spermine"},"120":{"study_id":"ST000510","analysis_id":"AN000782","analysis_summary":"Reversed phase POSITIVE ION MODE","metabolite_name":"Taurine","refmet_name":"Taurine"},"121":{"study_id":"ST000510","analysis_id":"AN000782","analysis_summary":"Reversed phase POSITIVE ION MODE","metabolite_name":"Tetradecenoic acid","refmet_name":"Tetradecenoic acid"},"122":{"study_id":"ST000510","analysis_id":"AN000782","analysis_summary":"Reversed phase POSITIVE ION MODE","metabolite_name":"Thioredoxin disulfide","refmet_name":""},"123":{"study_id":"ST000510","analysis_id":"AN000782","analysis_summary":"Reversed phase POSITIVE ION MODE","metabolite_name":"threonine","refmet_name":"Threonine"},"124":{"study_id":"ST000510","analysis_id":"AN000782","analysis_summary":"Reversed phase POSITIVE ION MODE","metabolite_name":"Thymidine","refmet_name":"Thymidine"},"125":{"study_id":"ST000510","analysis_id":"AN000782","analysis_summary":"Reversed phase POSITIVE ION MODE","metabolite_name":"Thymine","refmet_name":"Thymine"},"126":{"study_id":"ST000510","analysis_id":"AN000782","analysis_summary":"Reversed phase POSITIVE ION MODE","metabolite_name":"trans-4-Hydroxy-L-proline","refmet_name":"trans-4-Hydroxyproline"},"127":{"study_id":"ST000510","analysis_id":"AN000782","analysis_summary":"Reversed phase POSITIVE ION MODE","metabolite_name":"Triacanthine","refmet_name":"Triacanthine"},"128":{"study_id":"ST000510","analysis_id":"AN000782","analysis_summary":"Reversed phase POSITIVE ION MODE","metabolite_name":"tryptophan","refmet_name":"Tryptophan"},"129":{"study_id":"ST000510","analysis_id":"AN000782","analysis_summary":"Reversed phase POSITIVE ION MODE","metabolite_name":"tyrosine","refmet_name":"Tyrosine"},"130":{"study_id":"ST000510","analysis_id":"AN000782","analysis_summary":"Reversed phase POSITIVE ION MODE","metabolite_name":"UMP","refmet_name":"UMP"},"131":{"study_id":"ST000510","analysis_id":"AN000782","analysis_summary":"Reversed phase POSITIVE ION MODE","metabolite_name":"Uracil","refmet_name":"Uracil"},"132":{"study_id":"ST000510","analysis_id":"AN000782","analysis_summary":"Reversed phase POSITIVE ION MODE","metabolite_name":"valine","refmet_name":"Valine"},"133":{"study_id":"ST000510","analysis_id":"AN000782","analysis_summary":"Reversed phase POSITIVE ION MODE","metabolite_name":"Xanthine","refmet_name":"Xanthine"},"134":{"study_id":"ST000510","analysis_id":"AN000783","analysis_summary":"Reversed phase NEGATIVE ION MODE","metabolite_name":"11(R)-HPETE\/Leukotriene B4 (isobars)","refmet_name":"11-HpETE"},"135":{"study_id":"ST000510","analysis_id":"AN000783","analysis_summary":"Reversed phase NEGATIVE ION MODE","metabolite_name":"13(S)-HODE","refmet_name":"13S-HODE"},"136":{"study_id":"ST000510","analysis_id":"AN000783","analysis_summary":"Reversed phase NEGATIVE ION MODE","metabolite_name":"1-4-beta-D-Xylan","refmet_name":""},"137":{"study_id":"ST000510","analysis_id":"AN000783","analysis_summary":"Reversed phase NEGATIVE ION MODE","metabolite_name":"2\/3-Phospho-D-glycerate","refmet_name":"2-Phosphoglyceric acid"},"138":{"study_id":"ST000510","analysis_id":"AN000783","analysis_summary":"Reversed phase NEGATIVE ION MODE","metabolite_name":"2-Oxoglutarate","refmet_name":"Oxoglutaric acid"},"139":{"study_id":"ST000510","analysis_id":"AN000783","analysis_summary":"Reversed phase NEGATIVE ION MODE","metabolite_name":"3alpha-7alpha-12alpha-Trihydroxy-5beta-cholanate","refmet_name":"Cholic acid"},"140":{"study_id":"ST000510","analysis_id":"AN000783","analysis_summary":"Reversed phase NEGATIVE ION MODE","metabolite_name":"4-Pyridoxate","refmet_name":"4-Pyridoxic acid"},"141":{"study_id":"ST000510","analysis_id":"AN000783","analysis_summary":"Reversed phase NEGATIVE ION MODE","metabolite_name":"6-Phospho-D-gluconate","refmet_name":"6-Phosphogluconic acid"},"142":{"study_id":"ST000510","analysis_id":"AN000783","analysis_summary":"Reversed phase NEGATIVE ION MODE","metabolite_name":"9(S)-HODE","refmet_name":"9S-HODE"},"143":{"study_id":"ST000510","analysis_id":"AN000783","analysis_summary":"Reversed phase NEGATIVE ION MODE","metabolite_name":"Acetoacetate","refmet_name":"Acetoacetic acid"},"144":{"study_id":"ST000510","analysis_id":"AN000783","analysis_summary":"Reversed phase NEGATIVE ION MODE","metabolite_name":"alhpa-tocopheronolactone","refmet_name":"Alhpa-tocopheronolactone"},"145":{"study_id":"ST000510","analysis_id":"AN000783","analysis_summary":"Reversed phase NEGATIVE ION MODE","metabolite_name":"AMP","refmet_name":"AMP"},"146":{"study_id":"ST000510","analysis_id":"AN000783","analysis_summary":"Reversed phase NEGATIVE ION MODE","metabolite_name":"Catechin","refmet_name":"Catechin"},"147":{"study_id":"ST000510","analysis_id":"AN000783","analysis_summary":"Reversed phase NEGATIVE ION MODE","metabolite_name":"Citrate","refmet_name":"Citric acid"},"148":{"study_id":"ST000510","analysis_id":"AN000783","analysis_summary":"Reversed phase NEGATIVE ION MODE","metabolite_name":"Cortisol","refmet_name":"Cortisol"},"149":{"study_id":"ST000510","analysis_id":"AN000783","analysis_summary":"Reversed phase NEGATIVE ION MODE","metabolite_name":"Dehydroascorbate","refmet_name":"L-Dehydroascorbic acid"},"150":{"study_id":"ST000510","analysis_id":"AN000783","analysis_summary":"Reversed phase NEGATIVE ION MODE","metabolite_name":"D-Erythrose 4-phosphate","refmet_name":"Erythrose 4-phosphate"},"151":{"study_id":"ST000510","analysis_id":"AN000783","analysis_summary":"Reversed phase NEGATIVE ION MODE","metabolite_name":"D-Glucono-1-5-lactone 6-phosphate","refmet_name":"6-Phosphonoglucono-D-lactone"},"152":{"study_id":"ST000510","analysis_id":"AN000783","analysis_summary":"Reversed phase NEGATIVE ION MODE","metabolite_name":"D-Glucose","refmet_name":"Glucose"},"153":{"study_id":"ST000510","analysis_id":"AN000783","analysis_summary":"Reversed phase NEGATIVE ION MODE","metabolite_name":"D-Glucose 6-phosphate","refmet_name":"Glucose 6-phosphate"},"154":{"study_id":"ST000510","analysis_id":"AN000783","analysis_summary":"Reversed phase NEGATIVE ION MODE","metabolite_name":"D-Glyceraldehyde 3-phosphate\/Glycerone phosphate","refmet_name":"Glyceraldehyde 3-phosphate"},"155":{"study_id":"ST000510","analysis_id":"AN000783","analysis_summary":"Reversed phase NEGATIVE ION MODE","metabolite_name":"dihydroxy-hexadecanoic acid","refmet_name":"Dihydroxyhexadecanoic acid"},"156":{"study_id":"ST000510","analysis_id":"AN000783","analysis_summary":"Reversed phase NEGATIVE ION MODE","metabolite_name":"dihydroxy-octadecanoic acid","refmet_name":""},"157":{"study_id":"ST000510","analysis_id":"AN000783","analysis_summary":"Reversed phase NEGATIVE ION MODE","metabolite_name":"Diphosphate","refmet_name":"Pyrophosphate"},"158":{"study_id":"ST000510","analysis_id":"AN000783","analysis_summary":"Reversed phase NEGATIVE ION MODE","metabolite_name":"Dodecanedioic acid","refmet_name":"Dodecanedioic acid"},"159":{"study_id":"ST000510","analysis_id":"AN000783","analysis_summary":"Reversed phase NEGATIVE ION MODE","metabolite_name":"D-O-Phosphoserine","refmet_name":""},"160":{"study_id":"ST000510","analysis_id":"AN000783","analysis_summary":"Reversed phase NEGATIVE ION MODE","metabolite_name":"D-Rhamnose","refmet_name":"Rhamnose"},"161":{"study_id":"ST000510","analysis_id":"AN000783","analysis_summary":"Reversed phase NEGATIVE ION MODE","metabolite_name":"D-Ribose","refmet_name":"Ribose"},"162":{"study_id":"ST000510","analysis_id":"AN000783","analysis_summary":"Reversed phase NEGATIVE ION MODE","metabolite_name":"epoxy-octadecanoic acid","refmet_name":""},"163":{"study_id":"ST000510","analysis_id":"AN000783","analysis_summary":"Reversed phase NEGATIVE ION MODE","metabolite_name":"Fumarate","refmet_name":"Fumaric acid"},"164":{"study_id":"ST000510","analysis_id":"AN000783","analysis_summary":"Reversed phase NEGATIVE ION MODE","metabolite_name":"Glycocholate","refmet_name":"Glycocholic acid"},"165":{"study_id":"ST000510","analysis_id":"AN000783","analysis_summary":"Reversed phase NEGATIVE ION MODE","metabolite_name":"Heptanoic acid","refmet_name":"Heptylic acid"},"166":{"study_id":"ST000510","analysis_id":"AN000783","analysis_summary":"Reversed phase NEGATIVE ION MODE","metabolite_name":"Hydroxyacetone phosphate","refmet_name":"Hydroxyacetone phosphate"},"167":{"study_id":"ST000510","analysis_id":"AN000783","analysis_summary":"Reversed phase NEGATIVE ION MODE","metabolite_name":"hydroxy-dodecanedioic acid","refmet_name":"Hydroxydodecanedioic acid"},"168":{"study_id":"ST000510","analysis_id":"AN000783","analysis_summary":"Reversed phase NEGATIVE ION MODE","metabolite_name":"Icosatetraenoic acid","refmet_name":"Eicosatetraenoic acid"},"169":{"study_id":"ST000510","analysis_id":"AN000783","analysis_summary":"Reversed phase NEGATIVE ION MODE","metabolite_name":"Lactate","refmet_name":"Lactic acid"},"170":{"study_id":"ST000510","analysis_id":"AN000783","analysis_summary":"Reversed phase NEGATIVE ION MODE","metabolite_name":"Malate","refmet_name":"Malic acid"},"171":{"study_id":"ST000510","analysis_id":"AN000783","analysis_summary":"Reversed phase NEGATIVE ION MODE","metabolite_name":"Maltose","refmet_name":"Maltose"},"172":{"study_id":"ST000510","analysis_id":"AN000783","analysis_summary":"Reversed phase NEGATIVE ION MODE","metabolite_name":"Maltotriose","refmet_name":"Maltotriose"},"173":{"study_id":"ST000510","analysis_id":"AN000783","analysis_summary":"Reversed phase NEGATIVE ION MODE","metabolite_name":"Mannitol","refmet_name":"Mannitol"},"174":{"study_id":"ST000510","analysis_id":"AN000783","analysis_summary":"Reversed phase NEGATIVE ION MODE","metabolite_name":"Octanoic acid (caprylate)","refmet_name":"Caprylic acid"},"175":{"study_id":"ST000510","analysis_id":"AN000783","analysis_summary":"Reversed phase NEGATIVE ION MODE","metabolite_name":"Oxaloacetate","refmet_name":"Oxaloacetic acid"},"176":{"study_id":"ST000510","analysis_id":"AN000783","analysis_summary":"Reversed phase NEGATIVE ION MODE","metabolite_name":"Pentose phosphates (isobars)","refmet_name":"Ribulose 5-phosphate"},"177":{"study_id":"ST000510","analysis_id":"AN000783","analysis_summary":"Reversed phase NEGATIVE ION MODE","metabolite_name":"Pyruvate","refmet_name":"Pyruvic acid"},"178":{"study_id":"ST000510","analysis_id":"AN000783","analysis_summary":"Reversed phase NEGATIVE ION MODE","metabolite_name":"Sedoheptulose 7-phosphate","refmet_name":"Sedoheptulose 7-phosphate"},"179":{"study_id":"ST000510","analysis_id":"AN000783","analysis_summary":"Reversed phase NEGATIVE ION MODE","metabolite_name":"Succinate","refmet_name":"Succinic acid"},"180":{"study_id":"ST000510","analysis_id":"AN000783","analysis_summary":"Reversed phase NEGATIVE ION MODE","metabolite_name":"Sulfoglycolithocholate","refmet_name":"Sulfoglycolithocholic acid"},"181":{"study_id":"ST000510","analysis_id":"AN000783","analysis_summary":"Reversed phase NEGATIVE ION MODE","metabolite_name":"Taurochenodeoxycholate","refmet_name":"Taurochenodeoxycholic acid"},"182":{"study_id":"ST000510","analysis_id":"AN000783","analysis_summary":"Reversed phase NEGATIVE ION MODE","metabolite_name":"trihydroxy-octadecenoic acid","refmet_name":"Trihydroxyoctadecenoic acid"},"183":{"study_id":"ST000510","analysis_id":"AN000783","analysis_summary":"Reversed phase NEGATIVE ION MODE","metabolite_name":"Urate","refmet_name":"Uric acid"}}