{"1":{"study_id":"ST000623","analysis_id":"AN001820","analysis_summary":"GC POSITIVE ION MODE","metabolite_name":"1,2-Propanediol","refmet_name":"1,2-Propanediol"},"2":{"study_id":"ST000623","analysis_id":"AN001820","analysis_summary":"GC POSITIVE ION MODE","metabolite_name":"1,5-Anhydroglucitol","refmet_name":"1,5-Anhydrosorbitol"},"3":{"study_id":"ST000623","analysis_id":"AN001820","analysis_summary":"GC POSITIVE ION MODE","metabolite_name":"2-Aminoadipic Acid","refmet_name":"Aminoadipic acid"},"4":{"study_id":"ST000623","analysis_id":"AN001820","analysis_summary":"GC POSITIVE ION MODE","metabolite_name":"2-Hydroxybutyric Acid","refmet_name":"2-Hydroxybutyric acid"},"5":{"study_id":"ST000623","analysis_id":"AN001820","analysis_summary":"GC POSITIVE ION MODE","metabolite_name":"2-Hydroxyglutaric Acid","refmet_name":"2-Hydroxyglutaric acid"},"6":{"study_id":"ST000623","analysis_id":"AN001820","analysis_summary":"GC POSITIVE ION MODE","metabolite_name":"2-Hydroxypyridine","refmet_name":"2-Hydroxypyridine"},"7":{"study_id":"ST000623","analysis_id":"AN001820","analysis_summary":"GC POSITIVE ION MODE","metabolite_name":"3-Phosphoglyceric Acid","refmet_name":"3-Phosphoglyceric acid"},"8":{"study_id":"ST000623","analysis_id":"AN001820","analysis_summary":"GC POSITIVE ION MODE","metabolite_name":"4-Hydroxymandelic Acid","refmet_name":"4-Hydroxymandelic acid"},"9":{"study_id":"ST000623","analysis_id":"AN001820","analysis_summary":"GC POSITIVE ION MODE","metabolite_name":"Adenine","refmet_name":"Adenine"},"10":{"study_id":"ST000623","analysis_id":"AN001820","analysis_summary":"GC POSITIVE ION MODE","metabolite_name":"Adenosine","refmet_name":"Adenosine"},"11":{"study_id":"ST000623","analysis_id":"AN001820","analysis_summary":"GC POSITIVE ION MODE","metabolite_name":"Adenosine-5-Monophosphate","refmet_name":"AMP"},"12":{"study_id":"ST000623","analysis_id":"AN001820","analysis_summary":"GC POSITIVE ION MODE","metabolite_name":"Alanine","refmet_name":"Alanine"},"13":{"study_id":"ST000623","analysis_id":"AN001820","analysis_summary":"GC POSITIVE ION MODE","metabolite_name":"Alpha-Tocopherol","refmet_name":"alpha-Tocopherol"},"14":{"study_id":"ST000623","analysis_id":"AN001820","analysis_summary":"GC POSITIVE ION MODE","metabolite_name":"Aminomalonic Acid","refmet_name":"Aminomalonic acid"},"15":{"study_id":"ST000623","analysis_id":"AN001820","analysis_summary":"GC POSITIVE ION MODE","metabolite_name":"Arachidonic Acid (Also Eicosapentaenoic Acid)","refmet_name":"Arachidonic acid"},"16":{"study_id":"ST000623","analysis_id":"AN001820","analysis_summary":"GC POSITIVE ION MODE","metabolite_name":"Asparagine","refmet_name":"Asparagine"},"17":{"study_id":"ST000623","analysis_id":"AN001820","analysis_summary":"GC POSITIVE ION MODE","metabolite_name":"Aspartic Acid","refmet_name":"Aspartic acid"},"18":{"study_id":"ST000623","analysis_id":"AN001820","analysis_summary":"GC POSITIVE ION MODE","metabolite_name":"Beta-Alanine","refmet_name":"beta-Alanine"},"19":{"study_id":"ST000623","analysis_id":"AN001820","analysis_summary":"GC POSITIVE ION MODE","metabolite_name":"Beta-Hydroxybutyric Acid","refmet_name":"3-Hydroxybutyric acid"},"20":{"study_id":"ST000623","analysis_id":"AN001820","analysis_summary":"GC POSITIVE ION MODE","metabolite_name":"Campesterol","refmet_name":"Campesterol"},"21":{"study_id":"ST000623","analysis_id":"AN001820","analysis_summary":"GC POSITIVE ION MODE","metabolite_name":"Carnosine","refmet_name":"Carnosine"},"22":{"study_id":"ST000623","analysis_id":"AN001820","analysis_summary":"GC POSITIVE ION MODE","metabolite_name":"Cholesterol","refmet_name":"Cholesterol"},"23":{"study_id":"ST000623","analysis_id":"AN001820","analysis_summary":"GC POSITIVE ION MODE","metabolite_name":"Citric Acid\/Isocitric Acid","refmet_name":"Citric acid\/Isocitric acid"},"24":{"study_id":"ST000623","analysis_id":"AN001820","analysis_summary":"GC POSITIVE ION MODE","metabolite_name":"Creatinine","refmet_name":"Creatinine"},"25":{"study_id":"ST000623","analysis_id":"AN001820","analysis_summary":"GC POSITIVE ION MODE","metabolite_name":"Dehydroascorbic Acid","refmet_name":"L-Dehydroascorbic acid"},"26":{"study_id":"ST000623","analysis_id":"AN001820","analysis_summary":"GC POSITIVE ION MODE","metabolite_name":"Disaccharide","refmet_name":""},"27":{"study_id":"ST000623","analysis_id":"AN001820","analysis_summary":"GC POSITIVE ION MODE","metabolite_name":"Ethanolamine","refmet_name":"Ethanolamine"},"28":{"study_id":"ST000623","analysis_id":"AN001820","analysis_summary":"GC POSITIVE ION MODE","metabolite_name":"Fructose-6-Phosphate","refmet_name":"Fructose 6-phosphate"},"29":{"study_id":"ST000623","analysis_id":"AN001820","analysis_summary":"GC POSITIVE ION MODE","metabolite_name":"Fructose Or Similar Ketohexose","refmet_name":"Ketohexose"},"30":{"study_id":"ST000623","analysis_id":"AN001820","analysis_summary":"GC POSITIVE ION MODE","metabolite_name":"Fumaric Acid","refmet_name":"Fumaric acid"},"31":{"study_id":"ST000623","analysis_id":"AN001820","analysis_summary":"GC POSITIVE ION MODE","metabolite_name":"Gamma-Hydroxybutyric Acid\/Ethylmalonic Acid","refmet_name":""},"32":{"study_id":"ST000623","analysis_id":"AN001820","analysis_summary":"GC POSITIVE ION MODE","metabolite_name":"Glucose-6-Phosphate","refmet_name":"Glucose 6-phosphate"},"33":{"study_id":"ST000623","analysis_id":"AN001820","analysis_summary":"GC POSITIVE ION MODE","metabolite_name":"Glucose And Other Aldohexoses","refmet_name":"Hexose"},"34":{"study_id":"ST000623","analysis_id":"AN001820","analysis_summary":"GC POSITIVE ION MODE","metabolite_name":"Glutamic Acid","refmet_name":"Glutamic acid"},"35":{"study_id":"ST000623","analysis_id":"AN001820","analysis_summary":"GC POSITIVE ION MODE","metabolite_name":"Glutamine","refmet_name":"Glutamine"},"36":{"study_id":"ST000623","analysis_id":"AN001820","analysis_summary":"GC POSITIVE ION MODE","metabolite_name":"Glycerol 1-Phosphate","refmet_name":"sn-Glycero-3-phosphate"},"37":{"study_id":"ST000623","analysis_id":"AN001820","analysis_summary":"GC POSITIVE ION MODE","metabolite_name":"Glycine","refmet_name":"Glycine"},"38":{"study_id":"ST000623","analysis_id":"AN001820","analysis_summary":"GC POSITIVE ION MODE","metabolite_name":"Hydroxyprolines","refmet_name":""},"39":{"study_id":"ST000623","analysis_id":"AN001820","analysis_summary":"GC POSITIVE ION MODE","metabolite_name":"Hypotaurine","refmet_name":"Hypotaurine"},"40":{"study_id":"ST000623","analysis_id":"AN001820","analysis_summary":"GC POSITIVE ION MODE","metabolite_name":"Hypoxanthine","refmet_name":"Hypoxanthine"},"41":{"study_id":"ST000623","analysis_id":"AN001820","analysis_summary":"GC POSITIVE ION MODE","metabolite_name":"Inosine","refmet_name":"Inosine"},"42":{"study_id":"ST000623","analysis_id":"AN001820","analysis_summary":"GC POSITIVE ION MODE","metabolite_name":"Isoleucine\/Leucine","refmet_name":"Leucine"},"43":{"study_id":"ST000623","analysis_id":"AN001820","analysis_summary":"GC POSITIVE ION MODE","metabolite_name":"Ketopentose-5-Phosphate","refmet_name":""},"44":{"study_id":"ST000623","analysis_id":"AN001820","analysis_summary":"GC POSITIVE ION MODE","metabolite_name":"Lactamide","refmet_name":"Lactamide"},"45":{"study_id":"ST000623","analysis_id":"AN001820","analysis_summary":"GC POSITIVE ION MODE","metabolite_name":"Lactic Acid","refmet_name":"Lactic acid"},"46":{"study_id":"ST000623","analysis_id":"AN001820","analysis_summary":"GC POSITIVE ION MODE","metabolite_name":"Linoleic Acid","refmet_name":"Linoleic acid"},"47":{"study_id":"ST000623","analysis_id":"AN001820","analysis_summary":"GC POSITIVE ION MODE","metabolite_name":"Lysine","refmet_name":"Lysine"},"48":{"study_id":"ST000623","analysis_id":"AN001820","analysis_summary":"GC POSITIVE ION MODE","metabolite_name":"Malic Acid","refmet_name":"Malic acid"},"49":{"study_id":"ST000623","analysis_id":"AN001820","analysis_summary":"GC POSITIVE ION MODE","metabolite_name":"Maltose Or Similar Disaccharide","refmet_name":"Maltose"},"50":{"study_id":"ST000623","analysis_id":"AN001820","analysis_summary":"GC POSITIVE ION MODE","metabolite_name":"Myoinositol","refmet_name":"Myo-inositol"},"51":{"study_id":"ST000623","analysis_id":"AN001820","analysis_summary":"GC POSITIVE ION MODE","metabolite_name":"Myoinositol-2-Phosphate","refmet_name":"myo-Inositol 2-phosphate"},"52":{"study_id":"ST000623","analysis_id":"AN001820","analysis_summary":"GC POSITIVE ION MODE","metabolite_name":"N-Acetylneuraminic Acid","refmet_name":"N-Acetylneuraminic acid"},"53":{"study_id":"ST000623","analysis_id":"AN001820","analysis_summary":"GC POSITIVE ION MODE","metabolite_name":"N-Methylalanine\/2-Aminobutanoic Acid\/N-Ethylglycine","refmet_name":""},"54":{"study_id":"ST000623","analysis_id":"AN001820","analysis_summary":"GC POSITIVE ION MODE","metabolite_name":"Oleic Acid","refmet_name":"Oleic acid"},"55":{"study_id":"ST000623","analysis_id":"AN001820","analysis_summary":"GC POSITIVE ION MODE","metabolite_name":"O-Methylphosphate","refmet_name":"Methanolphosphate"},"56":{"study_id":"ST000623","analysis_id":"AN001820","analysis_summary":"GC POSITIVE ION MODE","metabolite_name":"O-Phosphocolamine","refmet_name":"Phosphoethanolamine"},"57":{"study_id":"ST000623","analysis_id":"AN001820","analysis_summary":"GC POSITIVE ION MODE","metabolite_name":"Pantothenic Acid","refmet_name":"Pantothenic acid"},"58":{"study_id":"ST000623","analysis_id":"AN001820","analysis_summary":"GC POSITIVE ION MODE","metabolite_name":"Phenylalanine","refmet_name":"Phenylalanine"},"59":{"study_id":"ST000623","analysis_id":"AN001820","analysis_summary":"GC POSITIVE ION MODE","metabolite_name":"Phosphoric Acid","refmet_name":"Phosphoric acid"},"60":{"study_id":"ST000623","analysis_id":"AN001820","analysis_summary":"GC POSITIVE ION MODE","metabolite_name":"Proline","refmet_name":"Proline"},"61":{"study_id":"ST000623","analysis_id":"AN001820","analysis_summary":"GC POSITIVE ION MODE","metabolite_name":"Pyrophosphate","refmet_name":"Pyrophosphate"},"62":{"study_id":"ST000623","analysis_id":"AN001820","analysis_summary":"GC POSITIVE ION MODE","metabolite_name":"Serine","refmet_name":"Serine"},"63":{"study_id":"ST000623","analysis_id":"AN001820","analysis_summary":"GC POSITIVE ION MODE","metabolite_name":"Siloxanes_R1","refmet_name":""},"64":{"study_id":"ST000623","analysis_id":"AN001820","analysis_summary":"GC POSITIVE ION MODE","metabolite_name":"Siloxanes_R2","refmet_name":""},"65":{"study_id":"ST000623","analysis_id":"AN001820","analysis_summary":"GC POSITIVE ION MODE","metabolite_name":"Siloxanes_R3","refmet_name":""},"66":{"study_id":"ST000623","analysis_id":"AN001820","analysis_summary":"GC POSITIVE ION MODE","metabolite_name":"Spermidine","refmet_name":"Spermidine"},"67":{"study_id":"ST000623","analysis_id":"AN001820","analysis_summary":"GC POSITIVE ION MODE","metabolite_name":"Spermine","refmet_name":"Spermine"},"68":{"study_id":"ST000623","analysis_id":"AN001820","analysis_summary":"GC POSITIVE ION MODE","metabolite_name":"Squalene","refmet_name":"Squalene"},"69":{"study_id":"ST000623","analysis_id":"AN001820","analysis_summary":"GC POSITIVE ION MODE","metabolite_name":"Stearamide","refmet_name":"Stearamide"},"70":{"study_id":"ST000623","analysis_id":"AN001820","analysis_summary":"GC POSITIVE ION MODE","metabolite_name":"Succinic Acid","refmet_name":"Succinic acid"},"71":{"study_id":"ST000623","analysis_id":"AN001820","analysis_summary":"GC POSITIVE ION MODE","metabolite_name":"Threonine","refmet_name":"Threonine"},"72":{"study_id":"ST000623","analysis_id":"AN001820","analysis_summary":"GC POSITIVE ION MODE","metabolite_name":"Trisaccharide","refmet_name":"Hexose trisaccharide"},"73":{"study_id":"ST000623","analysis_id":"AN001820","analysis_summary":"GC POSITIVE ION MODE","metabolite_name":"Tyrosine","refmet_name":"Tyrosine"},"74":{"study_id":"ST000623","analysis_id":"AN001820","analysis_summary":"GC POSITIVE ION MODE","metabolite_name":"Uracil","refmet_name":"Uracil"},"75":{"study_id":"ST000623","analysis_id":"AN001820","analysis_summary":"GC POSITIVE ION MODE","metabolite_name":"Urea","refmet_name":"Urea"},"76":{"study_id":"ST000623","analysis_id":"AN001820","analysis_summary":"GC POSITIVE ION MODE","metabolite_name":"Uric Acid","refmet_name":"Uric acid"},"77":{"study_id":"ST000623","analysis_id":"AN001820","analysis_summary":"GC POSITIVE ION MODE","metabolite_name":"Valine","refmet_name":"Valine"},"78":{"study_id":"ST000623","analysis_id":"AN001820","analysis_summary":"GC POSITIVE ION MODE","metabolite_name":"Xanthine","refmet_name":"Xanthine"}}