{"1":{"study_id":"ST000444","analysis_id":"AN000695","analysis_summary":"Reversed phase POSITIVE ION MODE","metabolite_name":"10-Hydroxy-octadec-12Z-enoate-9-beta-D-glucuronide","refmet_name":""},"2":{"study_id":"ST000444","analysis_id":"AN000695","analysis_summary":"Reversed phase POSITIVE ION MODE","metabolite_name":"12-Hydroxynevirapine","refmet_name":"12-Hydroxynevirapine"},"3":{"study_id":"ST000444","analysis_id":"AN000695","analysis_summary":"Reversed phase POSITIVE ION MODE","metabolite_name":"12-Hydroxynevirapine glucuronide","refmet_name":""},"4":{"study_id":"ST000444","analysis_id":"AN000695","analysis_summary":"Reversed phase POSITIVE ION MODE","metabolite_name":"1,3-Diacetylpropane","refmet_name":""},"5":{"study_id":"ST000444","analysis_id":"AN000695","analysis_summary":"Reversed phase POSITIVE ION MODE","metabolite_name":"15beta-hydroxycyproterone acetate","refmet_name":""},"6":{"study_id":"ST000444","analysis_id":"AN000695","analysis_summary":"Reversed phase POSITIVE ION MODE","metabolite_name":"15-Deoxy-d-12,14-PGJ2","refmet_name":"15-Deoxy-delta-12,14-PGJ2"},"7":{"study_id":"ST000444","analysis_id":"AN000695","analysis_summary":"Reversed phase POSITIVE ION MODE","metabolite_name":"15(S)-HETE","refmet_name":"15S-HETE"},"8":{"study_id":"ST000444","analysis_id":"AN000695","analysis_summary":"Reversed phase POSITIVE ION MODE","metabolite_name":"16-a-Hydroxypregnenolone","refmet_name":"16alpha-Hydroxypregnenolone"},"9":{"study_id":"ST000444","analysis_id":"AN000695","analysis_summary":"Reversed phase POSITIVE ION MODE","metabolite_name":"16\u03b1-hydroxyprednisolone","refmet_name":""},"10":{"study_id":"ST000444","analysis_id":"AN000695","analysis_summary":"Reversed phase POSITIVE ION MODE","metabolite_name":"17a-Ethynylestradiol","refmet_name":"17alpha-Ethinyl estradiol"},"11":{"study_id":"ST000444","analysis_id":"AN000695","analysis_summary":"Reversed phase POSITIVE ION MODE","metabolite_name":"17-Hydroxyprogesterone","refmet_name":"17alpha-Hydroxyprogesterone"},"12":{"study_id":"ST000444","analysis_id":"AN000695","analysis_summary":"Reversed phase POSITIVE ION MODE","metabolite_name":"1-Methyl-4-nitroimidazole","refmet_name":""},"13":{"study_id":"ST000444","analysis_id":"AN000695","analysis_summary":"Reversed phase POSITIVE ION MODE","metabolite_name":"1-Methyladenosine","refmet_name":"1-Methyladenosine"},"14":{"study_id":"ST000444","analysis_id":"AN000695","analysis_summary":"Reversed phase POSITIVE ION MODE","metabolite_name":"1-Methylhistidine","refmet_name":"1-Methylhistidine"},"15":{"study_id":"ST000444","analysis_id":"AN000695","analysis_summary":"Reversed phase POSITIVE ION MODE","metabolite_name":"2,2,4-Trimethyl-1,3-pentadienol diisobutyrate","refmet_name":""},"16":{"study_id":"ST000444","analysis_id":"AN000695","analysis_summary":"Reversed phase POSITIVE ION MODE","metabolite_name":"2,3-Dinor-6-keto-prostaglandin F1 a","refmet_name":"2,3-Dinor-6-keto-prostaglandin F1 alpha"},"17":{"study_id":"ST000444","analysis_id":"AN000695","analysis_summary":"Reversed phase POSITIVE ION MODE","metabolite_name":"2,3-Dinor-TXB2","refmet_name":"2,3-Dinor-TXB2"},"18":{"study_id":"ST000444","analysis_id":"AN000695","analysis_summary":"Reversed phase POSITIVE ION MODE","metabolite_name":"2,3-Methyleneglutaric acid","refmet_name":""},"19":{"study_id":"ST000444","analysis_id":"AN000695","analysis_summary":"Reversed phase POSITIVE ION MODE","metabolite_name":"2,6-Di-tert-butylbenzoquinone","refmet_name":"2,6-Di-tert-butylbenzoquinone"},"20":{"study_id":"ST000444","analysis_id":"AN000695","analysis_summary":"Reversed phase POSITIVE ION MODE","metabolite_name":"2-Hydroxycaproic acid","refmet_name":"2-Hydroxyhexanoic acid"},"21":{"study_id":"ST000444","analysis_id":"AN000695","analysis_summary":"Reversed phase POSITIVE ION MODE","metabolite_name":"2-Hydroxyestradiol-3-methyl ether","refmet_name":"2-Hydroxyestradiol-3-methyl ether"},"22":{"study_id":"ST000444","analysis_id":"AN000695","analysis_summary":"Reversed phase POSITIVE ION MODE","metabolite_name":"2-Hydroxy-imipramine glucuronide","refmet_name":""},"23":{"study_id":"ST000444","analysis_id":"AN000695","analysis_summary":"Reversed phase POSITIVE ION MODE","metabolite_name":"2-Methyl-4-heptanone","refmet_name":""},"24":{"study_id":"ST000444","analysis_id":"AN000695","analysis_summary":"Reversed phase POSITIVE ION MODE","metabolite_name":"2-Methylbutyroylcarnitine","refmet_name":"CAR 4:0;2Me"},"25":{"study_id":"ST000444","analysis_id":"AN000695","analysis_summary":"Reversed phase POSITIVE ION MODE","metabolite_name":"2-Octenedioic acid","refmet_name":"2-Octenedioic acid"},"26":{"study_id":"ST000444","analysis_id":"AN000695","analysis_summary":"Reversed phase POSITIVE ION MODE","metabolite_name":"2-Octenoylcarnitine","refmet_name":"CAR 8:1(2)"},"27":{"study_id":"ST000444","analysis_id":"AN000695","analysis_summary":"Reversed phase POSITIVE ION MODE","metabolite_name":"2-pentylfuran","refmet_name":"2-Pentylfuran"},"28":{"study_id":"ST000444","analysis_id":"AN000695","analysis_summary":"Reversed phase POSITIVE ION MODE","metabolite_name":"2-Propyl-2,4-pentadienoic acid","refmet_name":"Caprylic acid"},"29":{"study_id":"ST000444","analysis_id":"AN000695","analysis_summary":"Reversed phase POSITIVE ION MODE","metabolite_name":"(2S,3R)-2-[(1R)-1-[3,5-bis(trifluoromethyl)phenyl]ethoxy]-3-(4-fluorophenyl)morpholine","refmet_name":""},"30":{"study_id":"ST000444","analysis_id":"AN000695","analysis_summary":"Reversed phase POSITIVE ION MODE","metabolite_name":"(3a,5b,7a,12a)-24-[(carboxymethyl)amino]-1,12-dihydroxy-24-oxocholan-3-yl-b-D-Glucopyranosiduronic acid","refmet_name":""},"31":{"study_id":"ST000444","analysis_id":"AN000695","analysis_summary":"Reversed phase POSITIVE ION MODE","metabolite_name":"3-Dechloroethylifosfamide","refmet_name":""},"32":{"study_id":"ST000444","analysis_id":"AN000695","analysis_summary":"Reversed phase POSITIVE ION MODE","metabolite_name":"3-Hydroxy-cis-5-tetradecenoylcarnitine","refmet_name":"CAR 14:1;OH"},"33":{"study_id":"ST000444","analysis_id":"AN000695","analysis_summary":"Reversed phase POSITIVE ION MODE","metabolite_name":"3-Hydroxytetradecanedioic acid","refmet_name":"3-Hydroxy-tetradecanedioic acid"},"34":{"study_id":"ST000444","analysis_id":"AN000695","analysis_summary":"Reversed phase POSITIVE ION MODE","metabolite_name":"4-(2,6,6-Trimethyl-1-cyclohexen-1-yl)-2-butanone","refmet_name":"4-(2,6,6-Trimethyl-1-cyclohexen-1-yl)-2-butanone"},"35":{"study_id":"ST000444","analysis_id":"AN000695","analysis_summary":"Reversed phase POSITIVE ION MODE","metabolite_name":"4-ene-Valproic acid","refmet_name":"4-ene-Valproic acid"},"36":{"study_id":"ST000444","analysis_id":"AN000695","analysis_summary":"Reversed phase POSITIVE ION MODE","metabolite_name":"4-Hydroxynonenal","refmet_name":"4-Hydroxynonenal"},"37":{"study_id":"ST000444","analysis_id":"AN000695","analysis_summary":"Reversed phase POSITIVE ION MODE","metabolite_name":"4-Hydroxypropofol","refmet_name":"4-Hydroxypropofol"},"38":{"study_id":"ST000444","analysis_id":"AN000695","analysis_summary":"Reversed phase POSITIVE ION MODE","metabolite_name":"4-(Methylnitrosamino)-1-(3-pyridyl)-1-butanol glucuronide","refmet_name":""},"39":{"study_id":"ST000444","analysis_id":"AN000695","analysis_summary":"Reversed phase POSITIVE ION MODE","metabolite_name":"5'-(3'-Methoxy-4'-hydroxyphenyl)-gamma-valerolactone","refmet_name":"5'-(3'-Methoxy-4'-hydroxyphenyl)-gamma-valerolactone"},"40":{"study_id":"ST000444","analysis_id":"AN000695","analysis_summary":"Reversed phase POSITIVE ION MODE","metabolite_name":"5a-Tetrahydrocortisol","refmet_name":"5alpha-Tetrahydrocortisol"},"41":{"study_id":"ST000444","analysis_id":"AN000695","analysis_summary":"Reversed phase POSITIVE ION MODE","metabolite_name":"5-Hydroxymethyl tolterodine","refmet_name":""},"42":{"study_id":"ST000444","analysis_id":"AN000695","analysis_summary":"Reversed phase POSITIVE ION MODE","metabolite_name":"6beta-hydroxybudesonide","refmet_name":""},"43":{"study_id":"ST000444","analysis_id":"AN000695","analysis_summary":"Reversed phase POSITIVE ION MODE","metabolite_name":"7C-aglycone","refmet_name":"7C-Aglycone"},"44":{"study_id":"ST000444","analysis_id":"AN000695","analysis_summary":"Reversed phase POSITIVE ION MODE","metabolite_name":"8-Hydroxycarvedilol","refmet_name":"8-Hydroxycarvedilol"},"45":{"study_id":"ST000444","analysis_id":"AN000695","analysis_summary":"Reversed phase POSITIVE ION MODE","metabolite_name":"9-Decenoylcarnitine","refmet_name":"CAR 10:1(9)"},"46":{"study_id":"ST000444","analysis_id":"AN000695","analysis_summary":"Reversed phase POSITIVE ION MODE","metabolite_name":"Acenocoumarol","refmet_name":"Acenocoumarol"},"47":{"study_id":"ST000444","analysis_id":"AN000695","analysis_summary":"Reversed phase POSITIVE ION MODE","metabolite_name":"Acetyldigitoxin","refmet_name":"Acetyldigitoxin"},"48":{"study_id":"ST000444","analysis_id":"AN000695","analysis_summary":"Reversed phase POSITIVE ION MODE","metabolite_name":"Acitretin","refmet_name":""},"49":{"study_id":"ST000444","analysis_id":"AN000695","analysis_summary":"Reversed phase POSITIVE ION MODE","metabolite_name":"AFN911","refmet_name":""},"50":{"study_id":"ST000444","analysis_id":"AN000695","analysis_summary":"Reversed phase POSITIVE ION MODE","metabolite_name":"Aldosterone","refmet_name":"Aldosterone"},"51":{"study_id":"ST000444","analysis_id":"AN000695","analysis_summary":"Reversed phase POSITIVE ION MODE","metabolite_name":"Alizapride","refmet_name":"Alizapride"},"52":{"study_id":"ST000444","analysis_id":"AN000695","analysis_summary":"Reversed phase POSITIVE ION MODE","metabolite_name":"Alosetron","refmet_name":"Alosetron"},"53":{"study_id":"ST000444","analysis_id":"AN000695","analysis_summary":"Reversed phase POSITIVE ION MODE","metabolite_name":"Alvimopan","refmet_name":"Alvimopan"},"54":{"study_id":"ST000444","analysis_id":"AN000695","analysis_summary":"Reversed phase POSITIVE ION MODE","metabolite_name":"Androstenedione","refmet_name":"Androstenedione"},"55":{"study_id":"ST000444","analysis_id":"AN000695","analysis_summary":"Reversed phase POSITIVE ION MODE","metabolite_name":"Androsterone glucuronide","refmet_name":"Androsterone 3-glucuronide"},"56":{"study_id":"ST000444","analysis_id":"AN000695","analysis_summary":"Reversed phase POSITIVE ION MODE","metabolite_name":"Anserine","refmet_name":"Anserine"},"57":{"study_id":"ST000444","analysis_id":"AN000695","analysis_summary":"Reversed phase POSITIVE ION MODE","metabolite_name":"Antrafenine","refmet_name":"Antrafenine"},"58":{"study_id":"ST000444","analysis_id":"AN000695","analysis_summary":"Reversed phase POSITIVE ION MODE","metabolite_name":"Artemether","refmet_name":"Artemether"},"59":{"study_id":"ST000444","analysis_id":"AN000695","analysis_summary":"Reversed phase POSITIVE ION MODE","metabolite_name":"Azelaic acid","refmet_name":"Azelaic acid"},"60":{"study_id":"ST000444","analysis_id":"AN000695","analysis_summary":"Reversed phase POSITIVE ION MODE","metabolite_name":"Azlocillin","refmet_name":"Azlocillin"},"61":{"study_id":"ST000444","analysis_id":"AN000695","analysis_summary":"Reversed phase POSITIVE ION MODE","metabolite_name":"b-Dihydrotetrabenazine","refmet_name":""},"62":{"study_id":"ST000444","analysis_id":"AN000695","analysis_summary":"Reversed phase POSITIVE ION MODE","metabolite_name":"Bepridil","refmet_name":"Bepridil"},"63":{"study_id":"ST000444","analysis_id":"AN000695","analysis_summary":"Reversed phase POSITIVE ION MODE","metabolite_name":"Buspirone N-oxide","refmet_name":""},"64":{"study_id":"ST000444","analysis_id":"AN000695","analysis_summary":"Reversed phase POSITIVE ION MODE","metabolite_name":"Butyrylcarnitine","refmet_name":"CAR 4:0"},"65":{"study_id":"ST000444","analysis_id":"AN000695","analysis_summary":"Reversed phase POSITIVE ION MODE","metabolite_name":"Cabergoline","refmet_name":"Cabergoline"},"66":{"study_id":"ST000444","analysis_id":"AN000695","analysis_summary":"Reversed phase POSITIVE ION MODE","metabolite_name":"Caffeine","refmet_name":"Caffeine"},"67":{"study_id":"ST000444","analysis_id":"AN000695","analysis_summary":"Reversed phase POSITIVE ION MODE","metabolite_name":"Candesartan","refmet_name":"Candesartan"},"68":{"study_id":"ST000444","analysis_id":"AN000695","analysis_summary":"Reversed phase POSITIVE ION MODE","metabolite_name":"Caprylic0Octanoic acid","refmet_name":"Caprylic acid"},"69":{"study_id":"ST000444","analysis_id":"AN000695","analysis_summary":"Reversed phase POSITIVE ION MODE","metabolite_name":"Carphenazine","refmet_name":"Carphenazine"},"70":{"study_id":"ST000444","analysis_id":"AN000695","analysis_summary":"Reversed phase POSITIVE ION MODE","metabolite_name":"Carvedilol","refmet_name":"Carvedilol"},"71":{"study_id":"ST000444","analysis_id":"AN000695","analysis_summary":"Reversed phase POSITIVE ION MODE","metabolite_name":"CD 1790","refmet_name":""},"72":{"study_id":"ST000444","analysis_id":"AN000695","analysis_summary":"Reversed phase POSITIVE ION MODE","metabolite_name":"Chloroquine","refmet_name":""},"73":{"study_id":"ST000444","analysis_id":"AN000695","analysis_summary":"Reversed phase POSITIVE ION MODE","metabolite_name":"Cinnarizine","refmet_name":"Cinnarizine"},"74":{"study_id":"ST000444","analysis_id":"AN000695","analysis_summary":"Reversed phase POSITIVE ION MODE","metabolite_name":"cis-4-Hydroxycyclohexylacetic acid","refmet_name":"cis-4-Hydroxycyclohexylacetic acid"},"75":{"study_id":"ST000444","analysis_id":"AN000695","analysis_summary":"Reversed phase POSITIVE ION MODE","metabolite_name":"Clidinium","refmet_name":"Clidinium"},"76":{"study_id":"ST000444","analysis_id":"AN000695","analysis_summary":"Reversed phase POSITIVE ION MODE","metabolite_name":"Cortolone-3-glucuronide","refmet_name":"Cortolone-3-glucuronide"},"77":{"study_id":"ST000444","analysis_id":"AN000695","analysis_summary":"Reversed phase POSITIVE ION MODE","metabolite_name":"Creatinine","refmet_name":"Creatinine"},"78":{"study_id":"ST000444","analysis_id":"AN000695","analysis_summary":"Reversed phase POSITIVE ION MODE","metabolite_name":"Cyclopentolate","refmet_name":""},"79":{"study_id":"ST000444","analysis_id":"AN000695","analysis_summary":"Reversed phase POSITIVE ION MODE","metabolite_name":"Decanoylcarnitine","refmet_name":"CAR 10:0"},"80":{"study_id":"ST000444","analysis_id":"AN000695","analysis_summary":"Reversed phase POSITIVE ION MODE","metabolite_name":"Dehydroepiandrosterone","refmet_name":"Dehydroepiandrosterone"},"81":{"study_id":"ST000444","analysis_id":"AN000695","analysis_summary":"Reversed phase POSITIVE ION MODE","metabolite_name":"Delta-12-Prostaglandin J2","refmet_name":"delta-12-PGJ2"},"82":{"study_id":"ST000444","analysis_id":"AN000695","analysis_summary":"Reversed phase POSITIVE ION MODE","metabolite_name":"Deoxyartemsinin","refmet_name":""},"83":{"study_id":"ST000444","analysis_id":"AN000695","analysis_summary":"Reversed phase POSITIVE ION MODE","metabolite_name":"Deoxycholic acid 3-glucuronide","refmet_name":"Deoxycholic acid 3-glucuronide"},"84":{"study_id":"ST000444","analysis_id":"AN000695","analysis_summary":"Reversed phase POSITIVE ION MODE","metabolite_name":"Deoxydihydro-artemisinin","refmet_name":""},"85":{"study_id":"ST000444","analysis_id":"AN000695","analysis_summary":"Reversed phase POSITIVE ION MODE","metabolite_name":"Desmosine","refmet_name":"Desmosine"},"86":{"study_id":"ST000444","analysis_id":"AN000695","analysis_summary":"Reversed phase POSITIVE ION MODE","metabolite_name":"D-Glucose","refmet_name":"Glucose"},"87":{"study_id":"ST000444","analysis_id":"AN000695","analysis_summary":"Reversed phase POSITIVE ION MODE","metabolite_name":"Dibucaine0cinchocaine","refmet_name":""},"88":{"study_id":"ST000444","analysis_id":"AN000695","analysis_summary":"Reversed phase POSITIVE ION MODE","metabolite_name":"Difluprednate","refmet_name":"Difluprednate"},"89":{"study_id":"ST000444","analysis_id":"AN000695","analysis_summary":"Reversed phase POSITIVE ION MODE","metabolite_name":"Dihydroisomorphine-3-glucuronide","refmet_name":""},"90":{"study_id":"ST000444","analysis_id":"AN000695","analysis_summary":"Reversed phase POSITIVE ION MODE","metabolite_name":"Diisobutyl phthalate","refmet_name":"Diisobutyl phthalate"},"91":{"study_id":"ST000444","analysis_id":"AN000695","analysis_summary":"Reversed phase POSITIVE ION MODE","metabolite_name":"Dimenhydrinate","refmet_name":""},"92":{"study_id":"ST000444","analysis_id":"AN000695","analysis_summary":"Reversed phase POSITIVE ION MODE","metabolite_name":"Dipivefrin","refmet_name":"Dipivefrin"},"93":{"study_id":"ST000444","analysis_id":"AN000695","analysis_summary":"Reversed phase POSITIVE ION MODE","metabolite_name":"Dipyridamole","refmet_name":"Dipyridamole"},"94":{"study_id":"ST000444","analysis_id":"AN000695","analysis_summary":"Reversed phase POSITIVE ION MODE","metabolite_name":"Dityrosine","refmet_name":""},"95":{"study_id":"ST000444","analysis_id":"AN000695","analysis_summary":"Reversed phase POSITIVE ION MODE","metabolite_name":"Docosahexaenoic acid","refmet_name":"Docosahexaenoic acid"},"96":{"study_id":"ST000444","analysis_id":"AN000695","analysis_summary":"Reversed phase POSITIVE ION MODE","metabolite_name":"D-Urobilinogen","refmet_name":"D-Urobilinogen"},"97":{"study_id":"ST000444","analysis_id":"AN000695","analysis_summary":"Reversed phase POSITIVE ION MODE","metabolite_name":"Edrophonium","refmet_name":""},"98":{"study_id":"ST000444","analysis_id":"AN000695","analysis_summary":"Reversed phase POSITIVE ION MODE","metabolite_name":"Ellagic acid","refmet_name":"Ellagic acid"},"99":{"study_id":"ST000444","analysis_id":"AN000695","analysis_summary":"Reversed phase POSITIVE ION MODE","metabolite_name":"Erlotinib","refmet_name":"Erlotinib"},"100":{"study_id":"ST000444","analysis_id":"AN000695","analysis_summary":"Reversed phase POSITIVE ION MODE","metabolite_name":"Estramustine","refmet_name":"Estramustine"},"101":{"study_id":"ST000444","analysis_id":"AN000695","analysis_summary":"Reversed phase POSITIVE ION MODE","metabolite_name":"Ethacrynic acid","refmet_name":"Ethacrynic acid"},"102":{"study_id":"ST000444","analysis_id":"AN000695","analysis_summary":"Reversed phase POSITIVE ION MODE","metabolite_name":"Flunarizine","refmet_name":"Flunarizine"},"103":{"study_id":"ST000444","analysis_id":"AN000695","analysis_summary":"Reversed phase POSITIVE ION MODE","metabolite_name":"Fluocinonide","refmet_name":"Fluocinonide"},"104":{"study_id":"ST000444","analysis_id":"AN000695","analysis_summary":"Reversed phase POSITIVE ION MODE","metabolite_name":"Fluspirilene","refmet_name":"Fluspirilene"},"105":{"study_id":"ST000444","analysis_id":"AN000695","analysis_summary":"Reversed phase POSITIVE ION MODE","metabolite_name":"Gentamicin","refmet_name":""},"106":{"study_id":"ST000444","analysis_id":"AN000695","analysis_summary":"Reversed phase POSITIVE ION MODE","metabolite_name":"Glisoxepide","refmet_name":"Glisoxepide"},"107":{"study_id":"ST000444","analysis_id":"AN000695","analysis_summary":"Reversed phase POSITIVE ION MODE","metabolite_name":"Haloperidol 1,2,3,6-tetrahydropyridine","refmet_name":""},"108":{"study_id":"ST000444","analysis_id":"AN000695","analysis_summary":"Reversed phase POSITIVE ION MODE","metabolite_name":"Homovanillic acid","refmet_name":"Homovanillic acid"},"109":{"study_id":"ST000444","analysis_id":"AN000695","analysis_summary":"Reversed phase POSITIVE ION MODE","metabolite_name":"Hydralazine","refmet_name":"Hydralazine"},"110":{"study_id":"ST000444","analysis_id":"AN000695","analysis_summary":"Reversed phase POSITIVE ION MODE","metabolite_name":"Imiquimod","refmet_name":"Imiquimod"},"111":{"study_id":"ST000444","analysis_id":"AN000695","analysis_summary":"Reversed phase POSITIVE ION MODE","metabolite_name":"Ixabepilone","refmet_name":"Ixabepilone"},"112":{"study_id":"ST000444","analysis_id":"AN000695","analysis_summary":"Reversed phase POSITIVE ION MODE","metabolite_name":"Leukotriene B4","refmet_name":"LTB4"},"113":{"study_id":"ST000444","analysis_id":"AN000695","analysis_summary":"Reversed phase POSITIVE ION MODE","metabolite_name":"Levocabastine","refmet_name":"Levocabastine"},"114":{"study_id":"ST000444","analysis_id":"AN000695","analysis_summary":"Reversed phase POSITIVE ION MODE","metabolite_name":"Levonorgestrel","refmet_name":""},"115":{"study_id":"ST000444","analysis_id":"AN000695","analysis_summary":"Reversed phase POSITIVE ION MODE","metabolite_name":"L-Hexanoylcarnitine","refmet_name":"CAR 6:0"},"116":{"study_id":"ST000444","analysis_id":"AN000695","analysis_summary":"Reversed phase POSITIVE ION MODE","metabolite_name":"L-Histidine","refmet_name":"Histidine"},"117":{"study_id":"ST000444","analysis_id":"AN000695","analysis_summary":"Reversed phase POSITIVE ION MODE","metabolite_name":"Linalyl oxide","refmet_name":""},"118":{"study_id":"ST000444","analysis_id":"AN000695","analysis_summary":"Reversed phase POSITIVE ION MODE","metabolite_name":"Linoleic acid","refmet_name":"Linoleic acid"},"119":{"study_id":"ST000444","analysis_id":"AN000695","analysis_summary":"Reversed phase POSITIVE ION MODE","metabolite_name":"L-Lysine","refmet_name":"Lysine"},"120":{"study_id":"ST000444","analysis_id":"AN000695","analysis_summary":"Reversed phase POSITIVE ION MODE","metabolite_name":"L-Octanoylcarnitine","refmet_name":"CAR 8:0"},"121":{"study_id":"ST000444","analysis_id":"AN000695","analysis_summary":"Reversed phase POSITIVE ION MODE","metabolite_name":"L-Tyrosine","refmet_name":"Tyrosine"},"122":{"study_id":"ST000444","analysis_id":"AN000695","analysis_summary":"Reversed phase POSITIVE ION MODE","metabolite_name":"Megestrol","refmet_name":"Megestrol"},"123":{"study_id":"ST000444","analysis_id":"AN000695","analysis_summary":"Reversed phase POSITIVE ION MODE","metabolite_name":"Meperidine","refmet_name":"Meperidine"},"124":{"study_id":"ST000444","analysis_id":"AN000695","analysis_summary":"Reversed phase POSITIVE ION MODE","metabolite_name":"Mepyramine","refmet_name":"Mepyramine"},"125":{"study_id":"ST000444","analysis_id":"AN000695","analysis_summary":"Reversed phase POSITIVE ION MODE","metabolite_name":"Mestranol","refmet_name":"Mestranol"},"126":{"study_id":"ST000444","analysis_id":"AN000695","analysis_summary":"Reversed phase POSITIVE ION MODE","metabolite_name":"Methyl 4,8-decadienoate","refmet_name":""},"127":{"study_id":"ST000444","analysis_id":"AN000695","analysis_summary":"Reversed phase POSITIVE ION MODE","metabolite_name":"Methylergonovine","refmet_name":"Methylergonovine"},"128":{"study_id":"ST000444","analysis_id":"AN000695","analysis_summary":"Reversed phase POSITIVE ION MODE","metabolite_name":"Mifepristone","refmet_name":"Mifepristone"},"129":{"study_id":"ST000444","analysis_id":"AN000695","analysis_summary":"Reversed phase POSITIVE ION MODE","metabolite_name":"N1-Methyl-2-pyridone-5-carboxamide","refmet_name":"N1-Methyl-2-pyridone-5-carboxamide"},"130":{"study_id":"ST000444","analysis_id":"AN000695","analysis_summary":"Reversed phase POSITIVE ION MODE","metabolite_name":"Nabilone","refmet_name":"Nabilone"},"131":{"study_id":"ST000444","analysis_id":"AN000695","analysis_summary":"Reversed phase POSITIVE ION MODE","metabolite_name":"Nadolol","refmet_name":"Nadolol"},"132":{"study_id":"ST000444","analysis_id":"AN000695","analysis_summary":"Reversed phase POSITIVE ION MODE","metabolite_name":"N-desmethylimatinib","refmet_name":""},"133":{"study_id":"ST000444","analysis_id":"AN000695","analysis_summary":"Reversed phase POSITIVE ION MODE","metabolite_name":"Netilmicin","refmet_name":"Netilmicin"},"134":{"study_id":"ST000444","analysis_id":"AN000695","analysis_summary":"Reversed phase POSITIVE ION MODE","metabolite_name":"Nevirapine","refmet_name":"Nevirapine"},"135":{"study_id":"ST000444","analysis_id":"AN000695","analysis_summary":"Reversed phase POSITIVE ION MODE","metabolite_name":"Nizatidine","refmet_name":"Nizatidine"},"136":{"study_id":"ST000444","analysis_id":"AN000695","analysis_summary":"Reversed phase POSITIVE ION MODE","metabolite_name":"NNAL-N-glucuronide","refmet_name":""},"137":{"study_id":"ST000444","analysis_id":"AN000695","analysis_summary":"Reversed phase POSITIVE ION MODE","metabolite_name":"Norethindrone","refmet_name":"Norethindrone"},"138":{"study_id":"ST000444","analysis_id":"AN000695","analysis_summary":"Reversed phase POSITIVE ION MODE","metabolite_name":"O-Desmethylverapamil (D-702)","refmet_name":""},"139":{"study_id":"ST000444","analysis_id":"AN000695","analysis_summary":"Reversed phase POSITIVE ION MODE","metabolite_name":"Palmitoyl glucuronide","refmet_name":"Palmitoyl glucuronide"},"140":{"study_id":"ST000444","analysis_id":"AN000695","analysis_summary":"Reversed phase POSITIVE ION MODE","metabolite_name":"PC(14:00P-18:1(11Z))","refmet_name":""},"141":{"study_id":"ST000444","analysis_id":"AN000695","analysis_summary":"Reversed phase POSITIVE ION MODE","metabolite_name":"PC(o-18:2(9Z,12Z)024:0)","refmet_name":""},"142":{"study_id":"ST000444","analysis_id":"AN000695","analysis_summary":"Reversed phase POSITIVE ION MODE","metabolite_name":"Perillic acid","refmet_name":"Perillic acid"},"143":{"study_id":"ST000444","analysis_id":"AN000695","analysis_summary":"Reversed phase POSITIVE ION MODE","metabolite_name":"Phosphoramide mustard","refmet_name":"Phosphoramide mustard"},"144":{"study_id":"ST000444","analysis_id":"AN000695","analysis_summary":"Reversed phase POSITIVE ION MODE","metabolite_name":"Phthalic acid","refmet_name":"Phthalic acid"},"145":{"study_id":"ST000444","analysis_id":"AN000695","analysis_summary":"Reversed phase POSITIVE ION MODE","metabolite_name":"Pimelylcarnitine","refmet_name":"CAR DC7:0"},"146":{"study_id":"ST000444","analysis_id":"AN000695","analysis_summary":"Reversed phase POSITIVE ION MODE","metabolite_name":"Piperitone","refmet_name":""},"147":{"study_id":"ST000444","analysis_id":"AN000695","analysis_summary":"Reversed phase POSITIVE ION MODE","metabolite_name":"Pivmecillinam","refmet_name":"Pivmecillinam"},"148":{"study_id":"ST000444","analysis_id":"AN000695","analysis_summary":"Reversed phase POSITIVE ION MODE","metabolite_name":"Procyclidine","refmet_name":"Procyclidine"},"149":{"study_id":"ST000444","analysis_id":"AN000695","analysis_summary":"Reversed phase POSITIVE ION MODE","metabolite_name":"Proline betaine","refmet_name":"Proline betaine"},"150":{"study_id":"ST000444","analysis_id":"AN000695","analysis_summary":"Reversed phase POSITIVE ION MODE","metabolite_name":"Propofol","refmet_name":"Propofol"},"151":{"study_id":"ST000444","analysis_id":"AN000695","analysis_summary":"Reversed phase POSITIVE ION MODE","metabolite_name":"Prostaglandin E2","refmet_name":"PGE2"},"152":{"study_id":"ST000444","analysis_id":"AN000695","analysis_summary":"Reversed phase POSITIVE ION MODE","metabolite_name":"Prostaglandin F2a","refmet_name":"PGF2alpha"},"153":{"study_id":"ST000444","analysis_id":"AN000695","analysis_summary":"Reversed phase POSITIVE ION MODE","metabolite_name":"Quinine","refmet_name":"Quinine"},"154":{"study_id":"ST000444","analysis_id":"AN000695","analysis_summary":"Reversed phase POSITIVE ION MODE","metabolite_name":"Ranolazine","refmet_name":"CAR 8:0"},"155":{"study_id":"ST000444","analysis_id":"AN000695","analysis_summary":"Reversed phase POSITIVE ION MODE","metabolite_name":"Retinoyl b-glucuronide","refmet_name":"Retinoyl beta-glucuronide"},"156":{"study_id":"ST000444","analysis_id":"AN000695","analysis_summary":"Reversed phase POSITIVE ION MODE","metabolite_name":"SR 494980MC-207,110","refmet_name":""},"157":{"study_id":"ST000444","analysis_id":"AN000695","analysis_summary":"Reversed phase POSITIVE ION MODE","metabolite_name":"Succinylacetone","refmet_name":"Succinylacetone"},"158":{"study_id":"ST000444","analysis_id":"AN000695","analysis_summary":"Reversed phase POSITIVE ION MODE","metabolite_name":"Tafluprost free acid","refmet_name":""},"159":{"study_id":"ST000444","analysis_id":"AN000695","analysis_summary":"Reversed phase POSITIVE ION MODE","metabolite_name":"Terazosin","refmet_name":"Terazosin"},"160":{"study_id":"ST000444","analysis_id":"AN000695","analysis_summary":"Reversed phase POSITIVE ION MODE","metabolite_name":"Terfenadine","refmet_name":"Terfenadine"},"161":{"study_id":"ST000444","analysis_id":"AN000695","analysis_summary":"Reversed phase POSITIVE ION MODE","metabolite_name":"Tetrahydrocortisone0Urocortisone","refmet_name":"Urocortisone"},"162":{"study_id":"ST000444","analysis_id":"AN000695","analysis_summary":"Reversed phase POSITIVE ION MODE","metabolite_name":"Thiabendazole","refmet_name":"Thiabendazole"},"163":{"study_id":"ST000444","analysis_id":"AN000695","analysis_summary":"Reversed phase POSITIVE ION MODE","metabolite_name":"Thymol","refmet_name":"Thymol"},"164":{"study_id":"ST000444","analysis_id":"AN000695","analysis_summary":"Reversed phase POSITIVE ION MODE","metabolite_name":"Tirofiban","refmet_name":"Tirofiban"},"165":{"study_id":"ST000444","analysis_id":"AN000695","analysis_summary":"Reversed phase POSITIVE ION MODE","metabolite_name":"Traumatic acid","refmet_name":"Traumatic acid"},"166":{"study_id":"ST000444","analysis_id":"AN000695","analysis_summary":"Reversed phase POSITIVE ION MODE","metabolite_name":"Trimethoprim","refmet_name":"Trimethoprim"},"167":{"study_id":"ST000444","analysis_id":"AN000695","analysis_summary":"Reversed phase POSITIVE ION MODE","metabolite_name":"Trimipramine","refmet_name":"Trimipramine"},"168":{"study_id":"ST000444","analysis_id":"AN000695","analysis_summary":"Reversed phase POSITIVE ION MODE","metabolite_name":"Umbelliferone","refmet_name":"Umbelliferone"},"169":{"study_id":"ST000444","analysis_id":"AN000695","analysis_summary":"Reversed phase POSITIVE ION MODE","metabolite_name":"Verapamil","refmet_name":"Verapamil"},"170":{"study_id":"ST000444","analysis_id":"AN000695","analysis_summary":"Reversed phase POSITIVE ION MODE","metabolite_name":"Vitamin D2 3-glucuronide","refmet_name":"Vitamin D2 3-glucuronide"}}