{"1":{"study_id":"ST000161","analysis_id":"AN000253","analysis_summary":"ESI negative ion mode","metabolite_name":"Adenosine","refmet_name":"Adenosine"},"2":{"study_id":"ST000161","analysis_id":"AN000253","analysis_summary":"ESI negative ion mode","metabolite_name":"ADP","refmet_name":"Adenosine"},"3":{"study_id":"ST000161","analysis_id":"AN000253","analysis_summary":"ESI negative ion mode","metabolite_name":"AMP","refmet_name":"AMP"},"4":{"study_id":"ST000161","analysis_id":"AN000253","analysis_summary":"ESI negative ion mode","metabolite_name":"ATP","refmet_name":"ATP"}}