{"1":{"study_id":"ST000552","analysis_id":"AN000843","analysis_summary":"Reversed phase POSITIVE ION MODE","metabolite_name":"1,2-Benzisothiazolin-3-one","refmet_name":"1,2-Benzisothiazol-3(2H)-one"},"2":{"study_id":"ST000552","analysis_id":"AN000843","analysis_summary":"Reversed phase POSITIVE ION MODE","metabolite_name":"1,3-Benzodioxolyl-N-methylbutanamine (MBDB)","refmet_name":""},"3":{"study_id":"ST000552","analysis_id":"AN000843","analysis_summary":"Reversed phase POSITIVE ION MODE","metabolite_name":"1-AMINOCYCLOPROPANE-1-CARBOXYLATE","refmet_name":"1-Aminocyclopropanecarboxylic acid"},"4":{"study_id":"ST000552","analysis_id":"AN000843","analysis_summary":"Reversed phase POSITIVE ION MODE","metabolite_name":"1-METHYLADENOSINE","refmet_name":"1-Methyladenosine"},"5":{"study_id":"ST000552","analysis_id":"AN000843","analysis_summary":"Reversed phase POSITIVE ION MODE","metabolite_name":"2-AMINOPHENOL","refmet_name":"2-Aminophenol"},"6":{"study_id":"ST000552","analysis_id":"AN000843","analysis_summary":"Reversed phase POSITIVE ION MODE","metabolite_name":"2-Hydroxyphenylalanine","refmet_name":"2-Hydroxy-L-Phenylalanine"},"7":{"study_id":"ST000552","analysis_id":"AN000843","analysis_summary":"Reversed phase POSITIVE ION MODE","metabolite_name":"2-Phenylglycine","refmet_name":"2-Phenylglycine"},"8":{"study_id":"ST000552","analysis_id":"AN000843","analysis_summary":"Reversed phase POSITIVE ION MODE","metabolite_name":"3-(2-HYDROXYPHENYL)PROPANOATE","refmet_name":"3-(2-Hydroxyphenyl)propanoic acid"},"9":{"study_id":"ST000552","analysis_id":"AN000843","analysis_summary":"Reversed phase POSITIVE ION MODE","metabolite_name":"3,4-Dimethylbenzoic acid","refmet_name":"3,4-Dimethylbenzoic acid"},"10":{"study_id":"ST000552","analysis_id":"AN000843","analysis_summary":"Reversed phase POSITIVE ION MODE","metabolite_name":"3,5-Di-tert-butylbenzaldehyde","refmet_name":"Valerenal"},"11":{"study_id":"ST000552","analysis_id":"AN000843","analysis_summary":"Reversed phase POSITIVE ION MODE","metabolite_name":"3-AMINOISOBUTANOATE","refmet_name":"3-Aminoisobutanoic acid"},"12":{"study_id":"ST000552","analysis_id":"AN000843","analysis_summary":"Reversed phase POSITIVE ION MODE","metabolite_name":"3-HYDROXY-3-METHYLGLUTARATE","refmet_name":"3-Hydroxymethylglutaric acid"},"13":{"study_id":"ST000552","analysis_id":"AN000843","analysis_summary":"Reversed phase POSITIVE ION MODE","metabolite_name":"3-HYDROXYANTHRANILIC ACID","refmet_name":"3-Hydroxyanthranilic acid"},"14":{"study_id":"ST000552","analysis_id":"AN000843","analysis_summary":"Reversed phase POSITIVE ION MODE","metabolite_name":"3-(Hydroxyphenyl) Propionic Acid","refmet_name":"3-(3-Hydroxyphenyl)propanoic acid"},"15":{"study_id":"ST000552","analysis_id":"AN000843","analysis_summary":"Reversed phase POSITIVE ION MODE","metabolite_name":"3-METHOXYTYRAMINE","refmet_name":"3-Methoxytyramine"},"16":{"study_id":"ST000552","analysis_id":"AN000843","analysis_summary":"Reversed phase POSITIVE ION MODE","metabolite_name":"3-UREIDOPROPIONATE","refmet_name":"Ureidopropionic acid"},"17":{"study_id":"ST000552","analysis_id":"AN000843","analysis_summary":"Reversed phase POSITIVE ION MODE","metabolite_name":"4-AMINOBUTANOATE (GABA)","refmet_name":"gamma-Aminobutyric acid"},"18":{"study_id":"ST000552","analysis_id":"AN000843","analysis_summary":"Reversed phase POSITIVE ION MODE","metabolite_name":"4-GUANIDINOBUTANOATE","refmet_name":"4-Guanidinobutanoic acid"},"19":{"study_id":"ST000552","analysis_id":"AN000843","analysis_summary":"Reversed phase POSITIVE ION MODE","metabolite_name":"4-HYDROXY-L-PHENYLGLYCINE","refmet_name":"4-Hydroxyphenylglycine"},"20":{"study_id":"ST000552","analysis_id":"AN000843","analysis_summary":"Reversed phase POSITIVE ION MODE","metabolite_name":"4-IMIDAZOLEACETIC ACID","refmet_name":"Imidazoleacetic acid"},"21":{"study_id":"ST000552","analysis_id":"AN000843","analysis_summary":"Reversed phase POSITIVE ION MODE","metabolite_name":"5,6-DIHYDROURACIL","refmet_name":"Dihydrouracil"},"22":{"study_id":"ST000552","analysis_id":"AN000843","analysis_summary":"Reversed phase POSITIVE ION MODE","metabolite_name":"5-AMINOLEVULINIC ACID_R1","refmet_name":"5-Amino-levulinic acid"},"23":{"study_id":"ST000552","analysis_id":"AN000843","analysis_summary":"Reversed phase POSITIVE ION MODE","metabolite_name":"5-AMINOLEVULINIC ACID_R2","refmet_name":"5-Amino-levulinic acid"},"24":{"study_id":"ST000552","analysis_id":"AN000843","analysis_summary":"Reversed phase POSITIVE ION MODE","metabolite_name":"5-AMINOLEVULINIC ACID_R3","refmet_name":"5-Amino-levulinic acid"},"25":{"study_id":"ST000552","analysis_id":"AN000843","analysis_summary":"Reversed phase POSITIVE ION MODE","metabolite_name":"5-hydroxyindoleacetic acid","refmet_name":"5-Hydroxyindoleacetic acid"},"26":{"study_id":"ST000552","analysis_id":"AN000843","analysis_summary":"Reversed phase POSITIVE ION MODE","metabolite_name":"5-HYDROXY-L-TRYPTOPHAN","refmet_name":"5-Hydroxy-tryptophan"},"27":{"study_id":"ST000552","analysis_id":"AN000843","analysis_summary":"Reversed phase POSITIVE ION MODE","metabolite_name":"5-Hydroxymethyl-2-furaldehyde","refmet_name":"5-Hydroxymethyl-2-furancarboxaldehyde"},"28":{"study_id":"ST000552","analysis_id":"AN000843","analysis_summary":"Reversed phase POSITIVE ION MODE","metabolite_name":"5-Hydroxy-N-formylkynurenine","refmet_name":"5-Hydroxy-N-formylkynurenine"},"29":{"study_id":"ST000552","analysis_id":"AN000843","analysis_summary":"Reversed phase POSITIVE ION MODE","metabolite_name":"5-METHYLCYTOSINE HYDROCLORIDE","refmet_name":"5-Methylcytosine"},"30":{"study_id":"ST000552","analysis_id":"AN000843","analysis_summary":"Reversed phase POSITIVE ION MODE","metabolite_name":"6C-SUGAR ALCOHOL","refmet_name":""},"31":{"study_id":"ST000552","analysis_id":"AN000843","analysis_summary":"Reversed phase POSITIVE ION MODE","metabolite_name":"6-DEOXY-HEXOSE","refmet_name":""},"32":{"study_id":"ST000552","analysis_id":"AN000843","analysis_summary":"Reversed phase POSITIVE ION MODE","metabolite_name":"6-Quinolincarboxylic Acid","refmet_name":"1-Nitronaphthalene"},"33":{"study_id":"ST000552","analysis_id":"AN000843","analysis_summary":"Reversed phase POSITIVE ION MODE","metabolite_name":"Acetaminophen\/Paracetamol_R1","refmet_name":"Acetaminophen"},"34":{"study_id":"ST000552","analysis_id":"AN000843","analysis_summary":"Reversed phase POSITIVE ION MODE","metabolite_name":"Acetaminophen\/Paracetamol_R2","refmet_name":"Acetaminophen"},"35":{"study_id":"ST000552","analysis_id":"AN000843","analysis_summary":"Reversed phase POSITIVE ION MODE","metabolite_name":"Acyl-Carnitine(5-OH)","refmet_name":"CAR 5:0;OH"},"36":{"study_id":"ST000552","analysis_id":"AN000843","analysis_summary":"Reversed phase POSITIVE ION MODE","metabolite_name":"ADENINE","refmet_name":"Adenine"},"37":{"study_id":"ST000552","analysis_id":"AN000843","analysis_summary":"Reversed phase POSITIVE ION MODE","metabolite_name":"ALANINE\/SARCOSINE","refmet_name":"Alanine\/Sarcosine"},"38":{"study_id":"ST000552","analysis_id":"AN000843","analysis_summary":"Reversed phase POSITIVE ION MODE","metabolite_name":"ALDO\/KETO-HEXOSE","refmet_name":"Hexose"},"39":{"study_id":"ST000552","analysis_id":"AN000843","analysis_summary":"Reversed phase POSITIVE ION MODE","metabolite_name":"ALLANTOIN","refmet_name":"Allantoin"},"40":{"study_id":"ST000552","analysis_id":"AN000843","analysis_summary":"Reversed phase POSITIVE ION MODE","metabolite_name":"ALPHA-AMINOADIPATE\/N-METHYL-L-GLUTAMATE","refmet_name":""},"41":{"study_id":"ST000552","analysis_id":"AN000843","analysis_summary":"Reversed phase POSITIVE ION MODE","metabolite_name":"Anthranilate","refmet_name":"2-Aminobenzoic acid"},"42":{"study_id":"ST000552","analysis_id":"AN000843","analysis_summary":"Reversed phase POSITIVE ION MODE","metabolite_name":"ASPARTATE_R1","refmet_name":"Aspartic acid"},"43":{"study_id":"ST000552","analysis_id":"AN000843","analysis_summary":"Reversed phase POSITIVE ION MODE","metabolite_name":"ASPARTATE_R2","refmet_name":"Aspartic acid"},"44":{"study_id":"ST000552","analysis_id":"AN000843","analysis_summary":"Reversed phase POSITIVE ION MODE","metabolite_name":"BETAINE","refmet_name":"Betaine"},"45":{"study_id":"ST000552","analysis_id":"AN000843","analysis_summary":"Reversed phase POSITIVE ION MODE","metabolite_name":"Bis(2-ethylhexyl) phthalate","refmet_name":"Bis(2-ethylhexyl)phthalate"},"46":{"study_id":"ST000552","analysis_id":"AN000843","analysis_summary":"Reversed phase POSITIVE ION MODE","metabolite_name":"BOC-D-Phenylalanine","refmet_name":""},"47":{"study_id":"ST000552","analysis_id":"AN000843","analysis_summary":"Reversed phase POSITIVE ION MODE","metabolite_name":"BOC-L-Tyrosine","refmet_name":"Tyrosine"},"48":{"study_id":"ST000552","analysis_id":"AN000843","analysis_summary":"Reversed phase POSITIVE ION MODE","metabolite_name":"BUTYROBETAINE","refmet_name":"3-Dehydroxycarnitine"},"49":{"study_id":"ST000552","analysis_id":"AN000843","analysis_summary":"Reversed phase POSITIVE ION MODE","metabolite_name":"Caffeine-D3","refmet_name":"Caffeine"},"50":{"study_id":"ST000552","analysis_id":"AN000843","analysis_summary":"Reversed phase POSITIVE ION MODE","metabolite_name":"Camphor","refmet_name":"Camphor"},"51":{"study_id":"ST000552","analysis_id":"AN000843","analysis_summary":"Reversed phase POSITIVE ION MODE","metabolite_name":"Chenodeoxycholyglycine (GCDCA)_R1","refmet_name":"Glycochenodeoxycholic acid"},"52":{"study_id":"ST000552","analysis_id":"AN000843","analysis_summary":"Reversed phase POSITIVE ION MODE","metabolite_name":"Chenodeoxycholyglycine (GCDCA)_R2","refmet_name":"Glycochenodeoxycholic acid"},"53":{"study_id":"ST000552","analysis_id":"AN000843","analysis_summary":"Reversed phase POSITIVE ION MODE","metabolite_name":"Chenodeoxycholyglycine (GCDCA)_R3","refmet_name":"Glycochenodeoxycholic acid"},"54":{"study_id":"ST000552","analysis_id":"AN000843","analysis_summary":"Reversed phase POSITIVE ION MODE","metabolite_name":"Choline","refmet_name":"Choline"},"55":{"study_id":"ST000552","analysis_id":"AN000843","analysis_summary":"Reversed phase POSITIVE ION MODE","metabolite_name":"CITRAMALATE","refmet_name":"Citramalic acid"},"56":{"study_id":"ST000552","analysis_id":"AN000843","analysis_summary":"Reversed phase POSITIVE ION MODE","metabolite_name":"CITRATE_R1","refmet_name":"Citric acid"},"57":{"study_id":"ST000552","analysis_id":"AN000843","analysis_summary":"Reversed phase POSITIVE ION MODE","metabolite_name":"CITRATE_R2","refmet_name":"Citric acid"},"58":{"study_id":"ST000552","analysis_id":"AN000843","analysis_summary":"Reversed phase POSITIVE ION MODE","metabolite_name":"CITRULLINE","refmet_name":"Citrulline"},"59":{"study_id":"ST000552","analysis_id":"AN000843","analysis_summary":"Reversed phase POSITIVE ION MODE","metabolite_name":"CREATINE","refmet_name":"Creatine"},"60":{"study_id":"ST000552","analysis_id":"AN000843","analysis_summary":"Reversed phase POSITIVE ION MODE","metabolite_name":"Creatine-D3","refmet_name":"Creatine"},"61":{"study_id":"ST000552","analysis_id":"AN000843","analysis_summary":"Reversed phase POSITIVE ION MODE","metabolite_name":"CREATININE","refmet_name":"Creatinine"},"62":{"study_id":"ST000552","analysis_id":"AN000843","analysis_summary":"Reversed phase POSITIVE ION MODE","metabolite_name":"Decanoylcarnitine","refmet_name":"CAR 10:0"},"63":{"study_id":"ST000552","analysis_id":"AN000843","analysis_summary":"Reversed phase POSITIVE ION MODE","metabolite_name":"D-(+)-GALACTOSAMINE","refmet_name":"Galactosamine"},"64":{"study_id":"ST000552","analysis_id":"AN000843","analysis_summary":"Reversed phase POSITIVE ION MODE","metabolite_name":"D-GLUCOSAMINE 6-PHOSPHATE","refmet_name":"Glucosamine 6-phosphate"},"65":{"study_id":"ST000552","analysis_id":"AN000843","analysis_summary":"Reversed phase POSITIVE ION MODE","metabolite_name":"Dibutyl phthalate","refmet_name":"Dibutyl phthalate"},"66":{"study_id":"ST000552","analysis_id":"AN000843","analysis_summary":"Reversed phase POSITIVE ION MODE","metabolite_name":"DIHYDROXYACETONE PHOSPHATE","refmet_name":"Dihydroxyacetone phosphate"},"67":{"study_id":"ST000552","analysis_id":"AN000843","analysis_summary":"Reversed phase POSITIVE ION MODE","metabolite_name":"Diphenylamine","refmet_name":"Diphenylamine"},"68":{"study_id":"ST000552","analysis_id":"AN000843","analysis_summary":"Reversed phase POSITIVE ION MODE","metabolite_name":"Dipropylene glycol","refmet_name":""},"69":{"study_id":"ST000552","analysis_id":"AN000843","analysis_summary":"Reversed phase POSITIVE ION MODE","metabolite_name":"Dipropyleneglycol dibenzoate","refmet_name":""},"70":{"study_id":"ST000552","analysis_id":"AN000843","analysis_summary":"Reversed phase POSITIVE ION MODE","metabolite_name":"Dipropyl phthalate","refmet_name":"Dipropyl phthalate"},"71":{"study_id":"ST000552","analysis_id":"AN000843","analysis_summary":"Reversed phase POSITIVE ION MODE","metabolite_name":"DL-5-HYDROXYLYSINE","refmet_name":"5-Hydroxylysine"},"72":{"study_id":"ST000552","analysis_id":"AN000843","analysis_summary":"Reversed phase POSITIVE ION MODE","metabolite_name":"D-Ribose","refmet_name":"Ribose"},"73":{"study_id":"ST000552","analysis_id":"AN000843","analysis_summary":"Reversed phase POSITIVE ION MODE","metabolite_name":"Formylkynurenine","refmet_name":"N-Formyl-L-kynurenine"},"74":{"study_id":"ST000552","analysis_id":"AN000843","analysis_summary":"Reversed phase POSITIVE ION MODE","metabolite_name":"Galaxolidone","refmet_name":"Galaxolidone"},"75":{"study_id":"ST000552","analysis_id":"AN000843","analysis_summary":"Reversed phase POSITIVE ION MODE","metabolite_name":"Gallic Acid","refmet_name":"Gallic acid"},"76":{"study_id":"ST000552","analysis_id":"AN000843","analysis_summary":"Reversed phase POSITIVE ION MODE","metabolite_name":"GLUCONIC ACID\/D-GULONIC ACID GAMA-LACTONE","refmet_name":"Gluconic acid\/Gulonolactone"},"77":{"study_id":"ST000552","analysis_id":"AN000843","analysis_summary":"Reversed phase POSITIVE ION MODE","metabolite_name":"GLUCOSAMINE\/MANNOSAMINE_R1","refmet_name":""},"78":{"study_id":"ST000552","analysis_id":"AN000843","analysis_summary":"Reversed phase POSITIVE ION MODE","metabolite_name":"GLUCOSAMINE\/MANNOSAMINE_R2","refmet_name":""},"79":{"study_id":"ST000552","analysis_id":"AN000843","analysis_summary":"Reversed phase POSITIVE ION MODE","metabolite_name":"GLUTARATE","refmet_name":"Glutaric acid"},"80":{"study_id":"ST000552","analysis_id":"AN000843","analysis_summary":"Reversed phase POSITIVE ION MODE","metabolite_name":"GLYCEROL","refmet_name":"Glycerol"},"81":{"study_id":"ST000552","analysis_id":"AN000843","analysis_summary":"Reversed phase POSITIVE ION MODE","metabolite_name":"Glycerophosphocholine","refmet_name":"sn-Glycero-3-phosphocholine"},"82":{"study_id":"ST000552","analysis_id":"AN000843","analysis_summary":"Reversed phase POSITIVE ION MODE","metabolite_name":"GLYCOCHOLATE","refmet_name":"Glycocholic acid"},"83":{"study_id":"ST000552","analysis_id":"AN000843","analysis_summary":"Reversed phase POSITIVE ION MODE","metabolite_name":"Glycocholic Acid (GCA)_R1","refmet_name":"Glycocholic acid"},"84":{"study_id":"ST000552","analysis_id":"AN000843","analysis_summary":"Reversed phase POSITIVE ION MODE","metabolite_name":"Glycocholic Acid (GCA)_R2","refmet_name":"Glycocholic acid"},"85":{"study_id":"ST000552","analysis_id":"AN000843","analysis_summary":"Reversed phase POSITIVE ION MODE","metabolite_name":"Glycocholic Acid (GCA)_R3","refmet_name":"Glycocholic acid"},"86":{"study_id":"ST000552","analysis_id":"AN000843","analysis_summary":"Reversed phase POSITIVE ION MODE","metabolite_name":"Glycocholic Acid (GCA)_R4","refmet_name":"Glycocholic acid"},"87":{"study_id":"ST000552","analysis_id":"AN000843","analysis_summary":"Reversed phase POSITIVE ION MODE","metabolite_name":"Glycocholic Acid (GCA)_R5","refmet_name":"Glycocholic acid"},"88":{"study_id":"ST000552","analysis_id":"AN000843","analysis_summary":"Reversed phase POSITIVE ION MODE","metabolite_name":"Glycocholic Acid (GCA)_R6","refmet_name":"Glycocholic acid"},"89":{"study_id":"ST000552","analysis_id":"AN000843","analysis_summary":"Reversed phase POSITIVE ION MODE","metabolite_name":"Glycodeoxycholic acid (GDCA)","refmet_name":"Glycodeoxycholic acid"},"90":{"study_id":"ST000552","analysis_id":"AN000843","analysis_summary":"Reversed phase POSITIVE ION MODE","metabolite_name":"Glycoursodeoxycholic acid (G-UDCA)_R1","refmet_name":"Glycoursodeoxycholic acid"},"91":{"study_id":"ST000552","analysis_id":"AN000843","analysis_summary":"Reversed phase POSITIVE ION MODE","metabolite_name":"Glycoursodeoxycholic acid (G-UDCA)_R2","refmet_name":"Glycoursodeoxycholic acid"},"92":{"study_id":"ST000552","analysis_id":"AN000843","analysis_summary":"Reversed phase POSITIVE ION MODE","metabolite_name":"Glycoursodeoxycholic acid (G-UDCA)_R3","refmet_name":"Glycoursodeoxycholic acid"},"93":{"study_id":"ST000552","analysis_id":"AN000843","analysis_summary":"Reversed phase POSITIVE ION MODE","metabolite_name":"Glycoursodeoxycholic acid (G-UDCA)_R4","refmet_name":"Glycoursodeoxycholic acid"},"94":{"study_id":"ST000552","analysis_id":"AN000843","analysis_summary":"Reversed phase POSITIVE ION MODE","metabolite_name":"Glycoursodeoxycholic acid (G-UDCA)_R5","refmet_name":"Glycoursodeoxycholic acid"},"95":{"study_id":"ST000552","analysis_id":"AN000843","analysis_summary":"Reversed phase POSITIVE ION MODE","metabolite_name":"HEXOSE-DISACCHARIDE","refmet_name":"Hexose"},"96":{"study_id":"ST000552","analysis_id":"AN000843","analysis_summary":"Reversed phase POSITIVE ION MODE","metabolite_name":"Hippuric Acid","refmet_name":"Hippuric acid"},"97":{"study_id":"ST000552","analysis_id":"AN000843","analysis_summary":"Reversed phase POSITIVE ION MODE","metabolite_name":"Hydroxyhippuric acid","refmet_name":"Salicyluric acid"},"98":{"study_id":"ST000552","analysis_id":"AN000843","analysis_summary":"Reversed phase POSITIVE ION MODE","metabolite_name":"Hypoxanthine","refmet_name":"Hypoxanthine"},"99":{"study_id":"ST000552","analysis_id":"AN000843","analysis_summary":"Reversed phase POSITIVE ION MODE","metabolite_name":"HYPOXANTHINE","refmet_name":"Hypoxanthine"},"100":{"study_id":"ST000552","analysis_id":"AN000843","analysis_summary":"Reversed phase POSITIVE ION MODE","metabolite_name":"INDOLE-3-ACETATE","refmet_name":"Indoleacetic acid"},"101":{"study_id":"ST000552","analysis_id":"AN000843","analysis_summary":"Reversed phase POSITIVE ION MODE","metabolite_name":"Iohexol","refmet_name":"Iohexol"},"102":{"study_id":"ST000552","analysis_id":"AN000843","analysis_summary":"Reversed phase POSITIVE ION MODE","metabolite_name":"Isobutyrylcarnitine","refmet_name":"CAR 3:0;2Me"},"103":{"study_id":"ST000552","analysis_id":"AN000843","analysis_summary":"Reversed phase POSITIVE ION MODE","metabolite_name":"Isovalerylcarnitine","refmet_name":"CAR 4:0;3Me"},"104":{"study_id":"ST000552","analysis_id":"AN000843","analysis_summary":"Reversed phase POSITIVE ION MODE","metabolite_name":"Kynurenic Acid","refmet_name":"Kynurenic acid"},"105":{"study_id":"ST000552","analysis_id":"AN000843","analysis_summary":"Reversed phase POSITIVE ION MODE","metabolite_name":"L-Acetylcarnitine","refmet_name":"CAR 2:0"},"106":{"study_id":"ST000552","analysis_id":"AN000843","analysis_summary":"Reversed phase POSITIVE ION MODE","metabolite_name":"L-ARGININE","refmet_name":"Arginine"},"107":{"study_id":"ST000552","analysis_id":"AN000843","analysis_summary":"Reversed phase POSITIVE ION MODE","metabolite_name":"L-ASPARAGINE","refmet_name":"Asparagine"},"108":{"study_id":"ST000552","analysis_id":"AN000843","analysis_summary":"Reversed phase POSITIVE ION MODE","metabolite_name":"L-CARNITINE","refmet_name":"Carnitine"},"109":{"study_id":"ST000552","analysis_id":"AN000843","analysis_summary":"Reversed phase POSITIVE ION MODE","metabolite_name":"L-Carnitine (trimethyl-D9)","refmet_name":"Carnitine"},"110":{"study_id":"ST000552","analysis_id":"AN000843","analysis_summary":"Reversed phase POSITIVE ION MODE","metabolite_name":"L-CYSTEIC ACID","refmet_name":"Cysteic acid"},"111":{"study_id":"ST000552","analysis_id":"AN000843","analysis_summary":"Reversed phase POSITIVE ION MODE","metabolite_name":"Levofloxacin","refmet_name":"Ofloxacin"},"112":{"study_id":"ST000552","analysis_id":"AN000843","analysis_summary":"Reversed phase POSITIVE ION MODE","metabolite_name":"L-GLUTAMINE","refmet_name":"Glutamine"},"113":{"study_id":"ST000552","analysis_id":"AN000843","analysis_summary":"Reversed phase POSITIVE ION MODE","metabolite_name":"L-HISTIDINE","refmet_name":"Histidine"},"114":{"study_id":"ST000552","analysis_id":"AN000843","analysis_summary":"Reversed phase POSITIVE ION MODE","metabolite_name":"Lidocaine","refmet_name":"Lidocaine"},"115":{"study_id":"ST000552","analysis_id":"AN000843","analysis_summary":"Reversed phase POSITIVE ION MODE","metabolite_name":"L-Isoleucine","refmet_name":"Isoleucine"},"116":{"study_id":"ST000552","analysis_id":"AN000843","analysis_summary":"Reversed phase POSITIVE ION MODE","metabolite_name":"L-KYNURENINE","refmet_name":"Kynurenine"},"117":{"study_id":"ST000552","analysis_id":"AN000843","analysis_summary":"Reversed phase POSITIVE ION MODE","metabolite_name":"LL-2,6-DIAMINOHEPTANEDIOATE","refmet_name":"2,6-Diaminopimelic acid"},"118":{"study_id":"ST000552","analysis_id":"AN000843","analysis_summary":"Reversed phase POSITIVE ION MODE","metabolite_name":"L-(+)-Lactic Acid","refmet_name":"Lactic acid"},"119":{"study_id":"ST000552","analysis_id":"AN000843","analysis_summary":"Reversed phase POSITIVE ION MODE","metabolite_name":"L-LEUCINE","refmet_name":"Leucine"},"120":{"study_id":"ST000552","analysis_id":"AN000843","analysis_summary":"Reversed phase POSITIVE ION MODE","metabolite_name":"L-Leucine 13C6","refmet_name":"Leucine"},"121":{"study_id":"ST000552","analysis_id":"AN000843","analysis_summary":"Reversed phase POSITIVE ION MODE","metabolite_name":"L-Leucine-D10","refmet_name":""},"122":{"study_id":"ST000552","analysis_id":"AN000843","analysis_summary":"Reversed phase POSITIVE ION MODE","metabolite_name":"L-LYSINE","refmet_name":"Lysine"},"123":{"study_id":"ST000552","analysis_id":"AN000843","analysis_summary":"Reversed phase POSITIVE ION MODE","metabolite_name":"L-METHIONINE_R1","refmet_name":"Methionine"},"124":{"study_id":"ST000552","analysis_id":"AN000843","analysis_summary":"Reversed phase POSITIVE ION MODE","metabolite_name":"L-METHIONINE_R2","refmet_name":"Methionine"},"125":{"study_id":"ST000552","analysis_id":"AN000843","analysis_summary":"Reversed phase POSITIVE ION MODE","metabolite_name":"L-Phenylalanine","refmet_name":"Phenylalanine"},"126":{"study_id":"ST000552","analysis_id":"AN000843","analysis_summary":"Reversed phase POSITIVE ION MODE","metabolite_name":"L-Phenylalanine 13C6","refmet_name":"Phenylalanine"},"127":{"study_id":"ST000552","analysis_id":"AN000843","analysis_summary":"Reversed phase POSITIVE ION MODE","metabolite_name":"L-PROLINE","refmet_name":"Proline"},"128":{"study_id":"ST000552","analysis_id":"AN000843","analysis_summary":"Reversed phase POSITIVE ION MODE","metabolite_name":"L-SERINE","refmet_name":"Serine"},"129":{"study_id":"ST000552","analysis_id":"AN000843","analysis_summary":"Reversed phase POSITIVE ION MODE","metabolite_name":"L-Tryptophan","refmet_name":"Tryptophan"},"130":{"study_id":"ST000552","analysis_id":"AN000843","analysis_summary":"Reversed phase POSITIVE ION MODE","metabolite_name":"L-Tryptophan-NH3","refmet_name":""},"131":{"study_id":"ST000552","analysis_id":"AN000843","analysis_summary":"Reversed phase POSITIVE ION MODE","metabolite_name":"L-Tyrosine 13C6","refmet_name":"Tyrosine"},"132":{"study_id":"ST000552","analysis_id":"AN000843","analysis_summary":"Reversed phase POSITIVE ION MODE","metabolite_name":"L-VALINE\/5-AMINOPENTANOATE\/L-NORVALINE","refmet_name":""},"133":{"study_id":"ST000552","analysis_id":"AN000843","analysis_summary":"Reversed phase POSITIVE ION MODE","metabolite_name":"LysoPC (16:0)_R1","refmet_name":"LPC 16:0"},"134":{"study_id":"ST000552","analysis_id":"AN000843","analysis_summary":"Reversed phase POSITIVE ION MODE","metabolite_name":"LysoPC (16:0)_R2","refmet_name":"LPC 16:0"},"135":{"study_id":"ST000552","analysis_id":"AN000843","analysis_summary":"Reversed phase POSITIVE ION MODE","metabolite_name":"LysoPC (16:0)_R3","refmet_name":"LPC 16:0"},"136":{"study_id":"ST000552","analysis_id":"AN000843","analysis_summary":"Reversed phase POSITIVE ION MODE","metabolite_name":"LysoPC (16:0)_R4","refmet_name":"LPC 16:0"},"137":{"study_id":"ST000552","analysis_id":"AN000843","analysis_summary":"Reversed phase POSITIVE ION MODE","metabolite_name":"LysoPC (16:1)_R1","refmet_name":"LPC 16:1"},"138":{"study_id":"ST000552","analysis_id":"AN000843","analysis_summary":"Reversed phase POSITIVE ION MODE","metabolite_name":"LysoPC (16:1)_R2","refmet_name":"LPC 16:1"},"139":{"study_id":"ST000552","analysis_id":"AN000843","analysis_summary":"Reversed phase POSITIVE ION MODE","metabolite_name":"LysoPC (18:0)_R1","refmet_name":"LPC 18:0"},"140":{"study_id":"ST000552","analysis_id":"AN000843","analysis_summary":"Reversed phase POSITIVE ION MODE","metabolite_name":"LysoPC (18:0)_R2","refmet_name":"LPC 18:0"},"141":{"study_id":"ST000552","analysis_id":"AN000843","analysis_summary":"Reversed phase POSITIVE ION MODE","metabolite_name":"LysoPC (18:2)_R1","refmet_name":"LPC 18:2"},"142":{"study_id":"ST000552","analysis_id":"AN000843","analysis_summary":"Reversed phase POSITIVE ION MODE","metabolite_name":"LysoPC (18:2)_R2","refmet_name":"LPC 18:2"},"143":{"study_id":"ST000552","analysis_id":"AN000843","analysis_summary":"Reversed phase POSITIVE ION MODE","metabolite_name":"LysoPC (20:4)","refmet_name":"LPC 20:4"},"144":{"study_id":"ST000552","analysis_id":"AN000843","analysis_summary":"Reversed phase POSITIVE ION MODE","metabolite_name":"LysoPE (18:0)","refmet_name":"LPE 18:0"},"145":{"study_id":"ST000552","analysis_id":"AN000843","analysis_summary":"Reversed phase POSITIVE ION MODE","metabolite_name":"LysoPE (18:1)","refmet_name":"LPE 18:1"},"146":{"study_id":"ST000552","analysis_id":"AN000843","analysis_summary":"Reversed phase POSITIVE ION MODE","metabolite_name":"LysoPE (20:4)_R1","refmet_name":"LPE 20:4"},"147":{"study_id":"ST000552","analysis_id":"AN000843","analysis_summary":"Reversed phase POSITIVE ION MODE","metabolite_name":"LysoPE (20:4)_R2","refmet_name":"LPE 20:4"},"148":{"study_id":"ST000552","analysis_id":"AN000843","analysis_summary":"Reversed phase POSITIVE ION MODE","metabolite_name":"LysoPE (22:6)","refmet_name":"LPE 22:6"},"149":{"study_id":"ST000552","analysis_id":"AN000843","analysis_summary":"Reversed phase POSITIVE ION MODE","metabolite_name":"Methionine Sulfoxide","refmet_name":"Methionine sulfoxide"},"150":{"study_id":"ST000552","analysis_id":"AN000843","analysis_summary":"Reversed phase POSITIVE ION MODE","metabolite_name":"METHYL INDOLE-3-ACETATE","refmet_name":"Indole-3-methyl acetate"},"151":{"study_id":"ST000552","analysis_id":"AN000843","analysis_summary":"Reversed phase POSITIVE ION MODE","metabolite_name":"METHYL JASMONATE","refmet_name":"Methyl jasmonate"},"152":{"study_id":"ST000552","analysis_id":"AN000843","analysis_summary":"Reversed phase POSITIVE ION MODE","metabolite_name":"Monobutyl phthalate","refmet_name":"Monobutylphthalate"},"153":{"study_id":"ST000552","analysis_id":"AN000843","analysis_summary":"Reversed phase POSITIVE ION MODE","metabolite_name":"MONO-METHYL GLUTARATE","refmet_name":"Monomethyl glutaric acid"},"154":{"study_id":"ST000552","analysis_id":"AN000843","analysis_summary":"Reversed phase POSITIVE ION MODE","metabolite_name":"N1-Methyl-2-pyridone-5-carboxamide","refmet_name":"N1-Methyl-2-pyridone-5-carboxamide"},"155":{"study_id":"ST000552","analysis_id":"AN000843","analysis_summary":"Reversed phase POSITIVE ION MODE","metabolite_name":"N1-Methyl-4-pyridone-5-carboxamide","refmet_name":"N1-Methyl-4-pyridone-3-carboxamide"},"156":{"study_id":"ST000552","analysis_id":"AN000843","analysis_summary":"Reversed phase POSITIVE ION MODE","metabolite_name":"N-Acetyl-Arginine","refmet_name":"N-Acetylarginine"},"157":{"study_id":"ST000552","analysis_id":"AN000843","analysis_summary":"Reversed phase POSITIVE ION MODE","metabolite_name":"N-ACETYL-DL-GLUTAMIC ACID","refmet_name":"N-Acetylglutamic acid"},"158":{"study_id":"ST000552","analysis_id":"AN000843","analysis_summary":"Reversed phase POSITIVE ION MODE","metabolite_name":"N-ACETYL-DL-SERINE_R1","refmet_name":"N-Acetylserine"},"159":{"study_id":"ST000552","analysis_id":"AN000843","analysis_summary":"Reversed phase POSITIVE ION MODE","metabolite_name":"N-ACETYL-DL-SERINE_R2","refmet_name":"N-Acetylserine"},"160":{"study_id":"ST000552","analysis_id":"AN000843","analysis_summary":"Reversed phase POSITIVE ION MODE","metabolite_name":"N-ACETYLGLYCINE","refmet_name":"N-Acetylglycine"},"161":{"study_id":"ST000552","analysis_id":"AN000843","analysis_summary":"Reversed phase POSITIVE ION MODE","metabolite_name":"N-ACETYL-HEXOSAMINE","refmet_name":"N-Acetylhexosamine"},"162":{"study_id":"ST000552","analysis_id":"AN000843","analysis_summary":"Reversed phase POSITIVE ION MODE","metabolite_name":"N-ACETYL-L-ALANINE","refmet_name":"N-Acetylalanine"},"163":{"study_id":"ST000552","analysis_id":"AN000843","analysis_summary":"Reversed phase POSITIVE ION MODE","metabolite_name":"N-ACETYL-L-ASPARTIC ACID","refmet_name":"N-Acetylaspartic acid"},"164":{"study_id":"ST000552","analysis_id":"AN000843","analysis_summary":"Reversed phase POSITIVE ION MODE","metabolite_name":"N-ACETYL-L-LEUCINE","refmet_name":"N-Acetylleucine"},"165":{"study_id":"ST000552","analysis_id":"AN000843","analysis_summary":"Reversed phase POSITIVE ION MODE","metabolite_name":"N-ACETYLPUTRESCINE","refmet_name":"N-Acetylputrescine"},"166":{"study_id":"ST000552","analysis_id":"AN000843","analysis_summary":"Reversed phase POSITIVE ION MODE","metabolite_name":"N-ALPHA-ACETYL-L-LYSINE","refmet_name":"N(2)-Acetyllysine"},"167":{"study_id":"ST000552","analysis_id":"AN000843","analysis_summary":"Reversed phase POSITIVE ION MODE","metabolite_name":"N-BOC-L-Aspartic Acid","refmet_name":"Aspartic acid"},"168":{"study_id":"ST000552","analysis_id":"AN000843","analysis_summary":"Reversed phase POSITIVE ION MODE","metabolite_name":"N-BOC-L-tert-Leucine","refmet_name":""},"169":{"study_id":"ST000552","analysis_id":"AN000843","analysis_summary":"Reversed phase POSITIVE ION MODE","metabolite_name":"N-BOC-L-Tryptophan_R1","refmet_name":"Tryptophan"},"170":{"study_id":"ST000552","analysis_id":"AN000843","analysis_summary":"Reversed phase POSITIVE ION MODE","metabolite_name":"N-BOC-L-Tryptophan_R2","refmet_name":"Tryptophan"},"171":{"study_id":"ST000552","analysis_id":"AN000843","analysis_summary":"Reversed phase POSITIVE ION MODE","metabolite_name":"NICOTINAMIDE","refmet_name":"Niacinamide"},"172":{"study_id":"ST000552","analysis_id":"AN000843","analysis_summary":"Reversed phase POSITIVE ION MODE","metabolite_name":"N-METHYL-D-ASPARTIC ACID","refmet_name":"N-Methyl-D-aspartic acid"},"173":{"study_id":"ST000552","analysis_id":"AN000843","analysis_summary":"Reversed phase POSITIVE ION MODE","metabolite_name":"N-Methylnicotinamide","refmet_name":"N-Methylnicotinamide"},"174":{"study_id":"ST000552","analysis_id":"AN000843","analysis_summary":"Reversed phase POSITIVE ION MODE","metabolite_name":"N(PAI)-METHYL-L-HISTIDINE","refmet_name":"3-Methylhistidine"},"175":{"study_id":"ST000552","analysis_id":"AN000843","analysis_summary":"Reversed phase POSITIVE ION MODE","metabolite_name":"O-Acetyl-Lcarnitine:HCl (N-methyl-D3)","refmet_name":""},"176":{"study_id":"ST000552","analysis_id":"AN000843","analysis_summary":"Reversed phase POSITIVE ION MODE","metabolite_name":"O-Butyryl-L-carnitine:HCl","refmet_name":"CAR 4:0"},"177":{"study_id":"ST000552","analysis_id":"AN000843","analysis_summary":"Reversed phase POSITIVE ION MODE","metabolite_name":"Octanoylcarnitine","refmet_name":"CAR 8:0"},"178":{"study_id":"ST000552","analysis_id":"AN000843","analysis_summary":"Reversed phase POSITIVE ION MODE","metabolite_name":"O-Isovaleryl-L-carnitine (N,N,N-trimethyl-D9)","refmet_name":""},"179":{"study_id":"ST000552","analysis_id":"AN000843","analysis_summary":"Reversed phase POSITIVE ION MODE","metabolite_name":"O-Myristol-L-carnitine:HCl(N,N,N-trimethyl-D9)","refmet_name":""},"180":{"study_id":"ST000552","analysis_id":"AN000843","analysis_summary":"Reversed phase POSITIVE ION MODE","metabolite_name":"O-Octanoyl-L-carnitine:HCl(N-methyl-D3)","refmet_name":""},"181":{"study_id":"ST000552","analysis_id":"AN000843","analysis_summary":"Reversed phase POSITIVE ION MODE","metabolite_name":"O-Propionyl_L-carnitine:HCl","refmet_name":"Pentaethylene glycol"},"182":{"study_id":"ST000552","analysis_id":"AN000843","analysis_summary":"Reversed phase POSITIVE ION MODE","metabolite_name":"ORNITHINE","refmet_name":"Ornithine"},"183":{"study_id":"ST000552","analysis_id":"AN000843","analysis_summary":"Reversed phase POSITIVE ION MODE","metabolite_name":"Palmitoleic acid","refmet_name":"Palmitoleic acid"},"184":{"study_id":"ST000552","analysis_id":"AN000843","analysis_summary":"Reversed phase POSITIVE ION MODE","metabolite_name":"Pantothenic Acid","refmet_name":"Pantothenic acid"},"185":{"study_id":"ST000552","analysis_id":"AN000843","analysis_summary":"Reversed phase POSITIVE ION MODE","metabolite_name":"PEG n5","refmet_name":"Pentaethylene glycol"},"186":{"study_id":"ST000552","analysis_id":"AN000843","analysis_summary":"Reversed phase POSITIVE ION MODE","metabolite_name":"PHENETHYLAMINE","refmet_name":"Phenylethylamine"},"187":{"study_id":"ST000552","analysis_id":"AN000843","analysis_summary":"Reversed phase POSITIVE ION MODE","metabolite_name":"Phenylalanine-HCOOH","refmet_name":""},"188":{"study_id":"ST000552","analysis_id":"AN000843","analysis_summary":"Reversed phase POSITIVE ION MODE","metabolite_name":"PHOSPHOCHOLINE","refmet_name":"Choline phosphate"},"189":{"study_id":"ST000552","analysis_id":"AN000843","analysis_summary":"Reversed phase POSITIVE ION MODE","metabolite_name":"PIPECOLATE\/L-PIPECOLIC ACID","refmet_name":"Pipecolic acid"},"190":{"study_id":"ST000552","analysis_id":"AN000843","analysis_summary":"Reversed phase POSITIVE ION MODE","metabolite_name":"Proprionylcarnitine","refmet_name":"CAR DC3:0"},"191":{"study_id":"ST000552","analysis_id":"AN000843","analysis_summary":"Reversed phase POSITIVE ION MODE","metabolite_name":"PYRIDINE-2,3-DICARBOXYLATE","refmet_name":"Quinolinic acid"},"192":{"study_id":"ST000552","analysis_id":"AN000843","analysis_summary":"Reversed phase POSITIVE ION MODE","metabolite_name":"PYRIDOXAL","refmet_name":"Pyridoxal"},"193":{"study_id":"ST000552","analysis_id":"AN000843","analysis_summary":"Reversed phase POSITIVE ION MODE","metabolite_name":"PYRIDOXINE","refmet_name":"Pyridoxine"},"194":{"study_id":"ST000552","analysis_id":"AN000843","analysis_summary":"Reversed phase POSITIVE ION MODE","metabolite_name":"Pyroglutamic Acid","refmet_name":"Pyroglutamic acid"},"195":{"study_id":"ST000552","analysis_id":"AN000843","analysis_summary":"Reversed phase POSITIVE ION MODE","metabolite_name":"QUINATE","refmet_name":"Quinic acid"},"196":{"study_id":"ST000552","analysis_id":"AN000843","analysis_summary":"Reversed phase POSITIVE ION MODE","metabolite_name":"(R)-MALATE","refmet_name":"D-Malic acid"},"197":{"study_id":"ST000552","analysis_id":"AN000843","analysis_summary":"Reversed phase POSITIVE ION MODE","metabolite_name":"SEROTONIN","refmet_name":"Serotonin"},"198":{"study_id":"ST000552","analysis_id":"AN000843","analysis_summary":"Reversed phase POSITIVE ION MODE","metabolite_name":"SEROTONIN-NH3","refmet_name":"Serotonin"},"199":{"study_id":"ST000552","analysis_id":"AN000843","analysis_summary":"Reversed phase POSITIVE ION MODE","metabolite_name":"SPERMIDINE","refmet_name":"Spermidine"},"200":{"study_id":"ST000552","analysis_id":"AN000843","analysis_summary":"Reversed phase POSITIVE ION MODE","metabolite_name":"SPERMINE","refmet_name":"Spermine"},"201":{"study_id":"ST000552","analysis_id":"AN000843","analysis_summary":"Reversed phase POSITIVE ION MODE","metabolite_name":"Sphingosine (d18:1)","refmet_name":"Sphingosine"},"202":{"study_id":"ST000552","analysis_id":"AN000843","analysis_summary":"Reversed phase POSITIVE ION MODE","metabolite_name":"Stachydrine_R1","refmet_name":"Stachydrine"},"203":{"study_id":"ST000552","analysis_id":"AN000843","analysis_summary":"Reversed phase POSITIVE ION MODE","metabolite_name":"Stachydrine_R2","refmet_name":"Stachydrine"},"204":{"study_id":"ST000552","analysis_id":"AN000843","analysis_summary":"Reversed phase POSITIVE ION MODE","metabolite_name":"SUCCINATE","refmet_name":"Succinic acid"},"205":{"study_id":"ST000552","analysis_id":"AN000843","analysis_summary":"Reversed phase POSITIVE ION MODE","metabolite_name":"Sulcatol","refmet_name":"(R)-Sulcatol"},"206":{"study_id":"ST000552","analysis_id":"AN000843","analysis_summary":"Reversed phase POSITIVE ION MODE","metabolite_name":"Syringic Acid","refmet_name":"Syringic acid"},"207":{"study_id":"ST000552","analysis_id":"AN000843","analysis_summary":"Reversed phase POSITIVE ION MODE","metabolite_name":"TAURINE","refmet_name":"Taurine"},"208":{"study_id":"ST000552","analysis_id":"AN000843","analysis_summary":"Reversed phase POSITIVE ION MODE","metabolite_name":"Taurocholic acid_R1","refmet_name":"Taurocholic acid"},"209":{"study_id":"ST000552","analysis_id":"AN000843","analysis_summary":"Reversed phase POSITIVE ION MODE","metabolite_name":"Taurocholic acid_R2","refmet_name":"Taurocholic acid"},"210":{"study_id":"ST000552","analysis_id":"AN000843","analysis_summary":"Reversed phase POSITIVE ION MODE","metabolite_name":"Taurocholic acid (TCA)_R1","refmet_name":"Taurocholic acid"},"211":{"study_id":"ST000552","analysis_id":"AN000843","analysis_summary":"Reversed phase POSITIVE ION MODE","metabolite_name":"Taurocholic acid (TCA)_R2","refmet_name":"Taurocholic acid"},"212":{"study_id":"ST000552","analysis_id":"AN000843","analysis_summary":"Reversed phase POSITIVE ION MODE","metabolite_name":"Taurocholic acid (TCA)_R3","refmet_name":"Taurocholic acid"},"213":{"study_id":"ST000552","analysis_id":"AN000843","analysis_summary":"Reversed phase POSITIVE ION MODE","metabolite_name":"Taurocholic acid (TCA)_R4","refmet_name":"Taurocholic acid"},"214":{"study_id":"ST000552","analysis_id":"AN000843","analysis_summary":"Reversed phase POSITIVE ION MODE","metabolite_name":"Taurodeoxycholic Acid (T-DCA)_R1","refmet_name":"Taurodeoxycholic acid"},"215":{"study_id":"ST000552","analysis_id":"AN000843","analysis_summary":"Reversed phase POSITIVE ION MODE","metabolite_name":"Taurodeoxycholic Acid (T-DCA)_R2","refmet_name":"Taurodeoxycholic acid"},"216":{"study_id":"ST000552","analysis_id":"AN000843","analysis_summary":"Reversed phase POSITIVE ION MODE","metabolite_name":"Taurodeoxycholic Acid (T-DCA)_R3","refmet_name":"Taurodeoxycholic acid"},"217":{"study_id":"ST000552","analysis_id":"AN000843","analysis_summary":"Reversed phase POSITIVE ION MODE","metabolite_name":"Taurodeoxycholic Acid (T-DCA)_R4","refmet_name":"Taurodeoxycholic acid"},"218":{"study_id":"ST000552","analysis_id":"AN000843","analysis_summary":"Reversed phase POSITIVE ION MODE","metabolite_name":"Taurodeoxycholic Acid (T-DCA)_R5","refmet_name":"Taurodeoxycholic acid"},"219":{"study_id":"ST000552","analysis_id":"AN000843","analysis_summary":"Reversed phase POSITIVE ION MODE","metabolite_name":"Taurodeoxycholic Acid (T-DCA)_R6","refmet_name":"Taurodeoxycholic acid"},"220":{"study_id":"ST000552","analysis_id":"AN000843","analysis_summary":"Reversed phase POSITIVE ION MODE","metabolite_name":"Taurodeoxycholic Acid (T-DCA)_R7","refmet_name":"Taurodeoxycholic acid"},"221":{"study_id":"ST000552","analysis_id":"AN000843","analysis_summary":"Reversed phase POSITIVE ION MODE","metabolite_name":"Tetrahydrothiophene-1-oxide","refmet_name":"Tetrahydrothiophene-1-oxide"},"222":{"study_id":"ST000552","analysis_id":"AN000843","analysis_summary":"Reversed phase POSITIVE ION MODE","metabolite_name":"THIAMINE","refmet_name":"Thiamine"},"223":{"study_id":"ST000552","analysis_id":"AN000843","analysis_summary":"Reversed phase POSITIVE ION MODE","metabolite_name":"THREONINE\/HOMOSERINE_R1","refmet_name":"Threonine\/Homoserine"},"224":{"study_id":"ST000552","analysis_id":"AN000843","analysis_summary":"Reversed phase POSITIVE ION MODE","metabolite_name":"THREONINE\/HOMOSERINE_R2","refmet_name":"Threonine\/Homoserine"},"225":{"study_id":"ST000552","analysis_id":"AN000843","analysis_summary":"Reversed phase POSITIVE ION MODE","metabolite_name":"THYMINE","refmet_name":"Thymine"},"226":{"study_id":"ST000552","analysis_id":"AN000843","analysis_summary":"Reversed phase POSITIVE ION MODE","metabolite_name":"TRANS-CINNAMATE","refmet_name":"trans-Cinnamic acid"},"227":{"study_id":"ST000552","analysis_id":"AN000843","analysis_summary":"Reversed phase POSITIVE ION MODE","metabolite_name":"Triethyl phosphate","refmet_name":"Triethyl phosphate"},"228":{"study_id":"ST000552","analysis_id":"AN000843","analysis_summary":"Reversed phase POSITIVE ION MODE","metabolite_name":"Trigonelline","refmet_name":"Trigonelline"},"229":{"study_id":"ST000552","analysis_id":"AN000843","analysis_summary":"Reversed phase POSITIVE ION MODE","metabolite_name":"Tryptophan-2,3,3-D3","refmet_name":"Tryptophan"},"230":{"study_id":"ST000552","analysis_id":"AN000843","analysis_summary":"Reversed phase POSITIVE ION MODE","metabolite_name":"Tryptophan-2,3,3-D3-NH3","refmet_name":"Tryptophan"},"231":{"study_id":"ST000552","analysis_id":"AN000843","analysis_summary":"Reversed phase POSITIVE ION MODE","metabolite_name":"URACIL","refmet_name":"Uracil"},"232":{"study_id":"ST000552","analysis_id":"AN000843","analysis_summary":"Reversed phase POSITIVE ION MODE","metabolite_name":"URATE","refmet_name":"Uric acid"},"233":{"study_id":"ST000552","analysis_id":"AN000843","analysis_summary":"Reversed phase POSITIVE ION MODE","metabolite_name":"URIDINE","refmet_name":"Uridine"},"234":{"study_id":"ST000552","analysis_id":"AN000843","analysis_summary":"Reversed phase POSITIVE ION MODE","metabolite_name":"UROCANATE","refmet_name":"Urocanic acid"},"235":{"study_id":"ST000552","analysis_id":"AN000843","analysis_summary":"Reversed phase POSITIVE ION MODE","metabolite_name":"Valerylcarnitine","refmet_name":"CAR 5:0"},"236":{"study_id":"ST000552","analysis_id":"AN000844","analysis_summary":"Reversed phase NEGATIVE ION MODE","metabolite_name":"1,2-Benzisothiazolin-3-one","refmet_name":"1,2-Benzisothiazol-3(2H)-one"},"237":{"study_id":"ST000552","analysis_id":"AN000844","analysis_summary":"Reversed phase NEGATIVE ION MODE","metabolite_name":"2',4'-DIHYDROXYACETOPHENONE","refmet_name":"2',4'-Dihydroxyacetophenone"},"238":{"study_id":"ST000552","analysis_id":"AN000844","analysis_summary":"Reversed phase NEGATIVE ION MODE","metabolite_name":"2,4-Dinitrophenol (herbicide)","refmet_name":"2,4-Dinitrophenol"},"239":{"study_id":"ST000552","analysis_id":"AN000844","analysis_summary":"Reversed phase NEGATIVE ION MODE","metabolite_name":"3-(2-HYDROXYPHENYL)PROPANOATE","refmet_name":"3-(2-Hydroxyphenyl)propanoic acid"},"240":{"study_id":"ST000552","analysis_id":"AN000844","analysis_summary":"Reversed phase NEGATIVE ION MODE","metabolite_name":"3-(4-HYDROXYPHENYL)LACTATE","refmet_name":"Hydroxyphenyllactic acid"},"241":{"study_id":"ST000552","analysis_id":"AN000844","analysis_summary":"Reversed phase NEGATIVE ION MODE","metabolite_name":"3-Aminosalicylic acid","refmet_name":"3-Aminosalicylic acid"},"242":{"study_id":"ST000552","analysis_id":"AN000844","analysis_summary":"Reversed phase NEGATIVE ION MODE","metabolite_name":"3-HYDROXY-3-METHYLGLUTARATE","refmet_name":"3-Hydroxymethylglutaric acid"},"243":{"study_id":"ST000552","analysis_id":"AN000844","analysis_summary":"Reversed phase NEGATIVE ION MODE","metabolite_name":"3-Hydroxydecanoic acid","refmet_name":"3-Hydroxydecanoic acid"},"244":{"study_id":"ST000552","analysis_id":"AN000844","analysis_summary":"Reversed phase NEGATIVE ION MODE","metabolite_name":"3-METHOXY-4-HYDROXYMANDELATE","refmet_name":"Vanillylmandelic acid"},"245":{"study_id":"ST000552","analysis_id":"AN000844","analysis_summary":"Reversed phase NEGATIVE ION MODE","metabolite_name":"3-METHYL-2-OXOVALERIC ACID","refmet_name":"3-Methyl-2-oxovaleric acid"},"246":{"study_id":"ST000552","analysis_id":"AN000844","analysis_summary":"Reversed phase NEGATIVE ION MODE","metabolite_name":"3-methyladipic acid_R1","refmet_name":"3-Methyladipic acid"},"247":{"study_id":"ST000552","analysis_id":"AN000844","analysis_summary":"Reversed phase NEGATIVE ION MODE","metabolite_name":"3-methyladipic acid_R2","refmet_name":"3-Methyladipic acid"},"248":{"study_id":"ST000552","analysis_id":"AN000844","analysis_summary":"Reversed phase NEGATIVE ION MODE","metabolite_name":"3-SULFINO-L-ALANINE","refmet_name":"3-Sulfino-alanine"},"249":{"study_id":"ST000552","analysis_id":"AN000844","analysis_summary":"Reversed phase NEGATIVE ION MODE","metabolite_name":"3-tert-Butyladipic acid","refmet_name":"Sebacic acid"},"250":{"study_id":"ST000552","analysis_id":"AN000844","analysis_summary":"Reversed phase NEGATIVE ION MODE","metabolite_name":"4-ACETAMIDOBUTANOATE","refmet_name":"4-Acetamidobutanoic acid"},"251":{"study_id":"ST000552","analysis_id":"AN000844","analysis_summary":"Reversed phase NEGATIVE ION MODE","metabolite_name":"4-COUMARATE","refmet_name":"cis-p-Coumaric acid"},"252":{"study_id":"ST000552","analysis_id":"AN000844","analysis_summary":"Reversed phase NEGATIVE ION MODE","metabolite_name":"4-HYDROXY-2-QUINOLINECARBOXYLIC ACID","refmet_name":"Kynurenic acid"},"253":{"study_id":"ST000552","analysis_id":"AN000844","analysis_summary":"Reversed phase NEGATIVE ION MODE","metabolite_name":"4-HYDROXYBENZALDEHYDE","refmet_name":"4-Hydroxybenzaldehyde"},"254":{"study_id":"ST000552","analysis_id":"AN000844","analysis_summary":"Reversed phase NEGATIVE ION MODE","metabolite_name":"4-METHYL-2-OXO-PENTANOIC ACID","refmet_name":"Ketoleucine"},"255":{"study_id":"ST000552","analysis_id":"AN000844","analysis_summary":"Reversed phase NEGATIVE ION MODE","metabolite_name":"4-oxoproline","refmet_name":"4-Oxo-proline"},"256":{"study_id":"ST000552","analysis_id":"AN000844","analysis_summary":"Reversed phase NEGATIVE ION MODE","metabolite_name":"5-hydroxyindoleacetic acid","refmet_name":"5-Hydroxyindoleacetic acid"},"257":{"study_id":"ST000552","analysis_id":"AN000844","analysis_summary":"Reversed phase NEGATIVE ION MODE","metabolite_name":"5-HYDROXY-L-TRYPTOPHAN","refmet_name":"5-Hydroxy-tryptophan"},"258":{"study_id":"ST000552","analysis_id":"AN000844","analysis_summary":"Reversed phase NEGATIVE ION MODE","metabolite_name":"6-Hydroxycaproic acid","refmet_name":"6-Hydroxycaproic acid"},"259":{"study_id":"ST000552","analysis_id":"AN000844","analysis_summary":"Reversed phase NEGATIVE ION MODE","metabolite_name":"a-LINOLENIC ACID","refmet_name":"alpha-Linolenic acid"},"260":{"study_id":"ST000552","analysis_id":"AN000844","analysis_summary":"Reversed phase NEGATIVE ION MODE","metabolite_name":"ALLANTOIN","refmet_name":"Allantoin"},"261":{"study_id":"ST000552","analysis_id":"AN000844","analysis_summary":"Reversed phase NEGATIVE ION MODE","metabolite_name":"ALPHA-HYDROXYISOBUTYRIC ACID","refmet_name":"2-Hydroxyisobutyric acid"},"262":{"study_id":"ST000552","analysis_id":"AN000844","analysis_summary":"Reversed phase NEGATIVE ION MODE","metabolite_name":"ALPHA-KETOGLUTARIC ACID","refmet_name":"Oxoglutaric acid"},"263":{"study_id":"ST000552","analysis_id":"AN000844","analysis_summary":"Reversed phase NEGATIVE ION MODE","metabolite_name":"ALPHA-KETOGLUTARIC ACID+2H","refmet_name":"Oxoglutaric acid"},"264":{"study_id":"ST000552","analysis_id":"AN000844","analysis_summary":"Reversed phase NEGATIVE ION MODE","metabolite_name":"ANTHRANILATE","refmet_name":"2-Aminobenzoic acid"},"265":{"study_id":"ST000552","analysis_id":"AN000844","analysis_summary":"Reversed phase NEGATIVE ION MODE","metabolite_name":"Arachidonic Acid (20:4)","refmet_name":"Arachidonic acid"},"266":{"study_id":"ST000552","analysis_id":"AN000844","analysis_summary":"Reversed phase NEGATIVE ION MODE","metabolite_name":"ASCORBIC ACID","refmet_name":"Vitamin C"},"267":{"study_id":"ST000552","analysis_id":"AN000844","analysis_summary":"Reversed phase NEGATIVE ION MODE","metabolite_name":"ASPARTATE","refmet_name":"Aspartic acid"},"268":{"study_id":"ST000552","analysis_id":"AN000844","analysis_summary":"Reversed phase NEGATIVE ION MODE","metabolite_name":"AZELAIC ACID","refmet_name":"Azelaic acid"},"269":{"study_id":"ST000552","analysis_id":"AN000844","analysis_summary":"Reversed phase NEGATIVE ION MODE","metabolite_name":"BOC-L-Tyrosine_R1","refmet_name":"Tyrosine"},"270":{"study_id":"ST000552","analysis_id":"AN000844","analysis_summary":"Reversed phase NEGATIVE ION MODE","metabolite_name":"BOC-L-Tyrosine_R2","refmet_name":"Tyrosine"},"271":{"study_id":"ST000552","analysis_id":"AN000844","analysis_summary":"Reversed phase NEGATIVE ION MODE","metabolite_name":"C6H12O6-HEXOSE\/KETOSE\/INOSITOL","refmet_name":"Hexose"},"272":{"study_id":"ST000552","analysis_id":"AN000844","analysis_summary":"Reversed phase NEGATIVE ION MODE","metabolite_name":"Caffeic Acid","refmet_name":"Caffeic acid"},"273":{"study_id":"ST000552","analysis_id":"AN000844","analysis_summary":"Reversed phase NEGATIVE ION MODE","metabolite_name":"Catechol Sulfate_R1","refmet_name":"Catechol sulfate"},"274":{"study_id":"ST000552","analysis_id":"AN000844","analysis_summary":"Reversed phase NEGATIVE ION MODE","metabolite_name":"Catechol Sulfate_R2","refmet_name":"Catechol sulfate"},"275":{"study_id":"ST000552","analysis_id":"AN000844","analysis_summary":"Reversed phase NEGATIVE ION MODE","metabolite_name":"Chenodeoxycholic Acid (CDCA)_R1","refmet_name":"Chenodeoxycholic acid"},"276":{"study_id":"ST000552","analysis_id":"AN000844","analysis_summary":"Reversed phase NEGATIVE ION MODE","metabolite_name":"Chenodeoxycholic Acid (CDCA)_R2","refmet_name":"Chenodeoxycholic acid"},"277":{"study_id":"ST000552","analysis_id":"AN000844","analysis_summary":"Reversed phase NEGATIVE ION MODE","metabolite_name":"Chenodeoxycholic Acid (CDCA)_R3","refmet_name":"Chenodeoxycholic acid"},"278":{"study_id":"ST000552","analysis_id":"AN000844","analysis_summary":"Reversed phase NEGATIVE ION MODE","metabolite_name":"Cholic Acid","refmet_name":"Cholic acid"},"279":{"study_id":"ST000552","analysis_id":"AN000844","analysis_summary":"Reversed phase NEGATIVE ION MODE","metabolite_name":"CITRAMALATE","refmet_name":"Citramalic acid"},"280":{"study_id":"ST000552","analysis_id":"AN000844","analysis_summary":"Reversed phase NEGATIVE ION MODE","metabolite_name":"CITRATE","refmet_name":"Citric acid"},"281":{"study_id":"ST000552","analysis_id":"AN000844","analysis_summary":"Reversed phase NEGATIVE ION MODE","metabolite_name":"CITRIC ACID-13C6","refmet_name":"Citric acid"},"282":{"study_id":"ST000552","analysis_id":"AN000844","analysis_summary":"Reversed phase NEGATIVE ION MODE","metabolite_name":"CITRULLINE","refmet_name":"Citrulline"},"283":{"study_id":"ST000552","analysis_id":"AN000844","analysis_summary":"Reversed phase NEGATIVE ION MODE","metabolite_name":"CREATINE","refmet_name":"Creatine"},"284":{"study_id":"ST000552","analysis_id":"AN000844","analysis_summary":"Reversed phase NEGATIVE ION MODE","metabolite_name":"D-GLUCURONIC ACID\/D-GLUCURONOLACTONE\/D-(+)-GALACTURONIC ACID","refmet_name":""},"285":{"study_id":"ST000552","analysis_id":"AN000844","analysis_summary":"Reversed phase NEGATIVE ION MODE","metabolite_name":"Dinoterb (herbicide)","refmet_name":""},"286":{"study_id":"ST000552","analysis_id":"AN000844","analysis_summary":"Reversed phase NEGATIVE ION MODE","metabolite_name":"DISACCHARIDE (6C\/6C)\/2-alpha-D-glucosyl-D-glucose","refmet_name":""},"287":{"study_id":"ST000552","analysis_id":"AN000844","analysis_summary":"Reversed phase NEGATIVE ION MODE","metabolite_name":"Docosahexaenoic Acid (22:6)","refmet_name":"DHA"},"288":{"study_id":"ST000552","analysis_id":"AN000844","analysis_summary":"Reversed phase NEGATIVE ION MODE","metabolite_name":"D-SACCHARIC ACID","refmet_name":"Glucaric acid"},"289":{"study_id":"ST000552","analysis_id":"AN000844","analysis_summary":"Reversed phase NEGATIVE ION MODE","metabolite_name":"ETHYLMALONIC ACID","refmet_name":"Ethylmalonic acid"},"290":{"study_id":"ST000552","analysis_id":"AN000844","analysis_summary":"Reversed phase NEGATIVE ION MODE","metabolite_name":"Ferulic acid sulfate","refmet_name":"Ferulic acid 4-sulfate"},"291":{"study_id":"ST000552","analysis_id":"AN000844","analysis_summary":"Reversed phase NEGATIVE ION MODE","metabolite_name":"GLUCONIC ACID\/D-GULONIC ACID GAMA-LACTONE","refmet_name":"Gluconic acid\/Gulonolactone"},"292":{"study_id":"ST000552","analysis_id":"AN000844","analysis_summary":"Reversed phase NEGATIVE ION MODE","metabolite_name":"GLUCOSE\/FRUCTOSE_R1","refmet_name":"Hexose"},"293":{"study_id":"ST000552","analysis_id":"AN000844","analysis_summary":"Reversed phase NEGATIVE ION MODE","metabolite_name":"GLUCOSE\/FRUCTOSE_R2","refmet_name":"Hexose"},"294":{"study_id":"ST000552","analysis_id":"AN000844","analysis_summary":"Reversed phase NEGATIVE ION MODE","metabolite_name":"GLUTARATE","refmet_name":"Glutaric acid"},"295":{"study_id":"ST000552","analysis_id":"AN000844","analysis_summary":"Reversed phase NEGATIVE ION MODE","metabolite_name":"GLYCERIC ACID_R1","refmet_name":"Glyceric acid"},"296":{"study_id":"ST000552","analysis_id":"AN000844","analysis_summary":"Reversed phase NEGATIVE ION MODE","metabolite_name":"GLYCERIC ACID_R2","refmet_name":"Glyceric acid"},"297":{"study_id":"ST000552","analysis_id":"AN000844","analysis_summary":"Reversed phase NEGATIVE ION MODE","metabolite_name":"GLYCOCHOLATE_R1","refmet_name":"Glycocholic acid"},"298":{"study_id":"ST000552","analysis_id":"AN000844","analysis_summary":"Reversed phase NEGATIVE ION MODE","metabolite_name":"GLYCOCHOLATE_R2","refmet_name":"Glycocholic acid"},"299":{"study_id":"ST000552","analysis_id":"AN000844","analysis_summary":"Reversed phase NEGATIVE ION MODE","metabolite_name":"Glycocholic Acid (GCA)","refmet_name":"Glycocholic acid"},"300":{"study_id":"ST000552","analysis_id":"AN000844","analysis_summary":"Reversed phase NEGATIVE ION MODE","metabolite_name":"Glycodeoxycholic acid (GDCA)","refmet_name":"Glycodeoxycholic acid"},"301":{"study_id":"ST000552","analysis_id":"AN000844","analysis_summary":"Reversed phase NEGATIVE ION MODE","metabolite_name":"Glycoursodeoxycholic acid (G-UDCA)","refmet_name":"Glycoursodeoxycholic acid"},"302":{"study_id":"ST000552","analysis_id":"AN000844","analysis_summary":"Reversed phase NEGATIVE ION MODE","metabolite_name":"HYPOXANTHINE","refmet_name":"Hypoxanthine"},"303":{"study_id":"ST000552","analysis_id":"AN000844","analysis_summary":"Reversed phase NEGATIVE ION MODE","metabolite_name":"INDOLE-3-ACETATE","refmet_name":"Indoleacetic acid"},"304":{"study_id":"ST000552","analysis_id":"AN000844","analysis_summary":"Reversed phase NEGATIVE ION MODE","metabolite_name":"Inosine","refmet_name":"Inosine"},"305":{"study_id":"ST000552","analysis_id":"AN000844","analysis_summary":"Reversed phase NEGATIVE ION MODE","metabolite_name":"ISOCITRIC ACID","refmet_name":"Isocitric acid"},"306":{"study_id":"ST000552","analysis_id":"AN000844","analysis_summary":"Reversed phase NEGATIVE ION MODE","metabolite_name":"Kynurenic Acid","refmet_name":"Kynurenic acid"},"307":{"study_id":"ST000552","analysis_id":"AN000844","analysis_summary":"Reversed phase NEGATIVE ION MODE","metabolite_name":"L-2-PHOSPHOGLYCERIC ACID","refmet_name":"2-Phosphoglyceric acid"},"308":{"study_id":"ST000552","analysis_id":"AN000844","analysis_summary":"Reversed phase NEGATIVE ION MODE","metabolite_name":"LACTATE","refmet_name":"Lactic acid"},"309":{"study_id":"ST000552","analysis_id":"AN000844","analysis_summary":"Reversed phase NEGATIVE ION MODE","metabolite_name":"LACTATE-dimer","refmet_name":""},"310":{"study_id":"ST000552","analysis_id":"AN000844","analysis_summary":"Reversed phase NEGATIVE ION MODE","metabolite_name":"L-CARNITINE","refmet_name":"Carnitine"},"311":{"study_id":"ST000552","analysis_id":"AN000844","analysis_summary":"Reversed phase NEGATIVE ION MODE","metabolite_name":"L-CYSTEIC ACID","refmet_name":"Cysteic acid"},"312":{"study_id":"ST000552","analysis_id":"AN000844","analysis_summary":"Reversed phase NEGATIVE ION MODE","metabolite_name":"L-Cysteine-S-Sulfate","refmet_name":"Cysteine-S-sulfate"},"313":{"study_id":"ST000552","analysis_id":"AN000844","analysis_summary":"Reversed phase NEGATIVE ION MODE","metabolite_name":"LEUCINE","refmet_name":"Leucine"},"314":{"study_id":"ST000552","analysis_id":"AN000844","analysis_summary":"Reversed phase NEGATIVE ION MODE","metabolite_name":"L-GLUTAMIC ACID","refmet_name":"Glutamic acid"},"315":{"study_id":"ST000552","analysis_id":"AN000844","analysis_summary":"Reversed phase NEGATIVE ION MODE","metabolite_name":"L-GLUTAMINE","refmet_name":"Glutamine"},"316":{"study_id":"ST000552","analysis_id":"AN000844","analysis_summary":"Reversed phase NEGATIVE ION MODE","metabolite_name":"L-HISTIDINE","refmet_name":"Histidine"},"317":{"study_id":"ST000552","analysis_id":"AN000844","analysis_summary":"Reversed phase NEGATIVE ION MODE","metabolite_name":"Linoleic Acid (18:2)","refmet_name":"Linoleic acid"},"318":{"study_id":"ST000552","analysis_id":"AN000844","analysis_summary":"Reversed phase NEGATIVE ION MODE","metabolite_name":"L-ISOLEUCINE_R1","refmet_name":"Isoleucine"},"319":{"study_id":"ST000552","analysis_id":"AN000844","analysis_summary":"Reversed phase NEGATIVE ION MODE","metabolite_name":"L-ISOLEUCINE_R2","refmet_name":"Isoleucine"},"320":{"study_id":"ST000552","analysis_id":"AN000844","analysis_summary":"Reversed phase NEGATIVE ION MODE","metabolite_name":"L-KYNURENINE","refmet_name":"Kynurenine"},"321":{"study_id":"ST000552","analysis_id":"AN000844","analysis_summary":"Reversed phase NEGATIVE ION MODE","metabolite_name":"L-METHIONINE","refmet_name":"Methionine"},"322":{"study_id":"ST000552","analysis_id":"AN000844","analysis_summary":"Reversed phase NEGATIVE ION MODE","metabolite_name":"L-Phenylalanine-13C6","refmet_name":"Phenylalanine"},"323":{"study_id":"ST000552","analysis_id":"AN000844","analysis_summary":"Reversed phase NEGATIVE ION MODE","metabolite_name":"L-TYROSINE","refmet_name":"Tyrosine"},"324":{"study_id":"ST000552","analysis_id":"AN000844","analysis_summary":"Reversed phase NEGATIVE ION MODE","metabolite_name":"L-Tyrosine-13C6","refmet_name":"Tyrosine"},"325":{"study_id":"ST000552","analysis_id":"AN000844","analysis_summary":"Reversed phase NEGATIVE ION MODE","metabolite_name":"L-VALINE","refmet_name":"Valine"},"326":{"study_id":"ST000552","analysis_id":"AN000844","analysis_summary":"Reversed phase NEGATIVE ION MODE","metabolite_name":"LysoPC (18:1)","refmet_name":"LPC 18:1"},"327":{"study_id":"ST000552","analysis_id":"AN000844","analysis_summary":"Reversed phase NEGATIVE ION MODE","metabolite_name":"LysoPE (16:0)","refmet_name":"LPE 16:0"},"328":{"study_id":"ST000552","analysis_id":"AN000844","analysis_summary":"Reversed phase NEGATIVE ION MODE","metabolite_name":"LysoPE (18:0)","refmet_name":"LPE 18:0"},"329":{"study_id":"ST000552","analysis_id":"AN000844","analysis_summary":"Reversed phase NEGATIVE ION MODE","metabolite_name":"LysoPE (18:1)","refmet_name":"LPE 18:1"},"330":{"study_id":"ST000552","analysis_id":"AN000844","analysis_summary":"Reversed phase NEGATIVE ION MODE","metabolite_name":"LysoPE (20:4)","refmet_name":"LPE 20:4"},"331":{"study_id":"ST000552","analysis_id":"AN000844","analysis_summary":"Reversed phase NEGATIVE ION MODE","metabolite_name":"LysoPE (22:6)","refmet_name":"LPE 22:6"},"332":{"study_id":"ST000552","analysis_id":"AN000844","analysis_summary":"Reversed phase NEGATIVE ION MODE","metabolite_name":"MALATE","refmet_name":"Malic acid"},"333":{"study_id":"ST000552","analysis_id":"AN000844","analysis_summary":"Reversed phase NEGATIVE ION MODE","metabolite_name":"Mannitol","refmet_name":"Mannitol"},"334":{"study_id":"ST000552","analysis_id":"AN000844","analysis_summary":"Reversed phase NEGATIVE ION MODE","metabolite_name":"Mono-(2-Ethylhexyl) Phthalate","refmet_name":"Monoethylhexyl phthalic acid"},"335":{"study_id":"ST000552","analysis_id":"AN000844","analysis_summary":"Reversed phase NEGATIVE ION MODE","metabolite_name":"Mono-(2-Ethylhexyl) Phthalate Dimer","refmet_name":"Monoethylhexyl phthalic acid"},"336":{"study_id":"ST000552","analysis_id":"AN000844","analysis_summary":"Reversed phase NEGATIVE ION MODE","metabolite_name":"Mono-(2-Ethylhexyl) Phthalate Trimer","refmet_name":"Monoethylhexyl phthalic acid"},"337":{"study_id":"ST000552","analysis_id":"AN000844","analysis_summary":"Reversed phase NEGATIVE ION MODE","metabolite_name":"Monobutyl phthalate","refmet_name":"Monobutylphthalate"},"338":{"study_id":"ST000552","analysis_id":"AN000844","analysis_summary":"Reversed phase NEGATIVE ION MODE","metabolite_name":"N-ACETYL-DL-GLUTAMIC ACID","refmet_name":"N-Acetylglutamic acid"},"339":{"study_id":"ST000552","analysis_id":"AN000844","analysis_summary":"Reversed phase NEGATIVE ION MODE","metabolite_name":"N-ACETYL-DL-SERINE","refmet_name":"N-Acetylserine"},"340":{"study_id":"ST000552","analysis_id":"AN000844","analysis_summary":"Reversed phase NEGATIVE ION MODE","metabolite_name":"N-ACETYLGLYCINE","refmet_name":"N-Acetylglycine"},"341":{"study_id":"ST000552","analysis_id":"AN000844","analysis_summary":"Reversed phase NEGATIVE ION MODE","metabolite_name":"N-ACETYL-L-ALANINE","refmet_name":"N-Acetylalanine"},"342":{"study_id":"ST000552","analysis_id":"AN000844","analysis_summary":"Reversed phase NEGATIVE ION MODE","metabolite_name":"N-ACETYL-L-LEUCINE","refmet_name":"N-Acetylleucine"},"343":{"study_id":"ST000552","analysis_id":"AN000844","analysis_summary":"Reversed phase NEGATIVE ION MODE","metabolite_name":"NALPHA-ACETYL-L-LYSINE","refmet_name":"N(2)-Acetyllysine"},"344":{"study_id":"ST000552","analysis_id":"AN000844","analysis_summary":"Reversed phase NEGATIVE ION MODE","metabolite_name":"N-AMIDINO-L-ASPARTATE","refmet_name":"Guanidinosuccinic acid"},"345":{"study_id":"ST000552","analysis_id":"AN000844","analysis_summary":"Reversed phase NEGATIVE ION MODE","metabolite_name":"N-BOC-L-Aspartic Acid_R1","refmet_name":"Aspartic acid"},"346":{"study_id":"ST000552","analysis_id":"AN000844","analysis_summary":"Reversed phase NEGATIVE ION MODE","metabolite_name":"N-BOC-L-Aspartic Acid_R2","refmet_name":"Aspartic acid"},"347":{"study_id":"ST000552","analysis_id":"AN000844","analysis_summary":"Reversed phase NEGATIVE ION MODE","metabolite_name":"N-BOC-L-tert-Leucine_R1","refmet_name":""},"348":{"study_id":"ST000552","analysis_id":"AN000844","analysis_summary":"Reversed phase NEGATIVE ION MODE","metabolite_name":"N-BOC-L-tert-Leucine_R2","refmet_name":""},"349":{"study_id":"ST000552","analysis_id":"AN000844","analysis_summary":"Reversed phase NEGATIVE ION MODE","metabolite_name":"N-BOC-L-Tryptophan_R1","refmet_name":"Tryptophan"},"350":{"study_id":"ST000552","analysis_id":"AN000844","analysis_summary":"Reversed phase NEGATIVE ION MODE","metabolite_name":"N-BOC-L-Tryptophan_R2","refmet_name":"Tryptophan"},"351":{"study_id":"ST000552","analysis_id":"AN000844","analysis_summary":"Reversed phase NEGATIVE ION MODE","metabolite_name":"N-FORMYLGLYCINE","refmet_name":"N-Formylglycine"},"352":{"study_id":"ST000552","analysis_id":"AN000844","analysis_summary":"Reversed phase NEGATIVE ION MODE","metabolite_name":"N-METHYL-L-GLUTAMATE","refmet_name":"N-Methyl-glutamic acid"},"353":{"study_id":"ST000552","analysis_id":"AN000844","analysis_summary":"Reversed phase NEGATIVE ION MODE","metabolite_name":"Pimelic Acid","refmet_name":"Pimelic acid"},"354":{"study_id":"ST000552","analysis_id":"AN000844","analysis_summary":"Reversed phase NEGATIVE ION MODE","metabolite_name":"Plasmenyl-LysoPE (P-18:1)","refmet_name":"LPE P-18:1"},"355":{"study_id":"ST000552","analysis_id":"AN000844","analysis_summary":"Reversed phase NEGATIVE ION MODE","metabolite_name":"Proline","refmet_name":"Proline"},"356":{"study_id":"ST000552","analysis_id":"AN000844","analysis_summary":"Reversed phase NEGATIVE ION MODE","metabolite_name":"Salicylic Acid-D4","refmet_name":"Salicylic acid"},"357":{"study_id":"ST000552","analysis_id":"AN000844","analysis_summary":"Reversed phase NEGATIVE ION MODE","metabolite_name":"SARCOSINE\/BETA-ALANINE","refmet_name":""},"358":{"study_id":"ST000552","analysis_id":"AN000844","analysis_summary":"Reversed phase NEGATIVE ION MODE","metabolite_name":"SUCCINATE","refmet_name":"Succinic acid"},"359":{"study_id":"ST000552","analysis_id":"AN000844","analysis_summary":"Reversed phase NEGATIVE ION MODE","metabolite_name":"SUCCINIC ACID-13C4","refmet_name":"Succinic acid"},"360":{"study_id":"ST000552","analysis_id":"AN000844","analysis_summary":"Reversed phase NEGATIVE ION MODE","metabolite_name":"Sulfoacetaldehyde","refmet_name":"Sulfoacetaldehyde"},"361":{"study_id":"ST000552","analysis_id":"AN000844","analysis_summary":"Reversed phase NEGATIVE ION MODE","metabolite_name":"TARTARIC ACID","refmet_name":"Tartaric acid"},"362":{"study_id":"ST000552","analysis_id":"AN000844","analysis_summary":"Reversed phase NEGATIVE ION MODE","metabolite_name":"TAURINE","refmet_name":"Taurine"},"363":{"study_id":"ST000552","analysis_id":"AN000844","analysis_summary":"Reversed phase NEGATIVE ION MODE","metabolite_name":"Taurochenodesoxycholic acid (T-CDCA)","refmet_name":"Taurochenodeoxycholic acid"},"364":{"study_id":"ST000552","analysis_id":"AN000844","analysis_summary":"Reversed phase NEGATIVE ION MODE","metabolite_name":"Taurocholic acid (TCA)","refmet_name":"Taurocholic acid"},"365":{"study_id":"ST000552","analysis_id":"AN000844","analysis_summary":"Reversed phase NEGATIVE ION MODE","metabolite_name":"Tauroursodeoxycholic acid (T-UDCA)","refmet_name":"Tauroursodeoxycholic acid"},"366":{"study_id":"ST000552","analysis_id":"AN000844","analysis_summary":"Reversed phase NEGATIVE ION MODE","metabolite_name":"THREONINE\/HOMOSERINE","refmet_name":"Threonine\/Homoserine"},"367":{"study_id":"ST000552","analysis_id":"AN000844","analysis_summary":"Reversed phase NEGATIVE ION MODE","metabolite_name":"Tryptophan","refmet_name":"Tryptophan"},"368":{"study_id":"ST000552","analysis_id":"AN000844","analysis_summary":"Reversed phase NEGATIVE ION MODE","metabolite_name":"Tryptophan-2,3,3-D3","refmet_name":"Tryptophan"},"369":{"study_id":"ST000552","analysis_id":"AN000844","analysis_summary":"Reversed phase NEGATIVE ION MODE","metabolite_name":"URATE","refmet_name":"Uric acid"},"370":{"study_id":"ST000552","analysis_id":"AN000844","analysis_summary":"Reversed phase NEGATIVE ION MODE","metabolite_name":"URIDINE","refmet_name":"Uridine"},"371":{"study_id":"ST000552","analysis_id":"AN000844","analysis_summary":"Reversed phase NEGATIVE ION MODE","metabolite_name":"Vanilloloside","refmet_name":"Vanilloloside"},"372":{"study_id":"ST000552","analysis_id":"AN000844","analysis_summary":"Reversed phase NEGATIVE ION MODE","metabolite_name":"Vanilloylglycine","refmet_name":"Vanilloylglycine"},"373":{"study_id":"ST000552","analysis_id":"AN000844","analysis_summary":"Reversed phase NEGATIVE ION MODE","metabolite_name":"XANTHINE","refmet_name":"Xanthine"},"374":{"study_id":"ST000552","analysis_id":"AN000844","analysis_summary":"Reversed phase NEGATIVE ION MODE","metabolite_name":"Xylenesulfonate","refmet_name":""}}