{"1":{"study_id":"ST000146","analysis_id":"AN000232","analysis_summary":"ESI\/QTOF negative ion mode","metabolite_name":"2 or 3-phosphoglycerate_13C_1","refmet_name":"3-Phosphoglyceric acid"},"2":{"study_id":"ST000146","analysis_id":"AN000232","analysis_summary":"ESI\/QTOF negative ion mode","metabolite_name":"2 or 3-phosphoglycerate_13C_2","refmet_name":"3-Phosphoglyceric acid"},"3":{"study_id":"ST000146","analysis_id":"AN000232","analysis_summary":"ESI\/QTOF negative ion mode","metabolite_name":"2 or 3-phosphoglycerate_13C_3","refmet_name":"3-Phosphoglyceric acid"},"4":{"study_id":"ST000146","analysis_id":"AN000232","analysis_summary":"ESI\/QTOF negative ion mode","metabolite_name":"2 or 3-phosphoglycerate_2PG\/3PG","refmet_name":"3-Phosphoglyceric acid"},"5":{"study_id":"ST000146","analysis_id":"AN000232","analysis_summary":"ESI\/QTOF negative ion mode","metabolite_name":"3-Glycerophosphate","refmet_name":"3-Phosphoglyceric acid"},"6":{"study_id":"ST000146","analysis_id":"AN000232","analysis_summary":"ESI\/QTOF negative ion mode","metabolite_name":"3-Glycerophosphate_13C_1","refmet_name":"3-Phosphoglyceric acid"},"7":{"study_id":"ST000146","analysis_id":"AN000232","analysis_summary":"ESI\/QTOF negative ion mode","metabolite_name":"3-Glycerophosphate_13C_2","refmet_name":"3-Phosphoglyceric acid"},"8":{"study_id":"ST000146","analysis_id":"AN000232","analysis_summary":"ESI\/QTOF negative ion mode","metabolite_name":"3-Glycerophosphate_13C_3","refmet_name":"3-Phosphoglyceric acid"},"9":{"study_id":"ST000146","analysis_id":"AN000232","analysis_summary":"ESI\/QTOF negative ion mode","metabolite_name":"3-phosphoglyceraldehyde","refmet_name":"Glyceraldehyde 3-phosphate"},"10":{"study_id":"ST000146","analysis_id":"AN000232","analysis_summary":"ESI\/QTOF negative ion mode","metabolite_name":"3-phosphoglyceraldehyde_13C_1","refmet_name":"Glyceraldehyde 3-phosphate"},"11":{"study_id":"ST000146","analysis_id":"AN000232","analysis_summary":"ESI\/QTOF negative ion mode","metabolite_name":"3-phosphoglyceraldehyde_13C_2","refmet_name":"Glyceraldehyde 3-phosphate"},"12":{"study_id":"ST000146","analysis_id":"AN000232","analysis_summary":"ESI\/QTOF negative ion mode","metabolite_name":"3-phosphoglyceraldehyde_13C_3","refmet_name":"Glyceraldehyde 3-phosphate"},"13":{"study_id":"ST000146","analysis_id":"AN000232","analysis_summary":"ESI\/QTOF negative ion mode","metabolite_name":"6-Phosphogluconate","refmet_name":"6-Phosphogluconic acid"},"14":{"study_id":"ST000146","analysis_id":"AN000232","analysis_summary":"ESI\/QTOF negative ion mode","metabolite_name":"6-Phosphogluconate_13C_1","refmet_name":"6-Phosphogluconic acid"},"15":{"study_id":"ST000146","analysis_id":"AN000232","analysis_summary":"ESI\/QTOF negative ion mode","metabolite_name":"6-Phosphogluconate_13C_2","refmet_name":"6-Phosphogluconic acid"},"16":{"study_id":"ST000146","analysis_id":"AN000232","analysis_summary":"ESI\/QTOF negative ion mode","metabolite_name":"6-Phosphogluconate_13C_3","refmet_name":"6-Phosphogluconic acid"},"17":{"study_id":"ST000146","analysis_id":"AN000232","analysis_summary":"ESI\/QTOF negative ion mode","metabolite_name":"6-Phosphogluconate_13C_4","refmet_name":"6-Phosphogluconic acid"},"18":{"study_id":"ST000146","analysis_id":"AN000232","analysis_summary":"ESI\/QTOF negative ion mode","metabolite_name":"6-Phosphogluconate_13C_5","refmet_name":"6-Phosphogluconic acid"},"19":{"study_id":"ST000146","analysis_id":"AN000232","analysis_summary":"ESI\/QTOF negative ion mode","metabolite_name":"6-Phosphogluconate_13C_6","refmet_name":"6-Phosphogluconic acid"},"20":{"study_id":"ST000146","analysis_id":"AN000232","analysis_summary":"ESI\/QTOF negative ion mode","metabolite_name":"Acetyl-CoA","refmet_name":"Acetyl-CoA"},"21":{"study_id":"ST000146","analysis_id":"AN000232","analysis_summary":"ESI\/QTOF negative ion mode","metabolite_name":"Acetyl-CoA_13C_1","refmet_name":"Acetyl-CoA"},"22":{"study_id":"ST000146","analysis_id":"AN000232","analysis_summary":"ESI\/QTOF negative ion mode","metabolite_name":"Acetyl-CoA_13C_2","refmet_name":"Acetyl-CoA"},"23":{"study_id":"ST000146","analysis_id":"AN000232","analysis_summary":"ESI\/QTOF negative ion mode","metabolite_name":"Adenosine diphosphate","refmet_name":"ADP"},"24":{"study_id":"ST000146","analysis_id":"AN000232","analysis_summary":"ESI\/QTOF negative ion mode","metabolite_name":"Adenosine diphosphate_13C_1","refmet_name":"ADP"},"25":{"study_id":"ST000146","analysis_id":"AN000232","analysis_summary":"ESI\/QTOF negative ion mode","metabolite_name":"Adenosine diphosphate_13C_2","refmet_name":"ADP"},"26":{"study_id":"ST000146","analysis_id":"AN000232","analysis_summary":"ESI\/QTOF negative ion mode","metabolite_name":"Adenosine diphosphate_13C_3","refmet_name":"ADP"},"27":{"study_id":"ST000146","analysis_id":"AN000232","analysis_summary":"ESI\/QTOF negative ion mode","metabolite_name":"Adenosine diphosphate_13C_4","refmet_name":"ADP"},"28":{"study_id":"ST000146","analysis_id":"AN000232","analysis_summary":"ESI\/QTOF negative ion mode","metabolite_name":"Adenosine diphosphate_13C_5","refmet_name":"ADP"},"29":{"study_id":"ST000146","analysis_id":"AN000232","analysis_summary":"ESI\/QTOF negative ion mode","metabolite_name":"Adenosine monophosphate","refmet_name":"AMP"},"30":{"study_id":"ST000146","analysis_id":"AN000232","analysis_summary":"ESI\/QTOF negative ion mode","metabolite_name":"Adenosine monophosphate_13C_1","refmet_name":"AMP"},"31":{"study_id":"ST000146","analysis_id":"AN000232","analysis_summary":"ESI\/QTOF negative ion mode","metabolite_name":"Adenosine monophosphate_13C_2","refmet_name":"AMP"},"32":{"study_id":"ST000146","analysis_id":"AN000232","analysis_summary":"ESI\/QTOF negative ion mode","metabolite_name":"Adenosine monophosphate_13C_3","refmet_name":"AMP"},"33":{"study_id":"ST000146","analysis_id":"AN000232","analysis_summary":"ESI\/QTOF negative ion mode","metabolite_name":"Adenosine monophosphate_13C_4","refmet_name":"AMP"},"34":{"study_id":"ST000146","analysis_id":"AN000232","analysis_summary":"ESI\/QTOF negative ion mode","metabolite_name":"Adenosine monophosphate_13C_5","refmet_name":"AMP"},"35":{"study_id":"ST000146","analysis_id":"AN000232","analysis_summary":"ESI\/QTOF negative ion mode","metabolite_name":"Adenosine triphosphate","refmet_name":"ATP"},"36":{"study_id":"ST000146","analysis_id":"AN000232","analysis_summary":"ESI\/QTOF negative ion mode","metabolite_name":"Adenosine triphosphate_13C_1","refmet_name":"ATP"},"37":{"study_id":"ST000146","analysis_id":"AN000232","analysis_summary":"ESI\/QTOF negative ion mode","metabolite_name":"Adenosine triphosphate_13C_2","refmet_name":"ATP"},"38":{"study_id":"ST000146","analysis_id":"AN000232","analysis_summary":"ESI\/QTOF negative ion mode","metabolite_name":"Adenosine triphosphate_13C_3","refmet_name":"ATP"},"39":{"study_id":"ST000146","analysis_id":"AN000232","analysis_summary":"ESI\/QTOF negative ion mode","metabolite_name":"Adenosine triphosphate_13C_4","refmet_name":"ATP"},"40":{"study_id":"ST000146","analysis_id":"AN000232","analysis_summary":"ESI\/QTOF negative ion mode","metabolite_name":"Adenosine triphosphate_13C_5","refmet_name":"ATP"},"41":{"study_id":"ST000146","analysis_id":"AN000232","analysis_summary":"ESI\/QTOF negative ion mode","metabolite_name":"Aspartate","refmet_name":"Aspartic acid"},"42":{"study_id":"ST000146","analysis_id":"AN000232","analysis_summary":"ESI\/QTOF negative ion mode","metabolite_name":"Aspartate_13C_1","refmet_name":"Aspartic acid"},"43":{"study_id":"ST000146","analysis_id":"AN000232","analysis_summary":"ESI\/QTOF negative ion mode","metabolite_name":"Aspartate_13C_2","refmet_name":"Aspartic acid"},"44":{"study_id":"ST000146","analysis_id":"AN000232","analysis_summary":"ESI\/QTOF negative ion mode","metabolite_name":"Aspartate_13C_3","refmet_name":"Aspartic acid"},"45":{"study_id":"ST000146","analysis_id":"AN000232","analysis_summary":"ESI\/QTOF negative ion mode","metabolite_name":"Aspartate_13C_4","refmet_name":"Aspartic acid"},"46":{"study_id":"ST000146","analysis_id":"AN000232","analysis_summary":"ESI\/QTOF negative ion mode","metabolite_name":"Citrate or Isocitrate","refmet_name":"Citric acid\/Isocitric acid"},"47":{"study_id":"ST000146","analysis_id":"AN000232","analysis_summary":"ESI\/QTOF negative ion mode","metabolite_name":"Citrate or Isocitrate_13C_1","refmet_name":"Citric acid\/Isocitric acid"},"48":{"study_id":"ST000146","analysis_id":"AN000232","analysis_summary":"ESI\/QTOF negative ion mode","metabolite_name":"Citrate or Isocitrate_13C_2","refmet_name":"Citric acid\/Isocitric acid"},"49":{"study_id":"ST000146","analysis_id":"AN000232","analysis_summary":"ESI\/QTOF negative ion mode","metabolite_name":"Citrate or Isocitrate_13C_3","refmet_name":"Citric acid\/Isocitric acid"},"50":{"study_id":"ST000146","analysis_id":"AN000232","analysis_summary":"ESI\/QTOF negative ion mode","metabolite_name":"Citrate or Isocitrate_13C_4","refmet_name":"Citric acid\/Isocitric acid"},"51":{"study_id":"ST000146","analysis_id":"AN000232","analysis_summary":"ESI\/QTOF negative ion mode","metabolite_name":"Citrate or Isocitrate_13C_5","refmet_name":"Citric acid\/Isocitric acid"},"52":{"study_id":"ST000146","analysis_id":"AN000232","analysis_summary":"ESI\/QTOF negative ion mode","metabolite_name":"Citrate or Isocitrate_13C_6","refmet_name":"Citric acid\/Isocitric acid"},"53":{"study_id":"ST000146","analysis_id":"AN000232","analysis_summary":"ESI\/QTOF negative ion mode","metabolite_name":"Erythrose 4-phosphate","refmet_name":"Erythrose 4-phosphate"},"54":{"study_id":"ST000146","analysis_id":"AN000232","analysis_summary":"ESI\/QTOF negative ion mode","metabolite_name":"Erythrose 4-phosphate_13C_1","refmet_name":"Erythrose 4-phosphate"},"55":{"study_id":"ST000146","analysis_id":"AN000232","analysis_summary":"ESI\/QTOF negative ion mode","metabolite_name":"Erythrose 4-phosphate_13C_2","refmet_name":"Erythrose 4-phosphate"},"56":{"study_id":"ST000146","analysis_id":"AN000232","analysis_summary":"ESI\/QTOF negative ion mode","metabolite_name":"Erythrose 4-phosphate_13C_3","refmet_name":"Erythrose 4-phosphate"},"57":{"study_id":"ST000146","analysis_id":"AN000232","analysis_summary":"ESI\/QTOF negative ion mode","metabolite_name":"Erythrose 4-phosphate_13C_4","refmet_name":"Erythrose 4-phosphate"},"58":{"study_id":"ST000146","analysis_id":"AN000232","analysis_summary":"ESI\/QTOF negative ion mode","metabolite_name":"Fructose 1,6-bisphosphate","refmet_name":"Fructose 1,6-bisphosphate"},"59":{"study_id":"ST000146","analysis_id":"AN000232","analysis_summary":"ESI\/QTOF negative ion mode","metabolite_name":"Fructose 1,6-bisphosphate_13C_1","refmet_name":"Fructose 1,6-bisphosphate"},"60":{"study_id":"ST000146","analysis_id":"AN000232","analysis_summary":"ESI\/QTOF negative ion mode","metabolite_name":"Fructose 1,6-bisphosphate_13C_2","refmet_name":"Fructose 1,6-bisphosphate"},"61":{"study_id":"ST000146","analysis_id":"AN000232","analysis_summary":"ESI\/QTOF negative ion mode","metabolite_name":"Fructose 1,6-bisphosphate_13C_3","refmet_name":"Fructose 1,6-bisphosphate"},"62":{"study_id":"ST000146","analysis_id":"AN000232","analysis_summary":"ESI\/QTOF negative ion mode","metabolite_name":"Fructose 1,6-bisphosphate_13C_4","refmet_name":"Fructose 1,6-bisphosphate"},"63":{"study_id":"ST000146","analysis_id":"AN000232","analysis_summary":"ESI\/QTOF negative ion mode","metabolite_name":"Fructose 1,6-bisphosphate_13C_5","refmet_name":"Fructose 1,6-bisphosphate"},"64":{"study_id":"ST000146","analysis_id":"AN000232","analysis_summary":"ESI\/QTOF negative ion mode","metabolite_name":"Fructose 1,6-bisphosphate_13C_6","refmet_name":"Fructose 1,6-bisphosphate"},"65":{"study_id":"ST000146","analysis_id":"AN000232","analysis_summary":"ESI\/QTOF negative ion mode","metabolite_name":"Glucose 6-phosphate or fructose-6-phosphate","refmet_name":"Glucose 6-phosphate"},"66":{"study_id":"ST000146","analysis_id":"AN000232","analysis_summary":"ESI\/QTOF negative ion mode","metabolite_name":"Glucose 6-phosphate or fructose-6-phosphate_13C_1","refmet_name":"Glucose 6-phosphate"},"67":{"study_id":"ST000146","analysis_id":"AN000232","analysis_summary":"ESI\/QTOF negative ion mode","metabolite_name":"Glucose 6-phosphate or fructose-6-phosphate_13C_2","refmet_name":"Glucose 6-phosphate"},"68":{"study_id":"ST000146","analysis_id":"AN000232","analysis_summary":"ESI\/QTOF negative ion mode","metabolite_name":"Glucose 6-phosphate or fructose-6-phosphate_13C_3","refmet_name":"Glucose 6-phosphate"},"69":{"study_id":"ST000146","analysis_id":"AN000232","analysis_summary":"ESI\/QTOF negative ion mode","metabolite_name":"Glucose 6-phosphate or fructose-6-phosphate_13C_4","refmet_name":"Glucose 6-phosphate"},"70":{"study_id":"ST000146","analysis_id":"AN000232","analysis_summary":"ESI\/QTOF negative ion mode","metabolite_name":"Glucose 6-phosphate or fructose-6-phosphate_13C_5","refmet_name":"Glucose 6-phosphate"},"71":{"study_id":"ST000146","analysis_id":"AN000232","analysis_summary":"ESI\/QTOF negative ion mode","metabolite_name":"Glucose 6-phosphate or fructose-6-phosphate_13C_6","refmet_name":"Glucose 6-phosphate"},"72":{"study_id":"ST000146","analysis_id":"AN000232","analysis_summary":"ESI\/QTOF negative ion mode","metabolite_name":"Glutamate","refmet_name":"Glutamic acid"},"73":{"study_id":"ST000146","analysis_id":"AN000232","analysis_summary":"ESI\/QTOF negative ion mode","metabolite_name":"Glutamate_13C_1","refmet_name":"Glutamic acid"},"74":{"study_id":"ST000146","analysis_id":"AN000232","analysis_summary":"ESI\/QTOF negative ion mode","metabolite_name":"Glutamate_13C_2","refmet_name":"Glutamic acid"},"75":{"study_id":"ST000146","analysis_id":"AN000232","analysis_summary":"ESI\/QTOF negative ion mode","metabolite_name":"Glutamate_13C_3","refmet_name":"Glutamic acid"},"76":{"study_id":"ST000146","analysis_id":"AN000232","analysis_summary":"ESI\/QTOF negative ion mode","metabolite_name":"Glutamate_13C_4","refmet_name":"Glutamic acid"},"77":{"study_id":"ST000146","analysis_id":"AN000232","analysis_summary":"ESI\/QTOF negative ion mode","metabolite_name":"Glutamate_13C_5","refmet_name":"Glutamic acid"},"78":{"study_id":"ST000146","analysis_id":"AN000232","analysis_summary":"ESI\/QTOF negative ion mode","metabolite_name":"Lactate","refmet_name":"Lactic acid"},"79":{"study_id":"ST000146","analysis_id":"AN000232","analysis_summary":"ESI\/QTOF negative ion mode","metabolite_name":"Lactate_13C_1","refmet_name":"Lactic acid"},"80":{"study_id":"ST000146","analysis_id":"AN000232","analysis_summary":"ESI\/QTOF negative ion mode","metabolite_name":"Lactate_13C_2","refmet_name":"Lactic acid"},"81":{"study_id":"ST000146","analysis_id":"AN000232","analysis_summary":"ESI\/QTOF negative ion mode","metabolite_name":"Lactate_13C_3","refmet_name":"Lactic acid"},"82":{"study_id":"ST000146","analysis_id":"AN000232","analysis_summary":"ESI\/QTOF negative ion mode","metabolite_name":"Malate","refmet_name":"Malic acid"},"83":{"study_id":"ST000146","analysis_id":"AN000232","analysis_summary":"ESI\/QTOF negative ion mode","metabolite_name":"Malate_13C_1","refmet_name":"Malic acid"},"84":{"study_id":"ST000146","analysis_id":"AN000232","analysis_summary":"ESI\/QTOF negative ion mode","metabolite_name":"Malate_13C_2","refmet_name":"Malic acid"},"85":{"study_id":"ST000146","analysis_id":"AN000232","analysis_summary":"ESI\/QTOF negative ion mode","metabolite_name":"Malate_13C_3","refmet_name":"Malic acid"},"86":{"study_id":"ST000146","analysis_id":"AN000232","analysis_summary":"ESI\/QTOF negative ion mode","metabolite_name":"Malate_13C_4","refmet_name":"Malic acid"},"87":{"study_id":"ST000146","analysis_id":"AN000232","analysis_summary":"ESI\/QTOF negative ion mode","metabolite_name":"Malonyl-CoA","refmet_name":"Malonyl-CoA"},"88":{"study_id":"ST000146","analysis_id":"AN000232","analysis_summary":"ESI\/QTOF negative ion mode","metabolite_name":"Malonyl-CoA_13C_1","refmet_name":"Malonyl-CoA"},"89":{"study_id":"ST000146","analysis_id":"AN000232","analysis_summary":"ESI\/QTOF negative ion mode","metabolite_name":"Malonyl-CoA_13C_2","refmet_name":"Malonyl-CoA"},"90":{"study_id":"ST000146","analysis_id":"AN000232","analysis_summary":"ESI\/QTOF negative ion mode","metabolite_name":"Malonyl-CoA_13C_3","refmet_name":"Malonyl-CoA"},"91":{"study_id":"ST000146","analysis_id":"AN000232","analysis_summary":"ESI\/QTOF negative ion mode","metabolite_name":"Nicotinamide Adenine Dinucleotide oxidized","refmet_name":"NAD+"},"92":{"study_id":"ST000146","analysis_id":"AN000232","analysis_summary":"ESI\/QTOF negative ion mode","metabolite_name":"Nicotinamide Adenine Dinucleotide oxidized_13C_1","refmet_name":"NAD+"},"93":{"study_id":"ST000146","analysis_id":"AN000232","analysis_summary":"ESI\/QTOF negative ion mode","metabolite_name":"Nicotinamide Adenine Dinucleotide oxidized_13C_2","refmet_name":"NAD+"},"94":{"study_id":"ST000146","analysis_id":"AN000232","analysis_summary":"ESI\/QTOF negative ion mode","metabolite_name":"Nicotinamide Adenine Dinucleotide oxidized_13C_3","refmet_name":"NAD+"},"95":{"study_id":"ST000146","analysis_id":"AN000232","analysis_summary":"ESI\/QTOF negative ion mode","metabolite_name":"Nicotinamide Adenine Dinucleotide oxidized_13C_4","refmet_name":"NAD+"},"96":{"study_id":"ST000146","analysis_id":"AN000232","analysis_summary":"ESI\/QTOF negative ion mode","metabolite_name":"Nicotinamide Adenine Dinucleotide oxidized_13C_5","refmet_name":"NAD+"},"97":{"study_id":"ST000146","analysis_id":"AN000232","analysis_summary":"ESI\/QTOF negative ion mode","metabolite_name":"Nicotinamide Adenine Dinucleotide reduced","refmet_name":"NADH"},"98":{"study_id":"ST000146","analysis_id":"AN000232","analysis_summary":"ESI\/QTOF negative ion mode","metabolite_name":"Nicotinamide Adenine Dinucleotide reduced_13C_1","refmet_name":"NADH"},"99":{"study_id":"ST000146","analysis_id":"AN000232","analysis_summary":"ESI\/QTOF negative ion mode","metabolite_name":"Nicotinamide Adenine Dinucleotide reduced_13C_2","refmet_name":"NADH"},"100":{"study_id":"ST000146","analysis_id":"AN000232","analysis_summary":"ESI\/QTOF negative ion mode","metabolite_name":"Nicotinamide Adenine Dinucleotide reduced_13C_3","refmet_name":"NADH"},"101":{"study_id":"ST000146","analysis_id":"AN000232","analysis_summary":"ESI\/QTOF negative ion mode","metabolite_name":"Nicotinamide Adenine Dinucleotide reduced_13C_4","refmet_name":"NADH"},"102":{"study_id":"ST000146","analysis_id":"AN000232","analysis_summary":"ESI\/QTOF negative ion mode","metabolite_name":"Nicotinamide Adenine Dinucleotide reduced_13C_5","refmet_name":"NADH"},"103":{"study_id":"ST000146","analysis_id":"AN000232","analysis_summary":"ESI\/QTOF negative ion mode","metabolite_name":"Phosphoenolpyruvate","refmet_name":"Phosphoenolpyruvic acid"},"104":{"study_id":"ST000146","analysis_id":"AN000232","analysis_summary":"ESI\/QTOF negative ion mode","metabolite_name":"Phosphoenolpyruvate_13C_1","refmet_name":"Phosphoenolpyruvic acid"},"105":{"study_id":"ST000146","analysis_id":"AN000232","analysis_summary":"ESI\/QTOF negative ion mode","metabolite_name":"Phosphoenolpyruvate_13C_2","refmet_name":"Phosphoenolpyruvic acid"},"106":{"study_id":"ST000146","analysis_id":"AN000232","analysis_summary":"ESI\/QTOF negative ion mode","metabolite_name":"Phosphoenolpyruvate_13C_3","refmet_name":"Phosphoenolpyruvic acid"},"107":{"study_id":"ST000146","analysis_id":"AN000232","analysis_summary":"ESI\/QTOF negative ion mode","metabolite_name":"Ribose-5-phosphate or xylulose 5-phosphate","refmet_name":"Ribose 5-phosphate"},"108":{"study_id":"ST000146","analysis_id":"AN000232","analysis_summary":"ESI\/QTOF negative ion mode","metabolite_name":"Ribose-5-phosphate or xylulose 5-phosphate_13C_1","refmet_name":"Ribose 5-phosphate"},"109":{"study_id":"ST000146","analysis_id":"AN000232","analysis_summary":"ESI\/QTOF negative ion mode","metabolite_name":"Ribose-5-phosphate or xylulose 5-phosphate_13C_2","refmet_name":"Ribose 5-phosphate"},"110":{"study_id":"ST000146","analysis_id":"AN000232","analysis_summary":"ESI\/QTOF negative ion mode","metabolite_name":"Ribose-5-phosphate or xylulose 5-phosphate_13C_3","refmet_name":"Ribose 5-phosphate"},"111":{"study_id":"ST000146","analysis_id":"AN000232","analysis_summary":"ESI\/QTOF negative ion mode","metabolite_name":"Ribose-5-phosphate or xylulose 5-phosphate_13C_4","refmet_name":"Ribose 5-phosphate"},"112":{"study_id":"ST000146","analysis_id":"AN000232","analysis_summary":"ESI\/QTOF negative ion mode","metabolite_name":"Ribose-5-phosphate or xylulose 5-phosphate_13C_5","refmet_name":"Ribose 5-phosphate"},"113":{"study_id":"ST000146","analysis_id":"AN000232","analysis_summary":"ESI\/QTOF negative ion mode","metabolite_name":"Sedoheptulose 7-phosphate","refmet_name":"Sedoheptulose 7-phosphate"},"114":{"study_id":"ST000146","analysis_id":"AN000232","analysis_summary":"ESI\/QTOF negative ion mode","metabolite_name":"Sedoheptulose 7-phosphate_13C_1","refmet_name":"Sedoheptulose 7-phosphate"},"115":{"study_id":"ST000146","analysis_id":"AN000232","analysis_summary":"ESI\/QTOF negative ion mode","metabolite_name":"Sedoheptulose 7-phosphate_13C_2","refmet_name":"Sedoheptulose 7-phosphate"},"116":{"study_id":"ST000146","analysis_id":"AN000232","analysis_summary":"ESI\/QTOF negative ion mode","metabolite_name":"Sedoheptulose 7-phosphate_13C_3","refmet_name":"Sedoheptulose 7-phosphate"},"117":{"study_id":"ST000146","analysis_id":"AN000232","analysis_summary":"ESI\/QTOF negative ion mode","metabolite_name":"Sedoheptulose 7-phosphate_13C_4","refmet_name":"Sedoheptulose 7-phosphate"},"118":{"study_id":"ST000146","analysis_id":"AN000232","analysis_summary":"ESI\/QTOF negative ion mode","metabolite_name":"Sedoheptulose 7-phosphate_13C_5","refmet_name":"Sedoheptulose 7-phosphate"},"119":{"study_id":"ST000146","analysis_id":"AN000232","analysis_summary":"ESI\/QTOF negative ion mode","metabolite_name":"Sedoheptulose 7-phosphate_13C_6","refmet_name":"Sedoheptulose 7-phosphate"},"120":{"study_id":"ST000146","analysis_id":"AN000232","analysis_summary":"ESI\/QTOF negative ion mode","metabolite_name":"Sedoheptulose 7-phosphate_13C_7","refmet_name":"Sedoheptulose 7-phosphate"},"121":{"study_id":"ST000146","analysis_id":"AN000232","analysis_summary":"ESI\/QTOF negative ion mode","metabolite_name":"Sucrose","refmet_name":"Sucrose"},"122":{"study_id":"ST000146","analysis_id":"AN000232","analysis_summary":"ESI\/QTOF negative ion mode","metabolite_name":"Sucrose_13C_1","refmet_name":"Sucrose"},"123":{"study_id":"ST000146","analysis_id":"AN000232","analysis_summary":"ESI\/QTOF negative ion mode","metabolite_name":"Sucrose_13C_2","refmet_name":"Sucrose"},"124":{"study_id":"ST000146","analysis_id":"AN000232","analysis_summary":"ESI\/QTOF negative ion mode","metabolite_name":"Sucrose_13C_3","refmet_name":"Sucrose"},"125":{"study_id":"ST000146","analysis_id":"AN000232","analysis_summary":"ESI\/QTOF negative ion mode","metabolite_name":"Sucrose_13C_4","refmet_name":"Sucrose"}}