{"1":{"study_id":"ST000346","analysis_id":"AN000561","analysis_summary":"RP POSITIVE ION MODE","metabolite_name":"1_CE (22:1) iSTD","refmet_name":""},"2":{"study_id":"ST000346","analysis_id":"AN000561","analysis_summary":"RP POSITIVE ION MODE","metabolite_name":"1_Ceramide C17 iSTD","refmet_name":""},"3":{"study_id":"ST000346","analysis_id":"AN000561","analysis_summary":"RP POSITIVE ION MODE","metabolite_name":"1_Cholesterol d7 iSTD","refmet_name":""},"4":{"study_id":"ST000346","analysis_id":"AN000561","analysis_summary":"RP POSITIVE ION MODE","metabolite_name":"1_CUDA (pos) iSTD iSTD","refmet_name":""},"5":{"study_id":"ST000346","analysis_id":"AN000561","analysis_summary":"RP POSITIVE ION MODE","metabolite_name":"1_DG (12:0\/12:0\/0:0) iSTD","refmet_name":""},"6":{"study_id":"ST000346","analysis_id":"AN000561","analysis_summary":"RP POSITIVE ION MODE","metabolite_name":"1_DG (18:1\/2:0\/0:0) iSTD","refmet_name":""},"7":{"study_id":"ST000346","analysis_id":"AN000561","analysis_summary":"RP POSITIVE ION MODE","metabolite_name":"1_LPC (17:0) iSTD","refmet_name":"LPC 17:0"},"8":{"study_id":"ST000346","analysis_id":"AN000561","analysis_summary":"RP POSITIVE ION MODE","metabolite_name":"1_LPE (17:1) iSTD","refmet_name":"LPE 17:1"},"9":{"study_id":"ST000346","analysis_id":"AN000561","analysis_summary":"RP POSITIVE ION MODE","metabolite_name":"1_MG (17:0\/0:0\/0:0) iSTD","refmet_name":""},"10":{"study_id":"ST000346","analysis_id":"AN000561","analysis_summary":"RP POSITIVE ION MODE","metabolite_name":"1_PC (25:0) iSTD","refmet_name":""},"11":{"study_id":"ST000346","analysis_id":"AN000561","analysis_summary":"RP POSITIVE ION MODE","metabolite_name":"1_PE (17:0\/17:0) iSTD","refmet_name":"PE 17:0\/17:0"},"12":{"study_id":"ST000346","analysis_id":"AN000561","analysis_summary":"RP POSITIVE ION MODE","metabolite_name":"1_SM (d35:1) iSTD","refmet_name":""},"13":{"study_id":"ST000346","analysis_id":"AN000561","analysis_summary":"RP POSITIVE ION MODE","metabolite_name":"1_Sphingosine (d17:1) iSTD","refmet_name":""},"14":{"study_id":"ST000346","analysis_id":"AN000561","analysis_summary":"RP POSITIVE ION MODE","metabolite_name":"1_TG (17:0\/17:1\/17:0)-d5 iSTD","refmet_name":""},"15":{"study_id":"ST000346","analysis_id":"AN000561","analysis_summary":"RP POSITIVE ION MODE","metabolite_name":"Acylcarnitine C16:0","refmet_name":"CAR 16:0"},"16":{"study_id":"ST000346","analysis_id":"AN000561","analysis_summary":"RP POSITIVE ION MODE","metabolite_name":"Acylcarnitine C18:1","refmet_name":"CAR 18:1"},"17":{"study_id":"ST000346","analysis_id":"AN000561","analysis_summary":"RP POSITIVE ION MODE","metabolite_name":"CE (18:1)","refmet_name":"CE 18:1"},"18":{"study_id":"ST000346","analysis_id":"AN000561","analysis_summary":"RP POSITIVE ION MODE","metabolite_name":"CE (18:2)","refmet_name":"CE 18:2"},"19":{"study_id":"ST000346","analysis_id":"AN000561","analysis_summary":"RP POSITIVE ION MODE","metabolite_name":"CE (18:3)","refmet_name":"CE 18:3"},"20":{"study_id":"ST000346","analysis_id":"AN000561","analysis_summary":"RP POSITIVE ION MODE","metabolite_name":"CE (20:4)","refmet_name":"CE 20:4"},"21":{"study_id":"ST000346","analysis_id":"AN000561","analysis_summary":"RP POSITIVE ION MODE","metabolite_name":"Cholesterol","refmet_name":"Cholesterol"},"22":{"study_id":"ST000346","analysis_id":"AN000561","analysis_summary":"RP POSITIVE ION MODE","metabolite_name":"LPC (16:0)","refmet_name":"LPC 16:0"},"23":{"study_id":"ST000346","analysis_id":"AN000561","analysis_summary":"RP POSITIVE ION MODE","metabolite_name":"LPC (18:0)","refmet_name":"LPC 18:0"},"24":{"study_id":"ST000346","analysis_id":"AN000561","analysis_summary":"RP POSITIVE ION MODE","metabolite_name":"LPC (18:1)","refmet_name":"LPC 18:1"},"25":{"study_id":"ST000346","analysis_id":"AN000561","analysis_summary":"RP POSITIVE ION MODE","metabolite_name":"PC (16:0\/9:0(CHO))","refmet_name":""},"26":{"study_id":"ST000346","analysis_id":"AN000561","analysis_summary":"RP POSITIVE ION MODE","metabolite_name":"PC (28:0)","refmet_name":"PC 28:0"},"27":{"study_id":"ST000346","analysis_id":"AN000561","analysis_summary":"RP POSITIVE ION MODE","metabolite_name":"PC (30:0)","refmet_name":"PC 30:0"},"28":{"study_id":"ST000346","analysis_id":"AN000561","analysis_summary":"RP POSITIVE ION MODE","metabolite_name":"PC (30:1)","refmet_name":"PC 30:1"},"29":{"study_id":"ST000346","analysis_id":"AN000561","analysis_summary":"RP POSITIVE ION MODE","metabolite_name":"PC (31:0)","refmet_name":"PC 31:0"},"30":{"study_id":"ST000346","analysis_id":"AN000561","analysis_summary":"RP POSITIVE ION MODE","metabolite_name":"PC (32:0)","refmet_name":"PC 32:0"},"31":{"study_id":"ST000346","analysis_id":"AN000561","analysis_summary":"RP POSITIVE ION MODE","metabolite_name":"PC (32:1)","refmet_name":"PC 32:1"},"32":{"study_id":"ST000346","analysis_id":"AN000561","analysis_summary":"RP POSITIVE ION MODE","metabolite_name":"PC (32:2)","refmet_name":"PC 32:2"},"33":{"study_id":"ST000346","analysis_id":"AN000561","analysis_summary":"RP POSITIVE ION MODE","metabolite_name":"PC (32:3)","refmet_name":"PC 32:3"},"34":{"study_id":"ST000346","analysis_id":"AN000561","analysis_summary":"RP POSITIVE ION MODE","metabolite_name":"PC (33:0)","refmet_name":"PC 33:0"},"35":{"study_id":"ST000346","analysis_id":"AN000561","analysis_summary":"RP POSITIVE ION MODE","metabolite_name":"PC (33:1)","refmet_name":"PC 33:1"},"36":{"study_id":"ST000346","analysis_id":"AN000561","analysis_summary":"RP POSITIVE ION MODE","metabolite_name":"PC (33:2)","refmet_name":"PC 33:2"},"37":{"study_id":"ST000346","analysis_id":"AN000561","analysis_summary":"RP POSITIVE ION MODE","metabolite_name":"PC (34:0)","refmet_name":"PC 34:0"},"38":{"study_id":"ST000346","analysis_id":"AN000561","analysis_summary":"RP POSITIVE ION MODE","metabolite_name":"PC (34:2)","refmet_name":"PC 34:2"},"39":{"study_id":"ST000346","analysis_id":"AN000561","analysis_summary":"RP POSITIVE ION MODE","metabolite_name":"PC (34:3)","refmet_name":"PC 34:3"},"40":{"study_id":"ST000346","analysis_id":"AN000561","analysis_summary":"RP POSITIVE ION MODE","metabolite_name":"PC (34:4)","refmet_name":"PC 34:4"},"41":{"study_id":"ST000346","analysis_id":"AN000561","analysis_summary":"RP POSITIVE ION MODE","metabolite_name":"PC (35:1)","refmet_name":"PC 35:1"},"42":{"study_id":"ST000346","analysis_id":"AN000561","analysis_summary":"RP POSITIVE ION MODE","metabolite_name":"PC (35:2)","refmet_name":"PC 35:2"},"43":{"study_id":"ST000346","analysis_id":"AN000561","analysis_summary":"RP POSITIVE ION MODE","metabolite_name":"PC (35:3)","refmet_name":"PC 35:3"},"44":{"study_id":"ST000346","analysis_id":"AN000561","analysis_summary":"RP POSITIVE ION MODE","metabolite_name":"PC (35:4)","refmet_name":"PC 35:4"},"45":{"study_id":"ST000346","analysis_id":"AN000561","analysis_summary":"RP POSITIVE ION MODE","metabolite_name":"PC (36:1)","refmet_name":"PC 36:1"},"46":{"study_id":"ST000346","analysis_id":"AN000561","analysis_summary":"RP POSITIVE ION MODE","metabolite_name":"PC (36:2)","refmet_name":"PC 36:2"},"47":{"study_id":"ST000346","analysis_id":"AN000561","analysis_summary":"RP POSITIVE ION MODE","metabolite_name":"PC (36:3) A","refmet_name":"PC 36:3"},"48":{"study_id":"ST000346","analysis_id":"AN000561","analysis_summary":"RP POSITIVE ION MODE","metabolite_name":"PC (36:3) B","refmet_name":"PC 36:3"},"49":{"study_id":"ST000346","analysis_id":"AN000561","analysis_summary":"RP POSITIVE ION MODE","metabolite_name":"PC (36:4) A","refmet_name":"PC 36:4"},"50":{"study_id":"ST000346","analysis_id":"AN000561","analysis_summary":"RP POSITIVE ION MODE","metabolite_name":"PC (36:4) B","refmet_name":"PC 36:4"},"51":{"study_id":"ST000346","analysis_id":"AN000561","analysis_summary":"RP POSITIVE ION MODE","metabolite_name":"PC (36:4) C","refmet_name":"PC 36:4"},"52":{"study_id":"ST000346","analysis_id":"AN000561","analysis_summary":"RP POSITIVE ION MODE","metabolite_name":"PC (36:5) A","refmet_name":"PC 36:5"},"53":{"study_id":"ST000346","analysis_id":"AN000561","analysis_summary":"RP POSITIVE ION MODE","metabolite_name":"PC (36:5) B","refmet_name":"PC 36:5"},"54":{"study_id":"ST000346","analysis_id":"AN000561","analysis_summary":"RP POSITIVE ION MODE","metabolite_name":"PC (37:4)","refmet_name":"PC 37:4"},"55":{"study_id":"ST000346","analysis_id":"AN000561","analysis_summary":"RP POSITIVE ION MODE","metabolite_name":"PC (38:2)","refmet_name":"PC 38:2"},"56":{"study_id":"ST000346","analysis_id":"AN000561","analysis_summary":"RP POSITIVE ION MODE","metabolite_name":"PC (38:3)","refmet_name":"PC 38:3"},"57":{"study_id":"ST000346","analysis_id":"AN000561","analysis_summary":"RP POSITIVE ION MODE","metabolite_name":"PC (38:4) A","refmet_name":"PC 38:4"},"58":{"study_id":"ST000346","analysis_id":"AN000561","analysis_summary":"RP POSITIVE ION MODE","metabolite_name":"PC (38:4) B","refmet_name":"PC 38:4"},"59":{"study_id":"ST000346","analysis_id":"AN000561","analysis_summary":"RP POSITIVE ION MODE","metabolite_name":"PC (38:5) A","refmet_name":"PC 38:5"},"60":{"study_id":"ST000346","analysis_id":"AN000561","analysis_summary":"RP POSITIVE ION MODE","metabolite_name":"PC (38:5) B","refmet_name":"PC 38:5"},"61":{"study_id":"ST000346","analysis_id":"AN000561","analysis_summary":"RP POSITIVE ION MODE","metabolite_name":"PC (38:6) A","refmet_name":"PC 38:6"},"62":{"study_id":"ST000346","analysis_id":"AN000561","analysis_summary":"RP POSITIVE ION MODE","metabolite_name":"PC (40:4)","refmet_name":"PC 40:4"},"63":{"study_id":"ST000346","analysis_id":"AN000561","analysis_summary":"RP POSITIVE ION MODE","metabolite_name":"PC (40:5) A","refmet_name":"PC 40:5"},"64":{"study_id":"ST000346","analysis_id":"AN000561","analysis_summary":"RP POSITIVE ION MODE","metabolite_name":"PC (40:5) B","refmet_name":"PC 40:5"},"65":{"study_id":"ST000346","analysis_id":"AN000561","analysis_summary":"RP POSITIVE ION MODE","metabolite_name":"PC (40:6) B","refmet_name":"PC 40:6"},"66":{"study_id":"ST000346","analysis_id":"AN000561","analysis_summary":"RP POSITIVE ION MODE","metabolite_name":"PC (40:7)","refmet_name":"PC 40:7"},"67":{"study_id":"ST000346","analysis_id":"AN000561","analysis_summary":"RP POSITIVE ION MODE","metabolite_name":"PC (40:8)","refmet_name":"PC 40:8"},"68":{"study_id":"ST000346","analysis_id":"AN000561","analysis_summary":"RP POSITIVE ION MODE","metabolite_name":"PC (o-32:0)","refmet_name":"PC O-32:0"},"69":{"study_id":"ST000346","analysis_id":"AN000561","analysis_summary":"RP POSITIVE ION MODE","metabolite_name":"PC (o-34:0)","refmet_name":"PC O-34:0"},"70":{"study_id":"ST000346","analysis_id":"AN000561","analysis_summary":"RP POSITIVE ION MODE","metabolite_name":"PC (p-32:0) or PC (o-32:1)","refmet_name":"PC P-32:0 or PC O-32:1"},"71":{"study_id":"ST000346","analysis_id":"AN000561","analysis_summary":"RP POSITIVE ION MODE","metabolite_name":"PC (p-34:0) or PC (o-34:1)","refmet_name":"PC P-34:0 or PC O-34:1"},"72":{"study_id":"ST000346","analysis_id":"AN000561","analysis_summary":"RP POSITIVE ION MODE","metabolite_name":"PC (p-34:1) or PC (o-34:2) A","refmet_name":"PC P-34:1 or PC O-34:2"},"73":{"study_id":"ST000346","analysis_id":"AN000561","analysis_summary":"RP POSITIVE ION MODE","metabolite_name":"PC (p-34:1) or PC (o-34:2) B","refmet_name":"PC P-34:1 or PC O-34:2"},"74":{"study_id":"ST000346","analysis_id":"AN000561","analysis_summary":"RP POSITIVE ION MODE","metabolite_name":"PC (p-34:2) or PC (o-34:3)","refmet_name":"PC P-34:2 or PC O-34:3"},"75":{"study_id":"ST000346","analysis_id":"AN000561","analysis_summary":"RP POSITIVE ION MODE","metabolite_name":"PC (p-36:3) or PC (o-36:4)","refmet_name":"PC P-36:3 or PC O-36:4"},"76":{"study_id":"ST000346","analysis_id":"AN000561","analysis_summary":"RP POSITIVE ION MODE","metabolite_name":"PC (p-36:4) or PC (o-36:5)","refmet_name":"PC P-36:4 or PC O-36:5"},"77":{"study_id":"ST000346","analysis_id":"AN000561","analysis_summary":"RP POSITIVE ION MODE","metabolite_name":"PC (p-38:3) or PC (o-38:4)","refmet_name":"PC P-38:3 or PC O-38:4"},"78":{"study_id":"ST000346","analysis_id":"AN000561","analysis_summary":"RP POSITIVE ION MODE","metabolite_name":"PC (p-38:4) or PC (o-38:5) A","refmet_name":"PC P-38:4 or PC O-38:5"},"79":{"study_id":"ST000346","analysis_id":"AN000561","analysis_summary":"RP POSITIVE ION MODE","metabolite_name":"PC (p-40:6) or PC (o-40:7) A","refmet_name":"PC P-40:6 or PC O-40:7"},"80":{"study_id":"ST000346","analysis_id":"AN000561","analysis_summary":"RP POSITIVE ION MODE","metabolite_name":"PC (p-40:7) or PC (o-40:8)","refmet_name":"PC P-40:7 or PC O-40:8"},"81":{"study_id":"ST000346","analysis_id":"AN000561","analysis_summary":"RP POSITIVE ION MODE","metabolite_name":"PE (34:2)","refmet_name":"PE 34:2"},"82":{"study_id":"ST000346","analysis_id":"AN000561","analysis_summary":"RP POSITIVE ION MODE","metabolite_name":"PE (36:1)","refmet_name":"PE 36:1"},"83":{"study_id":"ST000346","analysis_id":"AN000561","analysis_summary":"RP POSITIVE ION MODE","metabolite_name":"PE (p-36:2) or PE (o-36:3)","refmet_name":"PE P-36:2 or PE O-36:3"},"84":{"study_id":"ST000346","analysis_id":"AN000561","analysis_summary":"RP POSITIVE ION MODE","metabolite_name":"PE (p-36:4) or PE (o-36:5)","refmet_name":"PE P-36:4 or PE O-36:5"},"85":{"study_id":"ST000346","analysis_id":"AN000561","analysis_summary":"RP POSITIVE ION MODE","metabolite_name":"PE (p-38:4) or PE (o-38:5)","refmet_name":"PE P-38:4 or PE O-38:5"},"86":{"study_id":"ST000346","analysis_id":"AN000561","analysis_summary":"RP POSITIVE ION MODE","metabolite_name":"PE (p-38:5) or PE (o-38:6)","refmet_name":"PE P-38:5 or PE O-38:6"},"87":{"study_id":"ST000346","analysis_id":"AN000561","analysis_summary":"RP POSITIVE ION MODE","metabolite_name":"SM (d32:1)","refmet_name":"SM 32:1;O2"},"88":{"study_id":"ST000346","analysis_id":"AN000561","analysis_summary":"RP POSITIVE ION MODE","metabolite_name":"SM (d33:1)","refmet_name":"SM 33:1;O2"},"89":{"study_id":"ST000346","analysis_id":"AN000561","analysis_summary":"RP POSITIVE ION MODE","metabolite_name":"SM (d34:0)","refmet_name":"SM 34:0;O2"},"90":{"study_id":"ST000346","analysis_id":"AN000561","analysis_summary":"RP POSITIVE ION MODE","metabolite_name":"SM (d34:1)","refmet_name":"SM 34:1;O2"},"91":{"study_id":"ST000346","analysis_id":"AN000561","analysis_summary":"RP POSITIVE ION MODE","metabolite_name":"SM (d34:2)","refmet_name":"SM 34:2;O2"},"92":{"study_id":"ST000346","analysis_id":"AN000561","analysis_summary":"RP POSITIVE ION MODE","metabolite_name":"SM (d36:1)","refmet_name":"SM 36:1;O2"},"93":{"study_id":"ST000346","analysis_id":"AN000561","analysis_summary":"RP POSITIVE ION MODE","metabolite_name":"SM (d38:1)","refmet_name":"SM 38:1;O2"},"94":{"study_id":"ST000346","analysis_id":"AN000561","analysis_summary":"RP POSITIVE ION MODE","metabolite_name":"SM (d40:1)","refmet_name":"SM 40:1;O2"},"95":{"study_id":"ST000346","analysis_id":"AN000561","analysis_summary":"RP POSITIVE ION MODE","metabolite_name":"SM (d41:1)","refmet_name":"SM 41:1;O2"},"96":{"study_id":"ST000346","analysis_id":"AN000561","analysis_summary":"RP POSITIVE ION MODE","metabolite_name":"SM (d42:1)","refmet_name":"SM 42:1;O2"},"97":{"study_id":"ST000346","analysis_id":"AN000561","analysis_summary":"RP POSITIVE ION MODE","metabolite_name":"SM (d42:2)","refmet_name":"SM 42:2;O2"},"98":{"study_id":"ST000346","analysis_id":"AN000561","analysis_summary":"RP POSITIVE ION MODE","metabolite_name":"SM (d42:3)","refmet_name":"SM 42:3;O2"},"99":{"study_id":"ST000346","analysis_id":"AN000561","analysis_summary":"RP POSITIVE ION MODE","metabolite_name":"TG (52:1)","refmet_name":"TG 52:1"},"100":{"study_id":"ST000346","analysis_id":"AN000561","analysis_summary":"RP POSITIVE ION MODE","metabolite_name":"TG (52:2)","refmet_name":"TG 52:2"},"101":{"study_id":"ST000346","analysis_id":"AN000561","analysis_summary":"RP POSITIVE ION MODE","metabolite_name":"TG (52:3)","refmet_name":"TG 52:3"},"102":{"study_id":"ST000346","analysis_id":"AN000561","analysis_summary":"RP POSITIVE ION MODE","metabolite_name":"TG (52:4)","refmet_name":"TG 52:4"},"103":{"study_id":"ST000346","analysis_id":"AN000561","analysis_summary":"RP POSITIVE ION MODE","metabolite_name":"TG (56:7)","refmet_name":"TG 56:7"},"104":{"study_id":"ST000346","analysis_id":"AN000562","analysis_summary":"RP NEGATIVE ION MODE","metabolite_name":"Ceramide (d34:1)","refmet_name":"Cer 34:1;O2"},"105":{"study_id":"ST000346","analysis_id":"AN000562","analysis_summary":"RP NEGATIVE ION MODE","metabolite_name":"Ceramide (d38:1)","refmet_name":"Cer 38:1;O2"},"106":{"study_id":"ST000346","analysis_id":"AN000562","analysis_summary":"RP NEGATIVE ION MODE","metabolite_name":"Ceramide (d40:1)","refmet_name":"Cer 40:1;O2"},"107":{"study_id":"ST000346","analysis_id":"AN000562","analysis_summary":"RP NEGATIVE ION MODE","metabolite_name":"Ceramide (d42:1)","refmet_name":"Cer 42:1;O2"},"108":{"study_id":"ST000346","analysis_id":"AN000562","analysis_summary":"RP NEGATIVE ION MODE","metabolite_name":"Ceramide (d42:2) A","refmet_name":"Cer 42:2;O2"},"109":{"study_id":"ST000346","analysis_id":"AN000562","analysis_summary":"RP NEGATIVE ION MODE","metabolite_name":"FA (18:2)","refmet_name":"Linoleic acid"},"110":{"study_id":"ST000346","analysis_id":"AN000562","analysis_summary":"RP NEGATIVE ION MODE","metabolite_name":"FA (20:4)","refmet_name":"Arachidonic acid"},"111":{"study_id":"ST000346","analysis_id":"AN000562","analysis_summary":"RP NEGATIVE ION MODE","metabolite_name":"GlcCer(d14:1(4E)\/20:0(2OH))","refmet_name":"GlcCer 14:1;O2(4E)\/20:0;O"},"112":{"study_id":"ST000346","analysis_id":"AN000562","analysis_summary":"RP NEGATIVE ION MODE","metabolite_name":"iSTD iSTD Ceramide (d18:1\/17:0)","refmet_name":""},"113":{"study_id":"ST000346","analysis_id":"AN000562","analysis_summary":"RP NEGATIVE ION MODE","metabolite_name":"iSTD iSTD CUDA","refmet_name":""},"114":{"study_id":"ST000346","analysis_id":"AN000562","analysis_summary":"RP NEGATIVE ION MODE","metabolite_name":"iSTD iSTD FA (16:0)-d3","refmet_name":""},"115":{"study_id":"ST000346","analysis_id":"AN000562","analysis_summary":"RP NEGATIVE ION MODE","metabolite_name":"iSTD iSTD LPC (17:0)","refmet_name":"LPC 17:0"},"116":{"study_id":"ST000346","analysis_id":"AN000562","analysis_summary":"RP NEGATIVE ION MODE","metabolite_name":"iSTD iSTD LPE (17:1)","refmet_name":"LPE 17:1"},"117":{"study_id":"ST000346","analysis_id":"AN000562","analysis_summary":"RP NEGATIVE ION MODE","metabolite_name":"iSTD iSTD MAG (17:0\/0:0\/0:0)","refmet_name":""},"118":{"study_id":"ST000346","analysis_id":"AN000562","analysis_summary":"RP NEGATIVE ION MODE","metabolite_name":"iSTD iSTD PC (12:0\/13:0)","refmet_name":""},"119":{"study_id":"ST000346","analysis_id":"AN000562","analysis_summary":"RP NEGATIVE ION MODE","metabolite_name":"iSTD iSTD PE (17:0\/17:0)","refmet_name":""},"120":{"study_id":"ST000346","analysis_id":"AN000562","analysis_summary":"RP NEGATIVE ION MODE","metabolite_name":"iSTD iSTD PG (17:0\/17:0)","refmet_name":""},"121":{"study_id":"ST000346","analysis_id":"AN000562","analysis_summary":"RP NEGATIVE ION MODE","metabolite_name":"iSTD iSTD SM (d18:1\/17:0)","refmet_name":"SM 18:1;O2\/17:0"},"122":{"study_id":"ST000346","analysis_id":"AN000562","analysis_summary":"RP NEGATIVE ION MODE","metabolite_name":"PC (32:0)","refmet_name":"PC 32:0"},"123":{"study_id":"ST000346","analysis_id":"AN000562","analysis_summary":"RP NEGATIVE ION MODE","metabolite_name":"PC (32:1)","refmet_name":"PC 32:1"},"124":{"study_id":"ST000346","analysis_id":"AN000562","analysis_summary":"RP NEGATIVE ION MODE","metabolite_name":"PC (32:2)","refmet_name":"PC 32:2"},"125":{"study_id":"ST000346","analysis_id":"AN000562","analysis_summary":"RP NEGATIVE ION MODE","metabolite_name":"PC (33:1)","refmet_name":"PC 33:1"},"126":{"study_id":"ST000346","analysis_id":"AN000562","analysis_summary":"RP NEGATIVE ION MODE","metabolite_name":"PC (34:0)","refmet_name":"PC 34:0"},"127":{"study_id":"ST000346","analysis_id":"AN000562","analysis_summary":"RP NEGATIVE ION MODE","metabolite_name":"PC (34:1)","refmet_name":"PC 34:1"},"128":{"study_id":"ST000346","analysis_id":"AN000562","analysis_summary":"RP NEGATIVE ION MODE","metabolite_name":"PC (34:2)","refmet_name":"PC 34:2"},"129":{"study_id":"ST000346","analysis_id":"AN000562","analysis_summary":"RP NEGATIVE ION MODE","metabolite_name":"PC (36:2)","refmet_name":"PC 36:2"},"130":{"study_id":"ST000346","analysis_id":"AN000562","analysis_summary":"RP NEGATIVE ION MODE","metabolite_name":"PC (36:3) B","refmet_name":"PC 36:3"},"131":{"study_id":"ST000346","analysis_id":"AN000562","analysis_summary":"RP NEGATIVE ION MODE","metabolite_name":"PC (36:4) A","refmet_name":"PC 36:4"},"132":{"study_id":"ST000346","analysis_id":"AN000562","analysis_summary":"RP NEGATIVE ION MODE","metabolite_name":"PC (36:4) B","refmet_name":"PC 36:4"},"133":{"study_id":"ST000346","analysis_id":"AN000562","analysis_summary":"RP NEGATIVE ION MODE","metabolite_name":"PC (38:4) A","refmet_name":"PC 38:4"},"134":{"study_id":"ST000346","analysis_id":"AN000562","analysis_summary":"RP NEGATIVE ION MODE","metabolite_name":"PC (o-32:0)","refmet_name":"PC O-32:0"},"135":{"study_id":"ST000346","analysis_id":"AN000562","analysis_summary":"RP NEGATIVE ION MODE","metabolite_name":"PC (p-32:0) or PC (o-32:1)","refmet_name":"PC P-32:0 or PC O-32:1"},"136":{"study_id":"ST000346","analysis_id":"AN000562","analysis_summary":"RP NEGATIVE ION MODE","metabolite_name":"PE (34:1)","refmet_name":"PE 34:1"},"137":{"study_id":"ST000346","analysis_id":"AN000562","analysis_summary":"RP NEGATIVE ION MODE","metabolite_name":"PE (36:2)","refmet_name":"PE 36:2"},"138":{"study_id":"ST000346","analysis_id":"AN000562","analysis_summary":"RP NEGATIVE ION MODE","metabolite_name":"PE (36:3)","refmet_name":"PE 36:3"},"139":{"study_id":"ST000346","analysis_id":"AN000562","analysis_summary":"RP NEGATIVE ION MODE","metabolite_name":"PE (38:4) B","refmet_name":"PE 38:4"},"140":{"study_id":"ST000346","analysis_id":"AN000562","analysis_summary":"RP NEGATIVE ION MODE","metabolite_name":"PE (p-36:1) or PE (o-36:2)","refmet_name":"PE P-36:1 or PE O-36:2"},"141":{"study_id":"ST000346","analysis_id":"AN000562","analysis_summary":"RP NEGATIVE ION MODE","metabolite_name":"PE (p-36:4) or PE (o-36:5)","refmet_name":"PE P-36:4 or PE O-36:5"},"142":{"study_id":"ST000346","analysis_id":"AN000562","analysis_summary":"RP NEGATIVE ION MODE","metabolite_name":"PE (p-38:4) or PE (o-38:5)","refmet_name":"PE P-38:4 or PE O-38:5"},"143":{"study_id":"ST000346","analysis_id":"AN000562","analysis_summary":"RP NEGATIVE ION MODE","metabolite_name":"PE (p-38:5) or PE (o-38:6)","refmet_name":"PE P-38:5 or PE O-38:6"},"144":{"study_id":"ST000346","analysis_id":"AN000562","analysis_summary":"RP NEGATIVE ION MODE","metabolite_name":"SM (d34:1)","refmet_name":"SM 34:1;O2"},"145":{"study_id":"ST000346","analysis_id":"AN000562","analysis_summary":"RP NEGATIVE ION MODE","metabolite_name":"SM (d40:1)","refmet_name":"SM 40:1;O2"},"146":{"study_id":"ST000346","analysis_id":"AN000562","analysis_summary":"RP NEGATIVE ION MODE","metabolite_name":"SM (d42:1)","refmet_name":"SM 42:1;O2"},"147":{"study_id":"ST000346","analysis_id":"AN000562","analysis_summary":"RP NEGATIVE ION MODE","metabolite_name":"SM (d42:2) A","refmet_name":"SM 42:2;O2"}}