{"1":{"study_id":"ST000153","analysis_id":"AN000244","analysis_summary":"ESI\/QTOF negative ion mode","metabolite_name":"Alanine_123","refmet_name":"Alanine"},"2":{"study_id":"ST000153","analysis_id":"AN000244","analysis_summary":"ESI\/QTOF negative ion mode","metabolite_name":"Alanine_123_13C_1","refmet_name":"Alanine"},"3":{"study_id":"ST000153","analysis_id":"AN000244","analysis_summary":"ESI\/QTOF negative ion mode","metabolite_name":"Alanine_123_13C_2","refmet_name":"Alanine"},"4":{"study_id":"ST000153","analysis_id":"AN000244","analysis_summary":"ESI\/QTOF negative ion mode","metabolite_name":"Alanine_123_13C_3","refmet_name":"Alanine"},"5":{"study_id":"ST000153","analysis_id":"AN000244","analysis_summary":"ESI\/QTOF negative ion mode","metabolite_name":"alpha-Ketoglutarate_12345","refmet_name":"Oxoglutaric acid"},"6":{"study_id":"ST000153","analysis_id":"AN000244","analysis_summary":"ESI\/QTOF negative ion mode","metabolite_name":"alpha-Ketoglutarate_12345_13C_1","refmet_name":"Oxoglutaric acid"},"7":{"study_id":"ST000153","analysis_id":"AN000244","analysis_summary":"ESI\/QTOF negative ion mode","metabolite_name":"alpha-Ketoglutarate_12345_13C_2","refmet_name":"Oxoglutaric acid"},"8":{"study_id":"ST000153","analysis_id":"AN000244","analysis_summary":"ESI\/QTOF negative ion mode","metabolite_name":"alpha-Ketoglutarate_12345_13C_3","refmet_name":"Oxoglutaric acid"},"9":{"study_id":"ST000153","analysis_id":"AN000244","analysis_summary":"ESI\/QTOF negative ion mode","metabolite_name":"alpha-Ketoglutarate_12345_13C_4","refmet_name":"Oxoglutaric acid"},"10":{"study_id":"ST000153","analysis_id":"AN000244","analysis_summary":"ESI\/QTOF negative ion mode","metabolite_name":"alpha-Ketoglutarate_12345_13C_5","refmet_name":"Oxoglutaric acid"},"11":{"study_id":"ST000153","analysis_id":"AN000244","analysis_summary":"ESI\/QTOF negative ion mode","metabolite_name":"Aspartate_1234","refmet_name":"Aspartic acid"},"12":{"study_id":"ST000153","analysis_id":"AN000244","analysis_summary":"ESI\/QTOF negative ion mode","metabolite_name":"Aspartate_1234_13C_1","refmet_name":"Aspartic acid"},"13":{"study_id":"ST000153","analysis_id":"AN000244","analysis_summary":"ESI\/QTOF negative ion mode","metabolite_name":"Aspartate_1234_13C_2","refmet_name":"Aspartic acid"},"14":{"study_id":"ST000153","analysis_id":"AN000244","analysis_summary":"ESI\/QTOF negative ion mode","metabolite_name":"Aspartate_1234_13C_3","refmet_name":"Aspartic acid"},"15":{"study_id":"ST000153","analysis_id":"AN000244","analysis_summary":"ESI\/QTOF negative ion mode","metabolite_name":"Aspartate_1234_13C_4","refmet_name":"Aspartic acid"},"16":{"study_id":"ST000153","analysis_id":"AN000244","analysis_summary":"ESI\/QTOF negative ion mode","metabolite_name":"Fumarate_1234","refmet_name":"Fumaric acid"},"17":{"study_id":"ST000153","analysis_id":"AN000244","analysis_summary":"ESI\/QTOF negative ion mode","metabolite_name":"Fumarate_1234_13C_1","refmet_name":"Fumaric acid"},"18":{"study_id":"ST000153","analysis_id":"AN000244","analysis_summary":"ESI\/QTOF negative ion mode","metabolite_name":"Fumarate_1234_13C_2","refmet_name":"Fumaric acid"},"19":{"study_id":"ST000153","analysis_id":"AN000244","analysis_summary":"ESI\/QTOF negative ion mode","metabolite_name":"Fumarate_1234_13C_3","refmet_name":"Fumaric acid"},"20":{"study_id":"ST000153","analysis_id":"AN000244","analysis_summary":"ESI\/QTOF negative ion mode","metabolite_name":"Fumarate_1234_13C_4","refmet_name":"Fumaric acid"},"21":{"study_id":"ST000153","analysis_id":"AN000244","analysis_summary":"ESI\/QTOF negative ion mode","metabolite_name":"Glutamate_12345","refmet_name":"Glutamic acid"},"22":{"study_id":"ST000153","analysis_id":"AN000244","analysis_summary":"ESI\/QTOF negative ion mode","metabolite_name":"Glutamate_12345_13C_1","refmet_name":"Glutamic acid"},"23":{"study_id":"ST000153","analysis_id":"AN000244","analysis_summary":"ESI\/QTOF negative ion mode","metabolite_name":"Glutamate_12345_13C_2","refmet_name":"Glutamic acid"},"24":{"study_id":"ST000153","analysis_id":"AN000244","analysis_summary":"ESI\/QTOF negative ion mode","metabolite_name":"Glutamate_12345_13C_3","refmet_name":"Glutamic acid"},"25":{"study_id":"ST000153","analysis_id":"AN000244","analysis_summary":"ESI\/QTOF negative ion mode","metabolite_name":"Glutamate_12345_13C_4","refmet_name":"Glutamic acid"},"26":{"study_id":"ST000153","analysis_id":"AN000244","analysis_summary":"ESI\/QTOF negative ion mode","metabolite_name":"Glutamate_12345_13C_5","refmet_name":"Glutamic acid"},"27":{"study_id":"ST000153","analysis_id":"AN000244","analysis_summary":"ESI\/QTOF negative ion mode","metabolite_name":"Glutamine_12345","refmet_name":"Glutamine"},"28":{"study_id":"ST000153","analysis_id":"AN000244","analysis_summary":"ESI\/QTOF negative ion mode","metabolite_name":"Glutamine_12345_13C_1","refmet_name":"Glutamine"},"29":{"study_id":"ST000153","analysis_id":"AN000244","analysis_summary":"ESI\/QTOF negative ion mode","metabolite_name":"Glutamine_12345_13C_2","refmet_name":"Glutamine"},"30":{"study_id":"ST000153","analysis_id":"AN000244","analysis_summary":"ESI\/QTOF negative ion mode","metabolite_name":"Glutamine_12345_13C_3","refmet_name":"Glutamine"},"31":{"study_id":"ST000153","analysis_id":"AN000244","analysis_summary":"ESI\/QTOF negative ion mode","metabolite_name":"Glutamine_12345_13C_4","refmet_name":"Glutamine"},"32":{"study_id":"ST000153","analysis_id":"AN000244","analysis_summary":"ESI\/QTOF negative ion mode","metabolite_name":"Lactate_123","refmet_name":"Lactic acid"},"33":{"study_id":"ST000153","analysis_id":"AN000244","analysis_summary":"ESI\/QTOF negative ion mode","metabolite_name":"Lactate_123_13C_1","refmet_name":"Lactic acid"},"34":{"study_id":"ST000153","analysis_id":"AN000244","analysis_summary":"ESI\/QTOF negative ion mode","metabolite_name":"Lactate_123_13C_2","refmet_name":"Lactic acid"},"35":{"study_id":"ST000153","analysis_id":"AN000244","analysis_summary":"ESI\/QTOF negative ion mode","metabolite_name":"Lactate_123_13C_3","refmet_name":"Lactic acid"},"36":{"study_id":"ST000153","analysis_id":"AN000244","analysis_summary":"ESI\/QTOF negative ion mode","metabolite_name":"Oxaloacetate_1234","refmet_name":"Oxaloacetic acid"},"37":{"study_id":"ST000153","analysis_id":"AN000244","analysis_summary":"ESI\/QTOF negative ion mode","metabolite_name":"Oxaloacetate_1234_13C_1","refmet_name":"Oxaloacetic acid"},"38":{"study_id":"ST000153","analysis_id":"AN000244","analysis_summary":"ESI\/QTOF negative ion mode","metabolite_name":"Oxaloacetate_1234_13C_2","refmet_name":"Oxaloacetic acid"},"39":{"study_id":"ST000153","analysis_id":"AN000244","analysis_summary":"ESI\/QTOF negative ion mode","metabolite_name":"Oxaloacetate_1234_13C_3","refmet_name":"Oxaloacetic acid"},"40":{"study_id":"ST000153","analysis_id":"AN000244","analysis_summary":"ESI\/QTOF negative ion mode","metabolite_name":"Oxaloacetate_1234_13C_4","refmet_name":"Oxaloacetic acid"},"41":{"study_id":"ST000153","analysis_id":"AN000244","analysis_summary":"ESI\/QTOF negative ion mode","metabolite_name":"Pyruvate_123","refmet_name":"Pyruvic acid"},"42":{"study_id":"ST000153","analysis_id":"AN000244","analysis_summary":"ESI\/QTOF negative ion mode","metabolite_name":"Pyruvate_123_13C_1","refmet_name":"Pyruvic acid"},"43":{"study_id":"ST000153","analysis_id":"AN000244","analysis_summary":"ESI\/QTOF negative ion mode","metabolite_name":"Pyruvate_123_13C_2","refmet_name":"Pyruvic acid"},"44":{"study_id":"ST000153","analysis_id":"AN000244","analysis_summary":"ESI\/QTOF negative ion mode","metabolite_name":"Pyruvate_123_13C_3","refmet_name":"Pyruvic acid"}}