{"1":{"study_id":"ST000395","analysis_id":"AN000632","analysis_summary":"GC POSITIVE ION MODE","metabolite_name":"1,2,4-benzenetriol","refmet_name":"1,2,4-Trihydroxybenzene"},"2":{"study_id":"ST000395","analysis_id":"AN000632","analysis_summary":"GC POSITIVE ION MODE","metabolite_name":"1-hexadecanol","refmet_name":"Cetyl alcohol"},"3":{"study_id":"ST000395","analysis_id":"AN000632","analysis_summary":"GC POSITIVE ION MODE","metabolite_name":"1-monopalmitin","refmet_name":"MG 16:0\/0:0\/0:0"},"4":{"study_id":"ST000395","analysis_id":"AN000632","analysis_summary":"GC POSITIVE ION MODE","metabolite_name":"2,3-dihydroxypyridine","refmet_name":"2,3-Dihydroxypyridine"},"5":{"study_id":"ST000395","analysis_id":"AN000632","analysis_summary":"GC POSITIVE ION MODE","metabolite_name":"2,5-dihydroxypyrazine NIST","refmet_name":"2,5-Dihydroxypyrazine"},"6":{"study_id":"ST000395","analysis_id":"AN000632","analysis_summary":"GC POSITIVE ION MODE","metabolite_name":"2'-deoxyguanosine","refmet_name":"Deoxyguanosine"},"7":{"study_id":"ST000395","analysis_id":"AN000632","analysis_summary":"GC POSITIVE ION MODE","metabolite_name":"2-deoxytetronic acid","refmet_name":"3,4-Dihydroxybutyric acid"},"8":{"study_id":"ST000395","analysis_id":"AN000632","analysis_summary":"GC POSITIVE ION MODE","metabolite_name":"2-ketoadipic acid","refmet_name":"Oxoadipic acid"},"9":{"study_id":"ST000395","analysis_id":"AN000632","analysis_summary":"GC POSITIVE ION MODE","metabolite_name":"3-hydroxypalmitic acid","refmet_name":"3R-Hydroxypalmitic acid"},"10":{"study_id":"ST000395","analysis_id":"AN000632","analysis_summary":"GC POSITIVE ION MODE","metabolite_name":"3-hydroxypropionic acid","refmet_name":"Hydroxypropionic acid"},"11":{"study_id":"ST000395","analysis_id":"AN000632","analysis_summary":"GC POSITIVE ION MODE","metabolite_name":"3-phosphoglycerate","refmet_name":"3-Phosphoglyceric acid"},"12":{"study_id":"ST000395","analysis_id":"AN000632","analysis_summary":"GC POSITIVE ION MODE","metabolite_name":"4-hydroxybenzoate","refmet_name":"4-Hydroxybenzoic acid"},"13":{"study_id":"ST000395","analysis_id":"AN000632","analysis_summary":"GC POSITIVE ION MODE","metabolite_name":"5'-deoxy-5'-methylthioadenosine","refmet_name":"5'-Methylthioadenosine"},"14":{"study_id":"ST000395","analysis_id":"AN000632","analysis_summary":"GC POSITIVE ION MODE","metabolite_name":"5-hydroxymethyl-2-furoic acid NIST","refmet_name":"Sumiki's acid"},"15":{"study_id":"ST000395","analysis_id":"AN000632","analysis_summary":"GC POSITIVE ION MODE","metabolite_name":"6-deoxyglucose","refmet_name":"Quinovose"},"16":{"study_id":"ST000395","analysis_id":"AN000632","analysis_summary":"GC POSITIVE ION MODE","metabolite_name":"acetophenone NIST","refmet_name":"Acetophenone"},"17":{"study_id":"ST000395","analysis_id":"AN000632","analysis_summary":"GC POSITIVE ION MODE","metabolite_name":"adenine","refmet_name":"Adenine"},"18":{"study_id":"ST000395","analysis_id":"AN000632","analysis_summary":"GC POSITIVE ION MODE","metabolite_name":"adenosine","refmet_name":"Adenosine"},"19":{"study_id":"ST000395","analysis_id":"AN000632","analysis_summary":"GC POSITIVE ION MODE","metabolite_name":"adipic acid","refmet_name":"Adipic acid"},"20":{"study_id":"ST000395","analysis_id":"AN000632","analysis_summary":"GC POSITIVE ION MODE","metabolite_name":"alanine","refmet_name":"Alanine"},"21":{"study_id":"ST000395","analysis_id":"AN000632","analysis_summary":"GC POSITIVE ION MODE","metabolite_name":"alanine-alanine","refmet_name":"Ala-Ala"},"22":{"study_id":"ST000395","analysis_id":"AN000632","analysis_summary":"GC POSITIVE ION MODE","metabolite_name":"alpha-ketoglutarate","refmet_name":"Oxoglutaric acid"},"23":{"study_id":"ST000395","analysis_id":"AN000632","analysis_summary":"GC POSITIVE ION MODE","metabolite_name":"arachidic acid","refmet_name":"Arachidic acid"},"24":{"study_id":"ST000395","analysis_id":"AN000632","analysis_summary":"GC POSITIVE ION MODE","metabolite_name":"asparagine","refmet_name":"Asparagine"},"25":{"study_id":"ST000395","analysis_id":"AN000632","analysis_summary":"GC POSITIVE ION MODE","metabolite_name":"aspartic acid","refmet_name":"Aspartic acid"},"26":{"study_id":"ST000395","analysis_id":"AN000632","analysis_summary":"GC POSITIVE ION MODE","metabolite_name":"azelaic acid","refmet_name":"Azelaic acid"},"27":{"study_id":"ST000395","analysis_id":"AN000632","analysis_summary":"GC POSITIVE ION MODE","metabolite_name":"behenic acid","refmet_name":"Behenic acid"},"28":{"study_id":"ST000395","analysis_id":"AN000632","analysis_summary":"GC POSITIVE ION MODE","metabolite_name":"benzoic acid","refmet_name":"Benzoic acid"},"29":{"study_id":"ST000395","analysis_id":"AN000632","analysis_summary":"GC POSITIVE ION MODE","metabolite_name":"beta-alanine","refmet_name":"beta-Alanine"},"30":{"study_id":"ST000395","analysis_id":"AN000632","analysis_summary":"GC POSITIVE ION MODE","metabolite_name":"beta-glycerolphosphate","refmet_name":"sn-Glycero-2-phosphate"},"31":{"study_id":"ST000395","analysis_id":"AN000632","analysis_summary":"GC POSITIVE ION MODE","metabolite_name":"butyrolactam NIST","refmet_name":"2-Pyrrolidinone"},"32":{"study_id":"ST000395","analysis_id":"AN000632","analysis_summary":"GC POSITIVE ION MODE","metabolite_name":"capric acid","refmet_name":"Capric acid"},"33":{"study_id":"ST000395","analysis_id":"AN000632","analysis_summary":"GC POSITIVE ION MODE","metabolite_name":"citric acid","refmet_name":"Citric acid"},"34":{"study_id":"ST000395","analysis_id":"AN000632","analysis_summary":"GC POSITIVE ION MODE","metabolite_name":"cytidine","refmet_name":"Cytidine"},"35":{"study_id":"ST000395","analysis_id":"AN000632","analysis_summary":"GC POSITIVE ION MODE","metabolite_name":"cytosin","refmet_name":"Cytosine"},"36":{"study_id":"ST000395","analysis_id":"AN000632","analysis_summary":"GC POSITIVE ION MODE","metabolite_name":"enolpyruvate NIST","refmet_name":"Phosphoenolpyruvic acid"},"37":{"study_id":"ST000395","analysis_id":"AN000632","analysis_summary":"GC POSITIVE ION MODE","metabolite_name":"erythronic acid","refmet_name":"Erythronic acid"},"38":{"study_id":"ST000395","analysis_id":"AN000632","analysis_summary":"GC POSITIVE ION MODE","metabolite_name":"erythrose","refmet_name":"Erythrose"},"39":{"study_id":"ST000395","analysis_id":"AN000632","analysis_summary":"GC POSITIVE ION MODE","metabolite_name":"fructose","refmet_name":"Fructose"},"40":{"study_id":"ST000395","analysis_id":"AN000632","analysis_summary":"GC POSITIVE ION MODE","metabolite_name":"fructose-6-phosphate","refmet_name":"Fructose 6-phosphate"},"41":{"study_id":"ST000395","analysis_id":"AN000632","analysis_summary":"GC POSITIVE ION MODE","metabolite_name":"fucose","refmet_name":"Fucose"},"42":{"study_id":"ST000395","analysis_id":"AN000632","analysis_summary":"GC POSITIVE ION MODE","metabolite_name":"fumaric acid","refmet_name":"Fumaric acid"},"43":{"study_id":"ST000395","analysis_id":"AN000632","analysis_summary":"GC POSITIVE ION MODE","metabolite_name":"galactinol","refmet_name":"Galactinol"},"44":{"study_id":"ST000395","analysis_id":"AN000632","analysis_summary":"GC POSITIVE ION MODE","metabolite_name":"gluconic acid","refmet_name":"Gluconic acid"},"45":{"study_id":"ST000395","analysis_id":"AN000632","analysis_summary":"GC POSITIVE ION MODE","metabolite_name":"glucose","refmet_name":"Glucose"},"46":{"study_id":"ST000395","analysis_id":"AN000632","analysis_summary":"GC POSITIVE ION MODE","metabolite_name":"glucose-1-phosphate","refmet_name":"Glucose 1-phosphate"},"47":{"study_id":"ST000395","analysis_id":"AN000632","analysis_summary":"GC POSITIVE ION MODE","metabolite_name":"glucose-6-phosphate","refmet_name":"Glucose 6-phosphate"},"48":{"study_id":"ST000395","analysis_id":"AN000632","analysis_summary":"GC POSITIVE ION MODE","metabolite_name":"glutamic acid","refmet_name":"Glutamic acid"},"49":{"study_id":"ST000395","analysis_id":"AN000632","analysis_summary":"GC POSITIVE ION MODE","metabolite_name":"glutamine","refmet_name":"Glutamine"},"50":{"study_id":"ST000395","analysis_id":"AN000632","analysis_summary":"GC POSITIVE ION MODE","metabolite_name":"glutaric acid","refmet_name":"Glutaric acid"},"51":{"study_id":"ST000395","analysis_id":"AN000632","analysis_summary":"GC POSITIVE ION MODE","metabolite_name":"glyceric acid","refmet_name":"Glyceric acid"},"52":{"study_id":"ST000395","analysis_id":"AN000632","analysis_summary":"GC POSITIVE ION MODE","metabolite_name":"glycerol","refmet_name":"Glycerol"},"53":{"study_id":"ST000395","analysis_id":"AN000632","analysis_summary":"GC POSITIVE ION MODE","metabolite_name":"glycerol-3-galactoside","refmet_name":"Galactosylglycerol"},"54":{"study_id":"ST000395","analysis_id":"AN000632","analysis_summary":"GC POSITIVE ION MODE","metabolite_name":"glycerol-alpha-phosphate","refmet_name":"sn-Glycero-3-phosphate"},"55":{"study_id":"ST000395","analysis_id":"AN000632","analysis_summary":"GC POSITIVE ION MODE","metabolite_name":"glycine","refmet_name":"Glycine"},"56":{"study_id":"ST000395","analysis_id":"AN000632","analysis_summary":"GC POSITIVE ION MODE","metabolite_name":"glycolic acid","refmet_name":"Glycolic acid"},"57":{"study_id":"ST000395","analysis_id":"AN000632","analysis_summary":"GC POSITIVE ION MODE","metabolite_name":"guanine","refmet_name":"Guanine"},"58":{"study_id":"ST000395","analysis_id":"AN000632","analysis_summary":"GC POSITIVE ION MODE","metabolite_name":"guanosine","refmet_name":"Guanosine"},"59":{"study_id":"ST000395","analysis_id":"AN000632","analysis_summary":"GC POSITIVE ION MODE","metabolite_name":"heptadecanoic acid","refmet_name":"Margaric acid"},"60":{"study_id":"ST000395","analysis_id":"AN000632","analysis_summary":"GC POSITIVE ION MODE","metabolite_name":"hexose-6-phosphate","refmet_name":"Hexose 6-phosphate"},"61":{"study_id":"ST000395","analysis_id":"AN000632","analysis_summary":"GC POSITIVE ION MODE","metabolite_name":"homoserine","refmet_name":"Homoserine"},"62":{"study_id":"ST000395","analysis_id":"AN000632","analysis_summary":"GC POSITIVE ION MODE","metabolite_name":"hydroxylamine","refmet_name":"Hydroxylamine"},"63":{"study_id":"ST000395","analysis_id":"AN000632","analysis_summary":"GC POSITIVE ION MODE","metabolite_name":"inulotriose","refmet_name":"Levan"},"64":{"study_id":"ST000395","analysis_id":"AN000632","analysis_summary":"GC POSITIVE ION MODE","metabolite_name":"isoleucine","refmet_name":"Isoleucine"},"65":{"study_id":"ST000395","analysis_id":"AN000632","analysis_summary":"GC POSITIVE ION MODE","metabolite_name":"isothreonic acid","refmet_name":"D-Threonic acid"},"66":{"study_id":"ST000395","analysis_id":"AN000632","analysis_summary":"GC POSITIVE ION MODE","metabolite_name":"lactic acid","refmet_name":"Lactic acid"},"67":{"study_id":"ST000395","analysis_id":"AN000632","analysis_summary":"GC POSITIVE ION MODE","metabolite_name":"lauric acid","refmet_name":"Lauric acid"},"68":{"study_id":"ST000395","analysis_id":"AN000632","analysis_summary":"GC POSITIVE ION MODE","metabolite_name":"leucine","refmet_name":"Leucine"},"69":{"study_id":"ST000395","analysis_id":"AN000632","analysis_summary":"GC POSITIVE ION MODE","metabolite_name":"levoglucosan","refmet_name":"Glucosan"},"70":{"study_id":"ST000395","analysis_id":"AN000632","analysis_summary":"GC POSITIVE ION MODE","metabolite_name":"lysine","refmet_name":"Lysine"},"71":{"study_id":"ST000395","analysis_id":"AN000632","analysis_summary":"GC POSITIVE ION MODE","metabolite_name":"lysopalmitoyl monogalactosylglycerol","refmet_name":""},"72":{"study_id":"ST000395","analysis_id":"AN000632","analysis_summary":"GC POSITIVE ION MODE","metabolite_name":"lyxitol","refmet_name":"L-Arabitol"},"73":{"study_id":"ST000395","analysis_id":"AN000632","analysis_summary":"GC POSITIVE ION MODE","metabolite_name":"maleimide","refmet_name":"Maleimide"},"74":{"study_id":"ST000395","analysis_id":"AN000632","analysis_summary":"GC POSITIVE ION MODE","metabolite_name":"maltitol","refmet_name":"Maltitol"},"75":{"study_id":"ST000395","analysis_id":"AN000632","analysis_summary":"GC POSITIVE ION MODE","metabolite_name":"maltose","refmet_name":"Maltose"},"76":{"study_id":"ST000395","analysis_id":"AN000632","analysis_summary":"GC POSITIVE ION MODE","metabolite_name":"maltotriitol","refmet_name":""},"77":{"study_id":"ST000395","analysis_id":"AN000632","analysis_summary":"GC POSITIVE ION MODE","metabolite_name":"maltotriose","refmet_name":"Maltotriose"},"78":{"study_id":"ST000395","analysis_id":"AN000632","analysis_summary":"GC POSITIVE ION MODE","metabolite_name":"mannose-6-phosphate NIST","refmet_name":"Mannose 6-phosphate"},"79":{"study_id":"ST000395","analysis_id":"AN000632","analysis_summary":"GC POSITIVE ION MODE","metabolite_name":"methionine","refmet_name":"Methionine"},"80":{"study_id":"ST000395","analysis_id":"AN000632","analysis_summary":"GC POSITIVE ION MODE","metabolite_name":"myristic acid","refmet_name":"Myristic acid"},"81":{"study_id":"ST000395","analysis_id":"AN000632","analysis_summary":"GC POSITIVE ION MODE","metabolite_name":"N-acetyl-D-mannosamine","refmet_name":"N-Acetyl-mannosamine"},"82":{"study_id":"ST000395","analysis_id":"AN000632","analysis_summary":"GC POSITIVE ION MODE","metabolite_name":"N-acetylglutamate","refmet_name":"N-Acetylglutamic acid"},"83":{"study_id":"ST000395","analysis_id":"AN000632","analysis_summary":"GC POSITIVE ION MODE","metabolite_name":"nicotinamide","refmet_name":"Niacinamide"},"84":{"study_id":"ST000395","analysis_id":"AN000632","analysis_summary":"GC POSITIVE ION MODE","metabolite_name":"nicotinic acid","refmet_name":"Nicotinic acid"},"85":{"study_id":"ST000395","analysis_id":"AN000632","analysis_summary":"GC POSITIVE ION MODE","metabolite_name":"octadecanol","refmet_name":"Stearyl alcohol"},"86":{"study_id":"ST000395","analysis_id":"AN000632","analysis_summary":"GC POSITIVE ION MODE","metabolite_name":"octanol NIST","refmet_name":"n-Octanol"},"87":{"study_id":"ST000395","analysis_id":"AN000632","analysis_summary":"GC POSITIVE ION MODE","metabolite_name":"oleamide NIST","refmet_name":"Oleamide"},"88":{"study_id":"ST000395","analysis_id":"AN000632","analysis_summary":"GC POSITIVE ION MODE","metabolite_name":"oleic acid","refmet_name":"Oleic acid"},"89":{"study_id":"ST000395","analysis_id":"AN000632","analysis_summary":"GC POSITIVE ION MODE","metabolite_name":"ornithine","refmet_name":"Ornithine"},"90":{"study_id":"ST000395","analysis_id":"AN000632","analysis_summary":"GC POSITIVE ION MODE","metabolite_name":"oxalic acid","refmet_name":"Oxalic acid"},"91":{"study_id":"ST000395","analysis_id":"AN000632","analysis_summary":"GC POSITIVE ION MODE","metabolite_name":"oxoproline","refmet_name":"Pyroglutamic acid"},"92":{"study_id":"ST000395","analysis_id":"AN000632","analysis_summary":"GC POSITIVE ION MODE","metabolite_name":"palmitic acid","refmet_name":"Palmitic acid"},"93":{"study_id":"ST000395","analysis_id":"AN000632","analysis_summary":"GC POSITIVE ION MODE","metabolite_name":"palmitoleic acid","refmet_name":"Palmitoleic acid"},"94":{"study_id":"ST000395","analysis_id":"AN000632","analysis_summary":"GC POSITIVE ION MODE","metabolite_name":"parabanic acid NIST","refmet_name":"Parabanic acid"},"95":{"study_id":"ST000395","analysis_id":"AN000632","analysis_summary":"GC POSITIVE ION MODE","metabolite_name":"p-cresol","refmet_name":"P-Cresol"},"96":{"study_id":"ST000395","analysis_id":"AN000632","analysis_summary":"GC POSITIVE ION MODE","metabolite_name":"pelargonic acid","refmet_name":"Pelargonic acid"},"97":{"study_id":"ST000395","analysis_id":"AN000632","analysis_summary":"GC POSITIVE ION MODE","metabolite_name":"pentadecanoic acid","refmet_name":"Pentadecylic acid"},"98":{"study_id":"ST000395","analysis_id":"AN000632","analysis_summary":"GC POSITIVE ION MODE","metabolite_name":"phenylalanine","refmet_name":"Phenylalanine"},"99":{"study_id":"ST000395","analysis_id":"AN000632","analysis_summary":"GC POSITIVE ION MODE","metabolite_name":"phosphate","refmet_name":"Phosphoric acid"},"100":{"study_id":"ST000395","analysis_id":"AN000632","analysis_summary":"GC POSITIVE ION MODE","metabolite_name":"phytol","refmet_name":"Phytol"},"101":{"study_id":"ST000395","analysis_id":"AN000632","analysis_summary":"GC POSITIVE ION MODE","metabolite_name":"pimelic acid","refmet_name":"Pimelic acid"},"102":{"study_id":"ST000395","analysis_id":"AN000632","analysis_summary":"GC POSITIVE ION MODE","metabolite_name":"proline","refmet_name":"Proline"},"103":{"study_id":"ST000395","analysis_id":"AN000632","analysis_summary":"GC POSITIVE ION MODE","metabolite_name":"propane-1,3-diol NIST","refmet_name":"Propane-1,3-diol"},"104":{"study_id":"ST000395","analysis_id":"AN000632","analysis_summary":"GC POSITIVE ION MODE","metabolite_name":"putrescine","refmet_name":"Putrescine"},"105":{"study_id":"ST000395","analysis_id":"AN000632","analysis_summary":"GC POSITIVE ION MODE","metabolite_name":"pyrophosphate","refmet_name":"Pyrophosphate"},"106":{"study_id":"ST000395","analysis_id":"AN000632","analysis_summary":"GC POSITIVE ION MODE","metabolite_name":"ribonic acid","refmet_name":"Ribonic acid"},"107":{"study_id":"ST000395","analysis_id":"AN000632","analysis_summary":"GC POSITIVE ION MODE","metabolite_name":"ribose","refmet_name":"Ribose"},"108":{"study_id":"ST000395","analysis_id":"AN000632","analysis_summary":"GC POSITIVE ION MODE","metabolite_name":"ribose-5-phosphate","refmet_name":"Ribose 5-phosphate"},"109":{"study_id":"ST000395","analysis_id":"AN000632","analysis_summary":"GC POSITIVE ION MODE","metabolite_name":"salicylaldehyde","refmet_name":"2-Hydroxybenzaldehyde"},"110":{"study_id":"ST000395","analysis_id":"AN000632","analysis_summary":"GC POSITIVE ION MODE","metabolite_name":"serine","refmet_name":"Serine"},"111":{"study_id":"ST000395","analysis_id":"AN000632","analysis_summary":"GC POSITIVE ION MODE","metabolite_name":"sorbitol","refmet_name":"Sorbitol"},"112":{"study_id":"ST000395","analysis_id":"AN000632","analysis_summary":"GC POSITIVE ION MODE","metabolite_name":"spermidine","refmet_name":"Spermidine"},"113":{"study_id":"ST000395","analysis_id":"AN000632","analysis_summary":"GC POSITIVE ION MODE","metabolite_name":"stearic acid","refmet_name":"Stearic acid"},"114":{"study_id":"ST000395","analysis_id":"AN000632","analysis_summary":"GC POSITIVE ION MODE","metabolite_name":"sucrose","refmet_name":"Sucrose"},"115":{"study_id":"ST000395","analysis_id":"AN000632","analysis_summary":"GC POSITIVE ION MODE","metabolite_name":"sulfuric acid","refmet_name":""},"116":{"study_id":"ST000395","analysis_id":"AN000632","analysis_summary":"GC POSITIVE ION MODE","metabolite_name":"threitol","refmet_name":"Threitol"},"117":{"study_id":"ST000395","analysis_id":"AN000632","analysis_summary":"GC POSITIVE ION MODE","metabolite_name":"threonine","refmet_name":"Threonine"},"118":{"study_id":"ST000395","analysis_id":"AN000632","analysis_summary":"GC POSITIVE ION MODE","metabolite_name":"thymidine","refmet_name":"Thymidine"},"119":{"study_id":"ST000395","analysis_id":"AN000632","analysis_summary":"GC POSITIVE ION MODE","metabolite_name":"thymidine-5-phosphate","refmet_name":"TMP"},"120":{"study_id":"ST000395","analysis_id":"AN000632","analysis_summary":"GC POSITIVE ION MODE","metabolite_name":"thymine","refmet_name":"Thymine"},"121":{"study_id":"ST000395","analysis_id":"AN000632","analysis_summary":"GC POSITIVE ION MODE","metabolite_name":"trans-4-hydroxy-L-proline","refmet_name":"trans-4-Hydroxyproline"},"122":{"study_id":"ST000395","analysis_id":"AN000632","analysis_summary":"GC POSITIVE ION MODE","metabolite_name":"tryptophan","refmet_name":"Tryptophan"},"123":{"study_id":"ST000395","analysis_id":"AN000632","analysis_summary":"GC POSITIVE ION MODE","metabolite_name":"tyrosine","refmet_name":"Tyrosine"},"124":{"study_id":"ST000395","analysis_id":"AN000632","analysis_summary":"GC POSITIVE ION MODE","metabolite_name":"UDP-N-acetylglucosamine","refmet_name":"UDP-N-acetylglucosamine"},"125":{"study_id":"ST000395","analysis_id":"AN000632","analysis_summary":"GC POSITIVE ION MODE","metabolite_name":"uracil","refmet_name":"Uracil"},"126":{"study_id":"ST000395","analysis_id":"AN000632","analysis_summary":"GC POSITIVE ION MODE","metabolite_name":"urea","refmet_name":"Urea"},"127":{"study_id":"ST000395","analysis_id":"AN000632","analysis_summary":"GC POSITIVE ION MODE","metabolite_name":"uridine","refmet_name":"Uridine"},"128":{"study_id":"ST000395","analysis_id":"AN000632","analysis_summary":"GC POSITIVE ION MODE","metabolite_name":"valine","refmet_name":"Valine"},"129":{"study_id":"ST000395","analysis_id":"AN000632","analysis_summary":"GC POSITIVE ION MODE","metabolite_name":"xanthosine","refmet_name":"Xanthosine"},"130":{"study_id":"ST000395","analysis_id":"AN000632","analysis_summary":"GC POSITIVE ION MODE","metabolite_name":"xylulose NIST","refmet_name":"Xylulose"}}