{"1":{"study_id":"ST000728","analysis_id":"AN001141","analysis_summary":"GC POSITIVE ION MODE","metabolite_name":"ACETIC ACID","refmet_name":"Acetic acid"},"2":{"study_id":"ST000728","analysis_id":"AN001141","analysis_summary":"GC POSITIVE ION MODE","metabolite_name":"BUTYRIC ACID","refmet_name":"Butyric acid"},"3":{"study_id":"ST000728","analysis_id":"AN001141","analysis_summary":"GC POSITIVE ION MODE","metabolite_name":"HEXANOIC ACID","refmet_name":"Caproic acid"},"4":{"study_id":"ST000728","analysis_id":"AN001141","analysis_summary":"GC POSITIVE ION MODE","metabolite_name":"PROPIONIC ACID","refmet_name":"Propionic acid"}}