{"1":{"study_id":"ST000474","analysis_id":"AN000738","analysis_summary":"HPLC POSITIVE ION MODE","metabolite_name":"_3_HBA","refmet_name":"3-Hydroxybutyric acid"},"2":{"study_id":"ST000474","analysis_id":"AN000738","analysis_summary":"HPLC POSITIVE ION MODE","metabolite_name":"a-KG","refmet_name":"Oxoglutaric acid"},"3":{"study_id":"ST000474","analysis_id":"AN000738","analysis_summary":"HPLC POSITIVE ION MODE","metabolite_name":"Citrate","refmet_name":"Citric acid"},"4":{"study_id":"ST000474","analysis_id":"AN000738","analysis_summary":"HPLC POSITIVE ION MODE","metabolite_name":"Fumarate","refmet_name":"Fumaric acid"},"5":{"study_id":"ST000474","analysis_id":"AN000738","analysis_summary":"HPLC POSITIVE ION MODE","metabolite_name":"Lactate","refmet_name":"Lactic acid"},"6":{"study_id":"ST000474","analysis_id":"AN000738","analysis_summary":"HPLC POSITIVE ION MODE","metabolite_name":"Malate","refmet_name":"Malic acid"},"7":{"study_id":"ST000474","analysis_id":"AN000738","analysis_summary":"HPLC POSITIVE ION MODE","metabolite_name":"Pyruvate","refmet_name":"Pyruvic acid"},"8":{"study_id":"ST000474","analysis_id":"AN000738","analysis_summary":"HPLC POSITIVE ION MODE","metabolite_name":"Succinate","refmet_name":"Succinic acid"}}