{"1":{"study_id":"ST000456","analysis_id":"AN000713","analysis_summary":"Reversed phase-1 POSITIVE ION MODE","metabolite_name":"Ac-Orn","refmet_name":"N-Acetylornithine"},"2":{"study_id":"ST000456","analysis_id":"AN000713","analysis_summary":"Reversed phase-1 POSITIVE ION MODE","metabolite_name":"ADMA","refmet_name":"Dimethylarginine"},"3":{"study_id":"ST000456","analysis_id":"AN000713","analysis_summary":"Reversed phase-1 POSITIVE ION MODE","metabolite_name":"Ala","refmet_name":"Alanine"},"4":{"study_id":"ST000456","analysis_id":"AN000713","analysis_summary":"Reversed phase-1 POSITIVE ION MODE","metabolite_name":"alpha-AAA","refmet_name":"Aminoadipic acid"},"5":{"study_id":"ST000456","analysis_id":"AN000713","analysis_summary":"Reversed phase-1 POSITIVE ION MODE","metabolite_name":"Arg","refmet_name":"Arginine"},"6":{"study_id":"ST000456","analysis_id":"AN000713","analysis_summary":"Reversed phase-1 POSITIVE ION MODE","metabolite_name":"Asn","refmet_name":"Asparagine"},"7":{"study_id":"ST000456","analysis_id":"AN000713","analysis_summary":"Reversed phase-1 POSITIVE ION MODE","metabolite_name":"Asp","refmet_name":"Aspartic acid"},"8":{"study_id":"ST000456","analysis_id":"AN000713","analysis_summary":"Reversed phase-1 POSITIVE ION MODE","metabolite_name":"C0","refmet_name":"Carnitine"},"9":{"study_id":"ST000456","analysis_id":"AN000713","analysis_summary":"Reversed phase-1 POSITIVE ION MODE","metabolite_name":"C10","refmet_name":"CAR 10:0"},"10":{"study_id":"ST000456","analysis_id":"AN000713","analysis_summary":"Reversed phase-1 POSITIVE ION MODE","metabolite_name":"C10:1","refmet_name":"CAR 10:1"},"11":{"study_id":"ST000456","analysis_id":"AN000713","analysis_summary":"Reversed phase-1 POSITIVE ION MODE","metabolite_name":"C10:2","refmet_name":"CAR 10:2"},"12":{"study_id":"ST000456","analysis_id":"AN000713","analysis_summary":"Reversed phase-1 POSITIVE ION MODE","metabolite_name":"C12","refmet_name":"CAR 12:0"},"13":{"study_id":"ST000456","analysis_id":"AN000713","analysis_summary":"Reversed phase-1 POSITIVE ION MODE","metabolite_name":"C12:1","refmet_name":"CAR 12:1"},"14":{"study_id":"ST000456","analysis_id":"AN000713","analysis_summary":"Reversed phase-1 POSITIVE ION MODE","metabolite_name":"C12-DC","refmet_name":"CAR DC12:0"},"15":{"study_id":"ST000456","analysis_id":"AN000713","analysis_summary":"Reversed phase-1 POSITIVE ION MODE","metabolite_name":"C14","refmet_name":"CAR 14:0"},"16":{"study_id":"ST000456","analysis_id":"AN000713","analysis_summary":"Reversed phase-1 POSITIVE ION MODE","metabolite_name":"C14:1","refmet_name":"CAR 14:1"},"17":{"study_id":"ST000456","analysis_id":"AN000713","analysis_summary":"Reversed phase-1 POSITIVE ION MODE","metabolite_name":"C14:1-OH","refmet_name":"CAR 14:1;OH"},"18":{"study_id":"ST000456","analysis_id":"AN000713","analysis_summary":"Reversed phase-1 POSITIVE ION MODE","metabolite_name":"C14:2","refmet_name":"CAR 14:2"},"19":{"study_id":"ST000456","analysis_id":"AN000713","analysis_summary":"Reversed phase-1 POSITIVE ION MODE","metabolite_name":"C14:2-OH","refmet_name":"CAR 14:2;OH"},"20":{"study_id":"ST000456","analysis_id":"AN000713","analysis_summary":"Reversed phase-1 POSITIVE ION MODE","metabolite_name":"C16","refmet_name":"CAR 16:0"},"21":{"study_id":"ST000456","analysis_id":"AN000713","analysis_summary":"Reversed phase-1 POSITIVE ION MODE","metabolite_name":"C16:1","refmet_name":"CAR 16:1"},"22":{"study_id":"ST000456","analysis_id":"AN000713","analysis_summary":"Reversed phase-1 POSITIVE ION MODE","metabolite_name":"C16:1-OH","refmet_name":"CAR 16:1;OH"},"23":{"study_id":"ST000456","analysis_id":"AN000713","analysis_summary":"Reversed phase-1 POSITIVE ION MODE","metabolite_name":"C16:2","refmet_name":"CAR 16:2"},"24":{"study_id":"ST000456","analysis_id":"AN000713","analysis_summary":"Reversed phase-1 POSITIVE ION MODE","metabolite_name":"C16:2-OH","refmet_name":"CAR 16:2;OH"},"25":{"study_id":"ST000456","analysis_id":"AN000713","analysis_summary":"Reversed phase-1 POSITIVE ION MODE","metabolite_name":"C16-OH","refmet_name":"CAR 16:0"},"26":{"study_id":"ST000456","analysis_id":"AN000713","analysis_summary":"Reversed phase-1 POSITIVE ION MODE","metabolite_name":"C18","refmet_name":"CAR 18:0"},"27":{"study_id":"ST000456","analysis_id":"AN000713","analysis_summary":"Reversed phase-1 POSITIVE ION MODE","metabolite_name":"C18:1","refmet_name":"CAR 18:1"},"28":{"study_id":"ST000456","analysis_id":"AN000713","analysis_summary":"Reversed phase-1 POSITIVE ION MODE","metabolite_name":"C18:1-OH","refmet_name":"CAR 18:1;OH"},"29":{"study_id":"ST000456","analysis_id":"AN000713","analysis_summary":"Reversed phase-1 POSITIVE ION MODE","metabolite_name":"C18:2","refmet_name":"CAR 18:2"},"30":{"study_id":"ST000456","analysis_id":"AN000713","analysis_summary":"Reversed phase-1 POSITIVE ION MODE","metabolite_name":"C2","refmet_name":"CAR 2:0"},"31":{"study_id":"ST000456","analysis_id":"AN000713","analysis_summary":"Reversed phase-1 POSITIVE ION MODE","metabolite_name":"C3","refmet_name":"CAR 3:0"},"32":{"study_id":"ST000456","analysis_id":"AN000713","analysis_summary":"Reversed phase-1 POSITIVE ION MODE","metabolite_name":"C3:1","refmet_name":"CAR 3:1"},"33":{"study_id":"ST000456","analysis_id":"AN000713","analysis_summary":"Reversed phase-1 POSITIVE ION MODE","metabolite_name":"C3-DC (C4-OH)","refmet_name":"CAR DC3:0"},"34":{"study_id":"ST000456","analysis_id":"AN000713","analysis_summary":"Reversed phase-1 POSITIVE ION MODE","metabolite_name":"C3-OH","refmet_name":"CAR 3:0;OH"},"35":{"study_id":"ST000456","analysis_id":"AN000713","analysis_summary":"Reversed phase-1 POSITIVE ION MODE","metabolite_name":"C4","refmet_name":"CAR 4:0"},"36":{"study_id":"ST000456","analysis_id":"AN000713","analysis_summary":"Reversed phase-1 POSITIVE ION MODE","metabolite_name":"C4:1","refmet_name":"CAR 4:1"},"37":{"study_id":"ST000456","analysis_id":"AN000713","analysis_summary":"Reversed phase-1 POSITIVE ION MODE","metabolite_name":"c4-OH-Pro","refmet_name":"cis-4-Hydroxyproline"},"38":{"study_id":"ST000456","analysis_id":"AN000713","analysis_summary":"Reversed phase-1 POSITIVE ION MODE","metabolite_name":"C5","refmet_name":"CAR 5:0"},"39":{"study_id":"ST000456","analysis_id":"AN000713","analysis_summary":"Reversed phase-1 POSITIVE ION MODE","metabolite_name":"C5:1","refmet_name":"CAR 5:1"},"40":{"study_id":"ST000456","analysis_id":"AN000713","analysis_summary":"Reversed phase-1 POSITIVE ION MODE","metabolite_name":"C5:1-DC","refmet_name":"CAR DC5:1"},"41":{"study_id":"ST000456","analysis_id":"AN000713","analysis_summary":"Reversed phase-1 POSITIVE ION MODE","metabolite_name":"C5-DC (C6-OH)","refmet_name":"CAR DC5:0"},"42":{"study_id":"ST000456","analysis_id":"AN000713","analysis_summary":"Reversed phase-1 POSITIVE ION MODE","metabolite_name":"C5-M-DC","refmet_name":"CAR DC5:0;3Me"},"43":{"study_id":"ST000456","analysis_id":"AN000713","analysis_summary":"Reversed phase-1 POSITIVE ION MODE","metabolite_name":"C5-OH (C3-DC-M)","refmet_name":"CAR 5:0;OH"},"44":{"study_id":"ST000456","analysis_id":"AN000713","analysis_summary":"Reversed phase-1 POSITIVE ION MODE","metabolite_name":"C6:1","refmet_name":"CAR 6:1"},"45":{"study_id":"ST000456","analysis_id":"AN000713","analysis_summary":"Reversed phase-1 POSITIVE ION MODE","metabolite_name":"C6 (C4:1-DC)","refmet_name":"CAR 6:0"},"46":{"study_id":"ST000456","analysis_id":"AN000713","analysis_summary":"Reversed phase-1 POSITIVE ION MODE","metabolite_name":"C7-DC","refmet_name":"CAR DC7:0"},"47":{"study_id":"ST000456","analysis_id":"AN000713","analysis_summary":"Reversed phase-1 POSITIVE ION MODE","metabolite_name":"C8","refmet_name":"CAR 8:0"},"48":{"study_id":"ST000456","analysis_id":"AN000713","analysis_summary":"Reversed phase-1 POSITIVE ION MODE","metabolite_name":"C9","refmet_name":"CAR 9:0"},"49":{"study_id":"ST000456","analysis_id":"AN000713","analysis_summary":"Reversed phase-1 POSITIVE ION MODE","metabolite_name":"Carnosine","refmet_name":"Carnosine"},"50":{"study_id":"ST000456","analysis_id":"AN000713","analysis_summary":"Reversed phase-1 POSITIVE ION MODE","metabolite_name":"Cit","refmet_name":"Citric acid"},"51":{"study_id":"ST000456","analysis_id":"AN000713","analysis_summary":"Reversed phase-1 POSITIVE ION MODE","metabolite_name":"Creatinine","refmet_name":"Creatinine"},"52":{"study_id":"ST000456","analysis_id":"AN000713","analysis_summary":"Reversed phase-1 POSITIVE ION MODE","metabolite_name":"DOPA","refmet_name":"DOPA"},"53":{"study_id":"ST000456","analysis_id":"AN000713","analysis_summary":"Reversed phase-1 POSITIVE ION MODE","metabolite_name":"Dopamine","refmet_name":"Dopamine"},"54":{"study_id":"ST000456","analysis_id":"AN000713","analysis_summary":"Reversed phase-1 POSITIVE ION MODE","metabolite_name":"Gln","refmet_name":"Glutamine"},"55":{"study_id":"ST000456","analysis_id":"AN000713","analysis_summary":"Reversed phase-1 POSITIVE ION MODE","metabolite_name":"Glu","refmet_name":"Glutamic acid"},"56":{"study_id":"ST000456","analysis_id":"AN000713","analysis_summary":"Reversed phase-1 POSITIVE ION MODE","metabolite_name":"Gly","refmet_name":"Glycine"},"57":{"study_id":"ST000456","analysis_id":"AN000713","analysis_summary":"Reversed phase-1 POSITIVE ION MODE","metabolite_name":"H1","refmet_name":"Hexose"},"58":{"study_id":"ST000456","analysis_id":"AN000713","analysis_summary":"Reversed phase-1 POSITIVE ION MODE","metabolite_name":"His","refmet_name":"Histidine"},"59":{"study_id":"ST000456","analysis_id":"AN000713","analysis_summary":"Reversed phase-1 POSITIVE ION MODE","metabolite_name":"Histamine","refmet_name":"Histamine"},"60":{"study_id":"ST000456","analysis_id":"AN000713","analysis_summary":"Reversed phase-1 POSITIVE ION MODE","metabolite_name":"Ile","refmet_name":"Isoleucine"},"61":{"study_id":"ST000456","analysis_id":"AN000713","analysis_summary":"Reversed phase-1 POSITIVE ION MODE","metabolite_name":"Kynurenine","refmet_name":"Kynurenine"},"62":{"study_id":"ST000456","analysis_id":"AN000713","analysis_summary":"Reversed phase-1 POSITIVE ION MODE","metabolite_name":"Leu","refmet_name":"Leucine"},"63":{"study_id":"ST000456","analysis_id":"AN000713","analysis_summary":"Reversed phase-1 POSITIVE ION MODE","metabolite_name":"Lys","refmet_name":"Lysine"},"64":{"study_id":"ST000456","analysis_id":"AN000713","analysis_summary":"Reversed phase-1 POSITIVE ION MODE","metabolite_name":"lysoPC a C14:0","refmet_name":"LPC 14:0"},"65":{"study_id":"ST000456","analysis_id":"AN000713","analysis_summary":"Reversed phase-1 POSITIVE ION MODE","metabolite_name":"lysoPC a C16:0","refmet_name":"LPC 16:0"},"66":{"study_id":"ST000456","analysis_id":"AN000713","analysis_summary":"Reversed phase-1 POSITIVE ION MODE","metabolite_name":"lysoPC a C16:1","refmet_name":"LPC 16:1"},"67":{"study_id":"ST000456","analysis_id":"AN000713","analysis_summary":"Reversed phase-1 POSITIVE ION MODE","metabolite_name":"lysoPC a C17:0","refmet_name":"LPC 17:0"},"68":{"study_id":"ST000456","analysis_id":"AN000713","analysis_summary":"Reversed phase-1 POSITIVE ION MODE","metabolite_name":"lysoPC a C18:0","refmet_name":"LPC 18:0"},"69":{"study_id":"ST000456","analysis_id":"AN000713","analysis_summary":"Reversed phase-1 POSITIVE ION MODE","metabolite_name":"lysoPC a C18:1","refmet_name":"LPC 18:1"},"70":{"study_id":"ST000456","analysis_id":"AN000713","analysis_summary":"Reversed phase-1 POSITIVE ION MODE","metabolite_name":"lysoPC a C18:2","refmet_name":"LPC 18:2"},"71":{"study_id":"ST000456","analysis_id":"AN000713","analysis_summary":"Reversed phase-1 POSITIVE ION MODE","metabolite_name":"lysoPC a C20:3","refmet_name":"LPC 20:3"},"72":{"study_id":"ST000456","analysis_id":"AN000713","analysis_summary":"Reversed phase-1 POSITIVE ION MODE","metabolite_name":"lysoPC a C20:4","refmet_name":"LPC 20:4"},"73":{"study_id":"ST000456","analysis_id":"AN000713","analysis_summary":"Reversed phase-1 POSITIVE ION MODE","metabolite_name":"lysoPC a C24:0","refmet_name":"LPC 24:0"},"74":{"study_id":"ST000456","analysis_id":"AN000713","analysis_summary":"Reversed phase-1 POSITIVE ION MODE","metabolite_name":"lysoPC a C26:0","refmet_name":"LPC 26:0"},"75":{"study_id":"ST000456","analysis_id":"AN000713","analysis_summary":"Reversed phase-1 POSITIVE ION MODE","metabolite_name":"lysoPC a C26:1","refmet_name":"LPC 26:1"},"76":{"study_id":"ST000456","analysis_id":"AN000713","analysis_summary":"Reversed phase-1 POSITIVE ION MODE","metabolite_name":"lysoPC a C28:0","refmet_name":"LPC 28:0"},"77":{"study_id":"ST000456","analysis_id":"AN000713","analysis_summary":"Reversed phase-1 POSITIVE ION MODE","metabolite_name":"lysoPC a C28:1","refmet_name":"LPC 28:1"},"78":{"study_id":"ST000456","analysis_id":"AN000713","analysis_summary":"Reversed phase-1 POSITIVE ION MODE","metabolite_name":"Met","refmet_name":"Methionine"},"79":{"study_id":"ST000456","analysis_id":"AN000713","analysis_summary":"Reversed phase-1 POSITIVE ION MODE","metabolite_name":"Met-SO","refmet_name":"Methionine sulfoxide"},"80":{"study_id":"ST000456","analysis_id":"AN000713","analysis_summary":"Reversed phase-1 POSITIVE ION MODE","metabolite_name":"Nitro-Tyr","refmet_name":"Nitrotyrosine"},"81":{"study_id":"ST000456","analysis_id":"AN000713","analysis_summary":"Reversed phase-1 POSITIVE ION MODE","metabolite_name":"Orn","refmet_name":"Ornithine"},"82":{"study_id":"ST000456","analysis_id":"AN000713","analysis_summary":"Reversed phase-1 POSITIVE ION MODE","metabolite_name":"PC aa C24:0","refmet_name":"PC 24:0"},"83":{"study_id":"ST000456","analysis_id":"AN000713","analysis_summary":"Reversed phase-1 POSITIVE ION MODE","metabolite_name":"PC aa C26:0","refmet_name":"PC 26:0"},"84":{"study_id":"ST000456","analysis_id":"AN000713","analysis_summary":"Reversed phase-1 POSITIVE ION MODE","metabolite_name":"PC aa C28:1","refmet_name":"PC 28:1"},"85":{"study_id":"ST000456","analysis_id":"AN000713","analysis_summary":"Reversed phase-1 POSITIVE ION MODE","metabolite_name":"PC aa C30:0","refmet_name":"PC 30:0"},"86":{"study_id":"ST000456","analysis_id":"AN000713","analysis_summary":"Reversed phase-1 POSITIVE ION MODE","metabolite_name":"PC aa C30:2","refmet_name":"PC 30:2"},"87":{"study_id":"ST000456","analysis_id":"AN000713","analysis_summary":"Reversed phase-1 POSITIVE ION MODE","metabolite_name":"PC aa C32:0","refmet_name":"PC 32:0"},"88":{"study_id":"ST000456","analysis_id":"AN000713","analysis_summary":"Reversed phase-1 POSITIVE ION MODE","metabolite_name":"PC aa C32:1","refmet_name":"PC 32:1"},"89":{"study_id":"ST000456","analysis_id":"AN000713","analysis_summary":"Reversed phase-1 POSITIVE ION MODE","metabolite_name":"PC aa C32:2","refmet_name":"PC 32:2"},"90":{"study_id":"ST000456","analysis_id":"AN000713","analysis_summary":"Reversed phase-1 POSITIVE ION MODE","metabolite_name":"PC aa C32:3","refmet_name":"PC 32:3"},"91":{"study_id":"ST000456","analysis_id":"AN000713","analysis_summary":"Reversed phase-1 POSITIVE ION MODE","metabolite_name":"PC aa C34:1","refmet_name":"PC 34:1"},"92":{"study_id":"ST000456","analysis_id":"AN000713","analysis_summary":"Reversed phase-1 POSITIVE ION MODE","metabolite_name":"PC aa C34:2","refmet_name":"PC 34:2"},"93":{"study_id":"ST000456","analysis_id":"AN000713","analysis_summary":"Reversed phase-1 POSITIVE ION MODE","metabolite_name":"PC aa C34:3","refmet_name":"PC 34:3"},"94":{"study_id":"ST000456","analysis_id":"AN000713","analysis_summary":"Reversed phase-1 POSITIVE ION MODE","metabolite_name":"PC aa C34:4","refmet_name":"PC 34:4"},"95":{"study_id":"ST000456","analysis_id":"AN000713","analysis_summary":"Reversed phase-1 POSITIVE ION MODE","metabolite_name":"PC aa C36:0","refmet_name":"PC 36:0"},"96":{"study_id":"ST000456","analysis_id":"AN000713","analysis_summary":"Reversed phase-1 POSITIVE ION MODE","metabolite_name":"PC aa C36:1","refmet_name":"PC 36:1"},"97":{"study_id":"ST000456","analysis_id":"AN000713","analysis_summary":"Reversed phase-1 POSITIVE ION MODE","metabolite_name":"PC aa C36:2","refmet_name":"PC 36:2"},"98":{"study_id":"ST000456","analysis_id":"AN000713","analysis_summary":"Reversed phase-1 POSITIVE ION MODE","metabolite_name":"PC aa C36:3","refmet_name":"PC 36:3"},"99":{"study_id":"ST000456","analysis_id":"AN000713","analysis_summary":"Reversed phase-1 POSITIVE ION MODE","metabolite_name":"PC aa C36:4","refmet_name":"PC 36:4"},"100":{"study_id":"ST000456","analysis_id":"AN000713","analysis_summary":"Reversed phase-1 POSITIVE ION MODE","metabolite_name":"PC aa C36:5","refmet_name":"PC 36:5"},"101":{"study_id":"ST000456","analysis_id":"AN000713","analysis_summary":"Reversed phase-1 POSITIVE ION MODE","metabolite_name":"PC aa C36:6","refmet_name":"PC 36:6"},"102":{"study_id":"ST000456","analysis_id":"AN000713","analysis_summary":"Reversed phase-1 POSITIVE ION MODE","metabolite_name":"PC aa C38:0","refmet_name":"PC 38:0"},"103":{"study_id":"ST000456","analysis_id":"AN000713","analysis_summary":"Reversed phase-1 POSITIVE ION MODE","metabolite_name":"PC aa C38:1","refmet_name":"PC 38:1"},"104":{"study_id":"ST000456","analysis_id":"AN000713","analysis_summary":"Reversed phase-1 POSITIVE ION MODE","metabolite_name":"PC aa C38:3","refmet_name":"PC 38:3"},"105":{"study_id":"ST000456","analysis_id":"AN000713","analysis_summary":"Reversed phase-1 POSITIVE ION MODE","metabolite_name":"PC aa C38:4","refmet_name":"PC 38:4"},"106":{"study_id":"ST000456","analysis_id":"AN000713","analysis_summary":"Reversed phase-1 POSITIVE ION MODE","metabolite_name":"PC aa C38:5","refmet_name":"PC 38:5"},"107":{"study_id":"ST000456","analysis_id":"AN000713","analysis_summary":"Reversed phase-1 POSITIVE ION MODE","metabolite_name":"PC aa C38:6","refmet_name":"PC 38:6"},"108":{"study_id":"ST000456","analysis_id":"AN000713","analysis_summary":"Reversed phase-1 POSITIVE ION MODE","metabolite_name":"PC aa C40:1","refmet_name":"PC 40:1"},"109":{"study_id":"ST000456","analysis_id":"AN000713","analysis_summary":"Reversed phase-1 POSITIVE ION MODE","metabolite_name":"PC aa C40:2","refmet_name":"PC 40:2"},"110":{"study_id":"ST000456","analysis_id":"AN000713","analysis_summary":"Reversed phase-1 POSITIVE ION MODE","metabolite_name":"PC aa C40:3","refmet_name":"PC 40:3"},"111":{"study_id":"ST000456","analysis_id":"AN000713","analysis_summary":"Reversed phase-1 POSITIVE ION MODE","metabolite_name":"PC aa C40:4","refmet_name":"PC 40:4"},"112":{"study_id":"ST000456","analysis_id":"AN000713","analysis_summary":"Reversed phase-1 POSITIVE ION MODE","metabolite_name":"PC aa C40:5","refmet_name":"PC 40:5"},"113":{"study_id":"ST000456","analysis_id":"AN000713","analysis_summary":"Reversed phase-1 POSITIVE ION MODE","metabolite_name":"PC aa C40:6","refmet_name":"PC 40:6"},"114":{"study_id":"ST000456","analysis_id":"AN000713","analysis_summary":"Reversed phase-1 POSITIVE ION MODE","metabolite_name":"PC aa C42:0","refmet_name":"PC 42:0"},"115":{"study_id":"ST000456","analysis_id":"AN000713","analysis_summary":"Reversed phase-1 POSITIVE ION MODE","metabolite_name":"PC aa C42:1","refmet_name":"PC 42:1"},"116":{"study_id":"ST000456","analysis_id":"AN000713","analysis_summary":"Reversed phase-1 POSITIVE ION MODE","metabolite_name":"PC aa C42:2","refmet_name":"PC 42:2"},"117":{"study_id":"ST000456","analysis_id":"AN000713","analysis_summary":"Reversed phase-1 POSITIVE ION MODE","metabolite_name":"PC aa C42:4","refmet_name":"PC 42:4"},"118":{"study_id":"ST000456","analysis_id":"AN000713","analysis_summary":"Reversed phase-1 POSITIVE ION MODE","metabolite_name":"PC aa C42:5","refmet_name":"PC 42:5"},"119":{"study_id":"ST000456","analysis_id":"AN000713","analysis_summary":"Reversed phase-1 POSITIVE ION MODE","metabolite_name":"PC aa C42:6","refmet_name":"PC 42:6"},"120":{"study_id":"ST000456","analysis_id":"AN000713","analysis_summary":"Reversed phase-1 POSITIVE ION MODE","metabolite_name":"PC ae C30:0","refmet_name":"PC O-30:0"},"121":{"study_id":"ST000456","analysis_id":"AN000713","analysis_summary":"Reversed phase-1 POSITIVE ION MODE","metabolite_name":"PC ae C30:1","refmet_name":"PC O-30:1"},"122":{"study_id":"ST000456","analysis_id":"AN000713","analysis_summary":"Reversed phase-1 POSITIVE ION MODE","metabolite_name":"PC ae C30:2","refmet_name":"PC O-30:2"},"123":{"study_id":"ST000456","analysis_id":"AN000713","analysis_summary":"Reversed phase-1 POSITIVE ION MODE","metabolite_name":"PC ae C32:1","refmet_name":"PC O-32:1"},"124":{"study_id":"ST000456","analysis_id":"AN000713","analysis_summary":"Reversed phase-1 POSITIVE ION MODE","metabolite_name":"PC ae C32:2","refmet_name":"PC O-32:2"},"125":{"study_id":"ST000456","analysis_id":"AN000713","analysis_summary":"Reversed phase-1 POSITIVE ION MODE","metabolite_name":"PC ae C34:0","refmet_name":"PC O-34:0"},"126":{"study_id":"ST000456","analysis_id":"AN000713","analysis_summary":"Reversed phase-1 POSITIVE ION MODE","metabolite_name":"PC ae C34:1","refmet_name":"PC O-34:1"},"127":{"study_id":"ST000456","analysis_id":"AN000713","analysis_summary":"Reversed phase-1 POSITIVE ION MODE","metabolite_name":"PC ae C34:2","refmet_name":"PC O-34:2"},"128":{"study_id":"ST000456","analysis_id":"AN000713","analysis_summary":"Reversed phase-1 POSITIVE ION MODE","metabolite_name":"PC ae C34:3","refmet_name":"PC O-34:3"},"129":{"study_id":"ST000456","analysis_id":"AN000713","analysis_summary":"Reversed phase-1 POSITIVE ION MODE","metabolite_name":"PC ae C36:0","refmet_name":"PC O-36:0"},"130":{"study_id":"ST000456","analysis_id":"AN000713","analysis_summary":"Reversed phase-1 POSITIVE ION MODE","metabolite_name":"PC ae C36:1","refmet_name":"PC O-36:1"},"131":{"study_id":"ST000456","analysis_id":"AN000713","analysis_summary":"Reversed phase-1 POSITIVE ION MODE","metabolite_name":"PC ae C36:2","refmet_name":"PC O-36:2"},"132":{"study_id":"ST000456","analysis_id":"AN000713","analysis_summary":"Reversed phase-1 POSITIVE ION MODE","metabolite_name":"PC ae C36:3","refmet_name":"PC O-36:3"},"133":{"study_id":"ST000456","analysis_id":"AN000713","analysis_summary":"Reversed phase-1 POSITIVE ION MODE","metabolite_name":"PC ae C36:4","refmet_name":"PC O-36:4"},"134":{"study_id":"ST000456","analysis_id":"AN000713","analysis_summary":"Reversed phase-1 POSITIVE ION MODE","metabolite_name":"PC ae C36:5","refmet_name":"PC O-36:5"},"135":{"study_id":"ST000456","analysis_id":"AN000713","analysis_summary":"Reversed phase-1 POSITIVE ION MODE","metabolite_name":"PC ae C38:0","refmet_name":"PC O-38:0"},"136":{"study_id":"ST000456","analysis_id":"AN000713","analysis_summary":"Reversed phase-1 POSITIVE ION MODE","metabolite_name":"PC ae C38:1","refmet_name":"PC O-38:1"},"137":{"study_id":"ST000456","analysis_id":"AN000713","analysis_summary":"Reversed phase-1 POSITIVE ION MODE","metabolite_name":"PC ae C38:2","refmet_name":"PC O-38:2"},"138":{"study_id":"ST000456","analysis_id":"AN000713","analysis_summary":"Reversed phase-1 POSITIVE ION MODE","metabolite_name":"PC ae C38:3","refmet_name":"PC O-38:3"},"139":{"study_id":"ST000456","analysis_id":"AN000713","analysis_summary":"Reversed phase-1 POSITIVE ION MODE","metabolite_name":"PC ae C38:4","refmet_name":"PC O-38:4"},"140":{"study_id":"ST000456","analysis_id":"AN000713","analysis_summary":"Reversed phase-1 POSITIVE ION MODE","metabolite_name":"PC ae C38:5","refmet_name":"PC O-38:5"},"141":{"study_id":"ST000456","analysis_id":"AN000713","analysis_summary":"Reversed phase-1 POSITIVE ION MODE","metabolite_name":"PC ae C38:6","refmet_name":"PC O-38:6"},"142":{"study_id":"ST000456","analysis_id":"AN000713","analysis_summary":"Reversed phase-1 POSITIVE ION MODE","metabolite_name":"PC ae C40:1","refmet_name":"PC O-40:1"},"143":{"study_id":"ST000456","analysis_id":"AN000713","analysis_summary":"Reversed phase-1 POSITIVE ION MODE","metabolite_name":"PC ae C40:2","refmet_name":"PC O-40:2"},"144":{"study_id":"ST000456","analysis_id":"AN000713","analysis_summary":"Reversed phase-1 POSITIVE ION MODE","metabolite_name":"PC ae C40:3","refmet_name":"PC O-40:3"},"145":{"study_id":"ST000456","analysis_id":"AN000713","analysis_summary":"Reversed phase-1 POSITIVE ION MODE","metabolite_name":"PC ae C40:4","refmet_name":"PC O-40:4"},"146":{"study_id":"ST000456","analysis_id":"AN000713","analysis_summary":"Reversed phase-1 POSITIVE ION MODE","metabolite_name":"PC ae C40:5","refmet_name":"PC O-40:5"},"147":{"study_id":"ST000456","analysis_id":"AN000713","analysis_summary":"Reversed phase-1 POSITIVE ION MODE","metabolite_name":"PC ae C40:6","refmet_name":"PC O-40:6"},"148":{"study_id":"ST000456","analysis_id":"AN000713","analysis_summary":"Reversed phase-1 POSITIVE ION MODE","metabolite_name":"PC ae C42:0","refmet_name":"PC O-42:0"},"149":{"study_id":"ST000456","analysis_id":"AN000713","analysis_summary":"Reversed phase-1 POSITIVE ION MODE","metabolite_name":"PC ae C42:1","refmet_name":"PC O-42:1"},"150":{"study_id":"ST000456","analysis_id":"AN000713","analysis_summary":"Reversed phase-1 POSITIVE ION MODE","metabolite_name":"PC ae C42:2","refmet_name":"PC O-42:2"},"151":{"study_id":"ST000456","analysis_id":"AN000713","analysis_summary":"Reversed phase-1 POSITIVE ION MODE","metabolite_name":"PC ae C42:3","refmet_name":"PC O-42:3"},"152":{"study_id":"ST000456","analysis_id":"AN000713","analysis_summary":"Reversed phase-1 POSITIVE ION MODE","metabolite_name":"PC ae C42:4","refmet_name":"PC O-42:4"},"153":{"study_id":"ST000456","analysis_id":"AN000713","analysis_summary":"Reversed phase-1 POSITIVE ION MODE","metabolite_name":"PC ae C42:5","refmet_name":"PC O-42:5"},"154":{"study_id":"ST000456","analysis_id":"AN000713","analysis_summary":"Reversed phase-1 POSITIVE ION MODE","metabolite_name":"PC ae C44:3","refmet_name":"PC O-44:3"},"155":{"study_id":"ST000456","analysis_id":"AN000713","analysis_summary":"Reversed phase-1 POSITIVE ION MODE","metabolite_name":"PC ae C44:4","refmet_name":"PC O-44:4"},"156":{"study_id":"ST000456","analysis_id":"AN000713","analysis_summary":"Reversed phase-1 POSITIVE ION MODE","metabolite_name":"PC ae C44:5","refmet_name":"PC O-44:5"},"157":{"study_id":"ST000456","analysis_id":"AN000713","analysis_summary":"Reversed phase-1 POSITIVE ION MODE","metabolite_name":"PC ae C44:6","refmet_name":"PC O-44:6"},"158":{"study_id":"ST000456","analysis_id":"AN000713","analysis_summary":"Reversed phase-1 POSITIVE ION MODE","metabolite_name":"PEA","refmet_name":"Palmitoyl-EA"},"159":{"study_id":"ST000456","analysis_id":"AN000713","analysis_summary":"Reversed phase-1 POSITIVE ION MODE","metabolite_name":"Phe","refmet_name":"Phenylalanine"},"160":{"study_id":"ST000456","analysis_id":"AN000713","analysis_summary":"Reversed phase-1 POSITIVE ION MODE","metabolite_name":"Pro","refmet_name":"Proline"},"161":{"study_id":"ST000456","analysis_id":"AN000713","analysis_summary":"Reversed phase-1 POSITIVE ION MODE","metabolite_name":"Putrescine","refmet_name":"Putrescine"},"162":{"study_id":"ST000456","analysis_id":"AN000713","analysis_summary":"Reversed phase-1 POSITIVE ION MODE","metabolite_name":"SDMA","refmet_name":"Symmetric dimethylarginine"},"163":{"study_id":"ST000456","analysis_id":"AN000713","analysis_summary":"Reversed phase-1 POSITIVE ION MODE","metabolite_name":"Ser","refmet_name":"Serine"},"164":{"study_id":"ST000456","analysis_id":"AN000713","analysis_summary":"Reversed phase-1 POSITIVE ION MODE","metabolite_name":"Serotonin","refmet_name":"Serotonin"},"165":{"study_id":"ST000456","analysis_id":"AN000713","analysis_summary":"Reversed phase-1 POSITIVE ION MODE","metabolite_name":"SM C16:0","refmet_name":"SM 18:1;O2\/16:0"},"166":{"study_id":"ST000456","analysis_id":"AN000713","analysis_summary":"Reversed phase-1 POSITIVE ION MODE","metabolite_name":"SM C16:1","refmet_name":"SM 18:1;O2\/16:1"},"167":{"study_id":"ST000456","analysis_id":"AN000713","analysis_summary":"Reversed phase-1 POSITIVE ION MODE","metabolite_name":"SM C18:0","refmet_name":"SM 18:1;O2\/18:0"},"168":{"study_id":"ST000456","analysis_id":"AN000713","analysis_summary":"Reversed phase-1 POSITIVE ION MODE","metabolite_name":"SM C18:1","refmet_name":"SM 18:1;O2\/18:1"},"169":{"study_id":"ST000456","analysis_id":"AN000713","analysis_summary":"Reversed phase-1 POSITIVE ION MODE","metabolite_name":"SM C20:2","refmet_name":"SM 18:1;O2\/20:2"},"170":{"study_id":"ST000456","analysis_id":"AN000713","analysis_summary":"Reversed phase-1 POSITIVE ION MODE","metabolite_name":"SM C22:3","refmet_name":"SM 18:1;O2\/22:3"},"171":{"study_id":"ST000456","analysis_id":"AN000713","analysis_summary":"Reversed phase-1 POSITIVE ION MODE","metabolite_name":"SM C24:0","refmet_name":"SM 18:1;O2\/24:0"},"172":{"study_id":"ST000456","analysis_id":"AN000713","analysis_summary":"Reversed phase-1 POSITIVE ION MODE","metabolite_name":"SM C24:1","refmet_name":"SM 18:1;O2\/24:1"},"173":{"study_id":"ST000456","analysis_id":"AN000713","analysis_summary":"Reversed phase-1 POSITIVE ION MODE","metabolite_name":"SM C26:0","refmet_name":"SM 18:1;O2\/26:0"},"174":{"study_id":"ST000456","analysis_id":"AN000713","analysis_summary":"Reversed phase-1 POSITIVE ION MODE","metabolite_name":"SM C26:1","refmet_name":"SM 18:1;O2\/26:1"},"175":{"study_id":"ST000456","analysis_id":"AN000713","analysis_summary":"Reversed phase-1 POSITIVE ION MODE","metabolite_name":"SM (OH) C14:1","refmet_name":"SM 18:1;O2\/14:1;O"},"176":{"study_id":"ST000456","analysis_id":"AN000713","analysis_summary":"Reversed phase-1 POSITIVE ION MODE","metabolite_name":"SM (OH) C16:1","refmet_name":"SM 18:1;O2\/16:1;O"},"177":{"study_id":"ST000456","analysis_id":"AN000713","analysis_summary":"Reversed phase-1 POSITIVE ION MODE","metabolite_name":"SM (OH) C22:1","refmet_name":"SM 18:1;O2\/22:1;O"},"178":{"study_id":"ST000456","analysis_id":"AN000713","analysis_summary":"Reversed phase-1 POSITIVE ION MODE","metabolite_name":"SM (OH) C22:2","refmet_name":"SM 18:1;O2\/22:2;O"},"179":{"study_id":"ST000456","analysis_id":"AN000713","analysis_summary":"Reversed phase-1 POSITIVE ION MODE","metabolite_name":"SM (OH) C24:1","refmet_name":"SM 18:1;O2\/24:1;O"},"180":{"study_id":"ST000456","analysis_id":"AN000713","analysis_summary":"Reversed phase-1 POSITIVE ION MODE","metabolite_name":"Spermidine","refmet_name":"Spermidine"},"181":{"study_id":"ST000456","analysis_id":"AN000713","analysis_summary":"Reversed phase-1 POSITIVE ION MODE","metabolite_name":"Spermine","refmet_name":"Spermine"},"182":{"study_id":"ST000456","analysis_id":"AN000713","analysis_summary":"Reversed phase-1 POSITIVE ION MODE","metabolite_name":"t4-OH-Pro","refmet_name":"trans-4-Hydroxyproline"},"183":{"study_id":"ST000456","analysis_id":"AN000713","analysis_summary":"Reversed phase-1 POSITIVE ION MODE","metabolite_name":"Taurine","refmet_name":"Taurine"},"184":{"study_id":"ST000456","analysis_id":"AN000713","analysis_summary":"Reversed phase-1 POSITIVE ION MODE","metabolite_name":"Thr","refmet_name":"Threonine"},"185":{"study_id":"ST000456","analysis_id":"AN000713","analysis_summary":"Reversed phase-1 POSITIVE ION MODE","metabolite_name":"total DMA","refmet_name":"Dimethylarginine"},"186":{"study_id":"ST000456","analysis_id":"AN000713","analysis_summary":"Reversed phase-1 POSITIVE ION MODE","metabolite_name":"Trp","refmet_name":"Tryptophan"},"187":{"study_id":"ST000456","analysis_id":"AN000713","analysis_summary":"Reversed phase-1 POSITIVE ION MODE","metabolite_name":"Tyr","refmet_name":"Tyrosine"},"188":{"study_id":"ST000456","analysis_id":"AN000713","analysis_summary":"Reversed phase-1 POSITIVE ION MODE","metabolite_name":"Val","refmet_name":"Valine"},"189":{"study_id":"ST000456","analysis_id":"AN000714","analysis_summary":"Reversed phase-2 POSITIVE ION MODE","metabolite_name":"Ac-Orn","refmet_name":"N-Acetylornithine"},"190":{"study_id":"ST000456","analysis_id":"AN000714","analysis_summary":"Reversed phase-2 POSITIVE ION MODE","metabolite_name":"ADMA","refmet_name":"Dimethylarginine"},"191":{"study_id":"ST000456","analysis_id":"AN000714","analysis_summary":"Reversed phase-2 POSITIVE ION MODE","metabolite_name":"Ala","refmet_name":"Alanine"},"192":{"study_id":"ST000456","analysis_id":"AN000714","analysis_summary":"Reversed phase-2 POSITIVE ION MODE","metabolite_name":"alpha-AAA","refmet_name":"Aminoadipic acid"},"193":{"study_id":"ST000456","analysis_id":"AN000714","analysis_summary":"Reversed phase-2 POSITIVE ION MODE","metabolite_name":"Arg","refmet_name":"Arginine"},"194":{"study_id":"ST000456","analysis_id":"AN000714","analysis_summary":"Reversed phase-2 POSITIVE ION MODE","metabolite_name":"Asn","refmet_name":"Asparagine"},"195":{"study_id":"ST000456","analysis_id":"AN000714","analysis_summary":"Reversed phase-2 POSITIVE ION MODE","metabolite_name":"Asp","refmet_name":"Aspartic acid"},"196":{"study_id":"ST000456","analysis_id":"AN000714","analysis_summary":"Reversed phase-2 POSITIVE ION MODE","metabolite_name":"C0","refmet_name":"Carnitine"},"197":{"study_id":"ST000456","analysis_id":"AN000714","analysis_summary":"Reversed phase-2 POSITIVE ION MODE","metabolite_name":"C10","refmet_name":"CAR 10:0"},"198":{"study_id":"ST000456","analysis_id":"AN000714","analysis_summary":"Reversed phase-2 POSITIVE ION MODE","metabolite_name":"C10:1","refmet_name":"CAR 10:1"},"199":{"study_id":"ST000456","analysis_id":"AN000714","analysis_summary":"Reversed phase-2 POSITIVE ION MODE","metabolite_name":"C10:2","refmet_name":"CAR 10:2"},"200":{"study_id":"ST000456","analysis_id":"AN000714","analysis_summary":"Reversed phase-2 POSITIVE ION MODE","metabolite_name":"C12","refmet_name":"CAR 12:0"},"201":{"study_id":"ST000456","analysis_id":"AN000714","analysis_summary":"Reversed phase-2 POSITIVE ION MODE","metabolite_name":"C12:1","refmet_name":"CAR 12:1"},"202":{"study_id":"ST000456","analysis_id":"AN000714","analysis_summary":"Reversed phase-2 POSITIVE ION MODE","metabolite_name":"C12-DC","refmet_name":"CAR DC12:0"},"203":{"study_id":"ST000456","analysis_id":"AN000714","analysis_summary":"Reversed phase-2 POSITIVE ION MODE","metabolite_name":"C14","refmet_name":"CAR 14:0"},"204":{"study_id":"ST000456","analysis_id":"AN000714","analysis_summary":"Reversed phase-2 POSITIVE ION MODE","metabolite_name":"C14:1","refmet_name":"CAR 14:1"},"205":{"study_id":"ST000456","analysis_id":"AN000714","analysis_summary":"Reversed phase-2 POSITIVE ION MODE","metabolite_name":"C14:1-OH","refmet_name":"CAR 14:1;OH"},"206":{"study_id":"ST000456","analysis_id":"AN000714","analysis_summary":"Reversed phase-2 POSITIVE ION MODE","metabolite_name":"C14:2","refmet_name":"CAR 14:2"},"207":{"study_id":"ST000456","analysis_id":"AN000714","analysis_summary":"Reversed phase-2 POSITIVE ION MODE","metabolite_name":"C14:2-OH","refmet_name":"CAR 14:2;OH"},"208":{"study_id":"ST000456","analysis_id":"AN000714","analysis_summary":"Reversed phase-2 POSITIVE ION MODE","metabolite_name":"C16","refmet_name":"CAR 16:0"},"209":{"study_id":"ST000456","analysis_id":"AN000714","analysis_summary":"Reversed phase-2 POSITIVE ION MODE","metabolite_name":"C16:1","refmet_name":"CAR 16:1"},"210":{"study_id":"ST000456","analysis_id":"AN000714","analysis_summary":"Reversed phase-2 POSITIVE ION MODE","metabolite_name":"C16:1-OH","refmet_name":"CAR 16:1;OH"},"211":{"study_id":"ST000456","analysis_id":"AN000714","analysis_summary":"Reversed phase-2 POSITIVE ION MODE","metabolite_name":"C16:2","refmet_name":"CAR 16:2"},"212":{"study_id":"ST000456","analysis_id":"AN000714","analysis_summary":"Reversed phase-2 POSITIVE ION MODE","metabolite_name":"C16:2-OH","refmet_name":"CAR 16:2;OH"},"213":{"study_id":"ST000456","analysis_id":"AN000714","analysis_summary":"Reversed phase-2 POSITIVE ION MODE","metabolite_name":"C16-OH","refmet_name":"CAR 16:0"},"214":{"study_id":"ST000456","analysis_id":"AN000714","analysis_summary":"Reversed phase-2 POSITIVE ION MODE","metabolite_name":"C18","refmet_name":"CAR 18:0"},"215":{"study_id":"ST000456","analysis_id":"AN000714","analysis_summary":"Reversed phase-2 POSITIVE ION MODE","metabolite_name":"C18:1","refmet_name":"CAR 18:1"},"216":{"study_id":"ST000456","analysis_id":"AN000714","analysis_summary":"Reversed phase-2 POSITIVE ION MODE","metabolite_name":"C18:1-OH","refmet_name":"CAR 18:1;OH"},"217":{"study_id":"ST000456","analysis_id":"AN000714","analysis_summary":"Reversed phase-2 POSITIVE ION MODE","metabolite_name":"C18:2","refmet_name":"CAR 18:2"},"218":{"study_id":"ST000456","analysis_id":"AN000714","analysis_summary":"Reversed phase-2 POSITIVE ION MODE","metabolite_name":"C2","refmet_name":"CAR 2:0"},"219":{"study_id":"ST000456","analysis_id":"AN000714","analysis_summary":"Reversed phase-2 POSITIVE ION MODE","metabolite_name":"C3","refmet_name":"CAR 3:0"},"220":{"study_id":"ST000456","analysis_id":"AN000714","analysis_summary":"Reversed phase-2 POSITIVE ION MODE","metabolite_name":"C3:1","refmet_name":"CAR 3:1"},"221":{"study_id":"ST000456","analysis_id":"AN000714","analysis_summary":"Reversed phase-2 POSITIVE ION MODE","metabolite_name":"C3-DC (C4-OH)","refmet_name":"CAR DC3:0"},"222":{"study_id":"ST000456","analysis_id":"AN000714","analysis_summary":"Reversed phase-2 POSITIVE ION MODE","metabolite_name":"C3-OH","refmet_name":"CAR 3:0;OH"},"223":{"study_id":"ST000456","analysis_id":"AN000714","analysis_summary":"Reversed phase-2 POSITIVE ION MODE","metabolite_name":"C4","refmet_name":"CAR 4:0"},"224":{"study_id":"ST000456","analysis_id":"AN000714","analysis_summary":"Reversed phase-2 POSITIVE ION MODE","metabolite_name":"C4:1","refmet_name":"CAR 4:1"},"225":{"study_id":"ST000456","analysis_id":"AN000714","analysis_summary":"Reversed phase-2 POSITIVE ION MODE","metabolite_name":"c4-OH-Pro","refmet_name":"cis-4-Hydroxyproline"},"226":{"study_id":"ST000456","analysis_id":"AN000714","analysis_summary":"Reversed phase-2 POSITIVE ION MODE","metabolite_name":"C5","refmet_name":"CAR 5:0"},"227":{"study_id":"ST000456","analysis_id":"AN000714","analysis_summary":"Reversed phase-2 POSITIVE ION MODE","metabolite_name":"C5:1","refmet_name":"CAR 5:1"},"228":{"study_id":"ST000456","analysis_id":"AN000714","analysis_summary":"Reversed phase-2 POSITIVE ION MODE","metabolite_name":"C5:1-DC","refmet_name":"CAR DC5:1"},"229":{"study_id":"ST000456","analysis_id":"AN000714","analysis_summary":"Reversed phase-2 POSITIVE ION MODE","metabolite_name":"C5-DC (C6-OH)","refmet_name":"CAR DC5:0"},"230":{"study_id":"ST000456","analysis_id":"AN000714","analysis_summary":"Reversed phase-2 POSITIVE ION MODE","metabolite_name":"C5-M-DC","refmet_name":"CAR DC5:0;3Me"},"231":{"study_id":"ST000456","analysis_id":"AN000714","analysis_summary":"Reversed phase-2 POSITIVE ION MODE","metabolite_name":"C5-OH (C3-DC-M)","refmet_name":"CAR 5:0;OH"},"232":{"study_id":"ST000456","analysis_id":"AN000714","analysis_summary":"Reversed phase-2 POSITIVE ION MODE","metabolite_name":"C6:1","refmet_name":"CAR 6:1"},"233":{"study_id":"ST000456","analysis_id":"AN000714","analysis_summary":"Reversed phase-2 POSITIVE ION MODE","metabolite_name":"C6 (C4:1-DC)","refmet_name":"CAR 6:0"},"234":{"study_id":"ST000456","analysis_id":"AN000714","analysis_summary":"Reversed phase-2 POSITIVE ION MODE","metabolite_name":"C7-DC","refmet_name":"CAR DC7:0"},"235":{"study_id":"ST000456","analysis_id":"AN000714","analysis_summary":"Reversed phase-2 POSITIVE ION MODE","metabolite_name":"C8","refmet_name":"CAR 8:0"},"236":{"study_id":"ST000456","analysis_id":"AN000714","analysis_summary":"Reversed phase-2 POSITIVE ION MODE","metabolite_name":"C9","refmet_name":"CAR 9:0"},"237":{"study_id":"ST000456","analysis_id":"AN000714","analysis_summary":"Reversed phase-2 POSITIVE ION MODE","metabolite_name":"Carnosine","refmet_name":"Carnosine"},"238":{"study_id":"ST000456","analysis_id":"AN000714","analysis_summary":"Reversed phase-2 POSITIVE ION MODE","metabolite_name":"Cit","refmet_name":"Citric acid"},"239":{"study_id":"ST000456","analysis_id":"AN000714","analysis_summary":"Reversed phase-2 POSITIVE ION MODE","metabolite_name":"Creatinine","refmet_name":"Creatinine"},"240":{"study_id":"ST000456","analysis_id":"AN000714","analysis_summary":"Reversed phase-2 POSITIVE ION MODE","metabolite_name":"DOPA","refmet_name":"DOPA"},"241":{"study_id":"ST000456","analysis_id":"AN000714","analysis_summary":"Reversed phase-2 POSITIVE ION MODE","metabolite_name":"Dopamine","refmet_name":"Dopamine"},"242":{"study_id":"ST000456","analysis_id":"AN000714","analysis_summary":"Reversed phase-2 POSITIVE ION MODE","metabolite_name":"Gln","refmet_name":"Glutamine"},"243":{"study_id":"ST000456","analysis_id":"AN000714","analysis_summary":"Reversed phase-2 POSITIVE ION MODE","metabolite_name":"Glu","refmet_name":"Glutamic acid"},"244":{"study_id":"ST000456","analysis_id":"AN000714","analysis_summary":"Reversed phase-2 POSITIVE ION MODE","metabolite_name":"Gly","refmet_name":"Glycine"},"245":{"study_id":"ST000456","analysis_id":"AN000714","analysis_summary":"Reversed phase-2 POSITIVE ION MODE","metabolite_name":"H1","refmet_name":"Hexose"},"246":{"study_id":"ST000456","analysis_id":"AN000714","analysis_summary":"Reversed phase-2 POSITIVE ION MODE","metabolite_name":"His","refmet_name":"Histidine"},"247":{"study_id":"ST000456","analysis_id":"AN000714","analysis_summary":"Reversed phase-2 POSITIVE ION MODE","metabolite_name":"Histamine","refmet_name":"Histamine"},"248":{"study_id":"ST000456","analysis_id":"AN000714","analysis_summary":"Reversed phase-2 POSITIVE ION MODE","metabolite_name":"Ile","refmet_name":"Isoleucine"},"249":{"study_id":"ST000456","analysis_id":"AN000714","analysis_summary":"Reversed phase-2 POSITIVE ION MODE","metabolite_name":"Kynurenine","refmet_name":"Kynurenine"},"250":{"study_id":"ST000456","analysis_id":"AN000714","analysis_summary":"Reversed phase-2 POSITIVE ION MODE","metabolite_name":"Leu","refmet_name":"Leucine"},"251":{"study_id":"ST000456","analysis_id":"AN000714","analysis_summary":"Reversed phase-2 POSITIVE ION MODE","metabolite_name":"Lys","refmet_name":"Lysine"},"252":{"study_id":"ST000456","analysis_id":"AN000714","analysis_summary":"Reversed phase-2 POSITIVE ION MODE","metabolite_name":"lysoPC a C14:0","refmet_name":"LPC 14:0"},"253":{"study_id":"ST000456","analysis_id":"AN000714","analysis_summary":"Reversed phase-2 POSITIVE ION MODE","metabolite_name":"lysoPC a C16:0","refmet_name":"LPC 16:0"},"254":{"study_id":"ST000456","analysis_id":"AN000714","analysis_summary":"Reversed phase-2 POSITIVE ION MODE","metabolite_name":"lysoPC a C16:1","refmet_name":"LPC 16:1"},"255":{"study_id":"ST000456","analysis_id":"AN000714","analysis_summary":"Reversed phase-2 POSITIVE ION MODE","metabolite_name":"lysoPC a C17:0","refmet_name":"LPC 17:0"},"256":{"study_id":"ST000456","analysis_id":"AN000714","analysis_summary":"Reversed phase-2 POSITIVE ION MODE","metabolite_name":"lysoPC a C18:0","refmet_name":"LPC 18:0"},"257":{"study_id":"ST000456","analysis_id":"AN000714","analysis_summary":"Reversed phase-2 POSITIVE ION MODE","metabolite_name":"lysoPC a C18:1","refmet_name":"LPC 18:1"},"258":{"study_id":"ST000456","analysis_id":"AN000714","analysis_summary":"Reversed phase-2 POSITIVE ION MODE","metabolite_name":"lysoPC a C18:2","refmet_name":"LPC 18:2"},"259":{"study_id":"ST000456","analysis_id":"AN000714","analysis_summary":"Reversed phase-2 POSITIVE ION MODE","metabolite_name":"lysoPC a C20:3","refmet_name":"LPC 20:3"},"260":{"study_id":"ST000456","analysis_id":"AN000714","analysis_summary":"Reversed phase-2 POSITIVE ION MODE","metabolite_name":"lysoPC a C20:4","refmet_name":"LPC 20:4"},"261":{"study_id":"ST000456","analysis_id":"AN000714","analysis_summary":"Reversed phase-2 POSITIVE ION MODE","metabolite_name":"lysoPC a C24:0","refmet_name":"LPC 24:0"},"262":{"study_id":"ST000456","analysis_id":"AN000714","analysis_summary":"Reversed phase-2 POSITIVE ION MODE","metabolite_name":"lysoPC a C26:0","refmet_name":"LPC 26:0"},"263":{"study_id":"ST000456","analysis_id":"AN000714","analysis_summary":"Reversed phase-2 POSITIVE ION MODE","metabolite_name":"lysoPC a C26:1","refmet_name":"LPC 26:1"},"264":{"study_id":"ST000456","analysis_id":"AN000714","analysis_summary":"Reversed phase-2 POSITIVE ION MODE","metabolite_name":"lysoPC a C28:0","refmet_name":"LPC 28:0"},"265":{"study_id":"ST000456","analysis_id":"AN000714","analysis_summary":"Reversed phase-2 POSITIVE ION MODE","metabolite_name":"lysoPC a C28:1","refmet_name":"LPC 28:1"},"266":{"study_id":"ST000456","analysis_id":"AN000714","analysis_summary":"Reversed phase-2 POSITIVE ION MODE","metabolite_name":"Met","refmet_name":"Methionine"},"267":{"study_id":"ST000456","analysis_id":"AN000714","analysis_summary":"Reversed phase-2 POSITIVE ION MODE","metabolite_name":"Met-SO","refmet_name":"Methionine sulfoxide"},"268":{"study_id":"ST000456","analysis_id":"AN000714","analysis_summary":"Reversed phase-2 POSITIVE ION MODE","metabolite_name":"Nitro-Tyr","refmet_name":"Nitrotyrosine"},"269":{"study_id":"ST000456","analysis_id":"AN000714","analysis_summary":"Reversed phase-2 POSITIVE ION MODE","metabolite_name":"Orn","refmet_name":"Ornithine"},"270":{"study_id":"ST000456","analysis_id":"AN000714","analysis_summary":"Reversed phase-2 POSITIVE ION MODE","metabolite_name":"PC aa C24:0","refmet_name":"PC 24:0"},"271":{"study_id":"ST000456","analysis_id":"AN000714","analysis_summary":"Reversed phase-2 POSITIVE ION MODE","metabolite_name":"PC aa C26:0","refmet_name":"PC 26:0"},"272":{"study_id":"ST000456","analysis_id":"AN000714","analysis_summary":"Reversed phase-2 POSITIVE ION MODE","metabolite_name":"PC aa C28:1","refmet_name":"PC 28:1"},"273":{"study_id":"ST000456","analysis_id":"AN000714","analysis_summary":"Reversed phase-2 POSITIVE ION MODE","metabolite_name":"PC aa C30:0","refmet_name":"PC 30:0"},"274":{"study_id":"ST000456","analysis_id":"AN000714","analysis_summary":"Reversed phase-2 POSITIVE ION MODE","metabolite_name":"PC aa C30:2","refmet_name":"PC 30:2"},"275":{"study_id":"ST000456","analysis_id":"AN000714","analysis_summary":"Reversed phase-2 POSITIVE ION MODE","metabolite_name":"PC aa C32:0","refmet_name":"PC 32:0"},"276":{"study_id":"ST000456","analysis_id":"AN000714","analysis_summary":"Reversed phase-2 POSITIVE ION MODE","metabolite_name":"PC aa C32:1","refmet_name":"PC 32:1"},"277":{"study_id":"ST000456","analysis_id":"AN000714","analysis_summary":"Reversed phase-2 POSITIVE ION MODE","metabolite_name":"PC aa C32:2","refmet_name":"PC 32:2"},"278":{"study_id":"ST000456","analysis_id":"AN000714","analysis_summary":"Reversed phase-2 POSITIVE ION MODE","metabolite_name":"PC aa C32:3","refmet_name":"PC 32:3"},"279":{"study_id":"ST000456","analysis_id":"AN000714","analysis_summary":"Reversed phase-2 POSITIVE ION MODE","metabolite_name":"PC aa C34:1","refmet_name":"PC 34:1"},"280":{"study_id":"ST000456","analysis_id":"AN000714","analysis_summary":"Reversed phase-2 POSITIVE ION MODE","metabolite_name":"PC aa C34:2","refmet_name":"PC 34:2"},"281":{"study_id":"ST000456","analysis_id":"AN000714","analysis_summary":"Reversed phase-2 POSITIVE ION MODE","metabolite_name":"PC aa C34:3","refmet_name":"PC 34:3"},"282":{"study_id":"ST000456","analysis_id":"AN000714","analysis_summary":"Reversed phase-2 POSITIVE ION MODE","metabolite_name":"PC aa C34:4","refmet_name":"PC 34:4"},"283":{"study_id":"ST000456","analysis_id":"AN000714","analysis_summary":"Reversed phase-2 POSITIVE ION MODE","metabolite_name":"PC aa C36:0","refmet_name":"PC 36:0"},"284":{"study_id":"ST000456","analysis_id":"AN000714","analysis_summary":"Reversed phase-2 POSITIVE ION MODE","metabolite_name":"PC aa C36:1","refmet_name":"PC 36:1"},"285":{"study_id":"ST000456","analysis_id":"AN000714","analysis_summary":"Reversed phase-2 POSITIVE ION MODE","metabolite_name":"PC aa C36:2","refmet_name":"PC 36:2"},"286":{"study_id":"ST000456","analysis_id":"AN000714","analysis_summary":"Reversed phase-2 POSITIVE ION MODE","metabolite_name":"PC aa C36:3","refmet_name":"PC 36:3"},"287":{"study_id":"ST000456","analysis_id":"AN000714","analysis_summary":"Reversed phase-2 POSITIVE ION MODE","metabolite_name":"PC aa C36:4","refmet_name":"PC 36:4"},"288":{"study_id":"ST000456","analysis_id":"AN000714","analysis_summary":"Reversed phase-2 POSITIVE ION MODE","metabolite_name":"PC aa C36:5","refmet_name":"PC 36:5"},"289":{"study_id":"ST000456","analysis_id":"AN000714","analysis_summary":"Reversed phase-2 POSITIVE ION MODE","metabolite_name":"PC aa C36:6","refmet_name":"PC 36:6"},"290":{"study_id":"ST000456","analysis_id":"AN000714","analysis_summary":"Reversed phase-2 POSITIVE ION MODE","metabolite_name":"PC aa C38:0","refmet_name":"PC 38:0"},"291":{"study_id":"ST000456","analysis_id":"AN000714","analysis_summary":"Reversed phase-2 POSITIVE ION MODE","metabolite_name":"PC aa C38:1","refmet_name":"PC 38:1"},"292":{"study_id":"ST000456","analysis_id":"AN000714","analysis_summary":"Reversed phase-2 POSITIVE ION MODE","metabolite_name":"PC aa C38:3","refmet_name":"PC 38:3"},"293":{"study_id":"ST000456","analysis_id":"AN000714","analysis_summary":"Reversed phase-2 POSITIVE ION MODE","metabolite_name":"PC aa C38:4","refmet_name":"PC 38:4"},"294":{"study_id":"ST000456","analysis_id":"AN000714","analysis_summary":"Reversed phase-2 POSITIVE ION MODE","metabolite_name":"PC aa C38:5","refmet_name":"PC 38:5"},"295":{"study_id":"ST000456","analysis_id":"AN000714","analysis_summary":"Reversed phase-2 POSITIVE ION MODE","metabolite_name":"PC aa C38:6","refmet_name":"PC 38:6"},"296":{"study_id":"ST000456","analysis_id":"AN000714","analysis_summary":"Reversed phase-2 POSITIVE ION MODE","metabolite_name":"PC aa C40:1","refmet_name":"PC 40:1"},"297":{"study_id":"ST000456","analysis_id":"AN000714","analysis_summary":"Reversed phase-2 POSITIVE ION MODE","metabolite_name":"PC aa C40:2","refmet_name":"PC 40:2"},"298":{"study_id":"ST000456","analysis_id":"AN000714","analysis_summary":"Reversed phase-2 POSITIVE ION MODE","metabolite_name":"PC aa C40:3","refmet_name":"PC 40:3"},"299":{"study_id":"ST000456","analysis_id":"AN000714","analysis_summary":"Reversed phase-2 POSITIVE ION MODE","metabolite_name":"PC aa C40:4","refmet_name":"PC 40:4"},"300":{"study_id":"ST000456","analysis_id":"AN000714","analysis_summary":"Reversed phase-2 POSITIVE ION MODE","metabolite_name":"PC aa C40:5","refmet_name":"PC 40:5"},"301":{"study_id":"ST000456","analysis_id":"AN000714","analysis_summary":"Reversed phase-2 POSITIVE ION MODE","metabolite_name":"PC aa C40:6","refmet_name":"PC 40:6"},"302":{"study_id":"ST000456","analysis_id":"AN000714","analysis_summary":"Reversed phase-2 POSITIVE ION MODE","metabolite_name":"PC aa C42:0","refmet_name":"PC 42:0"},"303":{"study_id":"ST000456","analysis_id":"AN000714","analysis_summary":"Reversed phase-2 POSITIVE ION MODE","metabolite_name":"PC aa C42:1","refmet_name":"PC 42:1"},"304":{"study_id":"ST000456","analysis_id":"AN000714","analysis_summary":"Reversed phase-2 POSITIVE ION MODE","metabolite_name":"PC aa C42:2","refmet_name":"PC 42:2"},"305":{"study_id":"ST000456","analysis_id":"AN000714","analysis_summary":"Reversed phase-2 POSITIVE ION MODE","metabolite_name":"PC aa C42:4","refmet_name":"PC 42:4"},"306":{"study_id":"ST000456","analysis_id":"AN000714","analysis_summary":"Reversed phase-2 POSITIVE ION MODE","metabolite_name":"PC aa C42:5","refmet_name":"PC 42:5"},"307":{"study_id":"ST000456","analysis_id":"AN000714","analysis_summary":"Reversed phase-2 POSITIVE ION MODE","metabolite_name":"PC aa C42:6","refmet_name":"PC 42:6"},"308":{"study_id":"ST000456","analysis_id":"AN000714","analysis_summary":"Reversed phase-2 POSITIVE ION MODE","metabolite_name":"PC ae C30:0","refmet_name":"PC O-30:0"},"309":{"study_id":"ST000456","analysis_id":"AN000714","analysis_summary":"Reversed phase-2 POSITIVE ION MODE","metabolite_name":"PC ae C30:1","refmet_name":"PC O-30:1"},"310":{"study_id":"ST000456","analysis_id":"AN000714","analysis_summary":"Reversed phase-2 POSITIVE ION MODE","metabolite_name":"PC ae C30:2","refmet_name":"PC O-30:2"},"311":{"study_id":"ST000456","analysis_id":"AN000714","analysis_summary":"Reversed phase-2 POSITIVE ION MODE","metabolite_name":"PC ae C32:1","refmet_name":"PC O-32:1"},"312":{"study_id":"ST000456","analysis_id":"AN000714","analysis_summary":"Reversed phase-2 POSITIVE ION MODE","metabolite_name":"PC ae C32:2","refmet_name":"PC O-32:2"},"313":{"study_id":"ST000456","analysis_id":"AN000714","analysis_summary":"Reversed phase-2 POSITIVE ION MODE","metabolite_name":"PC ae C34:0","refmet_name":"PC O-34:0"},"314":{"study_id":"ST000456","analysis_id":"AN000714","analysis_summary":"Reversed phase-2 POSITIVE ION MODE","metabolite_name":"PC ae C34:1","refmet_name":"PC O-34:1"},"315":{"study_id":"ST000456","analysis_id":"AN000714","analysis_summary":"Reversed phase-2 POSITIVE ION MODE","metabolite_name":"PC ae C34:2","refmet_name":"PC O-34:2"},"316":{"study_id":"ST000456","analysis_id":"AN000714","analysis_summary":"Reversed phase-2 POSITIVE ION MODE","metabolite_name":"PC ae C34:3","refmet_name":"PC O-34:3"},"317":{"study_id":"ST000456","analysis_id":"AN000714","analysis_summary":"Reversed phase-2 POSITIVE ION MODE","metabolite_name":"PC ae C36:0","refmet_name":"PC O-36:0"},"318":{"study_id":"ST000456","analysis_id":"AN000714","analysis_summary":"Reversed phase-2 POSITIVE ION MODE","metabolite_name":"PC ae C36:1","refmet_name":"PC O-36:1"},"319":{"study_id":"ST000456","analysis_id":"AN000714","analysis_summary":"Reversed phase-2 POSITIVE ION MODE","metabolite_name":"PC ae C36:2","refmet_name":"PC O-36:2"},"320":{"study_id":"ST000456","analysis_id":"AN000714","analysis_summary":"Reversed phase-2 POSITIVE ION MODE","metabolite_name":"PC ae C36:3","refmet_name":"PC O-36:3"},"321":{"study_id":"ST000456","analysis_id":"AN000714","analysis_summary":"Reversed phase-2 POSITIVE ION MODE","metabolite_name":"PC ae C36:4","refmet_name":"PC O-36:4"},"322":{"study_id":"ST000456","analysis_id":"AN000714","analysis_summary":"Reversed phase-2 POSITIVE ION MODE","metabolite_name":"PC ae C36:5","refmet_name":"PC O-36:5"},"323":{"study_id":"ST000456","analysis_id":"AN000714","analysis_summary":"Reversed phase-2 POSITIVE ION MODE","metabolite_name":"PC ae C38:0","refmet_name":"PC O-38:0"},"324":{"study_id":"ST000456","analysis_id":"AN000714","analysis_summary":"Reversed phase-2 POSITIVE ION MODE","metabolite_name":"PC ae C38:1","refmet_name":"PC O-38:1"},"325":{"study_id":"ST000456","analysis_id":"AN000714","analysis_summary":"Reversed phase-2 POSITIVE ION MODE","metabolite_name":"PC ae C38:2","refmet_name":"PC O-38:2"},"326":{"study_id":"ST000456","analysis_id":"AN000714","analysis_summary":"Reversed phase-2 POSITIVE ION MODE","metabolite_name":"PC ae C38:3","refmet_name":"PC O-38:3"},"327":{"study_id":"ST000456","analysis_id":"AN000714","analysis_summary":"Reversed phase-2 POSITIVE ION MODE","metabolite_name":"PC ae C38:4","refmet_name":"PC O-38:4"},"328":{"study_id":"ST000456","analysis_id":"AN000714","analysis_summary":"Reversed phase-2 POSITIVE ION MODE","metabolite_name":"PC ae C38:5","refmet_name":"PC O-38:5"},"329":{"study_id":"ST000456","analysis_id":"AN000714","analysis_summary":"Reversed phase-2 POSITIVE ION MODE","metabolite_name":"PC ae C38:6","refmet_name":"PC O-38:6"},"330":{"study_id":"ST000456","analysis_id":"AN000714","analysis_summary":"Reversed phase-2 POSITIVE ION MODE","metabolite_name":"PC ae C40:1","refmet_name":"PC O-40:1"},"331":{"study_id":"ST000456","analysis_id":"AN000714","analysis_summary":"Reversed phase-2 POSITIVE ION MODE","metabolite_name":"PC ae C40:2","refmet_name":"PC O-40:2"},"332":{"study_id":"ST000456","analysis_id":"AN000714","analysis_summary":"Reversed phase-2 POSITIVE ION MODE","metabolite_name":"PC ae C40:3","refmet_name":"PC O-40:3"},"333":{"study_id":"ST000456","analysis_id":"AN000714","analysis_summary":"Reversed phase-2 POSITIVE ION MODE","metabolite_name":"PC ae C40:4","refmet_name":"PC O-40:4"},"334":{"study_id":"ST000456","analysis_id":"AN000714","analysis_summary":"Reversed phase-2 POSITIVE ION MODE","metabolite_name":"PC ae C40:5","refmet_name":"PC O-40:5"},"335":{"study_id":"ST000456","analysis_id":"AN000714","analysis_summary":"Reversed phase-2 POSITIVE ION MODE","metabolite_name":"PC ae C40:6","refmet_name":"PC O-40:6"},"336":{"study_id":"ST000456","analysis_id":"AN000714","analysis_summary":"Reversed phase-2 POSITIVE ION MODE","metabolite_name":"PC ae C42:0","refmet_name":"PC O-42:0"},"337":{"study_id":"ST000456","analysis_id":"AN000714","analysis_summary":"Reversed phase-2 POSITIVE ION MODE","metabolite_name":"PC ae C42:1","refmet_name":"PC O-42:1"},"338":{"study_id":"ST000456","analysis_id":"AN000714","analysis_summary":"Reversed phase-2 POSITIVE ION MODE","metabolite_name":"PC ae C42:2","refmet_name":"PC O-42:2"},"339":{"study_id":"ST000456","analysis_id":"AN000714","analysis_summary":"Reversed phase-2 POSITIVE ION MODE","metabolite_name":"PC ae C42:3","refmet_name":"PC O-42:3"},"340":{"study_id":"ST000456","analysis_id":"AN000714","analysis_summary":"Reversed phase-2 POSITIVE ION MODE","metabolite_name":"PC ae C42:4","refmet_name":"PC O-42:4"},"341":{"study_id":"ST000456","analysis_id":"AN000714","analysis_summary":"Reversed phase-2 POSITIVE ION MODE","metabolite_name":"PC ae C42:5","refmet_name":"PC O-42:5"},"342":{"study_id":"ST000456","analysis_id":"AN000714","analysis_summary":"Reversed phase-2 POSITIVE ION MODE","metabolite_name":"PC ae C44:3","refmet_name":"PC O-44:3"},"343":{"study_id":"ST000456","analysis_id":"AN000714","analysis_summary":"Reversed phase-2 POSITIVE ION MODE","metabolite_name":"PC ae C44:4","refmet_name":"PC O-44:4"},"344":{"study_id":"ST000456","analysis_id":"AN000714","analysis_summary":"Reversed phase-2 POSITIVE ION MODE","metabolite_name":"PC ae C44:5","refmet_name":"PC O-44:5"},"345":{"study_id":"ST000456","analysis_id":"AN000714","analysis_summary":"Reversed phase-2 POSITIVE ION MODE","metabolite_name":"PC ae C44:6","refmet_name":"PC O-44:6"},"346":{"study_id":"ST000456","analysis_id":"AN000714","analysis_summary":"Reversed phase-2 POSITIVE ION MODE","metabolite_name":"PEA","refmet_name":"Palmitoyl-EA"},"347":{"study_id":"ST000456","analysis_id":"AN000714","analysis_summary":"Reversed phase-2 POSITIVE ION MODE","metabolite_name":"Phe","refmet_name":"Phenylalanine"},"348":{"study_id":"ST000456","analysis_id":"AN000714","analysis_summary":"Reversed phase-2 POSITIVE ION MODE","metabolite_name":"Pro","refmet_name":"Proline"},"349":{"study_id":"ST000456","analysis_id":"AN000714","analysis_summary":"Reversed phase-2 POSITIVE ION MODE","metabolite_name":"Putrescine","refmet_name":"Putrescine"},"350":{"study_id":"ST000456","analysis_id":"AN000714","analysis_summary":"Reversed phase-2 POSITIVE ION MODE","metabolite_name":"SDMA","refmet_name":"Symmetric dimethylarginine"},"351":{"study_id":"ST000456","analysis_id":"AN000714","analysis_summary":"Reversed phase-2 POSITIVE ION MODE","metabolite_name":"Ser","refmet_name":"Serine"},"352":{"study_id":"ST000456","analysis_id":"AN000714","analysis_summary":"Reversed phase-2 POSITIVE ION MODE","metabolite_name":"Serotonin","refmet_name":"Serotonin"},"353":{"study_id":"ST000456","analysis_id":"AN000714","analysis_summary":"Reversed phase-2 POSITIVE ION MODE","metabolite_name":"SM C16:0","refmet_name":"SM 18:1;O2\/16:0"},"354":{"study_id":"ST000456","analysis_id":"AN000714","analysis_summary":"Reversed phase-2 POSITIVE ION MODE","metabolite_name":"SM C16:1","refmet_name":"SM 18:1;O2\/16:1"},"355":{"study_id":"ST000456","analysis_id":"AN000714","analysis_summary":"Reversed phase-2 POSITIVE ION MODE","metabolite_name":"SM C18:0","refmet_name":"SM 18:1;O2\/18:0"},"356":{"study_id":"ST000456","analysis_id":"AN000714","analysis_summary":"Reversed phase-2 POSITIVE ION MODE","metabolite_name":"SM C18:1","refmet_name":"SM 18:1;O2\/18:1"},"357":{"study_id":"ST000456","analysis_id":"AN000714","analysis_summary":"Reversed phase-2 POSITIVE ION MODE","metabolite_name":"SM C20:2","refmet_name":"SM 18:1;O2\/20:2"},"358":{"study_id":"ST000456","analysis_id":"AN000714","analysis_summary":"Reversed phase-2 POSITIVE ION MODE","metabolite_name":"SM C22:3","refmet_name":"SM 18:1;O2\/22:3"},"359":{"study_id":"ST000456","analysis_id":"AN000714","analysis_summary":"Reversed phase-2 POSITIVE ION MODE","metabolite_name":"SM C24:0","refmet_name":"SM 18:1;O2\/24:0"},"360":{"study_id":"ST000456","analysis_id":"AN000714","analysis_summary":"Reversed phase-2 POSITIVE ION MODE","metabolite_name":"SM C24:1","refmet_name":"SM 18:1;O2\/24:1"},"361":{"study_id":"ST000456","analysis_id":"AN000714","analysis_summary":"Reversed phase-2 POSITIVE ION MODE","metabolite_name":"SM C26:0","refmet_name":"SM 18:1;O2\/26:0"},"362":{"study_id":"ST000456","analysis_id":"AN000714","analysis_summary":"Reversed phase-2 POSITIVE ION MODE","metabolite_name":"SM C26:1","refmet_name":"SM 18:1;O2\/26:1"},"363":{"study_id":"ST000456","analysis_id":"AN000714","analysis_summary":"Reversed phase-2 POSITIVE ION MODE","metabolite_name":"SM (OH) C14:1","refmet_name":"SM 18:1;O2\/14:1;O"},"364":{"study_id":"ST000456","analysis_id":"AN000714","analysis_summary":"Reversed phase-2 POSITIVE ION MODE","metabolite_name":"SM (OH) C16:1","refmet_name":"SM 18:1;O2\/16:1;O"},"365":{"study_id":"ST000456","analysis_id":"AN000714","analysis_summary":"Reversed phase-2 POSITIVE ION MODE","metabolite_name":"SM (OH) C22:1","refmet_name":"SM 18:1;O2\/22:1;O"},"366":{"study_id":"ST000456","analysis_id":"AN000714","analysis_summary":"Reversed phase-2 POSITIVE ION MODE","metabolite_name":"SM (OH) C22:2","refmet_name":"SM 18:1;O2\/22:2;O"},"367":{"study_id":"ST000456","analysis_id":"AN000714","analysis_summary":"Reversed phase-2 POSITIVE ION MODE","metabolite_name":"SM (OH) C24:1","refmet_name":"SM 18:1;O2\/24:1;O"},"368":{"study_id":"ST000456","analysis_id":"AN000714","analysis_summary":"Reversed phase-2 POSITIVE ION MODE","metabolite_name":"Spermidine","refmet_name":"Spermidine"},"369":{"study_id":"ST000456","analysis_id":"AN000714","analysis_summary":"Reversed phase-2 POSITIVE ION MODE","metabolite_name":"Spermine","refmet_name":"Spermine"},"370":{"study_id":"ST000456","analysis_id":"AN000714","analysis_summary":"Reversed phase-2 POSITIVE ION MODE","metabolite_name":"t4-OH-Pro","refmet_name":"trans-4-Hydroxyproline"},"371":{"study_id":"ST000456","analysis_id":"AN000714","analysis_summary":"Reversed phase-2 POSITIVE ION MODE","metabolite_name":"Taurine","refmet_name":"Taurine"},"372":{"study_id":"ST000456","analysis_id":"AN000714","analysis_summary":"Reversed phase-2 POSITIVE ION MODE","metabolite_name":"Thr","refmet_name":"Threonine"},"373":{"study_id":"ST000456","analysis_id":"AN000714","analysis_summary":"Reversed phase-2 POSITIVE ION MODE","metabolite_name":"total DMA","refmet_name":"Dimethylarginine"},"374":{"study_id":"ST000456","analysis_id":"AN000714","analysis_summary":"Reversed phase-2 POSITIVE ION MODE","metabolite_name":"Trp","refmet_name":"Tryptophan"},"375":{"study_id":"ST000456","analysis_id":"AN000714","analysis_summary":"Reversed phase-2 POSITIVE ION MODE","metabolite_name":"Tyr","refmet_name":"Tyrosine"},"376":{"study_id":"ST000456","analysis_id":"AN000714","analysis_summary":"Reversed phase-2 POSITIVE ION MODE","metabolite_name":"Val","refmet_name":"Valine"},"377":{"study_id":"ST000456","analysis_id":"AN000715","analysis_summary":"Reversed phase NEGATIVE ION MODE","metabolite_name":"Ac-Orn","refmet_name":"N-Acetylornithine"},"378":{"study_id":"ST000456","analysis_id":"AN000715","analysis_summary":"Reversed phase NEGATIVE ION MODE","metabolite_name":"ADMA","refmet_name":"Dimethylarginine"},"379":{"study_id":"ST000456","analysis_id":"AN000715","analysis_summary":"Reversed phase NEGATIVE ION MODE","metabolite_name":"Ala","refmet_name":"Alanine"},"380":{"study_id":"ST000456","analysis_id":"AN000715","analysis_summary":"Reversed phase NEGATIVE ION MODE","metabolite_name":"alpha-AAA","refmet_name":"Aminoadipic acid"},"381":{"study_id":"ST000456","analysis_id":"AN000715","analysis_summary":"Reversed phase NEGATIVE ION MODE","metabolite_name":"Arg","refmet_name":"Arginine"},"382":{"study_id":"ST000456","analysis_id":"AN000715","analysis_summary":"Reversed phase NEGATIVE ION MODE","metabolite_name":"Asn","refmet_name":"Asparagine"},"383":{"study_id":"ST000456","analysis_id":"AN000715","analysis_summary":"Reversed phase NEGATIVE ION MODE","metabolite_name":"Asp","refmet_name":"Aspartic acid"},"384":{"study_id":"ST000456","analysis_id":"AN000715","analysis_summary":"Reversed phase NEGATIVE ION MODE","metabolite_name":"C0","refmet_name":"Carnitine"},"385":{"study_id":"ST000456","analysis_id":"AN000715","analysis_summary":"Reversed phase NEGATIVE ION MODE","metabolite_name":"C10","refmet_name":"CAR 10:0"},"386":{"study_id":"ST000456","analysis_id":"AN000715","analysis_summary":"Reversed phase NEGATIVE ION MODE","metabolite_name":"C10:1","refmet_name":"CAR 10:1"},"387":{"study_id":"ST000456","analysis_id":"AN000715","analysis_summary":"Reversed phase NEGATIVE ION MODE","metabolite_name":"C10:2","refmet_name":"CAR 10:2"},"388":{"study_id":"ST000456","analysis_id":"AN000715","analysis_summary":"Reversed phase NEGATIVE ION MODE","metabolite_name":"C12","refmet_name":"CAR 12:0"},"389":{"study_id":"ST000456","analysis_id":"AN000715","analysis_summary":"Reversed phase NEGATIVE ION MODE","metabolite_name":"C12:1","refmet_name":"CAR 12:1"},"390":{"study_id":"ST000456","analysis_id":"AN000715","analysis_summary":"Reversed phase NEGATIVE ION MODE","metabolite_name":"C12-DC","refmet_name":"CAR DC12:0"},"391":{"study_id":"ST000456","analysis_id":"AN000715","analysis_summary":"Reversed phase NEGATIVE ION MODE","metabolite_name":"C14","refmet_name":"CAR 14:0"},"392":{"study_id":"ST000456","analysis_id":"AN000715","analysis_summary":"Reversed phase NEGATIVE ION MODE","metabolite_name":"C14:1","refmet_name":"CAR 14:1"},"393":{"study_id":"ST000456","analysis_id":"AN000715","analysis_summary":"Reversed phase NEGATIVE ION MODE","metabolite_name":"C14:1-OH","refmet_name":"CAR 14:1;OH"},"394":{"study_id":"ST000456","analysis_id":"AN000715","analysis_summary":"Reversed phase NEGATIVE ION MODE","metabolite_name":"C14:2","refmet_name":"CAR 14:2"},"395":{"study_id":"ST000456","analysis_id":"AN000715","analysis_summary":"Reversed phase NEGATIVE ION MODE","metabolite_name":"C14:2-OH","refmet_name":"CAR 14:2;OH"},"396":{"study_id":"ST000456","analysis_id":"AN000715","analysis_summary":"Reversed phase NEGATIVE ION MODE","metabolite_name":"C16","refmet_name":"CAR 16:0"},"397":{"study_id":"ST000456","analysis_id":"AN000715","analysis_summary":"Reversed phase NEGATIVE ION MODE","metabolite_name":"C16:1","refmet_name":"CAR 16:1"},"398":{"study_id":"ST000456","analysis_id":"AN000715","analysis_summary":"Reversed phase NEGATIVE ION MODE","metabolite_name":"C16:1-OH","refmet_name":"CAR 16:1;OH"},"399":{"study_id":"ST000456","analysis_id":"AN000715","analysis_summary":"Reversed phase NEGATIVE ION MODE","metabolite_name":"C16:2","refmet_name":"CAR 16:2"},"400":{"study_id":"ST000456","analysis_id":"AN000715","analysis_summary":"Reversed phase NEGATIVE ION MODE","metabolite_name":"C16:2-OH","refmet_name":"CAR 16:2;OH"},"401":{"study_id":"ST000456","analysis_id":"AN000715","analysis_summary":"Reversed phase NEGATIVE ION MODE","metabolite_name":"C16-OH","refmet_name":"CAR 16:0"},"402":{"study_id":"ST000456","analysis_id":"AN000715","analysis_summary":"Reversed phase NEGATIVE ION MODE","metabolite_name":"C18","refmet_name":"CAR 18:0"},"403":{"study_id":"ST000456","analysis_id":"AN000715","analysis_summary":"Reversed phase NEGATIVE ION MODE","metabolite_name":"C18:1","refmet_name":"CAR 18:1"},"404":{"study_id":"ST000456","analysis_id":"AN000715","analysis_summary":"Reversed phase NEGATIVE ION MODE","metabolite_name":"C18:1-OH","refmet_name":"CAR 18:1;OH"},"405":{"study_id":"ST000456","analysis_id":"AN000715","analysis_summary":"Reversed phase NEGATIVE ION MODE","metabolite_name":"C18:2","refmet_name":"CAR 18:2"},"406":{"study_id":"ST000456","analysis_id":"AN000715","analysis_summary":"Reversed phase NEGATIVE ION MODE","metabolite_name":"C2","refmet_name":"CAR 2:0"},"407":{"study_id":"ST000456","analysis_id":"AN000715","analysis_summary":"Reversed phase NEGATIVE ION MODE","metabolite_name":"C3","refmet_name":"CAR 3:0"},"408":{"study_id":"ST000456","analysis_id":"AN000715","analysis_summary":"Reversed phase NEGATIVE ION MODE","metabolite_name":"C3:1","refmet_name":"CAR 3:1"},"409":{"study_id":"ST000456","analysis_id":"AN000715","analysis_summary":"Reversed phase NEGATIVE ION MODE","metabolite_name":"C3-DC (C4-OH)","refmet_name":"CAR DC3:0"},"410":{"study_id":"ST000456","analysis_id":"AN000715","analysis_summary":"Reversed phase NEGATIVE ION MODE","metabolite_name":"C3-OH","refmet_name":"CAR 3:0;OH"},"411":{"study_id":"ST000456","analysis_id":"AN000715","analysis_summary":"Reversed phase NEGATIVE ION MODE","metabolite_name":"C4","refmet_name":"CAR 4:0"},"412":{"study_id":"ST000456","analysis_id":"AN000715","analysis_summary":"Reversed phase NEGATIVE ION MODE","metabolite_name":"C4:1","refmet_name":"CAR 4:1"},"413":{"study_id":"ST000456","analysis_id":"AN000715","analysis_summary":"Reversed phase NEGATIVE ION MODE","metabolite_name":"c4-OH-Pro","refmet_name":"cis-4-Hydroxyproline"},"414":{"study_id":"ST000456","analysis_id":"AN000715","analysis_summary":"Reversed phase NEGATIVE ION MODE","metabolite_name":"C5","refmet_name":"CAR 5:0"},"415":{"study_id":"ST000456","analysis_id":"AN000715","analysis_summary":"Reversed phase NEGATIVE ION MODE","metabolite_name":"C5:1","refmet_name":"CAR 5:1"},"416":{"study_id":"ST000456","analysis_id":"AN000715","analysis_summary":"Reversed phase NEGATIVE ION MODE","metabolite_name":"C5:1-DC","refmet_name":"CAR DC5:1"},"417":{"study_id":"ST000456","analysis_id":"AN000715","analysis_summary":"Reversed phase NEGATIVE ION MODE","metabolite_name":"C5-DC (C6-OH)","refmet_name":"CAR DC5:0"},"418":{"study_id":"ST000456","analysis_id":"AN000715","analysis_summary":"Reversed phase NEGATIVE ION MODE","metabolite_name":"C5-M-DC","refmet_name":"CAR DC5:0;3Me"},"419":{"study_id":"ST000456","analysis_id":"AN000715","analysis_summary":"Reversed phase NEGATIVE ION MODE","metabolite_name":"C5-OH (C3-DC-M)","refmet_name":"CAR 5:0;OH"},"420":{"study_id":"ST000456","analysis_id":"AN000715","analysis_summary":"Reversed phase NEGATIVE ION MODE","metabolite_name":"C6:1","refmet_name":"CAR 6:1"},"421":{"study_id":"ST000456","analysis_id":"AN000715","analysis_summary":"Reversed phase NEGATIVE ION MODE","metabolite_name":"C6 (C4:1-DC)","refmet_name":"CAR 6:0"},"422":{"study_id":"ST000456","analysis_id":"AN000715","analysis_summary":"Reversed phase NEGATIVE ION MODE","metabolite_name":"C7-DC","refmet_name":"CAR DC7:0"},"423":{"study_id":"ST000456","analysis_id":"AN000715","analysis_summary":"Reversed phase NEGATIVE ION MODE","metabolite_name":"C8","refmet_name":"CAR 8:0"},"424":{"study_id":"ST000456","analysis_id":"AN000715","analysis_summary":"Reversed phase NEGATIVE ION MODE","metabolite_name":"C9","refmet_name":"CAR 9:0"},"425":{"study_id":"ST000456","analysis_id":"AN000715","analysis_summary":"Reversed phase NEGATIVE ION MODE","metabolite_name":"Carnosine","refmet_name":"Carnosine"},"426":{"study_id":"ST000456","analysis_id":"AN000715","analysis_summary":"Reversed phase NEGATIVE ION MODE","metabolite_name":"Cit","refmet_name":"Citric acid"},"427":{"study_id":"ST000456","analysis_id":"AN000715","analysis_summary":"Reversed phase NEGATIVE ION MODE","metabolite_name":"Creatinine","refmet_name":"Creatinine"},"428":{"study_id":"ST000456","analysis_id":"AN000715","analysis_summary":"Reversed phase NEGATIVE ION MODE","metabolite_name":"DOPA","refmet_name":"DOPA"},"429":{"study_id":"ST000456","analysis_id":"AN000715","analysis_summary":"Reversed phase NEGATIVE ION MODE","metabolite_name":"Dopamine","refmet_name":"Dopamine"},"430":{"study_id":"ST000456","analysis_id":"AN000715","analysis_summary":"Reversed phase NEGATIVE ION MODE","metabolite_name":"Gln","refmet_name":"Glutamine"},"431":{"study_id":"ST000456","analysis_id":"AN000715","analysis_summary":"Reversed phase NEGATIVE ION MODE","metabolite_name":"Glu","refmet_name":"Glutamic acid"},"432":{"study_id":"ST000456","analysis_id":"AN000715","analysis_summary":"Reversed phase NEGATIVE ION MODE","metabolite_name":"Gly","refmet_name":"Glycine"},"433":{"study_id":"ST000456","analysis_id":"AN000715","analysis_summary":"Reversed phase NEGATIVE ION MODE","metabolite_name":"H1","refmet_name":"Hexose"},"434":{"study_id":"ST000456","analysis_id":"AN000715","analysis_summary":"Reversed phase NEGATIVE ION MODE","metabolite_name":"His","refmet_name":"Histidine"},"435":{"study_id":"ST000456","analysis_id":"AN000715","analysis_summary":"Reversed phase NEGATIVE ION MODE","metabolite_name":"Histamine","refmet_name":"Histamine"},"436":{"study_id":"ST000456","analysis_id":"AN000715","analysis_summary":"Reversed phase NEGATIVE ION MODE","metabolite_name":"Ile","refmet_name":"Isoleucine"},"437":{"study_id":"ST000456","analysis_id":"AN000715","analysis_summary":"Reversed phase NEGATIVE ION MODE","metabolite_name":"Kynurenine","refmet_name":"Kynurenine"},"438":{"study_id":"ST000456","analysis_id":"AN000715","analysis_summary":"Reversed phase NEGATIVE ION MODE","metabolite_name":"Leu","refmet_name":"Leucine"},"439":{"study_id":"ST000456","analysis_id":"AN000715","analysis_summary":"Reversed phase NEGATIVE ION MODE","metabolite_name":"Lys","refmet_name":"Lysine"},"440":{"study_id":"ST000456","analysis_id":"AN000715","analysis_summary":"Reversed phase NEGATIVE ION MODE","metabolite_name":"lysoPC a C14:0","refmet_name":"LPC 14:0"},"441":{"study_id":"ST000456","analysis_id":"AN000715","analysis_summary":"Reversed phase NEGATIVE ION MODE","metabolite_name":"lysoPC a C16:0","refmet_name":"LPC 16:0"},"442":{"study_id":"ST000456","analysis_id":"AN000715","analysis_summary":"Reversed phase NEGATIVE ION MODE","metabolite_name":"lysoPC a C16:1","refmet_name":"LPC 16:1"},"443":{"study_id":"ST000456","analysis_id":"AN000715","analysis_summary":"Reversed phase NEGATIVE ION MODE","metabolite_name":"lysoPC a C17:0","refmet_name":"LPC 17:0"},"444":{"study_id":"ST000456","analysis_id":"AN000715","analysis_summary":"Reversed phase NEGATIVE ION MODE","metabolite_name":"lysoPC a C18:0","refmet_name":"LPC 18:0"},"445":{"study_id":"ST000456","analysis_id":"AN000715","analysis_summary":"Reversed phase NEGATIVE ION MODE","metabolite_name":"lysoPC a C18:1","refmet_name":"LPC 18:1"},"446":{"study_id":"ST000456","analysis_id":"AN000715","analysis_summary":"Reversed phase NEGATIVE ION MODE","metabolite_name":"lysoPC a C18:2","refmet_name":"LPC 18:2"},"447":{"study_id":"ST000456","analysis_id":"AN000715","analysis_summary":"Reversed phase NEGATIVE ION MODE","metabolite_name":"lysoPC a C20:3","refmet_name":"LPC 20:3"},"448":{"study_id":"ST000456","analysis_id":"AN000715","analysis_summary":"Reversed phase NEGATIVE ION MODE","metabolite_name":"lysoPC a C20:4","refmet_name":"LPC 20:4"},"449":{"study_id":"ST000456","analysis_id":"AN000715","analysis_summary":"Reversed phase NEGATIVE ION MODE","metabolite_name":"lysoPC a C24:0","refmet_name":"LPC 24:0"},"450":{"study_id":"ST000456","analysis_id":"AN000715","analysis_summary":"Reversed phase NEGATIVE ION MODE","metabolite_name":"lysoPC a C26:0","refmet_name":"LPC 26:0"},"451":{"study_id":"ST000456","analysis_id":"AN000715","analysis_summary":"Reversed phase NEGATIVE ION MODE","metabolite_name":"lysoPC a C26:1","refmet_name":"LPC 26:1"},"452":{"study_id":"ST000456","analysis_id":"AN000715","analysis_summary":"Reversed phase NEGATIVE ION MODE","metabolite_name":"lysoPC a C28:0","refmet_name":"LPC 28:0"},"453":{"study_id":"ST000456","analysis_id":"AN000715","analysis_summary":"Reversed phase NEGATIVE ION MODE","metabolite_name":"lysoPC a C28:1","refmet_name":"LPC 28:1"},"454":{"study_id":"ST000456","analysis_id":"AN000715","analysis_summary":"Reversed phase NEGATIVE ION MODE","metabolite_name":"Met","refmet_name":"Methionine"},"455":{"study_id":"ST000456","analysis_id":"AN000715","analysis_summary":"Reversed phase NEGATIVE ION MODE","metabolite_name":"Met-SO","refmet_name":"Methionine sulfoxide"},"456":{"study_id":"ST000456","analysis_id":"AN000715","analysis_summary":"Reversed phase NEGATIVE ION MODE","metabolite_name":"Nitro-Tyr","refmet_name":"Nitrotyrosine"},"457":{"study_id":"ST000456","analysis_id":"AN000715","analysis_summary":"Reversed phase NEGATIVE ION MODE","metabolite_name":"Orn","refmet_name":"Ornithine"},"458":{"study_id":"ST000456","analysis_id":"AN000715","analysis_summary":"Reversed phase NEGATIVE ION MODE","metabolite_name":"PC aa C24:0","refmet_name":"PC 24:0"},"459":{"study_id":"ST000456","analysis_id":"AN000715","analysis_summary":"Reversed phase NEGATIVE ION MODE","metabolite_name":"PC aa C26:0","refmet_name":"PC 26:0"},"460":{"study_id":"ST000456","analysis_id":"AN000715","analysis_summary":"Reversed phase NEGATIVE ION MODE","metabolite_name":"PC aa C28:1","refmet_name":"PC 28:1"},"461":{"study_id":"ST000456","analysis_id":"AN000715","analysis_summary":"Reversed phase NEGATIVE ION MODE","metabolite_name":"PC aa C30:0","refmet_name":"PC 30:0"},"462":{"study_id":"ST000456","analysis_id":"AN000715","analysis_summary":"Reversed phase NEGATIVE ION MODE","metabolite_name":"PC aa C30:2","refmet_name":"PC 30:2"},"463":{"study_id":"ST000456","analysis_id":"AN000715","analysis_summary":"Reversed phase NEGATIVE ION MODE","metabolite_name":"PC aa C32:0","refmet_name":"PC 32:0"},"464":{"study_id":"ST000456","analysis_id":"AN000715","analysis_summary":"Reversed phase NEGATIVE ION MODE","metabolite_name":"PC aa C32:1","refmet_name":"PC 32:1"},"465":{"study_id":"ST000456","analysis_id":"AN000715","analysis_summary":"Reversed phase NEGATIVE ION MODE","metabolite_name":"PC aa C32:2","refmet_name":"PC 32:2"},"466":{"study_id":"ST000456","analysis_id":"AN000715","analysis_summary":"Reversed phase NEGATIVE ION MODE","metabolite_name":"PC aa C32:3","refmet_name":"PC 32:3"},"467":{"study_id":"ST000456","analysis_id":"AN000715","analysis_summary":"Reversed phase NEGATIVE ION MODE","metabolite_name":"PC aa C34:1","refmet_name":"PC 34:1"},"468":{"study_id":"ST000456","analysis_id":"AN000715","analysis_summary":"Reversed phase NEGATIVE ION MODE","metabolite_name":"PC aa C34:2","refmet_name":"PC 34:2"},"469":{"study_id":"ST000456","analysis_id":"AN000715","analysis_summary":"Reversed phase NEGATIVE ION MODE","metabolite_name":"PC aa C34:3","refmet_name":"PC 34:3"},"470":{"study_id":"ST000456","analysis_id":"AN000715","analysis_summary":"Reversed phase NEGATIVE ION MODE","metabolite_name":"PC aa C34:4","refmet_name":"PC 34:4"},"471":{"study_id":"ST000456","analysis_id":"AN000715","analysis_summary":"Reversed phase NEGATIVE ION MODE","metabolite_name":"PC aa C36:0","refmet_name":"PC 36:0"},"472":{"study_id":"ST000456","analysis_id":"AN000715","analysis_summary":"Reversed phase NEGATIVE ION MODE","metabolite_name":"PC aa C36:1","refmet_name":"PC 36:1"},"473":{"study_id":"ST000456","analysis_id":"AN000715","analysis_summary":"Reversed phase NEGATIVE ION MODE","metabolite_name":"PC aa C36:2","refmet_name":"PC 36:2"},"474":{"study_id":"ST000456","analysis_id":"AN000715","analysis_summary":"Reversed phase NEGATIVE ION MODE","metabolite_name":"PC aa C36:3","refmet_name":"PC 36:3"},"475":{"study_id":"ST000456","analysis_id":"AN000715","analysis_summary":"Reversed phase NEGATIVE ION MODE","metabolite_name":"PC aa C36:4","refmet_name":"PC 36:4"},"476":{"study_id":"ST000456","analysis_id":"AN000715","analysis_summary":"Reversed phase NEGATIVE ION MODE","metabolite_name":"PC aa C36:5","refmet_name":"PC 36:5"},"477":{"study_id":"ST000456","analysis_id":"AN000715","analysis_summary":"Reversed phase NEGATIVE ION MODE","metabolite_name":"PC aa C36:6","refmet_name":"PC 36:6"},"478":{"study_id":"ST000456","analysis_id":"AN000715","analysis_summary":"Reversed phase NEGATIVE ION MODE","metabolite_name":"PC aa C38:0","refmet_name":"PC 38:0"},"479":{"study_id":"ST000456","analysis_id":"AN000715","analysis_summary":"Reversed phase NEGATIVE ION MODE","metabolite_name":"PC aa C38:1","refmet_name":"PC 38:1"},"480":{"study_id":"ST000456","analysis_id":"AN000715","analysis_summary":"Reversed phase NEGATIVE ION MODE","metabolite_name":"PC aa C38:3","refmet_name":"PC 38:3"},"481":{"study_id":"ST000456","analysis_id":"AN000715","analysis_summary":"Reversed phase NEGATIVE ION MODE","metabolite_name":"PC aa C38:4","refmet_name":"PC 38:4"},"482":{"study_id":"ST000456","analysis_id":"AN000715","analysis_summary":"Reversed phase NEGATIVE ION MODE","metabolite_name":"PC aa C38:5","refmet_name":"PC 38:5"},"483":{"study_id":"ST000456","analysis_id":"AN000715","analysis_summary":"Reversed phase NEGATIVE ION MODE","metabolite_name":"PC aa C38:6","refmet_name":"PC 38:6"},"484":{"study_id":"ST000456","analysis_id":"AN000715","analysis_summary":"Reversed phase NEGATIVE ION MODE","metabolite_name":"PC aa C40:1","refmet_name":"PC 40:1"},"485":{"study_id":"ST000456","analysis_id":"AN000715","analysis_summary":"Reversed phase NEGATIVE ION MODE","metabolite_name":"PC aa C40:2","refmet_name":"PC 40:2"},"486":{"study_id":"ST000456","analysis_id":"AN000715","analysis_summary":"Reversed phase NEGATIVE ION MODE","metabolite_name":"PC aa C40:3","refmet_name":"PC 40:3"},"487":{"study_id":"ST000456","analysis_id":"AN000715","analysis_summary":"Reversed phase NEGATIVE ION MODE","metabolite_name":"PC aa C40:4","refmet_name":"PC 40:4"},"488":{"study_id":"ST000456","analysis_id":"AN000715","analysis_summary":"Reversed phase NEGATIVE ION MODE","metabolite_name":"PC aa C40:5","refmet_name":"PC 40:5"},"489":{"study_id":"ST000456","analysis_id":"AN000715","analysis_summary":"Reversed phase NEGATIVE ION MODE","metabolite_name":"PC aa C40:6","refmet_name":"PC 40:6"},"490":{"study_id":"ST000456","analysis_id":"AN000715","analysis_summary":"Reversed phase NEGATIVE ION MODE","metabolite_name":"PC aa C42:0","refmet_name":"PC 42:0"},"491":{"study_id":"ST000456","analysis_id":"AN000715","analysis_summary":"Reversed phase NEGATIVE ION MODE","metabolite_name":"PC aa C42:1","refmet_name":"PC 42:1"},"492":{"study_id":"ST000456","analysis_id":"AN000715","analysis_summary":"Reversed phase NEGATIVE ION MODE","metabolite_name":"PC aa C42:2","refmet_name":"PC 42:2"},"493":{"study_id":"ST000456","analysis_id":"AN000715","analysis_summary":"Reversed phase NEGATIVE ION MODE","metabolite_name":"PC aa C42:4","refmet_name":"PC 42:4"},"494":{"study_id":"ST000456","analysis_id":"AN000715","analysis_summary":"Reversed phase NEGATIVE ION MODE","metabolite_name":"PC aa C42:5","refmet_name":"PC 42:5"},"495":{"study_id":"ST000456","analysis_id":"AN000715","analysis_summary":"Reversed phase NEGATIVE ION MODE","metabolite_name":"PC aa C42:6","refmet_name":"PC 42:6"},"496":{"study_id":"ST000456","analysis_id":"AN000715","analysis_summary":"Reversed phase NEGATIVE ION MODE","metabolite_name":"PC ae C30:0","refmet_name":"PC O-30:0"},"497":{"study_id":"ST000456","analysis_id":"AN000715","analysis_summary":"Reversed phase NEGATIVE ION MODE","metabolite_name":"PC ae C30:1","refmet_name":"PC O-30:1"},"498":{"study_id":"ST000456","analysis_id":"AN000715","analysis_summary":"Reversed phase NEGATIVE ION MODE","metabolite_name":"PC ae C30:2","refmet_name":"PC O-30:2"},"499":{"study_id":"ST000456","analysis_id":"AN000715","analysis_summary":"Reversed phase NEGATIVE ION MODE","metabolite_name":"PC ae C32:1","refmet_name":"PC O-32:1"},"500":{"study_id":"ST000456","analysis_id":"AN000715","analysis_summary":"Reversed phase NEGATIVE ION MODE","metabolite_name":"PC ae C32:2","refmet_name":"PC O-32:2"},"501":{"study_id":"ST000456","analysis_id":"AN000715","analysis_summary":"Reversed phase NEGATIVE ION MODE","metabolite_name":"PC ae C34:0","refmet_name":"PC O-34:0"},"502":{"study_id":"ST000456","analysis_id":"AN000715","analysis_summary":"Reversed phase NEGATIVE ION MODE","metabolite_name":"PC ae C34:1","refmet_name":"PC O-34:1"},"503":{"study_id":"ST000456","analysis_id":"AN000715","analysis_summary":"Reversed phase NEGATIVE ION MODE","metabolite_name":"PC ae C34:2","refmet_name":"PC O-34:2"},"504":{"study_id":"ST000456","analysis_id":"AN000715","analysis_summary":"Reversed phase NEGATIVE ION MODE","metabolite_name":"PC ae C34:3","refmet_name":"PC O-34:3"},"505":{"study_id":"ST000456","analysis_id":"AN000715","analysis_summary":"Reversed phase NEGATIVE ION MODE","metabolite_name":"PC ae C36:0","refmet_name":"PC O-36:0"},"506":{"study_id":"ST000456","analysis_id":"AN000715","analysis_summary":"Reversed phase NEGATIVE ION MODE","metabolite_name":"PC ae C36:1","refmet_name":"PC O-36:1"},"507":{"study_id":"ST000456","analysis_id":"AN000715","analysis_summary":"Reversed phase NEGATIVE ION MODE","metabolite_name":"PC ae C36:2","refmet_name":"PC O-36:2"},"508":{"study_id":"ST000456","analysis_id":"AN000715","analysis_summary":"Reversed phase NEGATIVE ION MODE","metabolite_name":"PC ae C36:3","refmet_name":"PC O-36:3"},"509":{"study_id":"ST000456","analysis_id":"AN000715","analysis_summary":"Reversed phase NEGATIVE ION MODE","metabolite_name":"PC ae C36:4","refmet_name":"PC O-36:4"},"510":{"study_id":"ST000456","analysis_id":"AN000715","analysis_summary":"Reversed phase NEGATIVE ION MODE","metabolite_name":"PC ae C36:5","refmet_name":"PC O-36:5"},"511":{"study_id":"ST000456","analysis_id":"AN000715","analysis_summary":"Reversed phase NEGATIVE ION MODE","metabolite_name":"PC ae C38:0","refmet_name":"PC O-38:0"},"512":{"study_id":"ST000456","analysis_id":"AN000715","analysis_summary":"Reversed phase NEGATIVE ION MODE","metabolite_name":"PC ae C38:1","refmet_name":"PC O-38:1"},"513":{"study_id":"ST000456","analysis_id":"AN000715","analysis_summary":"Reversed phase NEGATIVE ION MODE","metabolite_name":"PC ae C38:2","refmet_name":"PC O-38:2"},"514":{"study_id":"ST000456","analysis_id":"AN000715","analysis_summary":"Reversed phase NEGATIVE ION MODE","metabolite_name":"PC ae C38:3","refmet_name":"PC O-38:3"},"515":{"study_id":"ST000456","analysis_id":"AN000715","analysis_summary":"Reversed phase NEGATIVE ION MODE","metabolite_name":"PC ae C38:4","refmet_name":"PC O-38:4"},"516":{"study_id":"ST000456","analysis_id":"AN000715","analysis_summary":"Reversed phase NEGATIVE ION MODE","metabolite_name":"PC ae C38:5","refmet_name":"PC O-38:5"},"517":{"study_id":"ST000456","analysis_id":"AN000715","analysis_summary":"Reversed phase NEGATIVE ION MODE","metabolite_name":"PC ae C38:6","refmet_name":"PC O-38:6"},"518":{"study_id":"ST000456","analysis_id":"AN000715","analysis_summary":"Reversed phase NEGATIVE ION MODE","metabolite_name":"PC ae C40:1","refmet_name":"PC O-40:1"},"519":{"study_id":"ST000456","analysis_id":"AN000715","analysis_summary":"Reversed phase NEGATIVE ION MODE","metabolite_name":"PC ae C40:2","refmet_name":"PC O-40:2"},"520":{"study_id":"ST000456","analysis_id":"AN000715","analysis_summary":"Reversed phase NEGATIVE ION MODE","metabolite_name":"PC ae C40:3","refmet_name":"PC O-40:3"},"521":{"study_id":"ST000456","analysis_id":"AN000715","analysis_summary":"Reversed phase NEGATIVE ION MODE","metabolite_name":"PC ae C40:4","refmet_name":"PC O-40:4"},"522":{"study_id":"ST000456","analysis_id":"AN000715","analysis_summary":"Reversed phase NEGATIVE ION MODE","metabolite_name":"PC ae C40:5","refmet_name":"PC O-40:5"},"523":{"study_id":"ST000456","analysis_id":"AN000715","analysis_summary":"Reversed phase NEGATIVE ION MODE","metabolite_name":"PC ae C40:6","refmet_name":"PC O-40:6"},"524":{"study_id":"ST000456","analysis_id":"AN000715","analysis_summary":"Reversed phase NEGATIVE ION MODE","metabolite_name":"PC ae C42:0","refmet_name":"PC O-42:0"},"525":{"study_id":"ST000456","analysis_id":"AN000715","analysis_summary":"Reversed phase NEGATIVE ION MODE","metabolite_name":"PC ae C42:1","refmet_name":"PC O-42:1"},"526":{"study_id":"ST000456","analysis_id":"AN000715","analysis_summary":"Reversed phase NEGATIVE ION MODE","metabolite_name":"PC ae C42:2","refmet_name":"PC O-42:2"},"527":{"study_id":"ST000456","analysis_id":"AN000715","analysis_summary":"Reversed phase NEGATIVE ION MODE","metabolite_name":"PC ae C42:3","refmet_name":"PC O-42:3"},"528":{"study_id":"ST000456","analysis_id":"AN000715","analysis_summary":"Reversed phase NEGATIVE ION MODE","metabolite_name":"PC ae C42:4","refmet_name":"PC O-42:4"},"529":{"study_id":"ST000456","analysis_id":"AN000715","analysis_summary":"Reversed phase NEGATIVE ION MODE","metabolite_name":"PC ae C42:5","refmet_name":"PC O-42:5"},"530":{"study_id":"ST000456","analysis_id":"AN000715","analysis_summary":"Reversed phase NEGATIVE ION MODE","metabolite_name":"PC ae C44:3","refmet_name":"PC O-44:3"},"531":{"study_id":"ST000456","analysis_id":"AN000715","analysis_summary":"Reversed phase NEGATIVE ION MODE","metabolite_name":"PC ae C44:4","refmet_name":"PC O-44:4"},"532":{"study_id":"ST000456","analysis_id":"AN000715","analysis_summary":"Reversed phase NEGATIVE ION MODE","metabolite_name":"PC ae C44:5","refmet_name":"PC O-44:5"},"533":{"study_id":"ST000456","analysis_id":"AN000715","analysis_summary":"Reversed phase NEGATIVE ION MODE","metabolite_name":"PC ae C44:6","refmet_name":"PC O-44:6"},"534":{"study_id":"ST000456","analysis_id":"AN000715","analysis_summary":"Reversed phase NEGATIVE ION MODE","metabolite_name":"PEA","refmet_name":"Palmitoyl-EA"},"535":{"study_id":"ST000456","analysis_id":"AN000715","analysis_summary":"Reversed phase NEGATIVE ION MODE","metabolite_name":"Phe","refmet_name":"Phenylalanine"},"536":{"study_id":"ST000456","analysis_id":"AN000715","analysis_summary":"Reversed phase NEGATIVE ION MODE","metabolite_name":"Pro","refmet_name":"Proline"},"537":{"study_id":"ST000456","analysis_id":"AN000715","analysis_summary":"Reversed phase NEGATIVE ION MODE","metabolite_name":"Putrescine","refmet_name":"Putrescine"},"538":{"study_id":"ST000456","analysis_id":"AN000715","analysis_summary":"Reversed phase NEGATIVE ION MODE","metabolite_name":"SDMA","refmet_name":"Symmetric dimethylarginine"},"539":{"study_id":"ST000456","analysis_id":"AN000715","analysis_summary":"Reversed phase NEGATIVE ION MODE","metabolite_name":"Ser","refmet_name":"Serine"},"540":{"study_id":"ST000456","analysis_id":"AN000715","analysis_summary":"Reversed phase NEGATIVE ION MODE","metabolite_name":"Serotonin","refmet_name":"Serotonin"},"541":{"study_id":"ST000456","analysis_id":"AN000715","analysis_summary":"Reversed phase NEGATIVE ION MODE","metabolite_name":"SM C16:0","refmet_name":"SM 18:1;O2\/16:0"},"542":{"study_id":"ST000456","analysis_id":"AN000715","analysis_summary":"Reversed phase NEGATIVE ION MODE","metabolite_name":"SM C16:1","refmet_name":"SM 18:1;O2\/16:1"},"543":{"study_id":"ST000456","analysis_id":"AN000715","analysis_summary":"Reversed phase NEGATIVE ION MODE","metabolite_name":"SM C18:0","refmet_name":"SM 18:1;O2\/18:0"},"544":{"study_id":"ST000456","analysis_id":"AN000715","analysis_summary":"Reversed phase NEGATIVE ION MODE","metabolite_name":"SM C18:1","refmet_name":"SM 18:1;O2\/18:1"},"545":{"study_id":"ST000456","analysis_id":"AN000715","analysis_summary":"Reversed phase NEGATIVE ION MODE","metabolite_name":"SM C20:2","refmet_name":"SM 18:1;O2\/20:2"},"546":{"study_id":"ST000456","analysis_id":"AN000715","analysis_summary":"Reversed phase NEGATIVE ION MODE","metabolite_name":"SM C22:3","refmet_name":"SM 18:1;O2\/22:3"},"547":{"study_id":"ST000456","analysis_id":"AN000715","analysis_summary":"Reversed phase NEGATIVE ION MODE","metabolite_name":"SM C24:0","refmet_name":"SM 18:1;O2\/24:0"},"548":{"study_id":"ST000456","analysis_id":"AN000715","analysis_summary":"Reversed phase NEGATIVE ION MODE","metabolite_name":"SM C24:1","refmet_name":"SM 18:1;O2\/24:1"},"549":{"study_id":"ST000456","analysis_id":"AN000715","analysis_summary":"Reversed phase NEGATIVE ION MODE","metabolite_name":"SM C26:0","refmet_name":"SM 18:1;O2\/26:0"},"550":{"study_id":"ST000456","analysis_id":"AN000715","analysis_summary":"Reversed phase NEGATIVE ION MODE","metabolite_name":"SM C26:1","refmet_name":"SM 18:1;O2\/26:1"},"551":{"study_id":"ST000456","analysis_id":"AN000715","analysis_summary":"Reversed phase NEGATIVE ION MODE","metabolite_name":"SM (OH) C14:1","refmet_name":"SM 18:1;O2\/14:1;O"},"552":{"study_id":"ST000456","analysis_id":"AN000715","analysis_summary":"Reversed phase NEGATIVE ION MODE","metabolite_name":"SM (OH) C16:1","refmet_name":"SM 18:1;O2\/16:1;O"},"553":{"study_id":"ST000456","analysis_id":"AN000715","analysis_summary":"Reversed phase NEGATIVE ION MODE","metabolite_name":"SM (OH) C22:1","refmet_name":"SM 18:1;O2\/22:1;O"},"554":{"study_id":"ST000456","analysis_id":"AN000715","analysis_summary":"Reversed phase NEGATIVE ION MODE","metabolite_name":"SM (OH) C22:2","refmet_name":"SM 18:1;O2\/22:2;O"},"555":{"study_id":"ST000456","analysis_id":"AN000715","analysis_summary":"Reversed phase NEGATIVE ION MODE","metabolite_name":"SM (OH) C24:1","refmet_name":"SM 18:1;O2\/24:1;O"},"556":{"study_id":"ST000456","analysis_id":"AN000715","analysis_summary":"Reversed phase NEGATIVE ION MODE","metabolite_name":"Spermidine","refmet_name":"Spermidine"},"557":{"study_id":"ST000456","analysis_id":"AN000715","analysis_summary":"Reversed phase NEGATIVE ION MODE","metabolite_name":"Spermine","refmet_name":"Spermine"},"558":{"study_id":"ST000456","analysis_id":"AN000715","analysis_summary":"Reversed phase NEGATIVE ION MODE","metabolite_name":"t4-OH-Pro","refmet_name":"trans-4-Hydroxyproline"},"559":{"study_id":"ST000456","analysis_id":"AN000715","analysis_summary":"Reversed phase NEGATIVE ION MODE","metabolite_name":"Taurine","refmet_name":"Taurine"},"560":{"study_id":"ST000456","analysis_id":"AN000715","analysis_summary":"Reversed phase NEGATIVE ION MODE","metabolite_name":"Thr","refmet_name":"Threonine"},"561":{"study_id":"ST000456","analysis_id":"AN000715","analysis_summary":"Reversed phase NEGATIVE ION MODE","metabolite_name":"total DMA","refmet_name":"Dimethylarginine"},"562":{"study_id":"ST000456","analysis_id":"AN000715","analysis_summary":"Reversed phase NEGATIVE ION MODE","metabolite_name":"Trp","refmet_name":"Tryptophan"},"563":{"study_id":"ST000456","analysis_id":"AN000715","analysis_summary":"Reversed phase NEGATIVE ION MODE","metabolite_name":"Tyr","refmet_name":"Tyrosine"},"564":{"study_id":"ST000456","analysis_id":"AN000715","analysis_summary":"Reversed phase NEGATIVE ION MODE","metabolite_name":"Val","refmet_name":"Valine"}}