{"1":{"study_id":"ST000243","analysis_id":"AN000379","analysis_summary":"ESI positive ion mode","metabolite_name":"1-AMINOCYCLOPROPANE-1-CARBOXYLATE","refmet_name":"1-Aminocyclopropanecarboxylic acid"},"2":{"study_id":"ST000243","analysis_id":"AN000379","analysis_summary":"ESI positive ion mode","metabolite_name":"2-AMINOPHENOL","refmet_name":"2-Aminophenol"},"3":{"study_id":"ST000243","analysis_id":"AN000379","analysis_summary":"ESI positive ion mode","metabolite_name":"3-AMINO-5-HYDROXYBENZOIC ACID","refmet_name":"3-Amino-5-hydroxybenzoic acid"},"4":{"study_id":"ST000243","analysis_id":"AN000379","analysis_summary":"ESI positive ion mode","metabolite_name":"3-AMINOISOBUTANOATE","refmet_name":"3-Aminoisobutanoic acid"},"5":{"study_id":"ST000243","analysis_id":"AN000379","analysis_summary":"ESI positive ion mode","metabolite_name":"3'-CMP","refmet_name":"3'-CMP"},"6":{"study_id":"ST000243","analysis_id":"AN000379","analysis_summary":"ESI positive ion mode","metabolite_name":"3-HYDROXY-3-METHYLGLUTARATE","refmet_name":"3-Hydroxymethylglutaric acid"},"7":{"study_id":"ST000243","analysis_id":"AN000379","analysis_summary":"ESI positive ion mode","metabolite_name":"3-METHYLADENINE","refmet_name":"3-Methyladenine"},"8":{"study_id":"ST000243","analysis_id":"AN000379","analysis_summary":"ESI positive ion mode","metabolite_name":"3-UREIDOPROPIONATE","refmet_name":"Ureidopropionic acid"},"9":{"study_id":"ST000243","analysis_id":"AN000379","analysis_summary":"ESI positive ion mode","metabolite_name":"4-ACETAMIDOBUTANOATE","refmet_name":"4-Acetamidobutanoic acid"},"10":{"study_id":"ST000243","analysis_id":"AN000379","analysis_summary":"ESI positive ion mode","metabolite_name":"4-AMINOBUTANOATE","refmet_name":"gamma-Aminobutyric acid"},"11":{"study_id":"ST000243","analysis_id":"AN000379","analysis_summary":"ESI positive ion mode","metabolite_name":"4-GUANIDINOBUTANOATE","refmet_name":"4-Guanidinobutanoic acid"},"12":{"study_id":"ST000243","analysis_id":"AN000379","analysis_summary":"ESI positive ion mode","metabolite_name":"4-IMIDAZOLEACETIC ACID","refmet_name":"Imidazoleacetic acid"},"13":{"study_id":"ST000243","analysis_id":"AN000379","analysis_summary":"ESI positive ion mode","metabolite_name":"5-AMINOLEVULINIC ACID","refmet_name":"5-Amino-levulinic acid"},"14":{"study_id":"ST000243","analysis_id":"AN000379","analysis_summary":"ESI positive ion mode","metabolite_name":"5-OXO-L-PROLINE","refmet_name":"Pyroglutamic acid"},"15":{"study_id":"ST000243","analysis_id":"AN000379","analysis_summary":"ESI positive ion mode","metabolite_name":"ADENINE","refmet_name":"Adenine"},"16":{"study_id":"ST000243","analysis_id":"AN000379","analysis_summary":"ESI positive ion mode","metabolite_name":"Adenosine","refmet_name":"Adenosine"},"17":{"study_id":"ST000243","analysis_id":"AN000379","analysis_summary":"ESI positive ion mode","metabolite_name":"ADENOSINE 5'-MONOPHOSPHATE","refmet_name":"AMP"},"18":{"study_id":"ST000243","analysis_id":"AN000379","analysis_summary":"ESI positive ion mode","metabolite_name":"ADP","refmet_name":"Adenosine"},"19":{"study_id":"ST000243","analysis_id":"AN000379","analysis_summary":"ESI positive ion mode","metabolite_name":"ALLANTOIN","refmet_name":"Allantoin"},"20":{"study_id":"ST000243","analysis_id":"AN000379","analysis_summary":"ESI positive ion mode","metabolite_name":"ALPHA-AMINOADIPATE","refmet_name":"Aminoadipic acid"},"21":{"study_id":"ST000243","analysis_id":"AN000379","analysis_summary":"ESI positive ion mode","metabolite_name":"arginine","refmet_name":"Arginine"},"22":{"study_id":"ST000243","analysis_id":"AN000379","analysis_summary":"ESI positive ion mode","metabolite_name":"Aspartic acid_R1","refmet_name":"Aspartic acid"},"23":{"study_id":"ST000243","analysis_id":"AN000379","analysis_summary":"ESI positive ion mode","metabolite_name":"Aspartic acid_R2","refmet_name":"Aspartic acid"},"24":{"study_id":"ST000243","analysis_id":"AN000379","analysis_summary":"ESI positive ion mode","metabolite_name":"BETA-ALANINE","refmet_name":"beta-Alanine"},"25":{"study_id":"ST000243","analysis_id":"AN000379","analysis_summary":"ESI positive ion mode","metabolite_name":"BETAINE","refmet_name":"Betaine"},"26":{"study_id":"ST000243","analysis_id":"AN000379","analysis_summary":"ESI positive ion mode","metabolite_name":"Caffeine-D3","refmet_name":"Caffeine"},"27":{"study_id":"ST000243","analysis_id":"AN000379","analysis_summary":"ESI positive ion mode","metabolite_name":"CITRATE","refmet_name":"Citric acid"},"28":{"study_id":"ST000243","analysis_id":"AN000379","analysis_summary":"ESI positive ion mode","metabolite_name":"CITRULLINE","refmet_name":"Citrulline"},"29":{"study_id":"ST000243","analysis_id":"AN000379","analysis_summary":"ESI positive ion mode","metabolite_name":"CMP","refmet_name":"CMP"},"30":{"study_id":"ST000243","analysis_id":"AN000379","analysis_summary":"ESI positive ion mode","metabolite_name":"Creatine-D3","refmet_name":"Creatine"},"31":{"study_id":"ST000243","analysis_id":"AN000379","analysis_summary":"ESI positive ion mode","metabolite_name":"CYTIDINE","refmet_name":"Cytidine"},"32":{"study_id":"ST000243","analysis_id":"AN000379","analysis_summary":"ESI positive ion mode","metabolite_name":"CYTIDINE 2',3'-CYCLIC MONO-PHOS-PHATE","refmet_name":"2',3' cyclic CMP"},"33":{"study_id":"ST000243","analysis_id":"AN000379","analysis_summary":"ESI positive ion mode","metabolite_name":"CYTOSINE","refmet_name":"Cytosine"},"34":{"study_id":"ST000243","analysis_id":"AN000379","analysis_summary":"ESI positive ion mode","metabolite_name":"D-(-)-ARABINOSE","refmet_name":"Arabinose"},"35":{"study_id":"ST000243","analysis_id":"AN000379","analysis_summary":"ESI positive ion mode","metabolite_name":"D-(+)-GLUCOSAMINE","refmet_name":"Glucosamine"},"36":{"study_id":"ST000243","analysis_id":"AN000379","analysis_summary":"ESI positive ion mode","metabolite_name":"D-GLUCOSE-6-PHOSPHATE","refmet_name":"Glucose 6-phosphate"},"37":{"study_id":"ST000243","analysis_id":"AN000379","analysis_summary":"ESI positive ion mode","metabolite_name":"DIETHANOLAMINE","refmet_name":"Diethanolamine"},"38":{"study_id":"ST000243","analysis_id":"AN000379","analysis_summary":"ESI positive ion mode","metabolite_name":"Glutamine","refmet_name":"Glutamine"},"39":{"study_id":"ST000243","analysis_id":"AN000379","analysis_summary":"ESI positive ion mode","metabolite_name":"GLYCEROL","refmet_name":"Glycerol"},"40":{"study_id":"ST000243","analysis_id":"AN000379","analysis_summary":"ESI positive ion mode","metabolite_name":"GLYCINE","refmet_name":"Glycine"},"41":{"study_id":"ST000243","analysis_id":"AN000379","analysis_summary":"ESI positive ion mode","metabolite_name":"guanine","refmet_name":"Guanine"},"42":{"study_id":"ST000243","analysis_id":"AN000379","analysis_summary":"ESI positive ion mode","metabolite_name":"GUANOSINE","refmet_name":"Guanosine"},"43":{"study_id":"ST000243","analysis_id":"AN000379","analysis_summary":"ESI positive ion mode","metabolite_name":"HISTAMINE","refmet_name":"Histamine"},"44":{"study_id":"ST000243","analysis_id":"AN000379","analysis_summary":"ESI positive ion mode","metabolite_name":"Histidine","refmet_name":"Histidine"},"45":{"study_id":"ST000243","analysis_id":"AN000379","analysis_summary":"ESI positive ion mode","metabolite_name":"HYPOTAURINE_R1","refmet_name":"Hypotaurine"},"46":{"study_id":"ST000243","analysis_id":"AN000379","analysis_summary":"ESI positive ion mode","metabolite_name":"HYPOTAURINE_R2","refmet_name":"Hypotaurine"},"47":{"study_id":"ST000243","analysis_id":"AN000379","analysis_summary":"ESI positive ion mode","metabolite_name":"HYPOXANTHINE","refmet_name":"Hypoxanthine"},"48":{"study_id":"ST000243","analysis_id":"AN000379","analysis_summary":"ESI positive ion mode","metabolite_name":"ISOCITRIC ACID","refmet_name":"Isocitric acid"},"49":{"study_id":"ST000243","analysis_id":"AN000379","analysis_summary":"ESI positive ion mode","metabolite_name":"L-ALLOTHREONINE","refmet_name":"Allothreonine"},"50":{"study_id":"ST000243","analysis_id":"AN000379","analysis_summary":"ESI positive ion mode","metabolite_name":"L-ASPARAGINE","refmet_name":"Asparagine"},"51":{"study_id":"ST000243","analysis_id":"AN000379","analysis_summary":"ESI positive ion mode","metabolite_name":"L-CARNITINE","refmet_name":"Carnitine"},"52":{"study_id":"ST000243","analysis_id":"AN000379","analysis_summary":"ESI positive ion mode","metabolite_name":"L-CYSTATHIONINE","refmet_name":"Cystathionine"},"53":{"study_id":"ST000243","analysis_id":"AN000379","analysis_summary":"ESI positive ion mode","metabolite_name":"L-CYSTEINE","refmet_name":"Cysteine"},"54":{"study_id":"ST000243","analysis_id":"AN000379","analysis_summary":"ESI positive ion mode","metabolite_name":"Leucine-D10","refmet_name":""},"55":{"study_id":"ST000243","analysis_id":"AN000379","analysis_summary":"ESI positive ion mode","metabolite_name":"L-HISTIDINOL","refmet_name":"L-Histidinol"},"56":{"study_id":"ST000243","analysis_id":"AN000379","analysis_summary":"ESI positive ion mode","metabolite_name":"L-Isoleucine","refmet_name":"Isoleucine"},"57":{"study_id":"ST000243","analysis_id":"AN000379","analysis_summary":"ESI positive ion mode","metabolite_name":"L-Leucine","refmet_name":"Leucine"},"58":{"study_id":"ST000243","analysis_id":"AN000379","analysis_summary":"ESI positive ion mode","metabolite_name":"L-METHIONINE","refmet_name":"Methionine"},"59":{"study_id":"ST000243","analysis_id":"AN000379","analysis_summary":"ESI positive ion mode","metabolite_name":"L-SERINE","refmet_name":"Serine"},"60":{"study_id":"ST000243","analysis_id":"AN000379","analysis_summary":"ESI positive ion mode","metabolite_name":"MANNOSE","refmet_name":"Mannose"},"61":{"study_id":"ST000243","analysis_id":"AN000379","analysis_summary":"ESI positive ion mode","metabolite_name":"N-ACETYL-DL-GLUTAMIC ACID","refmet_name":"N-Acetylglutamic acid"},"62":{"study_id":"ST000243","analysis_id":"AN000379","analysis_summary":"ESI positive ion mode","metabolite_name":"N-ACETYL-L-ALANINE","refmet_name":"N-Acetylalanine"},"63":{"study_id":"ST000243","analysis_id":"AN000379","analysis_summary":"ESI positive ion mode","metabolite_name":"N-ACETYL-L-LEUCINE","refmet_name":"N-Acetylleucine"},"64":{"study_id":"ST000243","analysis_id":"AN000379","analysis_summary":"ESI positive ion mode","metabolite_name":"N-ACETYLNEURAMINATE","refmet_name":"N-Acetylneuraminic acid"},"65":{"study_id":"ST000243","analysis_id":"AN000379","analysis_summary":"ESI positive ion mode","metabolite_name":"N-ACETYLPUTRESCINE","refmet_name":"N-Acetylputrescine"},"66":{"study_id":"ST000243","analysis_id":"AN000379","analysis_summary":"ESI positive ion mode","metabolite_name":"NAD","refmet_name":"NAD+"},"67":{"study_id":"ST000243","analysis_id":"AN000379","analysis_summary":"ESI positive ion mode","metabolite_name":"NALPHA-ACETYL-L-LYSINE_R1","refmet_name":"N(2)-Acetyllysine"},"68":{"study_id":"ST000243","analysis_id":"AN000379","analysis_summary":"ESI positive ion mode","metabolite_name":"NALPHA-ACETYL-L-LYSINE_R2","refmet_name":"N(2)-Acetyllysine"},"69":{"study_id":"ST000243","analysis_id":"AN000379","analysis_summary":"ESI positive ion mode","metabolite_name":"NEPSILON,NEPSILON,NEPSILON-TRIMETHYLLYSINE","refmet_name":"N-6-Trimethyllysine"},"70":{"study_id":"ST000243","analysis_id":"AN000379","analysis_summary":"ESI positive ion mode","metabolite_name":"NICOTINAMIDE","refmet_name":"Niacinamide"},"71":{"study_id":"ST000243","analysis_id":"AN000379","analysis_summary":"ESI positive ion mode","metabolite_name":"NICOTINAMIDE MONONUCLEOTIDE","refmet_name":"Nicotinamide ribotide"},"72":{"study_id":"ST000243","analysis_id":"AN000379","analysis_summary":"ESI positive ion mode","metabolite_name":"NICOTINATE","refmet_name":"Nicotinic acid"},"73":{"study_id":"ST000243","analysis_id":"AN000379","analysis_summary":"ESI positive ion mode","metabolite_name":"N-METHYL-D-ASPARTIC ACID","refmet_name":"N-Methyl-D-aspartic acid"},"74":{"study_id":"ST000243","analysis_id":"AN000379","analysis_summary":"ESI positive ion mode","metabolite_name":"N(PAI)-METHYL-L-HISTIDINE","refmet_name":"3-Methylhistidine"},"75":{"study_id":"ST000243","analysis_id":"AN000379","analysis_summary":"ESI positive ion mode","metabolite_name":"O-PHOSPHO-DL-SERINE","refmet_name":"DL-O-Phosphoserine"},"76":{"study_id":"ST000243","analysis_id":"AN000379","analysis_summary":"ESI positive ion mode","metabolite_name":"Phenylalanine","refmet_name":"Phenylalanine"},"77":{"study_id":"ST000243","analysis_id":"AN000379","analysis_summary":"ESI positive ion mode","metabolite_name":"Phenylalanine-HCOOH","refmet_name":""},"78":{"study_id":"ST000243","analysis_id":"AN000379","analysis_summary":"ESI positive ion mode","metabolite_name":"PHOSPHOCHOLINE","refmet_name":"Choline phosphate"},"79":{"study_id":"ST000243","analysis_id":"AN000379","analysis_summary":"ESI positive ion mode","metabolite_name":"PIPECOLATE","refmet_name":"Pipecolic acid"},"80":{"study_id":"ST000243","analysis_id":"AN000379","analysis_summary":"ESI positive ion mode","metabolite_name":"Proline","refmet_name":"Proline"},"81":{"study_id":"ST000243","analysis_id":"AN000379","analysis_summary":"ESI positive ion mode","metabolite_name":"PYRIDOXINE","refmet_name":"Pyridoxine"},"82":{"study_id":"ST000243","analysis_id":"AN000379","analysis_summary":"ESI positive ion mode","metabolite_name":"(R)-MALATE","refmet_name":"D-Malic acid"},"83":{"study_id":"ST000243","analysis_id":"AN000379","analysis_summary":"ESI positive ion mode","metabolite_name":"S-(5'-ADENOSYL)-L-METHIONINE","refmet_name":"S-Adenosylmethionine"},"84":{"study_id":"ST000243","analysis_id":"AN000379","analysis_summary":"ESI positive ion mode","metabolite_name":"SARCOSINE","refmet_name":"Sarcosine"},"85":{"study_id":"ST000243","analysis_id":"AN000379","analysis_summary":"ESI positive ion mode","metabolite_name":"(S)-DIHYDROOROTATE","refmet_name":"4,5-Dihydroorotic acid"},"86":{"study_id":"ST000243","analysis_id":"AN000379","analysis_summary":"ESI positive ion mode","metabolite_name":"SN-GLYCEROL 3-PHOSPHATE","refmet_name":"sn-Glycero-3-phosphate"},"87":{"study_id":"ST000243","analysis_id":"AN000379","analysis_summary":"ESI positive ion mode","metabolite_name":"SUCCINATE","refmet_name":"Succinic acid"},"88":{"study_id":"ST000243","analysis_id":"AN000379","analysis_summary":"ESI positive ion mode","metabolite_name":"SUCROSE","refmet_name":"Sucrose"},"89":{"study_id":"ST000243","analysis_id":"AN000379","analysis_summary":"ESI positive ion mode","metabolite_name":"TAURINE_R1","refmet_name":"Taurine"},"90":{"study_id":"ST000243","analysis_id":"AN000379","analysis_summary":"ESI positive ion mode","metabolite_name":"TAURINE_R2","refmet_name":"Taurine"},"91":{"study_id":"ST000243","analysis_id":"AN000379","analysis_summary":"ESI positive ion mode","metabolite_name":"Threonine","refmet_name":"Threonine"},"92":{"study_id":"ST000243","analysis_id":"AN000379","analysis_summary":"ESI positive ion mode","metabolite_name":"THYMINE","refmet_name":"Thymine"},"93":{"study_id":"ST000243","analysis_id":"AN000379","analysis_summary":"ESI positive ion mode","metabolite_name":"TRANS-CINNAMATE","refmet_name":"trans-Cinnamic acid"},"94":{"study_id":"ST000243","analysis_id":"AN000379","analysis_summary":"ESI positive ion mode","metabolite_name":"Tryptophan","refmet_name":"Tryptophan"},"95":{"study_id":"ST000243","analysis_id":"AN000379","analysis_summary":"ESI positive ion mode","metabolite_name":"Tryptophan-2,3,3-D3","refmet_name":"Tryptophan"},"96":{"study_id":"ST000243","analysis_id":"AN000379","analysis_summary":"ESI positive ion mode","metabolite_name":"Tryptophan-2,3,3-D3-NH3","refmet_name":"Tryptophan"},"97":{"study_id":"ST000243","analysis_id":"AN000379","analysis_summary":"ESI positive ion mode","metabolite_name":"Tryptophan-NH3","refmet_name":"Tryptophan"},"98":{"study_id":"ST000243","analysis_id":"AN000379","analysis_summary":"ESI positive ion mode","metabolite_name":"Tyrosine","refmet_name":"Tyrosine"},"99":{"study_id":"ST000243","analysis_id":"AN000379","analysis_summary":"ESI positive ion mode","metabolite_name":"UDP","refmet_name":"UDP"},"100":{"study_id":"ST000243","analysis_id":"AN000379","analysis_summary":"ESI positive ion mode","metabolite_name":"UMP","refmet_name":"UMP"},"101":{"study_id":"ST000243","analysis_id":"AN000379","analysis_summary":"ESI positive ion mode","metabolite_name":"URACIL","refmet_name":"Uracil"},"102":{"study_id":"ST000243","analysis_id":"AN000379","analysis_summary":"ESI positive ion mode","metabolite_name":"URATE","refmet_name":"Uric acid"},"103":{"study_id":"ST000243","analysis_id":"AN000379","analysis_summary":"ESI positive ion mode","metabolite_name":"URIDINE","refmet_name":"Uridine"},"104":{"study_id":"ST000243","analysis_id":"AN000379","analysis_summary":"ESI positive ion mode","metabolite_name":"UROCANATE","refmet_name":"Urocanic acid"},"105":{"study_id":"ST000243","analysis_id":"AN000379","analysis_summary":"ESI positive ion mode","metabolite_name":"Valine","refmet_name":"Valine"},"106":{"study_id":"ST000243","analysis_id":"AN000379","analysis_summary":"ESI positive ion mode","metabolite_name":"XYLITOL","refmet_name":"Xylitol"},"107":{"study_id":"ST000243","analysis_id":"AN000380","analysis_summary":"ESI negative ion mode","metabolite_name":"2-alpha-D-glucosyl-D-glucose [M+Cl]-","refmet_name":""},"108":{"study_id":"ST000243","analysis_id":"AN000380","analysis_summary":"ESI negative ion mode","metabolite_name":"2-deoxy-D-galactose (fructose\/glucose)","refmet_name":""},"109":{"study_id":"ST000243","analysis_id":"AN000380","analysis_summary":"ESI negative ion mode","metabolite_name":"3-(2-HYDROXYPHENYL)PROPANOATE","refmet_name":"3-(2-Hydroxyphenyl)propanoic acid"},"110":{"study_id":"ST000243","analysis_id":"AN000380","analysis_summary":"ESI negative ion mode","metabolite_name":"3'-CMP","refmet_name":"3'-CMP"},"111":{"study_id":"ST000243","analysis_id":"AN000380","analysis_summary":"ESI negative ion mode","metabolite_name":"3-HYDROXY-3-METHYLGLUTARATE","refmet_name":"3-Hydroxymethylglutaric acid"},"112":{"study_id":"ST000243","analysis_id":"AN000380","analysis_summary":"ESI negative ion mode","metabolite_name":"3-HYDROXYPHENYLACETATE","refmet_name":"Resorcinol monoacetate"},"113":{"study_id":"ST000243","analysis_id":"AN000380","analysis_summary":"ESI negative ion mode","metabolite_name":"3-METHYL-2-OXOVALERIC ACID","refmet_name":"3-Methyl-2-oxovaleric acid"},"114":{"study_id":"ST000243","analysis_id":"AN000380","analysis_summary":"ESI negative ion mode","metabolite_name":"3-SULFINO-L-ALANINE","refmet_name":"3-Sulfino-alanine"},"115":{"study_id":"ST000243","analysis_id":"AN000380","analysis_summary":"ESI negative ion mode","metabolite_name":"4-ACETAMIDOBUTANOATE","refmet_name":"4-Acetamidobutanoic acid"},"116":{"study_id":"ST000243","analysis_id":"AN000380","analysis_summary":"ESI negative ion mode","metabolite_name":"4-COUMARATE","refmet_name":"cis-p-Coumaric acid"},"117":{"study_id":"ST000243","analysis_id":"AN000380","analysis_summary":"ESI negative ion mode","metabolite_name":"4-HYDROXYBENZALDEHYDE","refmet_name":"4-Hydroxybenzaldehyde"},"118":{"study_id":"ST000243","analysis_id":"AN000380","analysis_summary":"ESI negative ion mode","metabolite_name":"4-METHYL-2-OXO-PENTANOIC ACID","refmet_name":"Ketoleucine"},"119":{"study_id":"ST000243","analysis_id":"AN000380","analysis_summary":"ESI negative ion mode","metabolite_name":"5-AMINOLEVULINIC ACID","refmet_name":"5-Amino-levulinic acid"},"120":{"study_id":"ST000243","analysis_id":"AN000380","analysis_summary":"ESI negative ion mode","metabolite_name":"5-OXO-L-PROLINE","refmet_name":"Pyroglutamic acid"},"121":{"study_id":"ST000243","analysis_id":"AN000380","analysis_summary":"ESI negative ion mode","metabolite_name":"ADENOSINE 5'-MONOPHOSPHATE","refmet_name":"AMP"},"122":{"study_id":"ST000243","analysis_id":"AN000380","analysis_summary":"ESI negative ion mode","metabolite_name":"ADP","refmet_name":"Adenosine"},"123":{"study_id":"ST000243","analysis_id":"AN000380","analysis_summary":"ESI negative ion mode","metabolite_name":"ALLANTOIN","refmet_name":"Allantoin"},"124":{"study_id":"ST000243","analysis_id":"AN000380","analysis_summary":"ESI negative ion mode","metabolite_name":"ALPHA-AMINOADIPATE","refmet_name":"Aminoadipic acid"},"125":{"study_id":"ST000243","analysis_id":"AN000380","analysis_summary":"ESI negative ion mode","metabolite_name":"ALPHA-KETOGLUTARIC ACID","refmet_name":"Oxoglutaric acid"},"126":{"study_id":"ST000243","analysis_id":"AN000380","analysis_summary":"ESI negative ion mode","metabolite_name":"arginine","refmet_name":"Arginine"},"127":{"study_id":"ST000243","analysis_id":"AN000380","analysis_summary":"ESI negative ion mode","metabolite_name":"Aspartic acid_R1","refmet_name":"Aspartic acid"},"128":{"study_id":"ST000243","analysis_id":"AN000380","analysis_summary":"ESI negative ion mode","metabolite_name":"Aspartic acid_R2","refmet_name":"Aspartic acid"},"129":{"study_id":"ST000243","analysis_id":"AN000380","analysis_summary":"ESI negative ion mode","metabolite_name":"AZELAIC ACID","refmet_name":"Azelaic acid"},"130":{"study_id":"ST000243","analysis_id":"AN000380","analysis_summary":"ESI negative ion mode","metabolite_name":"BETA-ALANINE","refmet_name":"beta-Alanine"},"131":{"study_id":"ST000243","analysis_id":"AN000380","analysis_summary":"ESI negative ion mode","metabolite_name":"CITRAMALATE","refmet_name":"Citramalic acid"},"132":{"study_id":"ST000243","analysis_id":"AN000380","analysis_summary":"ESI negative ion mode","metabolite_name":"CITRATE","refmet_name":"Citric acid"},"133":{"study_id":"ST000243","analysis_id":"AN000380","analysis_summary":"ESI negative ion mode","metabolite_name":"CITRULLINE","refmet_name":"Citrulline"},"134":{"study_id":"ST000243","analysis_id":"AN000380","analysis_summary":"ESI negative ion mode","metabolite_name":"CMP","refmet_name":"CMP"},"135":{"study_id":"ST000243","analysis_id":"AN000380","analysis_summary":"ESI negative ion mode","metabolite_name":"Creatine-D3","refmet_name":"Creatine"},"136":{"study_id":"ST000243","analysis_id":"AN000380","analysis_summary":"ESI negative ion mode","metabolite_name":"CYTIDINE","refmet_name":"Cytidine"},"137":{"study_id":"ST000243","analysis_id":"AN000380","analysis_summary":"ESI negative ion mode","metabolite_name":"CYTIDINE 2',3'-CYCLIC MONO-PHOS-PHATE","refmet_name":"2',3' cyclic CMP"},"138":{"study_id":"ST000243","analysis_id":"AN000380","analysis_summary":"ESI negative ion mode","metabolite_name":"D-(-)-3-PHOSPHOGLYCERIC ACID","refmet_name":"3-Phosphoglyceric acid"},"139":{"study_id":"ST000243","analysis_id":"AN000380","analysis_summary":"ESI negative ion mode","metabolite_name":"D-(-)-ARABINOSE","refmet_name":"Arabinose"},"140":{"study_id":"ST000243","analysis_id":"AN000380","analysis_summary":"ESI negative ion mode","metabolite_name":"D-GLUCURONOLACTONE","refmet_name":"Glucuronolactone"},"141":{"study_id":"ST000243","analysis_id":"AN000380","analysis_summary":"ESI negative ion mode","metabolite_name":"FUMARATE","refmet_name":"Fumaric acid"},"142":{"study_id":"ST000243","analysis_id":"AN000380","analysis_summary":"ESI negative ion mode","metabolite_name":"GLUCONIC ACID","refmet_name":"Gluconic acid"},"143":{"study_id":"ST000243","analysis_id":"AN000380","analysis_summary":"ESI negative ion mode","metabolite_name":"Glucose 6-phosphate\/Fructose 6-phosphate","refmet_name":"Glucose 6-phosphate"},"144":{"study_id":"ST000243","analysis_id":"AN000380","analysis_summary":"ESI negative ion mode","metabolite_name":"GLUCOSE\/FRUCTOSE [M+Cl]-","refmet_name":"Hexose"},"145":{"study_id":"ST000243","analysis_id":"AN000380","analysis_summary":"ESI negative ion mode","metabolite_name":"Glutamine","refmet_name":"Glutamine"},"146":{"study_id":"ST000243","analysis_id":"AN000380","analysis_summary":"ESI negative ion mode","metabolite_name":"GLUTARATE","refmet_name":"Glutaric acid"},"147":{"study_id":"ST000243","analysis_id":"AN000380","analysis_summary":"ESI negative ion mode","metabolite_name":"GLUTATHIONE","refmet_name":"Glutathione"},"148":{"study_id":"ST000243","analysis_id":"AN000380","analysis_summary":"ESI negative ion mode","metabolite_name":"GLYCERALDEHYDE","refmet_name":"Glyceraldehyde"},"149":{"study_id":"ST000243","analysis_id":"AN000380","analysis_summary":"ESI negative ion mode","metabolite_name":"GLYCERATE","refmet_name":"Glyceric acid"},"150":{"study_id":"ST000243","analysis_id":"AN000380","analysis_summary":"ESI negative ion mode","metabolite_name":"GLYCEROL 2-PHOSPHATE","refmet_name":"sn-Glycero-2-phosphate"},"151":{"study_id":"ST000243","analysis_id":"AN000380","analysis_summary":"ESI negative ion mode","metabolite_name":"GLYCOLATE","refmet_name":"Glycolic acid"},"152":{"study_id":"ST000243","analysis_id":"AN000380","analysis_summary":"ESI negative ion mode","metabolite_name":"GLYOXYLIC ACID","refmet_name":"Glyoxylic acid"},"153":{"study_id":"ST000243","analysis_id":"AN000380","analysis_summary":"ESI negative ion mode","metabolite_name":"guanine","refmet_name":"Guanine"},"154":{"study_id":"ST000243","analysis_id":"AN000380","analysis_summary":"ESI negative ion mode","metabolite_name":"GUANOSINE","refmet_name":"Guanosine"},"155":{"study_id":"ST000243","analysis_id":"AN000380","analysis_summary":"ESI negative ion mode","metabolite_name":"Histidine","refmet_name":"Histidine"},"156":{"study_id":"ST000243","analysis_id":"AN000380","analysis_summary":"ESI negative ion mode","metabolite_name":"HOMOVANILLATE","refmet_name":"Homovanillic acid"},"157":{"study_id":"ST000243","analysis_id":"AN000380","analysis_summary":"ESI negative ion mode","metabolite_name":"HYPOTAURINE","refmet_name":"Hypotaurine"},"158":{"study_id":"ST000243","analysis_id":"AN000380","analysis_summary":"ESI negative ion mode","metabolite_name":"HYPOXANTHINE","refmet_name":"Hypoxanthine"},"159":{"study_id":"ST000243","analysis_id":"AN000380","analysis_summary":"ESI negative ion mode","metabolite_name":"INDOLE-3-ACETATE","refmet_name":"Indoleacetic acid"},"160":{"study_id":"ST000243","analysis_id":"AN000380","analysis_summary":"ESI negative ion mode","metabolite_name":"ISOCITRIC ACID","refmet_name":"Isocitric acid"},"161":{"study_id":"ST000243","analysis_id":"AN000380","analysis_summary":"ESI negative ion mode","metabolite_name":"L-ASPARAGINE","refmet_name":"Asparagine"},"162":{"study_id":"ST000243","analysis_id":"AN000380","analysis_summary":"ESI negative ion mode","metabolite_name":"L-CYSTATHIONINE","refmet_name":"Cystathionine"},"163":{"study_id":"ST000243","analysis_id":"AN000380","analysis_summary":"ESI negative ion mode","metabolite_name":"L-CYSTEINE","refmet_name":"Cysteine"},"164":{"study_id":"ST000243","analysis_id":"AN000380","analysis_summary":"ESI negative ion mode","metabolite_name":"L-CYSTINE","refmet_name":"Cystine"},"165":{"study_id":"ST000243","analysis_id":"AN000380","analysis_summary":"ESI negative ion mode","metabolite_name":"L-Isoleucine","refmet_name":"Isoleucine"},"166":{"study_id":"ST000243","analysis_id":"AN000380","analysis_summary":"ESI negative ion mode","metabolite_name":"L-Leucine","refmet_name":"Leucine"},"167":{"study_id":"ST000243","analysis_id":"AN000380","analysis_summary":"ESI negative ion mode","metabolite_name":"L-METHIONINE","refmet_name":"Methionine"},"168":{"study_id":"ST000243","analysis_id":"AN000380","analysis_summary":"ESI negative ion mode","metabolite_name":"L-SERINE","refmet_name":"Serine"},"169":{"study_id":"ST000243","analysis_id":"AN000380","analysis_summary":"ESI negative ion mode","metabolite_name":"lysine","refmet_name":"Lysine"},"170":{"study_id":"ST000243","analysis_id":"AN000380","analysis_summary":"ESI negative ion mode","metabolite_name":"MALONATE","refmet_name":"Malonic acid"},"171":{"study_id":"ST000243","analysis_id":"AN000380","analysis_summary":"ESI negative ion mode","metabolite_name":"METHYL BETA-D-GALACTOSIDE","refmet_name":"Methyl beta-D-galactoside"},"172":{"study_id":"ST000243","analysis_id":"AN000380","analysis_summary":"ESI negative ion mode","metabolite_name":"MYO-INOSITOL","refmet_name":"Myo-inositol"},"173":{"study_id":"ST000243","analysis_id":"AN000380","analysis_summary":"ESI negative ion mode","metabolite_name":"N-ACETYL-DL-GLUTAMIC ACID","refmet_name":"N-Acetylglutamic acid"},"174":{"study_id":"ST000243","analysis_id":"AN000380","analysis_summary":"ESI negative ion mode","metabolite_name":"N-ACETYLGLYCINE","refmet_name":"N-Acetylglycine"},"175":{"study_id":"ST000243","analysis_id":"AN000380","analysis_summary":"ESI negative ion mode","metabolite_name":"N-ACETYL-L-ALANINE","refmet_name":"N-Acetylalanine"},"176":{"study_id":"ST000243","analysis_id":"AN000380","analysis_summary":"ESI negative ion mode","metabolite_name":"N-ACETYL-L-ASPARTIC ACID","refmet_name":"N-Acetylaspartic acid"},"177":{"study_id":"ST000243","analysis_id":"AN000380","analysis_summary":"ESI negative ion mode","metabolite_name":"N-ACETYL-L-LEUCINE","refmet_name":"N-Acetylleucine"},"178":{"study_id":"ST000243","analysis_id":"AN000380","analysis_summary":"ESI negative ion mode","metabolite_name":"N-ACETYLNEURAMINATE","refmet_name":"N-Acetylneuraminic acid"},"179":{"study_id":"ST000243","analysis_id":"AN000380","analysis_summary":"ESI negative ion mode","metabolite_name":"NALPHA-ACETYL-L-LYSINE","refmet_name":"N(2)-Acetyllysine"},"180":{"study_id":"ST000243","analysis_id":"AN000380","analysis_summary":"ESI negative ion mode","metabolite_name":"N-METHYL-D-ASPARTIC ACID","refmet_name":"N-Methyl-D-aspartic acid"},"181":{"study_id":"ST000243","analysis_id":"AN000380","analysis_summary":"ESI negative ion mode","metabolite_name":"O-ACETYL-L-SERINE","refmet_name":"O-Acetylserine"},"182":{"study_id":"ST000243","analysis_id":"AN000380","analysis_summary":"ESI negative ion mode","metabolite_name":"Phenylalanine","refmet_name":"Phenylalanine"},"183":{"study_id":"ST000243","analysis_id":"AN000380","analysis_summary":"ESI negative ion mode","metabolite_name":"Proline_R1","refmet_name":"Proline"},"184":{"study_id":"ST000243","analysis_id":"AN000380","analysis_summary":"ESI negative ion mode","metabolite_name":"Proline_R2","refmet_name":"Proline"},"185":{"study_id":"ST000243","analysis_id":"AN000380","analysis_summary":"ESI negative ion mode","metabolite_name":"PYRIDOXINE","refmet_name":"Pyridoxine"},"186":{"study_id":"ST000243","analysis_id":"AN000380","analysis_summary":"ESI negative ion mode","metabolite_name":"QUINATE","refmet_name":"Quinic acid"},"187":{"study_id":"ST000243","analysis_id":"AN000380","analysis_summary":"ESI negative ion mode","metabolite_name":"(R)-MALATE","refmet_name":"D-Malic acid"},"188":{"study_id":"ST000243","analysis_id":"AN000380","analysis_summary":"ESI negative ion mode","metabolite_name":"(S)-DIHYDROOROTATE","refmet_name":"4,5-Dihydroorotic acid"},"189":{"study_id":"ST000243","analysis_id":"AN000380","analysis_summary":"ESI negative ion mode","metabolite_name":"SUCCINATE","refmet_name":"Succinic acid"},"190":{"study_id":"ST000243","analysis_id":"AN000380","analysis_summary":"ESI negative ion mode","metabolite_name":"SUCROSE","refmet_name":"Sucrose"},"191":{"study_id":"ST000243","analysis_id":"AN000380","analysis_summary":"ESI negative ion mode","metabolite_name":"TAURINE","refmet_name":"Taurine"},"192":{"study_id":"ST000243","analysis_id":"AN000380","analysis_summary":"ESI negative ion mode","metabolite_name":"Threonine","refmet_name":"Threonine"},"193":{"study_id":"ST000243","analysis_id":"AN000380","analysis_summary":"ESI negative ion mode","metabolite_name":"TRANS-ACONITATE","refmet_name":"trans-Aconitic acid"},"194":{"study_id":"ST000243","analysis_id":"AN000380","analysis_summary":"ESI negative ion mode","metabolite_name":"Tryptophan","refmet_name":"Tryptophan"},"195":{"study_id":"ST000243","analysis_id":"AN000380","analysis_summary":"ESI negative ion mode","metabolite_name":"Tryptophan-2,3,3-D3","refmet_name":"Tryptophan"},"196":{"study_id":"ST000243","analysis_id":"AN000380","analysis_summary":"ESI negative ion mode","metabolite_name":"Tyrosine","refmet_name":"Tyrosine"},"197":{"study_id":"ST000243","analysis_id":"AN000380","analysis_summary":"ESI negative ion mode","metabolite_name":"UDP","refmet_name":"UDP"},"198":{"study_id":"ST000243","analysis_id":"AN000380","analysis_summary":"ESI negative ion mode","metabolite_name":"UMP","refmet_name":"UMP"},"199":{"study_id":"ST000243","analysis_id":"AN000380","analysis_summary":"ESI negative ion mode","metabolite_name":"URACIL","refmet_name":"Uracil"},"200":{"study_id":"ST000243","analysis_id":"AN000380","analysis_summary":"ESI negative ion mode","metabolite_name":"URATE","refmet_name":"Uric acid"},"201":{"study_id":"ST000243","analysis_id":"AN000380","analysis_summary":"ESI negative ion mode","metabolite_name":"URIDINE","refmet_name":"Uridine"},"202":{"study_id":"ST000243","analysis_id":"AN000380","analysis_summary":"ESI negative ion mode","metabolite_name":"UROCANATE","refmet_name":"Urocanic acid"},"203":{"study_id":"ST000243","analysis_id":"AN000380","analysis_summary":"ESI negative ion mode","metabolite_name":"Valine","refmet_name":"Valine"},"204":{"study_id":"ST000243","analysis_id":"AN000380","analysis_summary":"ESI negative ion mode","metabolite_name":"XANTHINE","refmet_name":"Xanthine"},"205":{"study_id":"ST000243","analysis_id":"AN000380","analysis_summary":"ESI negative ion mode","metabolite_name":"XYLITOL","refmet_name":"Xylitol"}}