{"1":{"study_id":"ST000459","analysis_id":"AN000720","analysis_summary":"HPLC POSITIVE ION MODE","metabolite_name":"Alanine","refmet_name":"Alanine"},"2":{"study_id":"ST000459","analysis_id":"AN000720","analysis_summary":"HPLC POSITIVE ION MODE","metabolite_name":"Arginine","refmet_name":"Arginine"},"3":{"study_id":"ST000459","analysis_id":"AN000720","analysis_summary":"HPLC POSITIVE ION MODE","metabolite_name":"Asparagine","refmet_name":"Asparagine"},"4":{"study_id":"ST000459","analysis_id":"AN000720","analysis_summary":"HPLC POSITIVE ION MODE","metabolite_name":"Aspartic Acid","refmet_name":"Aspartic acid"},"5":{"study_id":"ST000459","analysis_id":"AN000720","analysis_summary":"HPLC POSITIVE ION MODE","metabolite_name":"Citrulline","refmet_name":"Citrulline"},"6":{"study_id":"ST000459","analysis_id":"AN000720","analysis_summary":"HPLC POSITIVE ION MODE","metabolite_name":"Glutamic Acid","refmet_name":"Glutamic acid"},"7":{"study_id":"ST000459","analysis_id":"AN000720","analysis_summary":"HPLC POSITIVE ION MODE","metabolite_name":"Glutamine","refmet_name":"Glutamine"},"8":{"study_id":"ST000459","analysis_id":"AN000720","analysis_summary":"HPLC POSITIVE ION MODE","metabolite_name":"Glycine","refmet_name":"Glycine"},"9":{"study_id":"ST000459","analysis_id":"AN000720","analysis_summary":"HPLC POSITIVE ION MODE","metabolite_name":"Histidine","refmet_name":"Histidine"},"10":{"study_id":"ST000459","analysis_id":"AN000720","analysis_summary":"HPLC POSITIVE ION MODE","metabolite_name":"Isoleucine","refmet_name":"Isoleucine"},"11":{"study_id":"ST000459","analysis_id":"AN000720","analysis_summary":"HPLC POSITIVE ION MODE","metabolite_name":"Leucine","refmet_name":"Leucine"},"12":{"study_id":"ST000459","analysis_id":"AN000720","analysis_summary":"HPLC POSITIVE ION MODE","metabolite_name":"Lysine","refmet_name":"Lysine"},"13":{"study_id":"ST000459","analysis_id":"AN000720","analysis_summary":"HPLC POSITIVE ION MODE","metabolite_name":"Ornithine","refmet_name":"Ornithine"},"14":{"study_id":"ST000459","analysis_id":"AN000720","analysis_summary":"HPLC POSITIVE ION MODE","metabolite_name":"Phenylalanine","refmet_name":"Phenylalanine"},"15":{"study_id":"ST000459","analysis_id":"AN000720","analysis_summary":"HPLC POSITIVE ION MODE","metabolite_name":"Proline","refmet_name":"Proline"},"16":{"study_id":"ST000459","analysis_id":"AN000720","analysis_summary":"HPLC POSITIVE ION MODE","metabolite_name":"Serine","refmet_name":"Serine"},"17":{"study_id":"ST000459","analysis_id":"AN000720","analysis_summary":"HPLC POSITIVE ION MODE","metabolite_name":"Threonine","refmet_name":"Threonine"},"18":{"study_id":"ST000459","analysis_id":"AN000720","analysis_summary":"HPLC POSITIVE ION MODE","metabolite_name":"Tryptophan","refmet_name":"Tryptophan"},"19":{"study_id":"ST000459","analysis_id":"AN000720","analysis_summary":"HPLC POSITIVE ION MODE","metabolite_name":"Tyrosine","refmet_name":"Tyrosine"},"20":{"study_id":"ST000459","analysis_id":"AN000720","analysis_summary":"HPLC POSITIVE ION MODE","metabolite_name":"Valine","refmet_name":"Valine"}}