{"1":{"study_id":"ST000660","analysis_id":"AN001522","analysis_summary":"GC POSITIVE ION MODE","metabolite_name":"1,5-anhydroglucitol","refmet_name":"1,5-Anhydrosorbitol"},"2":{"study_id":"ST000660","analysis_id":"AN001522","analysis_summary":"GC POSITIVE ION MODE","metabolite_name":"1-kestose","refmet_name":"1-Kestose"},"3":{"study_id":"ST000660","analysis_id":"AN001522","analysis_summary":"GC POSITIVE ION MODE","metabolite_name":"1-monopalmitin","refmet_name":"MG 16:0\/0:0\/0:0"},"4":{"study_id":"ST000660","analysis_id":"AN001522","analysis_summary":"GC POSITIVE ION MODE","metabolite_name":"2,5-dihydroxypyrazine NIST","refmet_name":"2,5-Dihydroxypyrazine"},"5":{"study_id":"ST000660","analysis_id":"AN001522","analysis_summary":"GC POSITIVE ION MODE","metabolite_name":"2-hydroxybutanoic acid","refmet_name":"2-Hydroxybutyric acid"},"6":{"study_id":"ST000660","analysis_id":"AN001522","analysis_summary":"GC POSITIVE ION MODE","metabolite_name":"2-hydroxyglutaric acid","refmet_name":"2-Hydroxyglutaric acid"},"7":{"study_id":"ST000660","analysis_id":"AN001522","analysis_summary":"GC POSITIVE ION MODE","metabolite_name":"2-monoolein","refmet_name":"MG 0:0\/18:1(9Z)\/0:0"},"8":{"study_id":"ST000660","analysis_id":"AN001522","analysis_summary":"GC POSITIVE ION MODE","metabolite_name":"3-aminoisobutyric acid","refmet_name":"3-Aminoisobutanoic acid"},"9":{"study_id":"ST000660","analysis_id":"AN001522","analysis_summary":"GC POSITIVE ION MODE","metabolite_name":"3-hydroxybutyric acid","refmet_name":"3-Hydroxybutyric acid"},"10":{"study_id":"ST000660","analysis_id":"AN001522","analysis_summary":"GC POSITIVE ION MODE","metabolite_name":"3-phosphoglycerate","refmet_name":"3-Phosphoglyceric acid"},"11":{"study_id":"ST000660","analysis_id":"AN001522","analysis_summary":"GC POSITIVE ION MODE","metabolite_name":"5'-deoxy-5'-methylthioadenosine","refmet_name":"5'-Methylthioadenosine"},"12":{"study_id":"ST000660","analysis_id":"AN001522","analysis_summary":"GC POSITIVE ION MODE","metabolite_name":"adenine","refmet_name":"Adenine"},"13":{"study_id":"ST000660","analysis_id":"AN001522","analysis_summary":"GC POSITIVE ION MODE","metabolite_name":"adenosine","refmet_name":"Adenosine"},"14":{"study_id":"ST000660","analysis_id":"AN001522","analysis_summary":"GC POSITIVE ION MODE","metabolite_name":"adenosine-5-monophosphate","refmet_name":"AMP"},"15":{"study_id":"ST000660","analysis_id":"AN001522","analysis_summary":"GC POSITIVE ION MODE","metabolite_name":"alanine","refmet_name":"Alanine"},"16":{"study_id":"ST000660","analysis_id":"AN001522","analysis_summary":"GC POSITIVE ION MODE","metabolite_name":"alanine-alanine","refmet_name":"Ala-Ala"},"17":{"study_id":"ST000660","analysis_id":"AN001522","analysis_summary":"GC POSITIVE ION MODE","metabolite_name":"allantoic acid","refmet_name":"Allantoic acid"},"18":{"study_id":"ST000660","analysis_id":"AN001522","analysis_summary":"GC POSITIVE ION MODE","metabolite_name":"alpha-aminoadipic acid","refmet_name":"alpha-Aminoadipic acid"},"19":{"study_id":"ST000660","analysis_id":"AN001522","analysis_summary":"GC POSITIVE ION MODE","metabolite_name":"alpha-D-galactose","refmet_name":"Hexose"},"20":{"study_id":"ST000660","analysis_id":"AN001522","analysis_summary":"GC POSITIVE ION MODE","metabolite_name":"aminomalonate","refmet_name":"Aminomalonic acid"},"21":{"study_id":"ST000660","analysis_id":"AN001522","analysis_summary":"GC POSITIVE ION MODE","metabolite_name":"arachidic acid","refmet_name":"Arachidic acid"},"22":{"study_id":"ST000660","analysis_id":"AN001522","analysis_summary":"GC POSITIVE ION MODE","metabolite_name":"arachidonic acid","refmet_name":"Arachidonic acid"},"23":{"study_id":"ST000660","analysis_id":"AN001522","analysis_summary":"GC POSITIVE ION MODE","metabolite_name":"ascorbic acid","refmet_name":"Vitamin C"},"24":{"study_id":"ST000660","analysis_id":"AN001522","analysis_summary":"GC POSITIVE ION MODE","metabolite_name":"asparagine","refmet_name":"Asparagine"},"25":{"study_id":"ST000660","analysis_id":"AN001522","analysis_summary":"GC POSITIVE ION MODE","metabolite_name":"aspartic acid","refmet_name":"Aspartic acid"},"26":{"study_id":"ST000660","analysis_id":"AN001522","analysis_summary":"GC POSITIVE ION MODE","metabolite_name":"behenic acid","refmet_name":"Behenic acid"},"27":{"study_id":"ST000660","analysis_id":"AN001522","analysis_summary":"GC POSITIVE ION MODE","metabolite_name":"benzoic acid","refmet_name":"Benzoic acid"},"28":{"study_id":"ST000660","analysis_id":"AN001522","analysis_summary":"GC POSITIVE ION MODE","metabolite_name":"beta-alanine","refmet_name":"beta-Alanine"},"29":{"study_id":"ST000660","analysis_id":"AN001522","analysis_summary":"GC POSITIVE ION MODE","metabolite_name":"beta-gentiobiose","refmet_name":"beta-Gentiobiose"},"30":{"study_id":"ST000660","analysis_id":"AN001522","analysis_summary":"GC POSITIVE ION MODE","metabolite_name":"beta-glutamic acid","refmet_name":"Isoglutamic acid"},"31":{"study_id":"ST000660","analysis_id":"AN001522","analysis_summary":"GC POSITIVE ION MODE","metabolite_name":"chlorogenic acid","refmet_name":"Chlorogenic acid"},"32":{"study_id":"ST000660","analysis_id":"AN001522","analysis_summary":"GC POSITIVE ION MODE","metabolite_name":"cholestan-3-ol","refmet_name":"Epi-cholestanol"},"33":{"study_id":"ST000660","analysis_id":"AN001522","analysis_summary":"GC POSITIVE ION MODE","metabolite_name":"cholesterol","refmet_name":"Cholesterol"},"34":{"study_id":"ST000660","analysis_id":"AN001522","analysis_summary":"GC POSITIVE ION MODE","metabolite_name":"cis-gondoic acid","refmet_name":"cis-Gondoic acid"},"35":{"study_id":"ST000660","analysis_id":"AN001522","analysis_summary":"GC POSITIVE ION MODE","metabolite_name":"citric acid","refmet_name":"Citric acid"},"36":{"study_id":"ST000660","analysis_id":"AN001522","analysis_summary":"GC POSITIVE ION MODE","metabolite_name":"creatinine","refmet_name":"Creatinine"},"37":{"study_id":"ST000660","analysis_id":"AN001522","analysis_summary":"GC POSITIVE ION MODE","metabolite_name":"cysteine","refmet_name":"Cysteine"},"38":{"study_id":"ST000660","analysis_id":"AN001522","analysis_summary":"GC POSITIVE ION MODE","metabolite_name":"cysteine-glycine","refmet_name":"Cys-Gly"},"39":{"study_id":"ST000660","analysis_id":"AN001522","analysis_summary":"GC POSITIVE ION MODE","metabolite_name":"cytidine-5-monophosphate NIST","refmet_name":"CMP"},"40":{"study_id":"ST000660","analysis_id":"AN001522","analysis_summary":"GC POSITIVE ION MODE","metabolite_name":"dehydroascorbic acid","refmet_name":"L-Dehydroascorbic acid"},"41":{"study_id":"ST000660","analysis_id":"AN001522","analysis_summary":"GC POSITIVE ION MODE","metabolite_name":"digalacturonic acid","refmet_name":"Digalacturonic acid"},"42":{"study_id":"ST000660","analysis_id":"AN001522","analysis_summary":"GC POSITIVE ION MODE","metabolite_name":"doconexent NIST","refmet_name":"DHA"},"43":{"study_id":"ST000660","analysis_id":"AN001522","analysis_summary":"GC POSITIVE ION MODE","metabolite_name":"ethanolamine","refmet_name":"Ethanolamine"},"44":{"study_id":"ST000660","analysis_id":"AN001522","analysis_summary":"GC POSITIVE ION MODE","metabolite_name":"ethanol phosphate NIST","refmet_name":"Ethylphosphate"},"45":{"study_id":"ST000660","analysis_id":"AN001522","analysis_summary":"GC POSITIVE ION MODE","metabolite_name":"fructose","refmet_name":"Fructose"},"46":{"study_id":"ST000660","analysis_id":"AN001522","analysis_summary":"GC POSITIVE ION MODE","metabolite_name":"fructose-1-phosphate","refmet_name":"Fructose 1-phosphate"},"47":{"study_id":"ST000660","analysis_id":"AN001522","analysis_summary":"GC POSITIVE ION MODE","metabolite_name":"fructose-6-phosphate","refmet_name":"Fructose 6-phosphate"},"48":{"study_id":"ST000660","analysis_id":"AN001522","analysis_summary":"GC POSITIVE ION MODE","metabolite_name":"fumaric acid","refmet_name":"Fumaric acid"},"49":{"study_id":"ST000660","analysis_id":"AN001522","analysis_summary":"GC POSITIVE ION MODE","metabolite_name":"galactose-6-phosphate","refmet_name":"Galactose 6-phosphate"},"50":{"study_id":"ST000660","analysis_id":"AN001522","analysis_summary":"GC POSITIVE ION MODE","metabolite_name":"gamma-aminobutyric acid","refmet_name":"gamma-Aminobutyric acid"},"51":{"study_id":"ST000660","analysis_id":"AN001522","analysis_summary":"GC POSITIVE ION MODE","metabolite_name":"glucoheptulose","refmet_name":"Glucoheptulose"},"52":{"study_id":"ST000660","analysis_id":"AN001522","analysis_summary":"GC POSITIVE ION MODE","metabolite_name":"gluconic acid","refmet_name":"Gluconic acid"},"53":{"study_id":"ST000660","analysis_id":"AN001522","analysis_summary":"GC POSITIVE ION MODE","metabolite_name":"glucose","refmet_name":"Glucose"},"54":{"study_id":"ST000660","analysis_id":"AN001522","analysis_summary":"GC POSITIVE ION MODE","metabolite_name":"glucose-1-phosphate","refmet_name":"Glucose 1-phosphate"},"55":{"study_id":"ST000660","analysis_id":"AN001522","analysis_summary":"GC POSITIVE ION MODE","metabolite_name":"glucose-6-phosphate","refmet_name":"Glucose 6-phosphate"},"56":{"study_id":"ST000660","analysis_id":"AN001522","analysis_summary":"GC POSITIVE ION MODE","metabolite_name":"glutamic acid","refmet_name":"Glutamic acid"},"57":{"study_id":"ST000660","analysis_id":"AN001522","analysis_summary":"GC POSITIVE ION MODE","metabolite_name":"glutamine","refmet_name":"Glutamine"},"58":{"study_id":"ST000660","analysis_id":"AN001522","analysis_summary":"GC POSITIVE ION MODE","metabolite_name":"glutaric acid","refmet_name":"Glutaric acid"},"59":{"study_id":"ST000660","analysis_id":"AN001522","analysis_summary":"GC POSITIVE ION MODE","metabolite_name":"glutathione","refmet_name":"Glutathione"},"60":{"study_id":"ST000660","analysis_id":"AN001522","analysis_summary":"GC POSITIVE ION MODE","metabolite_name":"glycerol","refmet_name":"Glycerol"},"61":{"study_id":"ST000660","analysis_id":"AN001522","analysis_summary":"GC POSITIVE ION MODE","metabolite_name":"glycerol-alpha-phosphate","refmet_name":"sn-Glycero-3-phosphate"},"62":{"study_id":"ST000660","analysis_id":"AN001522","analysis_summary":"GC POSITIVE ION MODE","metabolite_name":"glycine","refmet_name":"Glycine"},"63":{"study_id":"ST000660","analysis_id":"AN001522","analysis_summary":"GC POSITIVE ION MODE","metabolite_name":"glycolic acid","refmet_name":"Glycolic acid"},"64":{"study_id":"ST000660","analysis_id":"AN001522","analysis_summary":"GC POSITIVE ION MODE","metabolite_name":"guanosine","refmet_name":"Guanosine"},"65":{"study_id":"ST000660","analysis_id":"AN001522","analysis_summary":"GC POSITIVE ION MODE","metabolite_name":"heptadecanoic acid","refmet_name":"Margaric acid"},"66":{"study_id":"ST000660","analysis_id":"AN001522","analysis_summary":"GC POSITIVE ION MODE","metabolite_name":"hexitol","refmet_name":"Sorbitol"},"67":{"study_id":"ST000660","analysis_id":"AN001522","analysis_summary":"GC POSITIVE ION MODE","metabolite_name":"hexonic acid","refmet_name":""},"68":{"study_id":"ST000660","analysis_id":"AN001522","analysis_summary":"GC POSITIVE ION MODE","metabolite_name":"hexose-6-phosphate","refmet_name":"Hexose 6-phosphate"},"69":{"study_id":"ST000660","analysis_id":"AN001522","analysis_summary":"GC POSITIVE ION MODE","metabolite_name":"hexuronic acid","refmet_name":"Hexuronic acid"},"70":{"study_id":"ST000660","analysis_id":"AN001522","analysis_summary":"GC POSITIVE ION MODE","metabolite_name":"histidine","refmet_name":"Histidine"},"71":{"study_id":"ST000660","analysis_id":"AN001522","analysis_summary":"GC POSITIVE ION MODE","metabolite_name":"hydroxycarbamate NIST","refmet_name":"Hydroxycarbamic acid"},"72":{"study_id":"ST000660","analysis_id":"AN001522","analysis_summary":"GC POSITIVE ION MODE","metabolite_name":"hydroxylamine","refmet_name":"Hydroxylamine"},"73":{"study_id":"ST000660","analysis_id":"AN001522","analysis_summary":"GC POSITIVE ION MODE","metabolite_name":"hypoxanthine","refmet_name":"Hypoxanthine"},"74":{"study_id":"ST000660","analysis_id":"AN001522","analysis_summary":"GC POSITIVE ION MODE","metabolite_name":"inosine","refmet_name":"Inosine"},"75":{"study_id":"ST000660","analysis_id":"AN001522","analysis_summary":"GC POSITIVE ION MODE","metabolite_name":"inosine 5'-monophosphate","refmet_name":"IMP"},"76":{"study_id":"ST000660","analysis_id":"AN001522","analysis_summary":"GC POSITIVE ION MODE","metabolite_name":"inositol-4-monophosphate","refmet_name":"Inositol 4-phosphate"},"77":{"study_id":"ST000660","analysis_id":"AN001522","analysis_summary":"GC POSITIVE ION MODE","metabolite_name":"isoleucine","refmet_name":"Isoleucine"},"78":{"study_id":"ST000660","analysis_id":"AN001522","analysis_summary":"GC POSITIVE ION MODE","metabolite_name":"lactic acid","refmet_name":"Lactic acid"},"79":{"study_id":"ST000660","analysis_id":"AN001522","analysis_summary":"GC POSITIVE ION MODE","metabolite_name":"lactitol","refmet_name":"Lactitol"},"80":{"study_id":"ST000660","analysis_id":"AN001522","analysis_summary":"GC POSITIVE ION MODE","metabolite_name":"lactose","refmet_name":"Lactose"},"81":{"study_id":"ST000660","analysis_id":"AN001522","analysis_summary":"GC POSITIVE ION MODE","metabolite_name":"lauric acid","refmet_name":"Lauric acid"},"82":{"study_id":"ST000660","analysis_id":"AN001522","analysis_summary":"GC POSITIVE ION MODE","metabolite_name":"leucine","refmet_name":"Leucine"},"83":{"study_id":"ST000660","analysis_id":"AN001522","analysis_summary":"GC POSITIVE ION MODE","metabolite_name":"levoglucosan","refmet_name":"Glucosan"},"84":{"study_id":"ST000660","analysis_id":"AN001522","analysis_summary":"GC POSITIVE ION MODE","metabolite_name":"linoleic acid","refmet_name":"Linoleic acid"},"85":{"study_id":"ST000660","analysis_id":"AN001522","analysis_summary":"GC POSITIVE ION MODE","metabolite_name":"linolenic acid","refmet_name":"Octadecatrienoic acid"},"86":{"study_id":"ST000660","analysis_id":"AN001522","analysis_summary":"GC POSITIVE ION MODE","metabolite_name":"lysine","refmet_name":"Lysine"},"87":{"study_id":"ST000660","analysis_id":"AN001522","analysis_summary":"GC POSITIVE ION MODE","metabolite_name":"lyxitol","refmet_name":"L-Arabitol"},"88":{"study_id":"ST000660","analysis_id":"AN001522","analysis_summary":"GC POSITIVE ION MODE","metabolite_name":"maleimide","refmet_name":"Maleimide"},"89":{"study_id":"ST000660","analysis_id":"AN001522","analysis_summary":"GC POSITIVE ION MODE","metabolite_name":"malic acid","refmet_name":"Malic acid"},"90":{"study_id":"ST000660","analysis_id":"AN001522","analysis_summary":"GC POSITIVE ION MODE","metabolite_name":"maltose","refmet_name":"Maltose"},"91":{"study_id":"ST000660","analysis_id":"AN001522","analysis_summary":"GC POSITIVE ION MODE","metabolite_name":"maltotriose","refmet_name":"Maltotriose"},"92":{"study_id":"ST000660","analysis_id":"AN001522","analysis_summary":"GC POSITIVE ION MODE","metabolite_name":"mannose","refmet_name":"Mannose"},"93":{"study_id":"ST000660","analysis_id":"AN001522","analysis_summary":"GC POSITIVE ION MODE","metabolite_name":"melibiose","refmet_name":"Melibiose"},"94":{"study_id":"ST000660","analysis_id":"AN001522","analysis_summary":"GC POSITIVE ION MODE","metabolite_name":"methionine","refmet_name":"Methionine"},"95":{"study_id":"ST000660","analysis_id":"AN001522","analysis_summary":"GC POSITIVE ION MODE","metabolite_name":"myo-inositol","refmet_name":"Myo-inositol"},"96":{"study_id":"ST000660","analysis_id":"AN001522","analysis_summary":"GC POSITIVE ION MODE","metabolite_name":"myristic acid","refmet_name":"Myristic acid"},"97":{"study_id":"ST000660","analysis_id":"AN001522","analysis_summary":"GC POSITIVE ION MODE","metabolite_name":"N-acetyl-D-galactosamine","refmet_name":"N-Acetyl-D-galactosamine"},"98":{"study_id":"ST000660","analysis_id":"AN001522","analysis_summary":"GC POSITIVE ION MODE","metabolite_name":"n-acetyl-d-hexosamine","refmet_name":"N-Acetylhexosamine"},"99":{"study_id":"ST000660","analysis_id":"AN001522","analysis_summary":"GC POSITIVE ION MODE","metabolite_name":"N-acetylglutamate","refmet_name":"N-Acetylglutamic acid"},"100":{"study_id":"ST000660","analysis_id":"AN001522","analysis_summary":"GC POSITIVE ION MODE","metabolite_name":"N-acetylmannosamine","refmet_name":"N-Acetyl-mannosamine"},"101":{"study_id":"ST000660","analysis_id":"AN001522","analysis_summary":"GC POSITIVE ION MODE","metabolite_name":"nicotinamide","refmet_name":"Niacinamide"},"102":{"study_id":"ST000660","analysis_id":"AN001522","analysis_summary":"GC POSITIVE ION MODE","metabolite_name":"N-methylalanine","refmet_name":"N-Methylalanine"},"103":{"study_id":"ST000660","analysis_id":"AN001522","analysis_summary":"GC POSITIVE ION MODE","metabolite_name":"oleic acid","refmet_name":"Oleic acid"},"104":{"study_id":"ST000660","analysis_id":"AN001522","analysis_summary":"GC POSITIVE ION MODE","metabolite_name":"ornithine","refmet_name":"Ornithine"},"105":{"study_id":"ST000660","analysis_id":"AN001522","analysis_summary":"GC POSITIVE ION MODE","metabolite_name":"oxalic acid","refmet_name":"Oxalic acid"},"106":{"study_id":"ST000660","analysis_id":"AN001522","analysis_summary":"GC POSITIVE ION MODE","metabolite_name":"oxoproline","refmet_name":"Pyroglutamic acid"},"107":{"study_id":"ST000660","analysis_id":"AN001522","analysis_summary":"GC POSITIVE ION MODE","metabolite_name":"palmitic acid","refmet_name":"Palmitic acid"},"108":{"study_id":"ST000660","analysis_id":"AN001522","analysis_summary":"GC POSITIVE ION MODE","metabolite_name":"palmitoleic acid","refmet_name":"Palmitoleic acid"},"109":{"study_id":"ST000660","analysis_id":"AN001522","analysis_summary":"GC POSITIVE ION MODE","metabolite_name":"pelargonic acid","refmet_name":"Pelargonic acid"},"110":{"study_id":"ST000660","analysis_id":"AN001522","analysis_summary":"GC POSITIVE ION MODE","metabolite_name":"pentonic acid","refmet_name":""},"111":{"study_id":"ST000660","analysis_id":"AN001522","analysis_summary":"GC POSITIVE ION MODE","metabolite_name":"phenylalanine","refmet_name":"Phenylalanine"},"112":{"study_id":"ST000660","analysis_id":"AN001522","analysis_summary":"GC POSITIVE ION MODE","metabolite_name":"phosphate","refmet_name":"Phosphoric acid"},"113":{"study_id":"ST000660","analysis_id":"AN001522","analysis_summary":"GC POSITIVE ION MODE","metabolite_name":"phosphoethanolamine","refmet_name":"Phosphoethanolamine"},"114":{"study_id":"ST000660","analysis_id":"AN001522","analysis_summary":"GC POSITIVE ION MODE","metabolite_name":"phosphogluconic acid","refmet_name":"6-Phosphogluconic acid"},"115":{"study_id":"ST000660","analysis_id":"AN001522","analysis_summary":"GC POSITIVE ION MODE","metabolite_name":"proline","refmet_name":"Proline"},"116":{"study_id":"ST000660","analysis_id":"AN001522","analysis_summary":"GC POSITIVE ION MODE","metabolite_name":"propane-1,3-diol NIST","refmet_name":"Propane-1,3-diol"},"117":{"study_id":"ST000660","analysis_id":"AN001522","analysis_summary":"GC POSITIVE ION MODE","metabolite_name":"pyrophosphate","refmet_name":"Pyrophosphate"},"118":{"study_id":"ST000660","analysis_id":"AN001522","analysis_summary":"GC POSITIVE ION MODE","metabolite_name":"pyruvic acid","refmet_name":"Pyruvic acid"},"119":{"study_id":"ST000660","analysis_id":"AN001522","analysis_summary":"GC POSITIVE ION MODE","metabolite_name":"raffinose","refmet_name":"Raffinose"},"120":{"study_id":"ST000660","analysis_id":"AN001522","analysis_summary":"GC POSITIVE ION MODE","metabolite_name":"ribitol","refmet_name":"Ribitol"},"121":{"study_id":"ST000660","analysis_id":"AN001522","analysis_summary":"GC POSITIVE ION MODE","metabolite_name":"ribonic acid","refmet_name":"Ribonic acid"},"122":{"study_id":"ST000660","analysis_id":"AN001522","analysis_summary":"GC POSITIVE ION MODE","metabolite_name":"ribose","refmet_name":"Ribose"},"123":{"study_id":"ST000660","analysis_id":"AN001522","analysis_summary":"GC POSITIVE ION MODE","metabolite_name":"ribose-5-phosphate","refmet_name":"Ribose 5-phosphate"},"124":{"study_id":"ST000660","analysis_id":"AN001522","analysis_summary":"GC POSITIVE ION MODE","metabolite_name":"ribulose-5-phosphate","refmet_name":"Ribulose 5-phosphate"},"125":{"study_id":"ST000660","analysis_id":"AN001522","analysis_summary":"GC POSITIVE ION MODE","metabolite_name":"saccharic acid","refmet_name":"Glucaric acid"},"126":{"study_id":"ST000660","analysis_id":"AN001522","analysis_summary":"GC POSITIVE ION MODE","metabolite_name":"serine","refmet_name":"Serine"},"127":{"study_id":"ST000660","analysis_id":"AN001522","analysis_summary":"GC POSITIVE ION MODE","metabolite_name":"shikimic acid","refmet_name":"Shikimic acid"},"128":{"study_id":"ST000660","analysis_id":"AN001522","analysis_summary":"GC POSITIVE ION MODE","metabolite_name":"sorbitol","refmet_name":"Sorbitol"},"129":{"study_id":"ST000660","analysis_id":"AN001522","analysis_summary":"GC POSITIVE ION MODE","metabolite_name":"squalene","refmet_name":"Squalene"},"130":{"study_id":"ST000660","analysis_id":"AN001522","analysis_summary":"GC POSITIVE ION MODE","metabolite_name":"stearic acid","refmet_name":"Stearic acid"},"131":{"study_id":"ST000660","analysis_id":"AN001522","analysis_summary":"GC POSITIVE ION MODE","metabolite_name":"succinic acid","refmet_name":"Succinic acid"},"132":{"study_id":"ST000660","analysis_id":"AN001522","analysis_summary":"GC POSITIVE ION MODE","metabolite_name":"sucrose","refmet_name":"Sucrose"},"133":{"study_id":"ST000660","analysis_id":"AN001522","analysis_summary":"GC POSITIVE ION MODE","metabolite_name":"sulfuric acid","refmet_name":""},"134":{"study_id":"ST000660","analysis_id":"AN001522","analysis_summary":"GC POSITIVE ION MODE","metabolite_name":"taurine","refmet_name":"Taurine"},"135":{"study_id":"ST000660","analysis_id":"AN001522","analysis_summary":"GC POSITIVE ION MODE","metabolite_name":"threonic acid","refmet_name":"Threonic acid"},"136":{"study_id":"ST000660","analysis_id":"AN001522","analysis_summary":"GC POSITIVE ION MODE","metabolite_name":"threonine","refmet_name":"Threonine"},"137":{"study_id":"ST000660","analysis_id":"AN001522","analysis_summary":"GC POSITIVE ION MODE","metabolite_name":"tocopherol alpha-","refmet_name":"alpha-Tocopherol"},"138":{"study_id":"ST000660","analysis_id":"AN001522","analysis_summary":"GC POSITIVE ION MODE","metabolite_name":"tryptophan","refmet_name":"Tryptophan"},"139":{"study_id":"ST000660","analysis_id":"AN001522","analysis_summary":"GC POSITIVE ION MODE","metabolite_name":"tyrosine","refmet_name":"Tyrosine"},"140":{"study_id":"ST000660","analysis_id":"AN001522","analysis_summary":"GC POSITIVE ION MODE","metabolite_name":"UDP-glucuronic acid","refmet_name":"UDP-glucuronic acid"},"141":{"study_id":"ST000660","analysis_id":"AN001522","analysis_summary":"GC POSITIVE ION MODE","metabolite_name":"UDP-N-acetylglucosamine","refmet_name":"UDP-N-acetylglucosamine"},"142":{"study_id":"ST000660","analysis_id":"AN001522","analysis_summary":"GC POSITIVE ION MODE","metabolite_name":"uracil","refmet_name":"Uracil"},"143":{"study_id":"ST000660","analysis_id":"AN001522","analysis_summary":"GC POSITIVE ION MODE","metabolite_name":"urea","refmet_name":"Urea"},"144":{"study_id":"ST000660","analysis_id":"AN001522","analysis_summary":"GC POSITIVE ION MODE","metabolite_name":"uric acid","refmet_name":"Uric acid"},"145":{"study_id":"ST000660","analysis_id":"AN001522","analysis_summary":"GC POSITIVE ION MODE","metabolite_name":"uridine","refmet_name":"Uridine"},"146":{"study_id":"ST000660","analysis_id":"AN001522","analysis_summary":"GC POSITIVE ION MODE","metabolite_name":"uridine-5'-monophosphate","refmet_name":"UMP"},"147":{"study_id":"ST000660","analysis_id":"AN001522","analysis_summary":"GC POSITIVE ION MODE","metabolite_name":"valine","refmet_name":"Valine"},"148":{"study_id":"ST000660","analysis_id":"AN001522","analysis_summary":"GC POSITIVE ION MODE","metabolite_name":"xanthine","refmet_name":"Xanthine"},"149":{"study_id":"ST000660","analysis_id":"AN001522","analysis_summary":"GC POSITIVE ION MODE","metabolite_name":"xanthosine","refmet_name":"Xanthosine"},"150":{"study_id":"ST000660","analysis_id":"AN001522","analysis_summary":"GC POSITIVE ION MODE","metabolite_name":"xylitol","refmet_name":"Xylitol"},"151":{"study_id":"ST000660","analysis_id":"AN001522","analysis_summary":"GC POSITIVE ION MODE","metabolite_name":"xylulose NIST","refmet_name":"Xylulose"}}