{"1":{"study_id":"ST000669","analysis_id":"AN001024","analysis_summary":"C18 NEGATIVE ION MODE","metabolite_name":"Arachidonic acid","refmet_name":"Arachidonic acid"},"2":{"study_id":"ST000669","analysis_id":"AN001024","analysis_summary":"C18 NEGATIVE ION MODE","metabolite_name":"CL 70:1; [M-2H](2-)@6.90","refmet_name":"CL 70:1"},"3":{"study_id":"ST000669","analysis_id":"AN001024","analysis_summary":"C18 NEGATIVE ION MODE","metabolite_name":"CL 70:3; [M-2H](2-)@6.51","refmet_name":"CL 70:3"},"4":{"study_id":"ST000669","analysis_id":"AN001024","analysis_summary":"C18 NEGATIVE ION MODE","metabolite_name":"CL 74:1; [M-2H](2-)@7.50","refmet_name":"CL 74:1"},"5":{"study_id":"ST000669","analysis_id":"AN001024","analysis_summary":"C18 NEGATIVE ION MODE","metabolite_name":"CL 74:5; [M-2H](2-)@6.58","refmet_name":"CL 74:5"},"6":{"study_id":"ST000669","analysis_id":"AN001024","analysis_summary":"C18 NEGATIVE ION MODE","metabolite_name":"CL 74:7; [M-2H](2-)@6.26","refmet_name":"CL 74:7"},"7":{"study_id":"ST000669","analysis_id":"AN001024","analysis_summary":"C18 NEGATIVE ION MODE","metabolite_name":"CL 78:3; [M-2H](2-)@7.53","refmet_name":"CL 78:3"},"8":{"study_id":"ST000669","analysis_id":"AN001024","analysis_summary":"C18 NEGATIVE ION MODE","metabolite_name":"CL 78:5; [M-2H](2-)@7.28","refmet_name":"CL 78:5"},"9":{"study_id":"ST000669","analysis_id":"AN001024","analysis_summary":"C18 NEGATIVE ION MODE","metabolite_name":"CL 82:11; [M-2H](2-)@6.93","refmet_name":"CL 82:11"},"10":{"study_id":"ST000669","analysis_id":"AN001024","analysis_summary":"C18 NEGATIVE ION MODE","metabolite_name":"CL 82:13; [M-2H](2-)@6.48","refmet_name":"CL 82:13"},"11":{"study_id":"ST000669","analysis_id":"AN001024","analysis_summary":"C18 NEGATIVE ION MODE","metabolite_name":"FFA(16:0)","refmet_name":"Palmitic acid"},"12":{"study_id":"ST000669","analysis_id":"AN001024","analysis_summary":"C18 NEGATIVE ION MODE","metabolite_name":"FFA(18:0)","refmet_name":"Stearic acid"},"13":{"study_id":"ST000669","analysis_id":"AN001024","analysis_summary":"C18 NEGATIVE ION MODE","metabolite_name":"FFA(18:1)","refmet_name":"Octadecenoic acid"},"14":{"study_id":"ST000669","analysis_id":"AN001024","analysis_summary":"C18 NEGATIVE ION MODE","metabolite_name":"FFA(18:2)","refmet_name":"Octadecadienoic acid"},"15":{"study_id":"ST000669","analysis_id":"AN001024","analysis_summary":"C18 NEGATIVE ION MODE","metabolite_name":"FFA(20:0)","refmet_name":"Arachidic acid"},"16":{"study_id":"ST000669","analysis_id":"AN001024","analysis_summary":"C18 NEGATIVE ION MODE","metabolite_name":"FFA(20:1)","refmet_name":"Heneicosenoic acid"},"17":{"study_id":"ST000669","analysis_id":"AN001024","analysis_summary":"C18 NEGATIVE ION MODE","metabolite_name":"FFA(20:2)","refmet_name":"Eicosadienoic acid"},"18":{"study_id":"ST000669","analysis_id":"AN001024","analysis_summary":"C18 NEGATIVE ION MODE","metabolite_name":"FFA(22:0)","refmet_name":"Behenic acid"},"19":{"study_id":"ST000669","analysis_id":"AN001024","analysis_summary":"C18 NEGATIVE ION MODE","metabolite_name":"FFA(22:1)","refmet_name":"Docosenoic acid"},"20":{"study_id":"ST000669","analysis_id":"AN001024","analysis_summary":"C18 NEGATIVE ION MODE","metabolite_name":"FFA(22:2)","refmet_name":"Docosadienoic acid"},"21":{"study_id":"ST000669","analysis_id":"AN001024","analysis_summary":"C18 NEGATIVE ION MODE","metabolite_name":"FFA(22:3)","refmet_name":"Docosatrienoic acid"},"22":{"study_id":"ST000669","analysis_id":"AN001024","analysis_summary":"C18 NEGATIVE ION MODE","metabolite_name":"FFA(24:0)","refmet_name":"Lignoceric acid"},"23":{"study_id":"ST000669","analysis_id":"AN001024","analysis_summary":"C18 NEGATIVE ION MODE","metabolite_name":"FFA(24:1)","refmet_name":"Tetracosenoic acid"},"24":{"study_id":"ST000669","analysis_id":"AN001024","analysis_summary":"C18 NEGATIVE ION MODE","metabolite_name":"FFA(24:2)","refmet_name":"Tetracosadienoic acid"},"25":{"study_id":"ST000669","analysis_id":"AN001024","analysis_summary":"C18 NEGATIVE ION MODE","metabolite_name":"FFA(24:3)","refmet_name":"Tetracosatrienoic acid"},"26":{"study_id":"ST000669","analysis_id":"AN001024","analysis_summary":"C18 NEGATIVE ION MODE","metabolite_name":"IS PA 34:0 ;[M-H]-","refmet_name":"PA 34:0"},"27":{"study_id":"ST000669","analysis_id":"AN001024","analysis_summary":"C18 NEGATIVE ION MODE","metabolite_name":"IS PC 34:0;[M-Ac-H]-","refmet_name":"PC 34:0"},"28":{"study_id":"ST000669","analysis_id":"AN001024","analysis_summary":"C18 NEGATIVE ION MODE","metabolite_name":"IS PE 34:0 ;[M-H]-","refmet_name":"PE 34:0"},"29":{"study_id":"ST000669","analysis_id":"AN001024","analysis_summary":"C18 NEGATIVE ION MODE","metabolite_name":"IS PG 34:0 ;[M-H]-","refmet_name":"PG 34:0"},"30":{"study_id":"ST000669","analysis_id":"AN001024","analysis_summary":"C18 NEGATIVE ION MODE","metabolite_name":"IS PI 37:4 ;[M-H]-","refmet_name":"PI 37:4"},"31":{"study_id":"ST000669","analysis_id":"AN001024","analysis_summary":"C18 NEGATIVE ION MODE","metabolite_name":"IS PS 34:0 ;[M-H]-","refmet_name":"PS 34:0"},"32":{"study_id":"ST000669","analysis_id":"AN001024","analysis_summary":"C18 NEGATIVE ION MODE","metabolite_name":"lysoPE 16:0; [M-H]-@1.69","refmet_name":"LPE 16:0"},"33":{"study_id":"ST000669","analysis_id":"AN001024","analysis_summary":"C18 NEGATIVE ION MODE","metabolite_name":"lysoPE 18:0; [M-H]-@2.50","refmet_name":"LPE 18:0"},"34":{"study_id":"ST000669","analysis_id":"AN001024","analysis_summary":"C18 NEGATIVE ION MODE","metabolite_name":"lysoPE 18:1; [M-H]-@1.85","refmet_name":"LPE 18:1"},"35":{"study_id":"ST000669","analysis_id":"AN001024","analysis_summary":"C18 NEGATIVE ION MODE","metabolite_name":"lysoPE 18:2; [M-H]-@1.40","refmet_name":"LPE 18:2"},"36":{"study_id":"ST000669","analysis_id":"AN001024","analysis_summary":"C18 NEGATIVE ION MODE","metabolite_name":"lysoPE 20:3; [M-H]-@1.68","refmet_name":"LPE 20:3"},"37":{"study_id":"ST000669","analysis_id":"AN001024","analysis_summary":"C18 NEGATIVE ION MODE","metabolite_name":"lysoPE 20:4; [M-H]-@1.37","refmet_name":"LPE 20:4"},"38":{"study_id":"ST000669","analysis_id":"AN001024","analysis_summary":"C18 NEGATIVE ION MODE","metabolite_name":"lysoPE 22:5; [M-H]-@1.60","refmet_name":"LPE 22:5"},"39":{"study_id":"ST000669","analysis_id":"AN001024","analysis_summary":"C18 NEGATIVE ION MODE","metabolite_name":"lysoPE 22:6; [M-H]-@1.31","refmet_name":"LPE 22:6"},"40":{"study_id":"ST000669","analysis_id":"AN001024","analysis_summary":"C18 NEGATIVE ION MODE","metabolite_name":"lysoPE 24:0; [M-H]-@5.28","refmet_name":"LPE 24:0"},"41":{"study_id":"ST000669","analysis_id":"AN001024","analysis_summary":"C18 NEGATIVE ION MODE","metabolite_name":"PA 34:0; [M-H]-@6.77","refmet_name":"PA 34:0"},"42":{"study_id":"ST000669","analysis_id":"AN001024","analysis_summary":"C18 NEGATIVE ION MODE","metabolite_name":"PA 34:3; [M-H]-@0.69","refmet_name":"PA 34:3"},"43":{"study_id":"ST000669","analysis_id":"AN001024","analysis_summary":"C18 NEGATIVE ION MODE","metabolite_name":"PC 31:0; [M-Ac-H]-@6.67","refmet_name":"PC 31:0"},"44":{"study_id":"ST000669","analysis_id":"AN001024","analysis_summary":"C18 NEGATIVE ION MODE","metabolite_name":"PC 32:0; [M-Ac-H]-@6.91","refmet_name":"PC 32:0"},"45":{"study_id":"ST000669","analysis_id":"AN001024","analysis_summary":"C18 NEGATIVE ION MODE","metabolite_name":"PC 32:1; [M-Ac-H]-@6.38","refmet_name":"PC 32:1"},"46":{"study_id":"ST000669","analysis_id":"AN001024","analysis_summary":"C18 NEGATIVE ION MODE","metabolite_name":"PC 32:2; [M-Ac-H]-@5.85","refmet_name":"PC 32:2"},"47":{"study_id":"ST000669","analysis_id":"AN001024","analysis_summary":"C18 NEGATIVE ION MODE","metabolite_name":"PC 33:1; [M-Ac-H]-@6.73","refmet_name":"PC 33:1"},"48":{"study_id":"ST000669","analysis_id":"AN001024","analysis_summary":"C18 NEGATIVE ION MODE","metabolite_name":"PC 33:2; [M-Ac-H]-@6.21","refmet_name":"PC 33:2"},"49":{"study_id":"ST000669","analysis_id":"AN001024","analysis_summary":"C18 NEGATIVE ION MODE","metabolite_name":"PC 34:0; [M-Ac-H]-@7.64","refmet_name":"PC 34:0"},"50":{"study_id":"ST000669","analysis_id":"AN001024","analysis_summary":"C18 NEGATIVE ION MODE","metabolite_name":"PC 34:1; [M-Ac-H]-@7.00","refmet_name":"PC 34:1"},"51":{"study_id":"ST000669","analysis_id":"AN001024","analysis_summary":"C18 NEGATIVE ION MODE","metabolite_name":"PC 34:1; [M-Ac-H]-@9.62","refmet_name":"PC 34:1"},"52":{"study_id":"ST000669","analysis_id":"AN001024","analysis_summary":"C18 NEGATIVE ION MODE","metabolite_name":"PC 34:2; [M-Ac-H]-@6.49","refmet_name":"PC 34:2"},"53":{"study_id":"ST000669","analysis_id":"AN001024","analysis_summary":"C18 NEGATIVE ION MODE","metabolite_name":"PC 34:3; [M-Ac-H]-@6.06","refmet_name":"PC 34:3"},"54":{"study_id":"ST000669","analysis_id":"AN001024","analysis_summary":"C18 NEGATIVE ION MODE","metabolite_name":"PC 34:4; [M-Ac-H]-@5.80","refmet_name":"PC 34:4"},"55":{"study_id":"ST000669","analysis_id":"AN001024","analysis_summary":"C18 NEGATIVE ION MODE","metabolite_name":"PC 35:1; [M-Ac-H]-@7.36","refmet_name":"PC 35:1"},"56":{"study_id":"ST000669","analysis_id":"AN001024","analysis_summary":"C18 NEGATIVE ION MODE","metabolite_name":"PC 35:2; [M-Ac-H]-@6.89","refmet_name":"PC 35:2"},"57":{"study_id":"ST000669","analysis_id":"AN001024","analysis_summary":"C18 NEGATIVE ION MODE","metabolite_name":"PC 35:4; [M-Ac-H]-@6.12","refmet_name":"PC 35:4"},"58":{"study_id":"ST000669","analysis_id":"AN001024","analysis_summary":"C18 NEGATIVE ION MODE","metabolite_name":"PC 36:1; [M-Ac-H]-@7.71","refmet_name":"PC 36:1"},"59":{"study_id":"ST000669","analysis_id":"AN001024","analysis_summary":"C18 NEGATIVE ION MODE","metabolite_name":"PC 36:2; [M-Ac-H]-@7.19","refmet_name":"PC 36:2"},"60":{"study_id":"ST000669","analysis_id":"AN001024","analysis_summary":"C18 NEGATIVE ION MODE","metabolite_name":"PC 36:3; [M-Ac-H]-@6.67","refmet_name":"PC 36:3"},"61":{"study_id":"ST000669","analysis_id":"AN001024","analysis_summary":"C18 NEGATIVE ION MODE","metabolite_name":"PC 36:4; [M-Ac-H]-@6.33","refmet_name":"PC 36:4"},"62":{"study_id":"ST000669","analysis_id":"AN001024","analysis_summary":"C18 NEGATIVE ION MODE","metabolite_name":"PC 36:4; [M-Ac-H]-@6.69","refmet_name":"PC 36:4"},"63":{"study_id":"ST000669","analysis_id":"AN001024","analysis_summary":"C18 NEGATIVE ION MODE","metabolite_name":"PC 36:5; [M-Ac-H]-@5.89","refmet_name":"PC 36:5"},"64":{"study_id":"ST000669","analysis_id":"AN001024","analysis_summary":"C18 NEGATIVE ION MODE","metabolite_name":"PC 36:6; [M-Ac-H]-@5.71","refmet_name":"PC 36:6"},"65":{"study_id":"ST000669","analysis_id":"AN001024","analysis_summary":"C18 NEGATIVE ION MODE","metabolite_name":"PC 37:3; [M-Ac-H]-@6.98","refmet_name":"PC 37:3"},"66":{"study_id":"ST000669","analysis_id":"AN001024","analysis_summary":"C18 NEGATIVE ION MODE","metabolite_name":"PC 37:4; [M-Ac-H]-@6.84","refmet_name":"PC 37:4"},"67":{"study_id":"ST000669","analysis_id":"AN001024","analysis_summary":"C18 NEGATIVE ION MODE","metabolite_name":"PC 38:2; [M-Ac-H]-@7.86","refmet_name":"PC 38:2"},"68":{"study_id":"ST000669","analysis_id":"AN001024","analysis_summary":"C18 NEGATIVE ION MODE","metabolite_name":"PC 38:3; [M-Ac-H]-@7.42","refmet_name":"PC 38:3"},"69":{"study_id":"ST000669","analysis_id":"AN001024","analysis_summary":"C18 NEGATIVE ION MODE","metabolite_name":"PC 38:4; [M-Ac-H]-@7.04","refmet_name":"PC 38:4"},"70":{"study_id":"ST000669","analysis_id":"AN001024","analysis_summary":"C18 NEGATIVE ION MODE","metabolite_name":"PC 38:4; [M-Ac-H]-@7.37","refmet_name":"PC 38:4"},"71":{"study_id":"ST000669","analysis_id":"AN001024","analysis_summary":"C18 NEGATIVE ION MODE","metabolite_name":"PC 38:5; [M-Ac-H]-@6.60","refmet_name":"PC 38:5"},"72":{"study_id":"ST000669","analysis_id":"AN001024","analysis_summary":"C18 NEGATIVE ION MODE","metabolite_name":"PC 38:6; [M-Ac-H]-@6.28","refmet_name":"PC 38:6"},"73":{"study_id":"ST000669","analysis_id":"AN001024","analysis_summary":"C18 NEGATIVE ION MODE","metabolite_name":"PC 40:4; [M-Ac-H]-@7.70","refmet_name":"PC 40:4"},"74":{"study_id":"ST000669","analysis_id":"AN001024","analysis_summary":"C18 NEGATIVE ION MODE","metabolite_name":"PC 40:5; [M-Ac-H]-@7.29","refmet_name":"PC 40:5"},"75":{"study_id":"ST000669","analysis_id":"AN001024","analysis_summary":"C18 NEGATIVE ION MODE","metabolite_name":"PC 40:6; [M-Ac-H]-@7.00","refmet_name":"PC 40:6"},"76":{"study_id":"ST000669","analysis_id":"AN001024","analysis_summary":"C18 NEGATIVE ION MODE","metabolite_name":"PC 40:7; [M-Ac-H]-@6.38","refmet_name":"PC 40:7"},"77":{"study_id":"ST000669","analysis_id":"AN001024","analysis_summary":"C18 NEGATIVE ION MODE","metabolite_name":"PC 42:4; [M-Ac-H]-@8.22","refmet_name":"PC 42:4"},"78":{"study_id":"ST000669","analysis_id":"AN001024","analysis_summary":"C18 NEGATIVE ION MODE","metabolite_name":"PC 42:5; [M-Ac-H]-@7.89","refmet_name":"PC 42:5"},"79":{"study_id":"ST000669","analysis_id":"AN001024","analysis_summary":"C18 NEGATIVE ION MODE","metabolite_name":"PE 32:0; [M-H]-@6.76","refmet_name":"PE 32:0"},"80":{"study_id":"ST000669","analysis_id":"AN001024","analysis_summary":"C18 NEGATIVE ION MODE","metabolite_name":"PE 34:0; [M-H]-@7.36","refmet_name":"PE 34:0"},"81":{"study_id":"ST000669","analysis_id":"AN001024","analysis_summary":"C18 NEGATIVE ION MODE","metabolite_name":"PE 34:1; [M-H]-@6.90","refmet_name":"PE 34:1"},"82":{"study_id":"ST000669","analysis_id":"AN001024","analysis_summary":"C18 NEGATIVE ION MODE","metabolite_name":"PE 34:2; [M-H]-@6.45","refmet_name":"PE 34:2"},"83":{"study_id":"ST000669","analysis_id":"AN001024","analysis_summary":"C18 NEGATIVE ION MODE","metabolite_name":"PE 34:3; [M-H]-@6.04","refmet_name":"PE 34:3"},"84":{"study_id":"ST000669","analysis_id":"AN001024","analysis_summary":"C18 NEGATIVE ION MODE","metabolite_name":"PE 36:0; [M-H]-@7.96","refmet_name":"PE 36:0"},"85":{"study_id":"ST000669","analysis_id":"AN001024","analysis_summary":"C18 NEGATIVE ION MODE","metabolite_name":"PE 36:1; [M-H]-@5.84","refmet_name":"PE 36:1"},"86":{"study_id":"ST000669","analysis_id":"AN001024","analysis_summary":"C18 NEGATIVE ION MODE","metabolite_name":"PE 36:1; [M-H]-@7.50","refmet_name":"PE 36:1"},"87":{"study_id":"ST000669","analysis_id":"AN001024","analysis_summary":"C18 NEGATIVE ION MODE","metabolite_name":"PE 36:2; [M-H]-@5.42","refmet_name":"PE 36:2"},"88":{"study_id":"ST000669","analysis_id":"AN001024","analysis_summary":"C18 NEGATIVE ION MODE","metabolite_name":"PE 36:2; [M-H]-@7.03","refmet_name":"PE 36:2"},"89":{"study_id":"ST000669","analysis_id":"AN001024","analysis_summary":"C18 NEGATIVE ION MODE","metabolite_name":"PE 36:3; [M-H]-@6.59","refmet_name":"PE 36:3"},"90":{"study_id":"ST000669","analysis_id":"AN001024","analysis_summary":"C18 NEGATIVE ION MODE","metabolite_name":"PE 36:4; [M-H]-@6.31","refmet_name":"PE 36:4"},"91":{"study_id":"ST000669","analysis_id":"AN001024","analysis_summary":"C18 NEGATIVE ION MODE","metabolite_name":"PE 36:5; [M-H]-@6.03","refmet_name":"PE 36:5"},"92":{"study_id":"ST000669","analysis_id":"AN001024","analysis_summary":"C18 NEGATIVE ION MODE","metabolite_name":"PE 37:4; [M-H]-@6.71","refmet_name":"PE 37:4"},"93":{"study_id":"ST000669","analysis_id":"AN001024","analysis_summary":"C18 NEGATIVE ION MODE","metabolite_name":"PE 38:2; [M-H]-@7.57","refmet_name":"PE 38:2"},"94":{"study_id":"ST000669","analysis_id":"AN001024","analysis_summary":"C18 NEGATIVE ION MODE","metabolite_name":"PE 38:3; [M-H]-@7.29","refmet_name":"PE 38:3"},"95":{"study_id":"ST000669","analysis_id":"AN001024","analysis_summary":"C18 NEGATIVE ION MODE","metabolite_name":"PE 38:4; [M-H]-@7.04","refmet_name":"PE 38:4"},"96":{"study_id":"ST000669","analysis_id":"AN001024","analysis_summary":"C18 NEGATIVE ION MODE","metabolite_name":"PE 38:5; [M-H]-@6.53","refmet_name":"PE 38:5"},"97":{"study_id":"ST000669","analysis_id":"AN001024","analysis_summary":"C18 NEGATIVE ION MODE","metabolite_name":"PE 38:6; [M-H]-@6.31","refmet_name":"PE 38:6"},"98":{"study_id":"ST000669","analysis_id":"AN001024","analysis_summary":"C18 NEGATIVE ION MODE","metabolite_name":"PE 40:4; [M-H]-@7.45","refmet_name":"PE 40:4"},"99":{"study_id":"ST000669","analysis_id":"AN001024","analysis_summary":"C18 NEGATIVE ION MODE","metabolite_name":"PE 40:5; [M-H]-@6.17","refmet_name":"PE 40:5"},"100":{"study_id":"ST000669","analysis_id":"AN001024","analysis_summary":"C18 NEGATIVE ION MODE","metabolite_name":"PE 40:6; [M-H]-@6.94","refmet_name":"PE 40:6"},"101":{"study_id":"ST000669","analysis_id":"AN001024","analysis_summary":"C18 NEGATIVE ION MODE","metabolite_name":"PE 40:7; [M-H]-@6.41","refmet_name":"PE 40:7"},"102":{"study_id":"ST000669","analysis_id":"AN001024","analysis_summary":"C18 NEGATIVE ION MODE","metabolite_name":"PE 40:8; [M-H]-@6.02","refmet_name":"PE 40:8"},"103":{"study_id":"ST000669","analysis_id":"AN001024","analysis_summary":"C18 NEGATIVE ION MODE","metabolite_name":"PG 34:0; [M-H]-@6.22","refmet_name":"PG 34:0"},"104":{"study_id":"ST000669","analysis_id":"AN001024","analysis_summary":"C18 NEGATIVE ION MODE","metabolite_name":"PG 36:0; [M-H]-@6.77","refmet_name":"PG 36:0"},"105":{"study_id":"ST000669","analysis_id":"AN001024","analysis_summary":"C18 NEGATIVE ION MODE","metabolite_name":"PG 36:2; [M-H]-@5.56","refmet_name":"PG 36:2"},"106":{"study_id":"ST000669","analysis_id":"AN001024","analysis_summary":"C18 NEGATIVE ION MODE","metabolite_name":"PG 36:3; [M-H]-@5.13","refmet_name":"PG 36:3"},"107":{"study_id":"ST000669","analysis_id":"AN001024","analysis_summary":"C18 NEGATIVE ION MODE","metabolite_name":"PG 38:3; [M-H]-@5.76","refmet_name":"PG 38:3"},"108":{"study_id":"ST000669","analysis_id":"AN001024","analysis_summary":"C18 NEGATIVE ION MODE","metabolite_name":"PG 38:4; [M-H]-@5.33","refmet_name":"PG 38:4"},"109":{"study_id":"ST000669","analysis_id":"AN001024","analysis_summary":"C18 NEGATIVE ION MODE","metabolite_name":"PG 38:5; [M-H]-@5.09","refmet_name":"PG 38:5"},"110":{"study_id":"ST000669","analysis_id":"AN001024","analysis_summary":"C18 NEGATIVE ION MODE","metabolite_name":"PG 38:6; [M-H]-@4.69","refmet_name":"PG 38:6"},"111":{"study_id":"ST000669","analysis_id":"AN001024","analysis_summary":"C18 NEGATIVE ION MODE","metabolite_name":"PG 40:5; [M-H]-@5.47","refmet_name":"PG 40:5"},"112":{"study_id":"ST000669","analysis_id":"AN001024","analysis_summary":"C18 NEGATIVE ION MODE","metabolite_name":"PG 40:6; [M-H]-@5.25","refmet_name":"PG 40:6"},"113":{"study_id":"ST000669","analysis_id":"AN001024","analysis_summary":"C18 NEGATIVE ION MODE","metabolite_name":"PG 40:7; [M-H]-@4.98","refmet_name":"PG 40:7"},"114":{"study_id":"ST000669","analysis_id":"AN001024","analysis_summary":"C18 NEGATIVE ION MODE","metabolite_name":"PG 40:8; [M-H]-@4.55","refmet_name":"PG 40:8"},"115":{"study_id":"ST000669","analysis_id":"AN001024","analysis_summary":"C18 NEGATIVE ION MODE","metabolite_name":"PG 42:10; [M-H]-@4.48","refmet_name":"PG 42:10"},"116":{"study_id":"ST000669","analysis_id":"AN001024","analysis_summary":"C18 NEGATIVE ION MODE","metabolite_name":"PG 44:10; [M-H]-@5.11","refmet_name":"PG 44:10"},"117":{"study_id":"ST000669","analysis_id":"AN001024","analysis_summary":"C18 NEGATIVE ION MODE","metabolite_name":"PG 44:11; [M-H]-@4.76","refmet_name":"PG 44:11"},"118":{"study_id":"ST000669","analysis_id":"AN001024","analysis_summary":"C18 NEGATIVE ION MODE","metabolite_name":"PG 44:12; [M-H]-@4.34","refmet_name":"PG 44:12"},"119":{"study_id":"ST000669","analysis_id":"AN001024","analysis_summary":"C18 NEGATIVE ION MODE","metabolite_name":"PG 44:9; [M-H]-@5.30","refmet_name":"PG 44:9"},"120":{"study_id":"ST000669","analysis_id":"AN001024","analysis_summary":"C18 NEGATIVE ION MODE","metabolite_name":"PI 34:1; [M-H]-@5.52","refmet_name":"PI 34:1"},"121":{"study_id":"ST000669","analysis_id":"AN001024","analysis_summary":"C18 NEGATIVE ION MODE","metabolite_name":"PI 34:2; [M-H]-@5.09","refmet_name":"PI 34:2"},"122":{"study_id":"ST000669","analysis_id":"AN001024","analysis_summary":"C18 NEGATIVE ION MODE","metabolite_name":"PI 36:1; [M-H]-@6.12","refmet_name":"PI 36:1"},"123":{"study_id":"ST000669","analysis_id":"AN001024","analysis_summary":"C18 NEGATIVE ION MODE","metabolite_name":"PI 36:2; [M-H]-@5.75","refmet_name":"PI 36:2"},"124":{"study_id":"ST000669","analysis_id":"AN001024","analysis_summary":"C18 NEGATIVE ION MODE","metabolite_name":"PI 36:3; [M-H]-@5.20","refmet_name":"PI 36:3"},"125":{"study_id":"ST000669","analysis_id":"AN001024","analysis_summary":"C18 NEGATIVE ION MODE","metabolite_name":"PI 36:4; [M-H]-@5.06","refmet_name":"PI 36:4"},"126":{"study_id":"ST000669","analysis_id":"AN001024","analysis_summary":"C18 NEGATIVE ION MODE","metabolite_name":"PI 37:4; [M-H]-@5.39","refmet_name":"PI 37:4"},"127":{"study_id":"ST000669","analysis_id":"AN001024","analysis_summary":"C18 NEGATIVE ION MODE","metabolite_name":"PI 38:3; [M-H]-@6.01","refmet_name":"PI 38:3"},"128":{"study_id":"ST000669","analysis_id":"AN001024","analysis_summary":"C18 NEGATIVE ION MODE","metabolite_name":"PI 38:4; [M-H]-@5.77","refmet_name":"PI 38:4"},"129":{"study_id":"ST000669","analysis_id":"AN001024","analysis_summary":"C18 NEGATIVE ION MODE","metabolite_name":"PI 38:5; [M-H]-@5.22","refmet_name":"PI 38:5"},"130":{"study_id":"ST000669","analysis_id":"AN001024","analysis_summary":"C18 NEGATIVE ION MODE","metabolite_name":"PI 40:4; [M-H]-@6.16","refmet_name":"PI 40:4"},"131":{"study_id":"ST000669","analysis_id":"AN001024","analysis_summary":"C18 NEGATIVE ION MODE","metabolite_name":"PI 40:6; [M-H]-@5.63","refmet_name":"PI 40:6"},"132":{"study_id":"ST000669","analysis_id":"AN001024","analysis_summary":"C18 NEGATIVE ION MODE","metabolite_name":"plasmenyl-PE 32:1; [M-H]-@6.66","refmet_name":"PE P-32:1"},"133":{"study_id":"ST000669","analysis_id":"AN001024","analysis_summary":"C18 NEGATIVE ION MODE","metabolite_name":"plasmenyl-PE 34:1; [M-H]-@7.24","refmet_name":"PE P-34:1"},"134":{"study_id":"ST000669","analysis_id":"AN001024","analysis_summary":"C18 NEGATIVE ION MODE","metabolite_name":"plasmenyl-PE 34:2; [M-H]-@6.80","refmet_name":"PE P-34:2"},"135":{"study_id":"ST000669","analysis_id":"AN001024","analysis_summary":"C18 NEGATIVE ION MODE","metabolite_name":"plasmenyl-PE 36:1; [M-H]-@7.80","refmet_name":"PE P-36:1"},"136":{"study_id":"ST000669","analysis_id":"AN001024","analysis_summary":"C18 NEGATIVE ION MODE","metabolite_name":"plasmenyl-PE 36:2; [M-H]-@7.40","refmet_name":"PE P-36:2"},"137":{"study_id":"ST000669","analysis_id":"AN001024","analysis_summary":"C18 NEGATIVE ION MODE","metabolite_name":"plasmenyl-PE 36:3; [M-H]-@6.99","refmet_name":"PE P-36:3"},"138":{"study_id":"ST000669","analysis_id":"AN001024","analysis_summary":"C18 NEGATIVE ION MODE","metabolite_name":"plasmenyl-PE 36:4; [M-H]-@6.74","refmet_name":"PE P-36:4"},"139":{"study_id":"ST000669","analysis_id":"AN001024","analysis_summary":"C18 NEGATIVE ION MODE","metabolite_name":"plasmenyl-PE 36:5; [M-H]-@6.33","refmet_name":"PE P-36:5"},"140":{"study_id":"ST000669","analysis_id":"AN001024","analysis_summary":"C18 NEGATIVE ION MODE","metabolite_name":"plasmenyl-PE 38:2; [M-H]-@7.98","refmet_name":"PE P-38:2"},"141":{"study_id":"ST000669","analysis_id":"AN001024","analysis_summary":"C18 NEGATIVE ION MODE","metabolite_name":"plasmenyl-PE 38:3; [M-H]-@7.60","refmet_name":"PE P-38:3"},"142":{"study_id":"ST000669","analysis_id":"AN001024","analysis_summary":"C18 NEGATIVE ION MODE","metabolite_name":"plasmenyl-PE 38:4; [M-H]-@7.31","refmet_name":"PE P-38:4"},"143":{"study_id":"ST000669","analysis_id":"AN001024","analysis_summary":"C18 NEGATIVE ION MODE","metabolite_name":"plasmenyl-PE 38:5; [M-H]-@6.77","refmet_name":"PE P-38:5"},"144":{"study_id":"ST000669","analysis_id":"AN001024","analysis_summary":"C18 NEGATIVE ION MODE","metabolite_name":"plasmenyl-PE 38:6; [M-H]-@6.61","refmet_name":"PE P-38:6"},"145":{"study_id":"ST000669","analysis_id":"AN001024","analysis_summary":"C18 NEGATIVE ION MODE","metabolite_name":"plasmenyl-PE 40:4; [M-H]-@7.79","refmet_name":"PE P-40:4"},"146":{"study_id":"ST000669","analysis_id":"AN001024","analysis_summary":"C18 NEGATIVE ION MODE","metabolite_name":"plasmenyl-PE 40:5; [M-H]-@7.47","refmet_name":"PE P-40:5"},"147":{"study_id":"ST000669","analysis_id":"AN001024","analysis_summary":"C18 NEGATIVE ION MODE","metabolite_name":"plasmenyl-PE 40:6; [M-H]-@7.25","refmet_name":"PE P-40:6"},"148":{"study_id":"ST000669","analysis_id":"AN001024","analysis_summary":"C18 NEGATIVE ION MODE","metabolite_name":"plasmenyl-PE 42:6; [M-H]-@7.81","refmet_name":"PE P-42:6"},"149":{"study_id":"ST000669","analysis_id":"AN001024","analysis_summary":"C18 NEGATIVE ION MODE","metabolite_name":"PS 34:0; [M-H]-@6.19","refmet_name":"PS 34:0"},"150":{"study_id":"ST000669","analysis_id":"AN001025","analysis_summary":"C18 POSITIVE ION MODE","metabolite_name":"CE(16:0); [M+NH4]+@11.05","refmet_name":"CE 16:0"},"151":{"study_id":"ST000669","analysis_id":"AN001025","analysis_summary":"C18 POSITIVE ION MODE","metabolite_name":"CE(16:1); [M+NH4]+@10.69","refmet_name":"CE 16:1"},"152":{"study_id":"ST000669","analysis_id":"AN001025","analysis_summary":"C18 POSITIVE ION MODE","metabolite_name":"CE(18:0); [M+NH4]+@11.39","refmet_name":"CE 18:0"},"153":{"study_id":"ST000669","analysis_id":"AN001025","analysis_summary":"C18 POSITIVE ION MODE","metabolite_name":"CE(18:1); [M+NH4]+@11.05","refmet_name":"CE 18:1"},"154":{"study_id":"ST000669","analysis_id":"AN001025","analysis_summary":"C18 POSITIVE ION MODE","metabolite_name":"CE(18:2); [M+NH4]+@10.74","refmet_name":"CE 18:2"},"155":{"study_id":"ST000669","analysis_id":"AN001025","analysis_summary":"C18 POSITIVE ION MODE","metabolite_name":"CE(18:3); [M+NH4]+@9.24","refmet_name":"CE 18:3"},"156":{"study_id":"ST000669","analysis_id":"AN001025","analysis_summary":"C18 POSITIVE ION MODE","metabolite_name":"CE(20:1); [M+NH4]+@11.28","refmet_name":"CE 20:1"},"157":{"study_id":"ST000669","analysis_id":"AN001025","analysis_summary":"C18 POSITIVE ION MODE","metabolite_name":"CE(20:3); [M+NH4]+@10.84","refmet_name":"CE 20:3"},"158":{"study_id":"ST000669","analysis_id":"AN001025","analysis_summary":"C18 POSITIVE ION MODE","metabolite_name":"CE(20:4); [M+NH4]+@10.60","refmet_name":"CE 20:4"},"159":{"study_id":"ST000669","analysis_id":"AN001025","analysis_summary":"C18 POSITIVE ION MODE","metabolite_name":"CE(20:4); [M+NH4]+@11.35","refmet_name":"CE 20:4"},"160":{"study_id":"ST000669","analysis_id":"AN001025","analysis_summary":"C18 POSITIVE ION MODE","metabolite_name":"CE(20:5); [M+NH4]+@10.37","refmet_name":"CE 20:5"},"161":{"study_id":"ST000669","analysis_id":"AN001025","analysis_summary":"C18 POSITIVE ION MODE","metabolite_name":"CE(20:5); [M+NH4]+@9.24","refmet_name":"CE 20:5"},"162":{"study_id":"ST000669","analysis_id":"AN001025","analysis_summary":"C18 POSITIVE ION MODE","metabolite_name":"CE(22:6); [M+NH4]+@10.49","refmet_name":"CE 22:6"},"163":{"study_id":"ST000669","analysis_id":"AN001025","analysis_summary":"C18 POSITIVE ION MODE","metabolite_name":"CE(24:1); [M+NH4]+@12.00","refmet_name":"CE 24:1"},"164":{"study_id":"ST000669","analysis_id":"AN001025","analysis_summary":"C18 POSITIVE ION MODE","metabolite_name":"DG 32:0; [M+NH4]+@7.93","refmet_name":"DG 32:0"},"165":{"study_id":"ST000669","analysis_id":"AN001025","analysis_summary":"C18 POSITIVE ION MODE","metabolite_name":"DG 32:1; [M+NH4]+@7.46","refmet_name":"DG 32:1"},"166":{"study_id":"ST000669","analysis_id":"AN001025","analysis_summary":"C18 POSITIVE ION MODE","metabolite_name":"DG 32:2; [M+NH4]+@7.04","refmet_name":"DG 32:2"},"167":{"study_id":"ST000669","analysis_id":"AN001025","analysis_summary":"C18 POSITIVE ION MODE","metabolite_name":"DG 34:0; [M+NH4]+@8.42","refmet_name":"DG 34:0"},"168":{"study_id":"ST000669","analysis_id":"AN001025","analysis_summary":"C18 POSITIVE ION MODE","metabolite_name":"DG 34:2; [M+NH4]+@7.60","refmet_name":"DG 34:2"},"169":{"study_id":"ST000669","analysis_id":"AN001025","analysis_summary":"C18 POSITIVE ION MODE","metabolite_name":"DG 34:3; [M+NH4]+@7.21","refmet_name":"DG 34:3"},"170":{"study_id":"ST000669","analysis_id":"AN001025","analysis_summary":"C18 POSITIVE ION MODE","metabolite_name":"DG 35:2; [M+NH4]+@7.96","refmet_name":"DG 35:2"},"171":{"study_id":"ST000669","analysis_id":"AN001025","analysis_summary":"C18 POSITIVE ION MODE","metabolite_name":"DG 36:0; [M+NH4]+@8.86","refmet_name":"DG 36:0"},"172":{"study_id":"ST000669","analysis_id":"AN001025","analysis_summary":"C18 POSITIVE ION MODE","metabolite_name":"DG 36:1; [M+NH4]+@8.47","refmet_name":"DG 36:1"},"173":{"study_id":"ST000669","analysis_id":"AN001025","analysis_summary":"C18 POSITIVE ION MODE","metabolite_name":"DG 36:2; [M+NH4]+@8.09","refmet_name":"DG 36:2"},"174":{"study_id":"ST000669","analysis_id":"AN001025","analysis_summary":"C18 POSITIVE ION MODE","metabolite_name":"DG 36:3; [M+NH4]+@7.75","refmet_name":"DG 36:3"},"175":{"study_id":"ST000669","analysis_id":"AN001025","analysis_summary":"C18 POSITIVE ION MODE","metabolite_name":"DG 36:4; [M+NH4]+@7.31","refmet_name":"DG 36:4"},"176":{"study_id":"ST000669","analysis_id":"AN001025","analysis_summary":"C18 POSITIVE ION MODE","metabolite_name":"DG 36:5; [M+NH4]+@6.95","refmet_name":"DG 36:5"},"177":{"study_id":"ST000669","analysis_id":"AN001025","analysis_summary":"C18 POSITIVE ION MODE","metabolite_name":"DG 38:2; [M+NH4]+@8.51","refmet_name":"DG 38:2"},"178":{"study_id":"ST000669","analysis_id":"AN001025","analysis_summary":"C18 POSITIVE ION MODE","metabolite_name":"DG 38:3; [M+NH4]+@8.20","refmet_name":"DG 38:3"},"179":{"study_id":"ST000669","analysis_id":"AN001025","analysis_summary":"C18 POSITIVE ION MODE","metabolite_name":"DG 38:4; [M+NH4]+@7.95","refmet_name":"DG 38:4"},"180":{"study_id":"ST000669","analysis_id":"AN001025","analysis_summary":"C18 POSITIVE ION MODE","metabolite_name":"DG 38:5; [M+NH4]+@7.62","refmet_name":"DG 38:5"},"181":{"study_id":"ST000669","analysis_id":"AN001025","analysis_summary":"C18 POSITIVE ION MODE","metabolite_name":"DG 38:6; [M+NH4]+@7.29","refmet_name":"DG 38:6"},"182":{"study_id":"ST000669","analysis_id":"AN001025","analysis_summary":"C18 POSITIVE ION MODE","metabolite_name":"DG 40:5; [M+NH4]+@8.03","refmet_name":"DG 40:5"},"183":{"study_id":"ST000669","analysis_id":"AN001025","analysis_summary":"C18 POSITIVE ION MODE","metabolite_name":"DG 40:6; [M+NH4]+@7.71","refmet_name":"DG 40:6"},"184":{"study_id":"ST000669","analysis_id":"AN001025","analysis_summary":"C18 POSITIVE ION MODE","metabolite_name":"DG 40:7; [M+NH4]+@7.55","refmet_name":"DG 40:7"},"185":{"study_id":"ST000669","analysis_id":"AN001025","analysis_summary":"C18 POSITIVE ION MODE","metabolite_name":"DG 40:8; [M+NH4]+@7.20","refmet_name":"DG 40:8"},"186":{"study_id":"ST000669","analysis_id":"AN001025","analysis_summary":"C18 POSITIVE ION MODE","metabolite_name":"DG 42:5; [M+NH4]+@7.62","refmet_name":"DG 42:5"},"187":{"study_id":"ST000669","analysis_id":"AN001025","analysis_summary":"C18 POSITIVE ION MODE","metabolite_name":"IS CE 17:0; [M+NH4]+","refmet_name":"CE 17:0"},"188":{"study_id":"ST000669","analysis_id":"AN001025","analysis_summary":"C18 POSITIVE ION MODE","metabolite_name":"IS Ceramide;[M-H20]+","refmet_name":""},"189":{"study_id":"ST000669","analysis_id":"AN001025","analysis_summary":"C18 POSITIVE ION MODE","metabolite_name":"IS D31-TAG","refmet_name":""},"190":{"study_id":"ST000669","analysis_id":"AN001025","analysis_summary":"C18 POSITIVE ION MODE","metabolite_name":"IS d5-DAG","refmet_name":""},"191":{"study_id":"ST000669","analysis_id":"AN001025","analysis_summary":"C18 POSITIVE ION MODE","metabolite_name":"IS DG 34:1; [M+NH4]+","refmet_name":"DG 34:1"},"192":{"study_id":"ST000669","analysis_id":"AN001025","analysis_summary":"C18 POSITIVE ION MODE","metabolite_name":"IS lysoPC 17:0;[M+H]+","refmet_name":"LPC 17:0"},"193":{"study_id":"ST000669","analysis_id":"AN001025","analysis_summary":"C18 POSITIVE ION MODE","metabolite_name":"IS MG 17:0; [M+NH4]+","refmet_name":"MG 17:0"},"194":{"study_id":"ST000669","analysis_id":"AN001025","analysis_summary":"C18 POSITIVE ION MODE","metabolite_name":"IS PC 34:0; [M+H]+","refmet_name":"PC 34:0"},"195":{"study_id":"ST000669","analysis_id":"AN001025","analysis_summary":"C18 POSITIVE ION MODE","metabolite_name":"IS PE 34:0; [M+H]+","refmet_name":"PE 34:0"},"196":{"study_id":"ST000669","analysis_id":"AN001025","analysis_summary":"C18 POSITIVE ION MODE","metabolite_name":"IS PS 34:0;[M+H]+","refmet_name":"PS 34:0"},"197":{"study_id":"ST000669","analysis_id":"AN001025","analysis_summary":"C18 POSITIVE ION MODE","metabolite_name":"IS SM 35:1;[M+H]+","refmet_name":""},"198":{"study_id":"ST000669","analysis_id":"AN001025","analysis_summary":"C18 POSITIVE ION MODE","metabolite_name":"IS TG 51:0; [M+NH4]+","refmet_name":"TG 51:0"},"199":{"study_id":"ST000669","analysis_id":"AN001025","analysis_summary":"C18 POSITIVE ION MODE","metabolite_name":"lysoPC 14:0; [M+H]+@1.11","refmet_name":"LPC 14:0"},"200":{"study_id":"ST000669","analysis_id":"AN001025","analysis_summary":"C18 POSITIVE ION MODE","metabolite_name":"lysoPC 15:0; [M+H]+@1.30","refmet_name":"LPC 15:0"},"201":{"study_id":"ST000669","analysis_id":"AN001025","analysis_summary":"C18 POSITIVE ION MODE","metabolite_name":"lysoPC 15:0; [M+Na]+@1.57","refmet_name":"LPC 15:0"},"202":{"study_id":"ST000669","analysis_id":"AN001025","analysis_summary":"C18 POSITIVE ION MODE","metabolite_name":"lysoPC 16:0; [M+H]+@1.65","refmet_name":"LPC 16:0"},"203":{"study_id":"ST000669","analysis_id":"AN001025","analysis_summary":"C18 POSITIVE ION MODE","metabolite_name":"lysoPC 16:0; [M+H]+@3.18","refmet_name":"LPC 16:0"},"204":{"study_id":"ST000669","analysis_id":"AN001025","analysis_summary":"C18 POSITIVE ION MODE","metabolite_name":"lysoPC 16:1; [M+H]+@1.28","refmet_name":"LPC 16:1"},"205":{"study_id":"ST000669","analysis_id":"AN001025","analysis_summary":"C18 POSITIVE ION MODE","metabolite_name":"lysoPC 17:1; [M+H]+@1.51","refmet_name":"LPC 17:1"},"206":{"study_id":"ST000669","analysis_id":"AN001025","analysis_summary":"C18 POSITIVE ION MODE","metabolite_name":"lysoPC 18:0; [M+H]+@2.47","refmet_name":"LPC 18:0"},"207":{"study_id":"ST000669","analysis_id":"AN001025","analysis_summary":"C18 POSITIVE ION MODE","metabolite_name":"lysoPC 18:0; [M+H]+@3.09","refmet_name":"LPC 18:0"},"208":{"study_id":"ST000669","analysis_id":"AN001025","analysis_summary":"C18 POSITIVE ION MODE","metabolite_name":"lysoPC 18:0; [M+Na]+@2.28","refmet_name":"LPC 18:0"},"209":{"study_id":"ST000669","analysis_id":"AN001025","analysis_summary":"C18 POSITIVE ION MODE","metabolite_name":"lysoPC 18:1; [M+H]+@1.84","refmet_name":"LPC 18:1"},"210":{"study_id":"ST000669","analysis_id":"AN001025","analysis_summary":"C18 POSITIVE ION MODE","metabolite_name":"lysoPC 18:1; [M+Na]+@1.86","refmet_name":"LPC 18:1"},"211":{"study_id":"ST000669","analysis_id":"AN001025","analysis_summary":"C18 POSITIVE ION MODE","metabolite_name":"lysoPC 18:2; [M+H]+@1.42","refmet_name":"LPC 18:2"},"212":{"study_id":"ST000669","analysis_id":"AN001025","analysis_summary":"C18 POSITIVE ION MODE","metabolite_name":"lysoPC 18:2; [M+Na]+@1.28","refmet_name":"LPC 18:2"},"213":{"study_id":"ST000669","analysis_id":"AN001025","analysis_summary":"C18 POSITIVE ION MODE","metabolite_name":"lysoPC 18:3; [M+H]+@1.17","refmet_name":"LPC 18:3"},"214":{"study_id":"ST000669","analysis_id":"AN001025","analysis_summary":"C18 POSITIVE ION MODE","metabolite_name":"lysoPC 19:0; [M+H]+@3.01","refmet_name":"LPC 19:0"},"215":{"study_id":"ST000669","analysis_id":"AN001025","analysis_summary":"C18 POSITIVE ION MODE","metabolite_name":"lysoPC 20:0; [M+H]+@3.49","refmet_name":"LPC 20:0"},"216":{"study_id":"ST000669","analysis_id":"AN001025","analysis_summary":"C18 POSITIVE ION MODE","metabolite_name":"lysoPC 20:1; [M+H]+@2.66","refmet_name":"LPC 20:1"},"217":{"study_id":"ST000669","analysis_id":"AN001025","analysis_summary":"C18 POSITIVE ION MODE","metabolite_name":"lysoPC 20:3; [M+H]+@1.64","refmet_name":"LPC 20:3"},"218":{"study_id":"ST000669","analysis_id":"AN001025","analysis_summary":"C18 POSITIVE ION MODE","metabolite_name":"lysoPC 20:4; [M+H]+@1.43","refmet_name":"LPC 20:4"},"219":{"study_id":"ST000669","analysis_id":"AN001025","analysis_summary":"C18 POSITIVE ION MODE","metabolite_name":"lysoPC 20:5; [M+H]+@1.11","refmet_name":"LPC 20:5"},"220":{"study_id":"ST000669","analysis_id":"AN001025","analysis_summary":"C18 POSITIVE ION MODE","metabolite_name":"lysoPC 22:0; [M+H]+@4.46","refmet_name":"LPC 22:0"},"221":{"study_id":"ST000669","analysis_id":"AN001025","analysis_summary":"C18 POSITIVE ION MODE","metabolite_name":"lysoPC 22:1; [M+H]+@3.58","refmet_name":"LPC 22:1"},"222":{"study_id":"ST000669","analysis_id":"AN001025","analysis_summary":"C18 POSITIVE ION MODE","metabolite_name":"lysoPC 22:2; [M+H]+@2.88","refmet_name":"LPC 22:2"},"223":{"study_id":"ST000669","analysis_id":"AN001025","analysis_summary":"C18 POSITIVE ION MODE","metabolite_name":"lysoPC 22:4; [M+H]+@1.87","refmet_name":"LPC 22:4"},"224":{"study_id":"ST000669","analysis_id":"AN001025","analysis_summary":"C18 POSITIVE ION MODE","metabolite_name":"lysoPC 22:5; [M+H]+@1.60","refmet_name":"LPC 22:5"},"225":{"study_id":"ST000669","analysis_id":"AN001025","analysis_summary":"C18 POSITIVE ION MODE","metabolite_name":"lysoPC 22:6; [M+H]+@1.28","refmet_name":"LPC 22:6"},"226":{"study_id":"ST000669","analysis_id":"AN001025","analysis_summary":"C18 POSITIVE ION MODE","metabolite_name":"lysoPC 23:0; [M+H]+@4.96","refmet_name":"LPC 23:0"},"227":{"study_id":"ST000669","analysis_id":"AN001025","analysis_summary":"C18 POSITIVE ION MODE","metabolite_name":"lysoPC 24:0; [M+H]+@5.40","refmet_name":"LPC 24:0"},"228":{"study_id":"ST000669","analysis_id":"AN001025","analysis_summary":"C18 POSITIVE ION MODE","metabolite_name":"lysoPC 24:1; [M+H]+@4.50","refmet_name":"LPC 24:1"},"229":{"study_id":"ST000669","analysis_id":"AN001025","analysis_summary":"C18 POSITIVE ION MODE","metabolite_name":"lysoPC 26:1; [M+H]+@5.68","refmet_name":"LPC 26:1"},"230":{"study_id":"ST000669","analysis_id":"AN001025","analysis_summary":"C18 POSITIVE ION MODE","metabolite_name":"lysoPE 16:0; [M+H]+@1.67","refmet_name":"LPE 16:0"},"231":{"study_id":"ST000669","analysis_id":"AN001025","analysis_summary":"C18 POSITIVE ION MODE","metabolite_name":"lysoPE 18:0; [M+H]+@2.49","refmet_name":"LPE 18:0"},"232":{"study_id":"ST000669","analysis_id":"AN001025","analysis_summary":"C18 POSITIVE ION MODE","metabolite_name":"lysoPE 18:1; [M+H]+@1.86","refmet_name":"LPE 18:1"},"233":{"study_id":"ST000669","analysis_id":"AN001025","analysis_summary":"C18 POSITIVE ION MODE","metabolite_name":"lysoPE 18:2; [M+H]+@1.32","refmet_name":"LPE 18:2"},"234":{"study_id":"ST000669","analysis_id":"AN001025","analysis_summary":"C18 POSITIVE ION MODE","metabolite_name":"lysoPE 20:4; [M+H]+@1.35","refmet_name":"LPE 20:4"},"235":{"study_id":"ST000669","analysis_id":"AN001025","analysis_summary":"C18 POSITIVE ION MODE","metabolite_name":"lysoPE 22:5; [M+H]+@1.63","refmet_name":"LPE 22:5"},"236":{"study_id":"ST000669","analysis_id":"AN001025","analysis_summary":"C18 POSITIVE ION MODE","metabolite_name":"lysoPE 22:6; [M+H]+@1.29","refmet_name":"LPE 22:6"},"237":{"study_id":"ST000669","analysis_id":"AN001025","analysis_summary":"C18 POSITIVE ION MODE","metabolite_name":"MG 17:0; [M+Li]+@3.18","refmet_name":"MG 17:0"},"238":{"study_id":"ST000669","analysis_id":"AN001025","analysis_summary":"C18 POSITIVE ION MODE","metabolite_name":"MG 18:0; [M+Li]+@3.64","refmet_name":"MG 18:0"},"239":{"study_id":"ST000669","analysis_id":"AN001025","analysis_summary":"C18 POSITIVE ION MODE","metabolite_name":"MG 18:0; [M+NH4]+@3.68","refmet_name":"MG 18:0"},"240":{"study_id":"ST000669","analysis_id":"AN001025","analysis_summary":"C18 POSITIVE ION MODE","metabolite_name":"MG 18:1; [M+NH4]+@2.93","refmet_name":"MG 18:1"},"241":{"study_id":"ST000669","analysis_id":"AN001025","analysis_summary":"C18 POSITIVE ION MODE","metabolite_name":"PC 17:0; [M+H]+@1.68","refmet_name":"PC 17:0"},"242":{"study_id":"ST000669","analysis_id":"AN001025","analysis_summary":"C18 POSITIVE ION MODE","metabolite_name":"PC 21:4; [M+H]+@1.49","refmet_name":"PC 21:4"},"243":{"study_id":"ST000669","analysis_id":"AN001025","analysis_summary":"C18 POSITIVE ION MODE","metabolite_name":"PC 32:0; [M+H]+@5.63","refmet_name":"PC 32:0"},"244":{"study_id":"ST000669","analysis_id":"AN001025","analysis_summary":"C18 POSITIVE ION MODE","metabolite_name":"PC 32:0; [M+H]+@6.84","refmet_name":"PC 32:0"},"245":{"study_id":"ST000669","analysis_id":"AN001025","analysis_summary":"C18 POSITIVE ION MODE","metabolite_name":"PC 32:1; [M+Na]+@6.33","refmet_name":"PC 32:1"},"246":{"study_id":"ST000669","analysis_id":"AN001025","analysis_summary":"C18 POSITIVE ION MODE","metabolite_name":"PC 32:2; [M+Na]+@5.85","refmet_name":"PC 32:2"},"247":{"study_id":"ST000669","analysis_id":"AN001025","analysis_summary":"C18 POSITIVE ION MODE","metabolite_name":"PC 32:3; [M+H]+@5.39","refmet_name":"PC 32:3"},"248":{"study_id":"ST000669","analysis_id":"AN001025","analysis_summary":"C18 POSITIVE ION MODE","metabolite_name":"PC 33:2; [M+Na]+@6.21","refmet_name":"PC 33:2"},"249":{"study_id":"ST000669","analysis_id":"AN001025","analysis_summary":"C18 POSITIVE ION MODE","metabolite_name":"PC 34:1; [M+H]+@6.90","refmet_name":"PC 34:1"},"250":{"study_id":"ST000669","analysis_id":"AN001025","analysis_summary":"C18 POSITIVE ION MODE","metabolite_name":"PC 34:1; [M+H]+@9.46","refmet_name":"PC 34:1"},"251":{"study_id":"ST000669","analysis_id":"AN001025","analysis_summary":"C18 POSITIVE ION MODE","metabolite_name":"PC 34:2; [M+H]+@5.36","refmet_name":"PC 34:2"},"252":{"study_id":"ST000669","analysis_id":"AN001025","analysis_summary":"C18 POSITIVE ION MODE","metabolite_name":"PC 34:2; [M+H]+@6.45","refmet_name":"PC 34:2"},"253":{"study_id":"ST000669","analysis_id":"AN001025","analysis_summary":"C18 POSITIVE ION MODE","metabolite_name":"PC 34:2; [M+Na]+@6.47","refmet_name":"PC 34:2"},"254":{"study_id":"ST000669","analysis_id":"AN001025","analysis_summary":"C18 POSITIVE ION MODE","metabolite_name":"PC 34:3; [M+Na]+@5.94","refmet_name":"PC 34:3"},"255":{"study_id":"ST000669","analysis_id":"AN001025","analysis_summary":"C18 POSITIVE ION MODE","metabolite_name":"PC 34:4; [M+H]+@5.82","refmet_name":"PC 34:4"},"256":{"study_id":"ST000669","analysis_id":"AN001025","analysis_summary":"C18 POSITIVE ION MODE","metabolite_name":"PC 34:4; [M+Na]+@5.80","refmet_name":"PC 34:4"},"257":{"study_id":"ST000669","analysis_id":"AN001025","analysis_summary":"C18 POSITIVE ION MODE","metabolite_name":"PC 34:5; [M+H]+@5.28","refmet_name":"PC 34:5"},"258":{"study_id":"ST000669","analysis_id":"AN001025","analysis_summary":"C18 POSITIVE ION MODE","metabolite_name":"PC 35:4; [M+H]+@5.99","refmet_name":"PC 35:4"},"259":{"study_id":"ST000669","analysis_id":"AN001025","analysis_summary":"C18 POSITIVE ION MODE","metabolite_name":"PC 35:5; [M+H]+@5.63","refmet_name":"PC 35:5"},"260":{"study_id":"ST000669","analysis_id":"AN001025","analysis_summary":"C18 POSITIVE ION MODE","metabolite_name":"PC 36:0; [M+H]+@8.60","refmet_name":"PC 36:0"},"261":{"study_id":"ST000669","analysis_id":"AN001025","analysis_summary":"C18 POSITIVE ION MODE","metabolite_name":"PC 36:2; [M+H]+@7.12","refmet_name":"PC 36:2"},"262":{"study_id":"ST000669","analysis_id":"AN001025","analysis_summary":"C18 POSITIVE ION MODE","metabolite_name":"PC 36:2; [M+Na]+@9.57","refmet_name":"PC 36:2"},"263":{"study_id":"ST000669","analysis_id":"AN001025","analysis_summary":"C18 POSITIVE ION MODE","metabolite_name":"PC 36:3; [M+H]+@6.63","refmet_name":"PC 36:3"},"264":{"study_id":"ST000669","analysis_id":"AN001025","analysis_summary":"C18 POSITIVE ION MODE","metabolite_name":"PC 36:4; [M+H]+@5.21","refmet_name":"PC 36:4"},"265":{"study_id":"ST000669","analysis_id":"AN001025","analysis_summary":"C18 POSITIVE ION MODE","metabolite_name":"PC 36:4; [M+H]+@6.34","refmet_name":"PC 36:4"},"266":{"study_id":"ST000669","analysis_id":"AN001025","analysis_summary":"C18 POSITIVE ION MODE","metabolite_name":"PC 36:4; [M+H]+@8.74","refmet_name":"PC 36:4"},"267":{"study_id":"ST000669","analysis_id":"AN001025","analysis_summary":"C18 POSITIVE ION MODE","metabolite_name":"PC 36:4; [M+Na]+@6.43","refmet_name":"PC 36:4"},"268":{"study_id":"ST000669","analysis_id":"AN001025","analysis_summary":"C18 POSITIVE ION MODE","metabolite_name":"PC 36:5; [M+H]+@6.54","refmet_name":"PC 36:5"},"269":{"study_id":"ST000669","analysis_id":"AN001025","analysis_summary":"C18 POSITIVE ION MODE","metabolite_name":"PC 36:6; [M+H]+@5.74","refmet_name":"PC 36:6"},"270":{"study_id":"ST000669","analysis_id":"AN001025","analysis_summary":"C18 POSITIVE ION MODE","metabolite_name":"PC 37:2; [M+H]+@7.63","refmet_name":"PC 37:2"},"271":{"study_id":"ST000669","analysis_id":"AN001025","analysis_summary":"C18 POSITIVE ION MODE","metabolite_name":"PC 37:5; [M+H]+@6.24","refmet_name":"PC 37:5"},"272":{"study_id":"ST000669","analysis_id":"AN001025","analysis_summary":"C18 POSITIVE ION MODE","metabolite_name":"PC 38:0; [M+H]+@7.10","refmet_name":"PC 38:0"},"273":{"study_id":"ST000669","analysis_id":"AN001025","analysis_summary":"C18 POSITIVE ION MODE","metabolite_name":"PC 38:1; [M+H]+@8.47","refmet_name":"PC 38:1"},"274":{"study_id":"ST000669","analysis_id":"AN001025","analysis_summary":"C18 POSITIVE ION MODE","metabolite_name":"PC 38:3; [M+H]+@8.69","refmet_name":"PC 38:3"},"275":{"study_id":"ST000669","analysis_id":"AN001025","analysis_summary":"C18 POSITIVE ION MODE","metabolite_name":"PC 38:4; [M+H]+@7.08","refmet_name":"PC 38:4"},"276":{"study_id":"ST000669","analysis_id":"AN001025","analysis_summary":"C18 POSITIVE ION MODE","metabolite_name":"PC 38:4; [M+H]+@9.64","refmet_name":"PC 38:4"},"277":{"study_id":"ST000669","analysis_id":"AN001025","analysis_summary":"C18 POSITIVE ION MODE","metabolite_name":"PC 38:6; [M+H]+@8.09","refmet_name":"PC 38:6"},"278":{"study_id":"ST000669","analysis_id":"AN001025","analysis_summary":"C18 POSITIVE ION MODE","metabolite_name":"PC 38:6; [M+Na]+@6.31","refmet_name":"PC 38:6"},"279":{"study_id":"ST000669","analysis_id":"AN001025","analysis_summary":"C18 POSITIVE ION MODE","metabolite_name":"PC 38:7; [M+H]+@6.02","refmet_name":"PC 38:7"},"280":{"study_id":"ST000669","analysis_id":"AN001025","analysis_summary":"C18 POSITIVE ION MODE","metabolite_name":"PC 38:8; [M+H]+@6.12","refmet_name":"PC 38:8"},"281":{"study_id":"ST000669","analysis_id":"AN001025","analysis_summary":"C18 POSITIVE ION MODE","metabolite_name":"PC 40:2; [M+H]+@8.62","refmet_name":"PC 40:2"},"282":{"study_id":"ST000669","analysis_id":"AN001025","analysis_summary":"C18 POSITIVE ION MODE","metabolite_name":"PC 40:8; [M+Na]+@5.98","refmet_name":"PC 40:8"},"283":{"study_id":"ST000669","analysis_id":"AN001025","analysis_summary":"C18 POSITIVE ION MODE","metabolite_name":"PC 40:9; [M+H]+@6.24","refmet_name":"PC 40:9"},"284":{"study_id":"ST000669","analysis_id":"AN001025","analysis_summary":"C18 POSITIVE ION MODE","metabolite_name":"PC 42:10; [M+H]+@5.89","refmet_name":"PC 42:10"},"285":{"study_id":"ST000669","analysis_id":"AN001025","analysis_summary":"C18 POSITIVE ION MODE","metabolite_name":"PC 42:5; [M+H]+@7.80","refmet_name":"PC 42:5"},"286":{"study_id":"ST000669","analysis_id":"AN001025","analysis_summary":"C18 POSITIVE ION MODE","metabolite_name":"PC 42:9; [M+H]+@6.14","refmet_name":"PC 42:9"},"287":{"study_id":"ST000669","analysis_id":"AN001025","analysis_summary":"C18 POSITIVE ION MODE","metabolite_name":"PE 34:0; [M+H]+@7.39","refmet_name":"PE 34:0"},"288":{"study_id":"ST000669","analysis_id":"AN001025","analysis_summary":"C18 POSITIVE ION MODE","metabolite_name":"PE 34:1; [M+H]+@6.87","refmet_name":"PE 34:1"},"289":{"study_id":"ST000669","analysis_id":"AN001025","analysis_summary":"C18 POSITIVE ION MODE","metabolite_name":"PE 34:2; [M+H]+@6.45","refmet_name":"PE 34:2"},"290":{"study_id":"ST000669","analysis_id":"AN001025","analysis_summary":"C18 POSITIVE ION MODE","metabolite_name":"PE 36:0; [M+H]+@7.95","refmet_name":"PE 36:0"},"291":{"study_id":"ST000669","analysis_id":"AN001025","analysis_summary":"C18 POSITIVE ION MODE","metabolite_name":"PE 36:2; [M+H]+@7.04","refmet_name":"PE 36:2"},"292":{"study_id":"ST000669","analysis_id":"AN001025","analysis_summary":"C18 POSITIVE ION MODE","metabolite_name":"PE 36:3; [M+H]+@6.58","refmet_name":"PE 36:3"},"293":{"study_id":"ST000669","analysis_id":"AN001025","analysis_summary":"C18 POSITIVE ION MODE","metabolite_name":"PE 36:3; [M+Na]+@6.29","refmet_name":"PE 36:3"},"294":{"study_id":"ST000669","analysis_id":"AN001025","analysis_summary":"C18 POSITIVE ION MODE","metabolite_name":"PE 36:4; [M+H]+@6.40","refmet_name":"PE 36:4"},"295":{"study_id":"ST000669","analysis_id":"AN001025","analysis_summary":"C18 POSITIVE ION MODE","metabolite_name":"PE 38:4; [M+H]+@7.04","refmet_name":"PE 38:4"},"296":{"study_id":"ST000669","analysis_id":"AN001025","analysis_summary":"C18 POSITIVE ION MODE","metabolite_name":"PE 38:5; [M+H]+@6.57","refmet_name":"PE 38:5"},"297":{"study_id":"ST000669","analysis_id":"AN001025","analysis_summary":"C18 POSITIVE ION MODE","metabolite_name":"PE 38:6; [M+H]+@6.29","refmet_name":"PE 38:6"},"298":{"study_id":"ST000669","analysis_id":"AN001025","analysis_summary":"C18 POSITIVE ION MODE","metabolite_name":"PE 40:6; [M+H]+@6.97","refmet_name":"PE 40:6"},"299":{"study_id":"ST000669","analysis_id":"AN001025","analysis_summary":"C18 POSITIVE ION MODE","metabolite_name":"plasmenyl-PC 18:0; [M+Na]+@1.87","refmet_name":"PC P-18:0"},"300":{"study_id":"ST000669","analysis_id":"AN001025","analysis_summary":"C18 POSITIVE ION MODE","metabolite_name":"plasmenyl-PC 38:4; [M+Na]+@6.93","refmet_name":"PC P-38:4"},"301":{"study_id":"ST000669","analysis_id":"AN001025","analysis_summary":"C18 POSITIVE ION MODE","metabolite_name":"plasmenyl-PC 44:4; [M+Na]+@8.98","refmet_name":"PC P-44:4"},"302":{"study_id":"ST000669","analysis_id":"AN001025","analysis_summary":"C18 POSITIVE ION MODE","metabolite_name":"plasmenyl-PE 34:1; [M+H]+@7.24","refmet_name":"PE P-34:1"},"303":{"study_id":"ST000669","analysis_id":"AN001025","analysis_summary":"C18 POSITIVE ION MODE","metabolite_name":"plasmenyl-PE 34:2; [M+H]+@6.80","refmet_name":"PE P-34:2"},"304":{"study_id":"ST000669","analysis_id":"AN001025","analysis_summary":"C18 POSITIVE ION MODE","metabolite_name":"plasmenyl-PE 36:1; [M+H]+@7.82","refmet_name":"PE P-36:1"},"305":{"study_id":"ST000669","analysis_id":"AN001025","analysis_summary":"C18 POSITIVE ION MODE","metabolite_name":"plasmenyl-PE 36:2; [M+H]+@7.39","refmet_name":"PE P-36:2"},"306":{"study_id":"ST000669","analysis_id":"AN001025","analysis_summary":"C18 POSITIVE ION MODE","metabolite_name":"plasmenyl-PE 36:4; [M+H]+@6.71","refmet_name":"PE P-36:4"},"307":{"study_id":"ST000669","analysis_id":"AN001025","analysis_summary":"C18 POSITIVE ION MODE","metabolite_name":"plasmenyl-PE 36:5; [M+H]+@6.32","refmet_name":"PE P-36:5"},"308":{"study_id":"ST000669","analysis_id":"AN001025","analysis_summary":"C18 POSITIVE ION MODE","metabolite_name":"plasmenyl-PE 38:2; [M+H]+@8.01","refmet_name":"PE P-38:2"},"309":{"study_id":"ST000669","analysis_id":"AN001025","analysis_summary":"C18 POSITIVE ION MODE","metabolite_name":"plasmenyl-PE 38:4; [M+H]+@7.28","refmet_name":"PE P-38:4"},"310":{"study_id":"ST000669","analysis_id":"AN001025","analysis_summary":"C18 POSITIVE ION MODE","metabolite_name":"plasmenyl-PE 38:6; [M+H]+@6.61","refmet_name":"PE P-38:6"},"311":{"study_id":"ST000669","analysis_id":"AN001025","analysis_summary":"C18 POSITIVE ION MODE","metabolite_name":"plasmenyl-PE 40:4; [M+H]+@7.74","refmet_name":"PE P-40:4"},"312":{"study_id":"ST000669","analysis_id":"AN001025","analysis_summary":"C18 POSITIVE ION MODE","metabolite_name":"plasmenyl-PE 40:5; [M+H]+@7.31","refmet_name":"PE P-40:5"},"313":{"study_id":"ST000669","analysis_id":"AN001025","analysis_summary":"C18 POSITIVE ION MODE","metabolite_name":"plasmenyl-PE 40:6; [M+H]+@7.25","refmet_name":"PE P-40:6"},"314":{"study_id":"ST000669","analysis_id":"AN001025","analysis_summary":"C18 POSITIVE ION MODE","metabolite_name":"SM 30:0; [M]+@4.74","refmet_name":"SM 30:0;O2"},"315":{"study_id":"ST000669","analysis_id":"AN001025","analysis_summary":"C18 POSITIVE ION MODE","metabolite_name":"SM 30:1; [M]+@4.41","refmet_name":"SM 30:1;O2"},"316":{"study_id":"ST000669","analysis_id":"AN001025","analysis_summary":"C18 POSITIVE ION MODE","metabolite_name":"SM 31:1; [M]+@4.83","refmet_name":"SM 31:1;O2"},"317":{"study_id":"ST000669","analysis_id":"AN001025","analysis_summary":"C18 POSITIVE ION MODE","metabolite_name":"SM 32:1; [M]+@5.08","refmet_name":"SM 32:1;O2"},"318":{"study_id":"ST000669","analysis_id":"AN001025","analysis_summary":"C18 POSITIVE ION MODE","metabolite_name":"SM 32:1; [M+Na]+@5.23","refmet_name":"SM 32:1;O2"},"319":{"study_id":"ST000669","analysis_id":"AN001025","analysis_summary":"C18 POSITIVE ION MODE","metabolite_name":"SM 33:1; [M+Na]+@5.62","refmet_name":"SM 33:1;O2"},"320":{"study_id":"ST000669","analysis_id":"AN001025","analysis_summary":"C18 POSITIVE ION MODE","metabolite_name":"SM 33:2; [M]+@5.14","refmet_name":"SM 33:2;O2"},"321":{"study_id":"ST000669","analysis_id":"AN001025","analysis_summary":"C18 POSITIVE ION MODE","metabolite_name":"SM 34:0; [M]+@6.30","refmet_name":"SM 34:0;O2"},"322":{"study_id":"ST000669","analysis_id":"AN001025","analysis_summary":"C18 POSITIVE ION MODE","metabolite_name":"SM 34:1; [M]+@5.93","refmet_name":"SM 34:1;O2"},"323":{"study_id":"ST000669","analysis_id":"AN001025","analysis_summary":"C18 POSITIVE ION MODE","metabolite_name":"SM 34:1; [M+Na]+@5.99","refmet_name":"SM 34:1;O2"},"324":{"study_id":"ST000669","analysis_id":"AN001025","analysis_summary":"C18 POSITIVE ION MODE","metabolite_name":"SM 34:2; [M+Na]+@5.45","refmet_name":"SM 34:2;O2"},"325":{"study_id":"ST000669","analysis_id":"AN001025","analysis_summary":"C18 POSITIVE ION MODE","metabolite_name":"SM 35:0; [M]+@9.18","refmet_name":"SM 35:0;O2"},"326":{"study_id":"ST000669","analysis_id":"AN001025","analysis_summary":"C18 POSITIVE ION MODE","metabolite_name":"SM 35:1; [M]+@9.47","refmet_name":"SM 35:1;O2"},"327":{"study_id":"ST000669","analysis_id":"AN001025","analysis_summary":"C18 POSITIVE ION MODE","metabolite_name":"SM 35:1; [M+Na]+@6.37","refmet_name":"SM 35:1;O2"},"328":{"study_id":"ST000669","analysis_id":"AN001025","analysis_summary":"C18 POSITIVE ION MODE","metabolite_name":"SM 35:2; [M]+@5.80","refmet_name":"SM 35:2;O2"},"329":{"study_id":"ST000669","analysis_id":"AN001025","analysis_summary":"C18 POSITIVE ION MODE","metabolite_name":"SM 36:1; [M+Na]+@6.75","refmet_name":"SM 36:1;O2"},"330":{"study_id":"ST000669","analysis_id":"AN001025","analysis_summary":"C18 POSITIVE ION MODE","metabolite_name":"SM 37:0; [M]+@9.62","refmet_name":"SM 18:1;O2\/37:0"},"331":{"study_id":"ST000669","analysis_id":"AN001025","analysis_summary":"C18 POSITIVE ION MODE","metabolite_name":"SM 37:1; [M]+@7.14","refmet_name":"SM 37:1;O2"},"332":{"study_id":"ST000669","analysis_id":"AN001025","analysis_summary":"C18 POSITIVE ION MODE","metabolite_name":"SM 37:2; [M]+@6.63","refmet_name":"SM 37:2;O2"},"333":{"study_id":"ST000669","analysis_id":"AN001025","analysis_summary":"C18 POSITIVE ION MODE","metabolite_name":"SM 38:1; [M]+@8.44","refmet_name":"SM 38:1;O2"},"334":{"study_id":"ST000669","analysis_id":"AN001025","analysis_summary":"C18 POSITIVE ION MODE","metabolite_name":"SM 38:2; [M]+@6.87","refmet_name":"SM 38:2;O2"},"335":{"study_id":"ST000669","analysis_id":"AN001025","analysis_summary":"C18 POSITIVE ION MODE","metabolite_name":"SM 38:4; [M]+@5.93","refmet_name":"SM 38:4;O2"},"336":{"study_id":"ST000669","analysis_id":"AN001025","analysis_summary":"C18 POSITIVE ION MODE","metabolite_name":"SM 39:1; [M]+@8.14","refmet_name":"SM 39:1;O2"},"337":{"study_id":"ST000669","analysis_id":"AN001025","analysis_summary":"C18 POSITIVE ION MODE","metabolite_name":"SM 39:2; [M]+@7.24","refmet_name":"SM 39:2;O2"},"338":{"study_id":"ST000669","analysis_id":"AN001025","analysis_summary":"C18 POSITIVE ION MODE","metabolite_name":"SM 40:1; [M+Na]+@8.20","refmet_name":"SM 40:1;O2"},"339":{"study_id":"ST000669","analysis_id":"AN001025","analysis_summary":"C18 POSITIVE ION MODE","metabolite_name":"SM 40:2; [M+Na]+@7.54","refmet_name":"SM 40:2;O2"},"340":{"study_id":"ST000669","analysis_id":"AN001025","analysis_summary":"C18 POSITIVE ION MODE","metabolite_name":"SM 40:4; [M]+@6.47","refmet_name":"SM 40:4;O2"},"341":{"study_id":"ST000669","analysis_id":"AN001025","analysis_summary":"C18 POSITIVE ION MODE","metabolite_name":"SM 40:5; [M]+@6.06","refmet_name":"SM 40:5;O2"},"342":{"study_id":"ST000669","analysis_id":"AN001025","analysis_summary":"C18 POSITIVE ION MODE","metabolite_name":"SM 41:1; [M]+@8.30","refmet_name":"SM 41:1;O2"},"343":{"study_id":"ST000669","analysis_id":"AN001025","analysis_summary":"C18 POSITIVE ION MODE","metabolite_name":"SM 41:1; [M+Na]+@8.41","refmet_name":"SM 41:1;O2"},"344":{"study_id":"ST000669","analysis_id":"AN001025","analysis_summary":"C18 POSITIVE ION MODE","metabolite_name":"SM 41:2; [M]+@7.88","refmet_name":"SM 41:2;O2"},"345":{"study_id":"ST000669","analysis_id":"AN001025","analysis_summary":"C18 POSITIVE ION MODE","metabolite_name":"SM 41:2; [M+Na]+@7.91","refmet_name":"SM 41:2;O2"},"346":{"study_id":"ST000669","analysis_id":"AN001025","analysis_summary":"C18 POSITIVE ION MODE","metabolite_name":"SM 42:1; [M]+@11.10","refmet_name":"SM 42:1;O2"},"347":{"study_id":"ST000669","analysis_id":"AN001025","analysis_summary":"C18 POSITIVE ION MODE","metabolite_name":"SM 42:1; [M+Na]+@8.82","refmet_name":"SM 42:1;O2"},"348":{"study_id":"ST000669","analysis_id":"AN001025","analysis_summary":"C18 POSITIVE ION MODE","metabolite_name":"SM 42:2; [M]+@8.31","refmet_name":"SM 42:2;O2"},"349":{"study_id":"ST000669","analysis_id":"AN001025","analysis_summary":"C18 POSITIVE ION MODE","metabolite_name":"SM 42:2; [M+Na]+@8.21","refmet_name":"SM 42:2;O2"},"350":{"study_id":"ST000669","analysis_id":"AN001025","analysis_summary":"C18 POSITIVE ION MODE","metabolite_name":"SM 42:4; [M]+@7.07","refmet_name":"SM 42:4;O2"},"351":{"study_id":"ST000669","analysis_id":"AN001025","analysis_summary":"C18 POSITIVE ION MODE","metabolite_name":"SM 42:4; [M]+@8.00","refmet_name":"SM 42:4;O2"},"352":{"study_id":"ST000669","analysis_id":"AN001025","analysis_summary":"C18 POSITIVE ION MODE","metabolite_name":"SM 42:5; [M]+@6.70","refmet_name":"SM 42:5;O2"},"353":{"study_id":"ST000669","analysis_id":"AN001025","analysis_summary":"C18 POSITIVE ION MODE","metabolite_name":"SM 42:5; [M]+@7.67","refmet_name":"SM 42:5;O2"},"354":{"study_id":"ST000669","analysis_id":"AN001025","analysis_summary":"C18 POSITIVE ION MODE","metabolite_name":"SM 43:1; [M]+@8.99","refmet_name":"SM 43:1;O2"},"355":{"study_id":"ST000669","analysis_id":"AN001025","analysis_summary":"C18 POSITIVE ION MODE","metabolite_name":"SM 43:2; [M]+@8.40","refmet_name":"SM 43:2;O2"},"356":{"study_id":"ST000669","analysis_id":"AN001025","analysis_summary":"C18 POSITIVE ION MODE","metabolite_name":"SM 44:1; [M]+@9.48","refmet_name":"SM 44:1;O2"},"357":{"study_id":"ST000669","analysis_id":"AN001025","analysis_summary":"C18 POSITIVE ION MODE","metabolite_name":"SM 44:2; [M]+@8.69","refmet_name":"SM 44:2;O2"},"358":{"study_id":"ST000669","analysis_id":"AN001025","analysis_summary":"C18 POSITIVE ION MODE","metabolite_name":"TG 40:0; [M+Na]+@9.48","refmet_name":"TG 40:0"},"359":{"study_id":"ST000669","analysis_id":"AN001025","analysis_summary":"C18 POSITIVE ION MODE","metabolite_name":"TG 40:0; [M+NH4]+@9.49","refmet_name":"TG 40:0"},"360":{"study_id":"ST000669","analysis_id":"AN001025","analysis_summary":"C18 POSITIVE ION MODE","metabolite_name":"TG 40:1; [M+NH4]+@9.18","refmet_name":"TG 40:1"},"361":{"study_id":"ST000669","analysis_id":"AN001025","analysis_summary":"C18 POSITIVE ION MODE","metabolite_name":"TG 42:0; [M+NH4]+@9.77","refmet_name":"TG 42:0"},"362":{"study_id":"ST000669","analysis_id":"AN001025","analysis_summary":"C18 POSITIVE ION MODE","metabolite_name":"TG 42:1; [M+NH4]+@9.55","refmet_name":"TG 42:1"},"363":{"study_id":"ST000669","analysis_id":"AN001025","analysis_summary":"C18 POSITIVE ION MODE","metabolite_name":"TG 42:2; [M+NH4]+@9.22","refmet_name":"TG 42:2"},"364":{"study_id":"ST000669","analysis_id":"AN001025","analysis_summary":"C18 POSITIVE ION MODE","metabolite_name":"TG 44:1; [M+Na]+@9.82","refmet_name":"TG 44:1"},"365":{"study_id":"ST000669","analysis_id":"AN001025","analysis_summary":"C18 POSITIVE ION MODE","metabolite_name":"TG 44:1; [M+NH4]+@9.82","refmet_name":"TG 44:1"},"366":{"study_id":"ST000669","analysis_id":"AN001025","analysis_summary":"C18 POSITIVE ION MODE","metabolite_name":"TG 44:2; [M+NH4]+@9.58","refmet_name":"TG 44:2"},"367":{"study_id":"ST000669","analysis_id":"AN001025","analysis_summary":"C18 POSITIVE ION MODE","metabolite_name":"TG 46:0; [M+NH4]+@10.32","refmet_name":"TG 46:0"},"368":{"study_id":"ST000669","analysis_id":"AN001025","analysis_summary":"C18 POSITIVE ION MODE","metabolite_name":"TG 46:1; [M+NH4]+@10.08","refmet_name":"TG 46:1"},"369":{"study_id":"ST000669","analysis_id":"AN001025","analysis_summary":"C18 POSITIVE ION MODE","metabolite_name":"TG 46:2; [M+NH4]+@9.82","refmet_name":"TG 46:2"},"370":{"study_id":"ST000669","analysis_id":"AN001025","analysis_summary":"C18 POSITIVE ION MODE","metabolite_name":"TG 46:3; [M+NH4]+@9.64","refmet_name":"TG 46:3"},"371":{"study_id":"ST000669","analysis_id":"AN001025","analysis_summary":"C18 POSITIVE ION MODE","metabolite_name":"TG 48:0; [M+NH4]+@10.56","refmet_name":"TG 48:0"},"372":{"study_id":"ST000669","analysis_id":"AN001025","analysis_summary":"C18 POSITIVE ION MODE","metabolite_name":"TG 48:1; [M+Na]+@10.35","refmet_name":"TG 48:1"},"373":{"study_id":"ST000669","analysis_id":"AN001025","analysis_summary":"C18 POSITIVE ION MODE","metabolite_name":"TG 48:1; [M+NH4]+@10.35","refmet_name":"TG 48:1"},"374":{"study_id":"ST000669","analysis_id":"AN001025","analysis_summary":"C18 POSITIVE ION MODE","metabolite_name":"TG 48:2; [M+Na]+@10.14","refmet_name":"TG 48:2"},"375":{"study_id":"ST000669","analysis_id":"AN001025","analysis_summary":"C18 POSITIVE ION MODE","metabolite_name":"TG 48:2; [M+NH4]+@10.11","refmet_name":"TG 48:2"},"376":{"study_id":"ST000669","analysis_id":"AN001025","analysis_summary":"C18 POSITIVE ION MODE","metabolite_name":"TG 48:3; [M+NH4]+@9.87","refmet_name":"TG 48:3"},"377":{"study_id":"ST000669","analysis_id":"AN001025","analysis_summary":"C18 POSITIVE ION MODE","metabolite_name":"TG 49:1; [M+NH4]+@10.44","refmet_name":"TG 49:1"},"378":{"study_id":"ST000669","analysis_id":"AN001025","analysis_summary":"C18 POSITIVE ION MODE","metabolite_name":"TG 49:2; [M+NH4]+@10.25","refmet_name":"TG 49:2"},"379":{"study_id":"ST000669","analysis_id":"AN001025","analysis_summary":"C18 POSITIVE ION MODE","metabolite_name":"TG 49:3; [M+NH4]+@10.05","refmet_name":"TG 49:3"},"380":{"study_id":"ST000669","analysis_id":"AN001025","analysis_summary":"C18 POSITIVE ION MODE","metabolite_name":"TG 50:0; [M+NH4]+@10.81","refmet_name":"TG 50:0"},"381":{"study_id":"ST000669","analysis_id":"AN001025","analysis_summary":"C18 POSITIVE ION MODE","metabolite_name":"TG 50:1; [M+NH4]+@10.61","refmet_name":"TG 50:1"},"382":{"study_id":"ST000669","analysis_id":"AN001025","analysis_summary":"C18 POSITIVE ION MODE","metabolite_name":"TG 50:2; [M+Na]+@10.38","refmet_name":"TG 50:2"},"383":{"study_id":"ST000669","analysis_id":"AN001025","analysis_summary":"C18 POSITIVE ION MODE","metabolite_name":"TG 50:2; [M+NH4]+@10.37","refmet_name":"TG 50:2"},"384":{"study_id":"ST000669","analysis_id":"AN001025","analysis_summary":"C18 POSITIVE ION MODE","metabolite_name":"TG 50:3; [M+Na]+@10.17","refmet_name":"TG 50:3"},"385":{"study_id":"ST000669","analysis_id":"AN001025","analysis_summary":"C18 POSITIVE ION MODE","metabolite_name":"TG 50:3; [M+NH4]+@10.15","refmet_name":"TG 50:3"},"386":{"study_id":"ST000669","analysis_id":"AN001025","analysis_summary":"C18 POSITIVE ION MODE","metabolite_name":"TG 50:4; [M+NH4]+@9.95","refmet_name":"TG 50:4"},"387":{"study_id":"ST000669","analysis_id":"AN001025","analysis_summary":"C18 POSITIVE ION MODE","metabolite_name":"TG 50:5; [M+NH4]+@9.77","refmet_name":"TG 50:5"},"388":{"study_id":"ST000669","analysis_id":"AN001025","analysis_summary":"C18 POSITIVE ION MODE","metabolite_name":"TG 51:1; [M+NH4]+@10.12","refmet_name":"TG 51:1"},"389":{"study_id":"ST000669","analysis_id":"AN001025","analysis_summary":"C18 POSITIVE ION MODE","metabolite_name":"TG 51:2; [M+NH4]+@10.51","refmet_name":"TG 51:2"},"390":{"study_id":"ST000669","analysis_id":"AN001025","analysis_summary":"C18 POSITIVE ION MODE","metabolite_name":"TG 51:2; [M+NH4]+@9.85","refmet_name":"TG 51:2"},"391":{"study_id":"ST000669","analysis_id":"AN001025","analysis_summary":"C18 POSITIVE ION MODE","metabolite_name":"TG 51:3; [M+NH4]+@10.32","refmet_name":"TG 51:3"},"392":{"study_id":"ST000669","analysis_id":"AN001025","analysis_summary":"C18 POSITIVE ION MODE","metabolite_name":"TG 51:3; [M+NH4]+@9.66","refmet_name":"TG 51:3"},"393":{"study_id":"ST000669","analysis_id":"AN001025","analysis_summary":"C18 POSITIVE ION MODE","metabolite_name":"TG 51:4; [M+NH4]+@10.11","refmet_name":"TG 51:4"},"394":{"study_id":"ST000669","analysis_id":"AN001025","analysis_summary":"C18 POSITIVE ION MODE","metabolite_name":"TG 51:5; [M+NH4]+@9.90","refmet_name":"TG 51:5"},"395":{"study_id":"ST000669","analysis_id":"AN001025","analysis_summary":"C18 POSITIVE ION MODE","metabolite_name":"TG 52:0; [M+NH4]+@11.10","refmet_name":"TG 52:0"},"396":{"study_id":"ST000669","analysis_id":"AN001025","analysis_summary":"C18 POSITIVE ION MODE","metabolite_name":"TG 52:1; [M+Na]+@10.81","refmet_name":"TG 52:1"},"397":{"study_id":"ST000669","analysis_id":"AN001025","analysis_summary":"C18 POSITIVE ION MODE","metabolite_name":"TG 52:1; [M+NH4]+@10.82","refmet_name":"TG 52:1"},"398":{"study_id":"ST000669","analysis_id":"AN001025","analysis_summary":"C18 POSITIVE ION MODE","metabolite_name":"TG 52:2; [M+Na]+@10.62","refmet_name":"TG 52:2"},"399":{"study_id":"ST000669","analysis_id":"AN001025","analysis_summary":"C18 POSITIVE ION MODE","metabolite_name":"TG 52:2; [M+NH4]+@10.63","refmet_name":"TG 52:2"},"400":{"study_id":"ST000669","analysis_id":"AN001025","analysis_summary":"C18 POSITIVE ION MODE","metabolite_name":"TG 52:3; [M+Na]+@10.42","refmet_name":"TG 52:3"},"401":{"study_id":"ST000669","analysis_id":"AN001025","analysis_summary":"C18 POSITIVE ION MODE","metabolite_name":"TG 52:3; [M+NH4]+@10.40","refmet_name":"TG 52:3"},"402":{"study_id":"ST000669","analysis_id":"AN001025","analysis_summary":"C18 POSITIVE ION MODE","metabolite_name":"TG 52:4; [M+Na]+@10.22","refmet_name":"TG 52:4"},"403":{"study_id":"ST000669","analysis_id":"AN001025","analysis_summary":"C18 POSITIVE ION MODE","metabolite_name":"TG 52:4; [M+NH4]+@10.21","refmet_name":"TG 52:4"},"404":{"study_id":"ST000669","analysis_id":"AN001025","analysis_summary":"C18 POSITIVE ION MODE","metabolite_name":"TG 52:5; [M+Na]+@10.03","refmet_name":"TG 52:5"},"405":{"study_id":"ST000669","analysis_id":"AN001025","analysis_summary":"C18 POSITIVE ION MODE","metabolite_name":"TG 52:5; [M+NH4]+@10.03","refmet_name":"TG 52:5"},"406":{"study_id":"ST000669","analysis_id":"AN001025","analysis_summary":"C18 POSITIVE ION MODE","metabolite_name":"TG 52:6; [M+Na]+@9.78","refmet_name":"TG 52:6"},"407":{"study_id":"ST000669","analysis_id":"AN001025","analysis_summary":"C18 POSITIVE ION MODE","metabolite_name":"TG 52:6; [M+NH4]+@9.84","refmet_name":"TG 52:6"},"408":{"study_id":"ST000669","analysis_id":"AN001025","analysis_summary":"C18 POSITIVE ION MODE","metabolite_name":"TG 52:7; [M+NH4]+@9.64","refmet_name":"TG 52:7"},"409":{"study_id":"ST000669","analysis_id":"AN001025","analysis_summary":"C18 POSITIVE ION MODE","metabolite_name":"TG 53:0; [M+NH4]+@11.15","refmet_name":"TG 53:0"},"410":{"study_id":"ST000669","analysis_id":"AN001025","analysis_summary":"C18 POSITIVE ION MODE","metabolite_name":"TG 53:1; [M+NH4]+@10.96","refmet_name":"TG 53:1"},"411":{"study_id":"ST000669","analysis_id":"AN001025","analysis_summary":"C18 POSITIVE ION MODE","metabolite_name":"TG 53:2; [M+NH4]+@10.74","refmet_name":"TG 53:2"},"412":{"study_id":"ST000669","analysis_id":"AN001025","analysis_summary":"C18 POSITIVE ION MODE","metabolite_name":"TG 53:3; [M+NH4]+@10.54","refmet_name":"TG 53:3"},"413":{"study_id":"ST000669","analysis_id":"AN001025","analysis_summary":"C18 POSITIVE ION MODE","metabolite_name":"TG 53:4; [M+NH4]+@10.35","refmet_name":"TG 53:4"},"414":{"study_id":"ST000669","analysis_id":"AN001025","analysis_summary":"C18 POSITIVE ION MODE","metabolite_name":"TG 53:5; [M+NH4]+@10.13","refmet_name":"TG 53:5"},"415":{"study_id":"ST000669","analysis_id":"AN001025","analysis_summary":"C18 POSITIVE ION MODE","metabolite_name":"TG 54:0; [M+NH4]+@11.29","refmet_name":"TG 54:0"},"416":{"study_id":"ST000669","analysis_id":"AN001025","analysis_summary":"C18 POSITIVE ION MODE","metabolite_name":"TG 54:1; [M+NH4]+@11.11","refmet_name":"TG 54:1"},"417":{"study_id":"ST000669","analysis_id":"AN001025","analysis_summary":"C18 POSITIVE ION MODE","metabolite_name":"TG 54:2; [M+Na]+@10.85","refmet_name":"TG 54:2"},"418":{"study_id":"ST000669","analysis_id":"AN001025","analysis_summary":"C18 POSITIVE ION MODE","metabolite_name":"TG 54:2; [M+NH4]+@10.82","refmet_name":"TG 54:2"},"419":{"study_id":"ST000669","analysis_id":"AN001025","analysis_summary":"C18 POSITIVE ION MODE","metabolite_name":"TG 54:3; [M+Na]+@10.66","refmet_name":"TG 54:3"},"420":{"study_id":"ST000669","analysis_id":"AN001025","analysis_summary":"C18 POSITIVE ION MODE","metabolite_name":"TG 54:3; [M+NH4]+@10.66","refmet_name":"TG 54:3"},"421":{"study_id":"ST000669","analysis_id":"AN001025","analysis_summary":"C18 POSITIVE ION MODE","metabolite_name":"TG 54:4; [M+NH4]+@10.47","refmet_name":"TG 54:4"},"422":{"study_id":"ST000669","analysis_id":"AN001025","analysis_summary":"C18 POSITIVE ION MODE","metabolite_name":"TG 54:5; [M+NH4]+@10.26","refmet_name":"TG 54:5"},"423":{"study_id":"ST000669","analysis_id":"AN001025","analysis_summary":"C18 POSITIVE ION MODE","metabolite_name":"TG 54:6; [M+Na]+@10.07","refmet_name":"TG 54:6"},"424":{"study_id":"ST000669","analysis_id":"AN001025","analysis_summary":"C18 POSITIVE ION MODE","metabolite_name":"TG 54:6; [M+NH4]+@10.09","refmet_name":"TG 54:6"},"425":{"study_id":"ST000669","analysis_id":"AN001025","analysis_summary":"C18 POSITIVE ION MODE","metabolite_name":"TG 54:7; [M+Na]+@9.84","refmet_name":"TG 54:7"},"426":{"study_id":"ST000669","analysis_id":"AN001025","analysis_summary":"C18 POSITIVE ION MODE","metabolite_name":"TG 54:7; [M+NH4]+@9.90","refmet_name":"TG 54:7"},"427":{"study_id":"ST000669","analysis_id":"AN001025","analysis_summary":"C18 POSITIVE ION MODE","metabolite_name":"TG 54:8; [M+NH4]+@9.72","refmet_name":"TG 54:8"},"428":{"study_id":"ST000669","analysis_id":"AN001025","analysis_summary":"C18 POSITIVE ION MODE","metabolite_name":"TG 54:9; [M+NH4]+@9.55","refmet_name":"TG 54:9"},"429":{"study_id":"ST000669","analysis_id":"AN001025","analysis_summary":"C18 POSITIVE ION MODE","metabolite_name":"TG 55:1; [M+NH4]+@11.18","refmet_name":"TG 55:1"},"430":{"study_id":"ST000669","analysis_id":"AN001025","analysis_summary":"C18 POSITIVE ION MODE","metabolite_name":"TG 55:2; [M+NH4]+@11.05","refmet_name":"TG 55:2"},"431":{"study_id":"ST000669","analysis_id":"AN001025","analysis_summary":"C18 POSITIVE ION MODE","metabolite_name":"TG 55:5; [M+NH4]+@10.48","refmet_name":"TG 55:5"},"432":{"study_id":"ST000669","analysis_id":"AN001025","analysis_summary":"C18 POSITIVE ION MODE","metabolite_name":"TG 55:6; [M+NH4]+@10.24","refmet_name":"TG 55:6"},"433":{"study_id":"ST000669","analysis_id":"AN001025","analysis_summary":"C18 POSITIVE ION MODE","metabolite_name":"TG 56:0; [M+NH4]+@11.32","refmet_name":"TG 56:0"},"434":{"study_id":"ST000669","analysis_id":"AN001025","analysis_summary":"C18 POSITIVE ION MODE","metabolite_name":"TG 56:10; [M+NH4]+@9.69","refmet_name":"TG 56:10"},"435":{"study_id":"ST000669","analysis_id":"AN001025","analysis_summary":"C18 POSITIVE ION MODE","metabolite_name":"TG 56:1; [M+NH4]+@11.30","refmet_name":"TG 56:1"},"436":{"study_id":"ST000669","analysis_id":"AN001025","analysis_summary":"C18 POSITIVE ION MODE","metabolite_name":"TG 56:2; [M+NH4]+@11.09","refmet_name":"TG 56:2"},"437":{"study_id":"ST000669","analysis_id":"AN001025","analysis_summary":"C18 POSITIVE ION MODE","metabolite_name":"TG 56:3; [M+NH4]+@11.00","refmet_name":"TG 56:3"},"438":{"study_id":"ST000669","analysis_id":"AN001025","analysis_summary":"C18 POSITIVE ION MODE","metabolite_name":"TG 56:4; [M+NH4]+@10.80","refmet_name":"TG 56:4"},"439":{"study_id":"ST000669","analysis_id":"AN001025","analysis_summary":"C18 POSITIVE ION MODE","metabolite_name":"TG 56:5; [M+NH4]+@10.54","refmet_name":"TG 56:5"},"440":{"study_id":"ST000669","analysis_id":"AN001025","analysis_summary":"C18 POSITIVE ION MODE","metabolite_name":"TG 56:6; [M+NH4]+@10.39","refmet_name":"TG 56:6"},"441":{"study_id":"ST000669","analysis_id":"AN001025","analysis_summary":"C18 POSITIVE ION MODE","metabolite_name":"TG 56:7; [M+Na]+@10.16","refmet_name":"TG 56:7"},"442":{"study_id":"ST000669","analysis_id":"AN001025","analysis_summary":"C18 POSITIVE ION MODE","metabolite_name":"TG 56:7; [M+NH4]+@10.19","refmet_name":"TG 56:7"},"443":{"study_id":"ST000669","analysis_id":"AN001025","analysis_summary":"C18 POSITIVE ION MODE","metabolite_name":"TG 56:8; [M+Na]+@10.00","refmet_name":"TG 56:8"},"444":{"study_id":"ST000669","analysis_id":"AN001025","analysis_summary":"C18 POSITIVE ION MODE","metabolite_name":"TG 56:8; [M+NH4]+@10.06","refmet_name":"TG 56:8"},"445":{"study_id":"ST000669","analysis_id":"AN001025","analysis_summary":"C18 POSITIVE ION MODE","metabolite_name":"TG 56:9; [M+NH4]+@9.82","refmet_name":"TG 56:9"},"446":{"study_id":"ST000669","analysis_id":"AN001025","analysis_summary":"C18 POSITIVE ION MODE","metabolite_name":"TG 57:1; [M+NH4]+@11.43","refmet_name":"TG 57:1"},"447":{"study_id":"ST000669","analysis_id":"AN001025","analysis_summary":"C18 POSITIVE ION MODE","metabolite_name":"TG 57:4; [M+NH4]+@10.82","refmet_name":"TG 57:4"},"448":{"study_id":"ST000669","analysis_id":"AN001025","analysis_summary":"C18 POSITIVE ION MODE","metabolite_name":"TG 57:8; [M+NH4]+@10.20","refmet_name":"TG 57:8"},"449":{"study_id":"ST000669","analysis_id":"AN001025","analysis_summary":"C18 POSITIVE ION MODE","metabolite_name":"TG 58:10; [M+NH4]+@9.96","refmet_name":"TG 58:10"},"450":{"study_id":"ST000669","analysis_id":"AN001025","analysis_summary":"C18 POSITIVE ION MODE","metabolite_name":"TG 58:11; [M+NH4]+@9.80","refmet_name":"TG 58:11"},"451":{"study_id":"ST000669","analysis_id":"AN001025","analysis_summary":"C18 POSITIVE ION MODE","metabolite_name":"TG 58:12; [M+NH4]+@9.64","refmet_name":"TG 58:12"},"452":{"study_id":"ST000669","analysis_id":"AN001025","analysis_summary":"C18 POSITIVE ION MODE","metabolite_name":"TG 58:1; [M+NH4]+@11.55","refmet_name":"TG 58:1"},"453":{"study_id":"ST000669","analysis_id":"AN001025","analysis_summary":"C18 POSITIVE ION MODE","metabolite_name":"TG 58:2; [M+NH4]+@11.32","refmet_name":"TG 58:2"},"454":{"study_id":"ST000669","analysis_id":"AN001025","analysis_summary":"C18 POSITIVE ION MODE","metabolite_name":"TG 58:3; [M+NH4]+@11.12","refmet_name":"TG 58:3"},"455":{"study_id":"ST000669","analysis_id":"AN001025","analysis_summary":"C18 POSITIVE ION MODE","metabolite_name":"TG 58:4; [M+NH4]+@10.98","refmet_name":"TG 58:4"},"456":{"study_id":"ST000669","analysis_id":"AN001025","analysis_summary":"C18 POSITIVE ION MODE","metabolite_name":"TG 58:5; [M+NH4]+@10.78","refmet_name":"TG 58:5"},"457":{"study_id":"ST000669","analysis_id":"AN001025","analysis_summary":"C18 POSITIVE ION MODE","metabolite_name":"TG 58:7; [M+NH4]+@10.41","refmet_name":"TG 58:7"},"458":{"study_id":"ST000669","analysis_id":"AN001025","analysis_summary":"C18 POSITIVE ION MODE","metabolite_name":"TG 58:8; [M+NH4]+@10.34","refmet_name":"TG 58:8"},"459":{"study_id":"ST000669","analysis_id":"AN001025","analysis_summary":"C18 POSITIVE ION MODE","metabolite_name":"TG 58:9; [M+NH4]+@10.14","refmet_name":"TG 58:9"},"460":{"study_id":"ST000669","analysis_id":"AN001025","analysis_summary":"C18 POSITIVE ION MODE","metabolite_name":"TG 59:2; [M+NH4]+@11.44","refmet_name":"TG 59:2"},"461":{"study_id":"ST000669","analysis_id":"AN001025","analysis_summary":"C18 POSITIVE ION MODE","metabolite_name":"TG 59:3; [M+NH4]+@11.31","refmet_name":"TG 59:3"},"462":{"study_id":"ST000669","analysis_id":"AN001025","analysis_summary":"C18 POSITIVE ION MODE","metabolite_name":"TG 59:7; [M+NH4]+@10.56","refmet_name":"TG 59:7"},"463":{"study_id":"ST000669","analysis_id":"AN001025","analysis_summary":"C18 POSITIVE ION MODE","metabolite_name":"TG 60:10; [M+NH4]+@10.21","refmet_name":"TG 60:10"},"464":{"study_id":"ST000669","analysis_id":"AN001025","analysis_summary":"C18 POSITIVE ION MODE","metabolite_name":"TG 60:11; [M+NH4]+@10.05","refmet_name":"TG 60:11"},"465":{"study_id":"ST000669","analysis_id":"AN001025","analysis_summary":"C18 POSITIVE ION MODE","metabolite_name":"TG 60:12; [M+NH4]+@9.88","refmet_name":"TG 60:12"},"466":{"study_id":"ST000669","analysis_id":"AN001025","analysis_summary":"C18 POSITIVE ION MODE","metabolite_name":"TG 60:13; [M+NH4]+@9.73","refmet_name":"TG 60:13"},"467":{"study_id":"ST000669","analysis_id":"AN001025","analysis_summary":"C18 POSITIVE ION MODE","metabolite_name":"TG 60:1; [M+NH4]+@11.83","refmet_name":"TG 60:1"},"468":{"study_id":"ST000669","analysis_id":"AN001025","analysis_summary":"C18 POSITIVE ION MODE","metabolite_name":"TG 60:2; [M+NH4]+@11.59","refmet_name":"TG 60:2"},"469":{"study_id":"ST000669","analysis_id":"AN001025","analysis_summary":"C18 POSITIVE ION MODE","metabolite_name":"TG 60:3; [M+NH4]+@11.40","refmet_name":"TG 60:3"},"470":{"study_id":"ST000669","analysis_id":"AN001025","analysis_summary":"C18 POSITIVE ION MODE","metabolite_name":"TG 60:4; [M+NH4]+@11.14","refmet_name":"TG 60:4"},"471":{"study_id":"ST000669","analysis_id":"AN001025","analysis_summary":"C18 POSITIVE ION MODE","metabolite_name":"TG 60:5; [M+NH4]+@11.06","refmet_name":"TG 60:5"},"472":{"study_id":"ST000669","analysis_id":"AN001025","analysis_summary":"C18 POSITIVE ION MODE","metabolite_name":"TG 60:6; [M+NH4]+@10.81","refmet_name":"TG 60:6"},"473":{"study_id":"ST000669","analysis_id":"AN001025","analysis_summary":"C18 POSITIVE ION MODE","metabolite_name":"TG 60:9; [M+NH4]+@10.31","refmet_name":"TG 60:9"},"474":{"study_id":"ST000669","analysis_id":"AN001025","analysis_summary":"C18 POSITIVE ION MODE","metabolite_name":"TG 62:11; [M+NH4]+@10.24","refmet_name":"TG 62:11"},"475":{"study_id":"ST000669","analysis_id":"AN001025","analysis_summary":"C18 POSITIVE ION MODE","metabolite_name":"TG 62:12; [M+NH4]+@10.11","refmet_name":"TG 62:12"},"476":{"study_id":"ST000669","analysis_id":"AN001025","analysis_summary":"C18 POSITIVE ION MODE","metabolite_name":"TG 62:14; [M+NH4]+@9.83","refmet_name":"TG 62:14"},"477":{"study_id":"ST000669","analysis_id":"AN001025","analysis_summary":"C18 POSITIVE ION MODE","metabolite_name":"TG 62:2; [M+NH4]+@11.88","refmet_name":"TG 62:2"},"478":{"study_id":"ST000669","analysis_id":"AN001025","analysis_summary":"C18 POSITIVE ION MODE","metabolite_name":"TG 62:3; [M+NH4]+@11.63","refmet_name":"TG 62:3"},"479":{"study_id":"ST000669","analysis_id":"AN001025","analysis_summary":"C18 POSITIVE ION MODE","metabolite_name":"TG 62:5; [M+NH4]+@11.18","refmet_name":"TG 62:5"},"480":{"study_id":"ST000669","analysis_id":"AN001025","analysis_summary":"C18 POSITIVE ION MODE","metabolite_name":"TG 62:6; [M+NH4]+@11.03","refmet_name":"TG 62:6"},"481":{"study_id":"ST000669","analysis_id":"AN001025","analysis_summary":"C18 POSITIVE ION MODE","metabolite_name":"TG 62:7; [M+NH4]+@10.84","refmet_name":"TG 62:7"},"482":{"study_id":"ST000669","analysis_id":"AN001025","analysis_summary":"C18 POSITIVE ION MODE","metabolite_name":"TG 62:9; [M+NH4]+@10.55","refmet_name":"TG 62:9"},"483":{"study_id":"ST000669","analysis_id":"AN001025","analysis_summary":"C18 POSITIVE ION MODE","metabolite_name":"TG 64:12; [M+NH4]+@10.26","refmet_name":"TG 64:12"},"484":{"study_id":"ST000669","analysis_id":"AN001025","analysis_summary":"C18 POSITIVE ION MODE","metabolite_name":"TG 64:7; [M+NH4]+@11.06","refmet_name":"TG 64:7"},"485":{"study_id":"ST000669","analysis_id":"AN001025","analysis_summary":"C18 POSITIVE ION MODE","metabolite_name":"TG 64:8; [M+NH4]+@11.00","refmet_name":"TG 64:8"},"486":{"study_id":"ST000669","analysis_id":"AN001025","analysis_summary":"C18 POSITIVE ION MODE","metabolite_name":"TG 66:12; [M+NH4]+@10.49","refmet_name":"TG 66:12"}}