{"1":{"study_id":"ST000736","analysis_id":"AN001150","analysis_summary":"Amino, Aminopropyl HILIC NEGATIVE ION MODE","metabolite_name":"ACETOACETYL-COA","refmet_name":"Acetoacetyl-CoA"},"2":{"study_id":"ST000736","analysis_id":"AN001150","analysis_summary":"Amino, Aminopropyl HILIC NEGATIVE ION MODE","metabolite_name":"ADENOSINE 5'-DIPHOSPHATE","refmet_name":"ADP"},"3":{"study_id":"ST000736","analysis_id":"AN001150","analysis_summary":"Amino, Aminopropyl HILIC NEGATIVE ION MODE","metabolite_name":"ADENOSINE TRIPHOSPHATE","refmet_name":"ATP"},"4":{"study_id":"ST000736","analysis_id":"AN001150","analysis_summary":"Amino, Aminopropyl HILIC NEGATIVE ION MODE","metabolite_name":"CITRIC ACID","refmet_name":"Citric acid"},"5":{"study_id":"ST000736","analysis_id":"AN001150","analysis_summary":"Amino, Aminopropyl HILIC NEGATIVE ION MODE","metabolite_name":"DL-ASPARTIC ACID","refmet_name":"Aspartic acid"},"6":{"study_id":"ST000736","analysis_id":"AN001150","analysis_summary":"Amino, Aminopropyl HILIC NEGATIVE ION MODE","metabolite_name":"DL-GLUTAMIC ACID","refmet_name":"Glutamic acid"},"7":{"study_id":"ST000736","analysis_id":"AN001150","analysis_summary":"Amino, Aminopropyl HILIC NEGATIVE ION MODE","metabolite_name":"GLYCERALDEHYDE 3-PHOSPHATE","refmet_name":"Glyceraldehyde 3-phosphate"},"8":{"study_id":"ST000736","analysis_id":"AN001150","analysis_summary":"Amino, Aminopropyl HILIC NEGATIVE ION MODE","metabolite_name":"HEXOPYRANOSE","refmet_name":"Hexose"},"9":{"study_id":"ST000736","analysis_id":"AN001150","analysis_summary":"Amino, Aminopropyl HILIC NEGATIVE ION MODE","metabolite_name":"HYPOXANTHINE","refmet_name":"Hypoxanthine"},"10":{"study_id":"ST000736","analysis_id":"AN001150","analysis_summary":"Amino, Aminopropyl HILIC NEGATIVE ION MODE","metabolite_name":"LACTIC ACID","refmet_name":"Lactic acid"},"11":{"study_id":"ST000736","analysis_id":"AN001150","analysis_summary":"Amino, Aminopropyl HILIC NEGATIVE ION MODE","metabolite_name":"L-GLUTAMINE","refmet_name":"Glutamine"},"12":{"study_id":"ST000736","analysis_id":"AN001150","analysis_summary":"Amino, Aminopropyl HILIC NEGATIVE ION MODE","metabolite_name":"L-LYSINE","refmet_name":"Lysine"},"13":{"study_id":"ST000736","analysis_id":"AN001150","analysis_summary":"Amino, Aminopropyl HILIC NEGATIVE ION MODE","metabolite_name":"OLEIC ACID","refmet_name":"Oleic acid"},"14":{"study_id":"ST000736","analysis_id":"AN001150","analysis_summary":"Amino, Aminopropyl HILIC NEGATIVE ION MODE","metabolite_name":"STEARIC ACID","refmet_name":"Stearic acid"},"15":{"study_id":"ST000736","analysis_id":"AN001150","analysis_summary":"Amino, Aminopropyl HILIC NEGATIVE ION MODE","metabolite_name":"XANTHINE","refmet_name":"Xanthine"}}