{"1":{"study_id":"ST000138","analysis_id":"AN000220","analysis_summary":"MS positive ion mode","metabolite_name":"C10","refmet_name":"CAR 10:0"},"2":{"study_id":"ST000138","analysis_id":"AN000220","analysis_summary":"MS positive ion mode","metabolite_name":"C10_OH","refmet_name":"CAR 10:0;OH"},"3":{"study_id":"ST000138","analysis_id":"AN000220","analysis_summary":"MS positive ion mode","metabolite_name":"C12","refmet_name":"CAR 12:0"},"4":{"study_id":"ST000138","analysis_id":"AN000220","analysis_summary":"MS positive ion mode","metabolite_name":"C12_1","refmet_name":"CAR 12:1"},"5":{"study_id":"ST000138","analysis_id":"AN000220","analysis_summary":"MS positive ion mode","metabolite_name":"C12_OH","refmet_name":"CAR 12:0;OH"},"6":{"study_id":"ST000138","analysis_id":"AN000220","analysis_summary":"MS positive ion mode","metabolite_name":"C14","refmet_name":"CAR 14:0"},"7":{"study_id":"ST000138","analysis_id":"AN000220","analysis_summary":"MS positive ion mode","metabolite_name":"C14_1","refmet_name":"CAR 14:1"},"8":{"study_id":"ST000138","analysis_id":"AN000220","analysis_summary":"MS positive ion mode","metabolite_name":"C14_1_OH","refmet_name":"CAR 14:1;OH"},"9":{"study_id":"ST000138","analysis_id":"AN000220","analysis_summary":"MS positive ion mode","metabolite_name":"C14_2","refmet_name":"CAR 14:2"},"10":{"study_id":"ST000138","analysis_id":"AN000220","analysis_summary":"MS positive ion mode","metabolite_name":"C14_2_OH","refmet_name":"CAR 14:2;OH"},"11":{"study_id":"ST000138","analysis_id":"AN000220","analysis_summary":"MS positive ion mode","metabolite_name":"C14_OH","refmet_name":"CAR 14:0;OH"},"12":{"study_id":"ST000138","analysis_id":"AN000220","analysis_summary":"MS positive ion mode","metabolite_name":"C16","refmet_name":"CAR 16:0"},"13":{"study_id":"ST000138","analysis_id":"AN000220","analysis_summary":"MS positive ion mode","metabolite_name":"C16_1","refmet_name":"CAR 16:1"},"14":{"study_id":"ST000138","analysis_id":"AN000220","analysis_summary":"MS positive ion mode","metabolite_name":"C16_1_OH","refmet_name":"CAR 16:1;OH"},"15":{"study_id":"ST000138","analysis_id":"AN000220","analysis_summary":"MS positive ion mode","metabolite_name":"C16_2","refmet_name":"CAR 16:2"},"16":{"study_id":"ST000138","analysis_id":"AN000220","analysis_summary":"MS positive ion mode","metabolite_name":"C16_2_OH","refmet_name":"CAR 16:2;OH"},"17":{"study_id":"ST000138","analysis_id":"AN000220","analysis_summary":"MS positive ion mode","metabolite_name":"C16_OH","refmet_name":"CAR 16:0;OH"},"18":{"study_id":"ST000138","analysis_id":"AN000220","analysis_summary":"MS positive ion mode","metabolite_name":"C18","refmet_name":"CAR 18:0"},"19":{"study_id":"ST000138","analysis_id":"AN000220","analysis_summary":"MS positive ion mode","metabolite_name":"C18_1","refmet_name":"CAR 18:1"},"20":{"study_id":"ST000138","analysis_id":"AN000220","analysis_summary":"MS positive ion mode","metabolite_name":"C18_1_OH","refmet_name":"CAR 18:1;OH"},"21":{"study_id":"ST000138","analysis_id":"AN000220","analysis_summary":"MS positive ion mode","metabolite_name":"C18_2","refmet_name":"CAR 18:2"},"22":{"study_id":"ST000138","analysis_id":"AN000220","analysis_summary":"MS positive ion mode","metabolite_name":"C18_2_OH","refmet_name":"CAR 18:2;OH"},"23":{"study_id":"ST000138","analysis_id":"AN000220","analysis_summary":"MS positive ion mode","metabolite_name":"C18_OH","refmet_name":"CAR 18:0;OH"},"24":{"study_id":"ST000138","analysis_id":"AN000220","analysis_summary":"MS positive ion mode","metabolite_name":"C2","refmet_name":"CAR 2:0"},"25":{"study_id":"ST000138","analysis_id":"AN000220","analysis_summary":"MS positive ion mode","metabolite_name":"C20","refmet_name":"CAR 20:0"},"26":{"study_id":"ST000138","analysis_id":"AN000220","analysis_summary":"MS positive ion mode","metabolite_name":"C20_1","refmet_name":"CAR 20:1"},"27":{"study_id":"ST000138","analysis_id":"AN000220","analysis_summary":"MS positive ion mode","metabolite_name":"C20_1_OH","refmet_name":"CAR 20:1;OH"},"28":{"study_id":"ST000138","analysis_id":"AN000220","analysis_summary":"MS positive ion mode","metabolite_name":"C20_2","refmet_name":"CAR 20:2"},"29":{"study_id":"ST000138","analysis_id":"AN000220","analysis_summary":"MS positive ion mode","metabolite_name":"C20_2_OH","refmet_name":"CAR 20:2;OH"},"30":{"study_id":"ST000138","analysis_id":"AN000220","analysis_summary":"MS positive ion mode","metabolite_name":"C20_3","refmet_name":"CAR 20:3"},"31":{"study_id":"ST000138","analysis_id":"AN000220","analysis_summary":"MS positive ion mode","metabolite_name":"C20_4","refmet_name":"CAR 20:4"},"32":{"study_id":"ST000138","analysis_id":"AN000220","analysis_summary":"MS positive ion mode","metabolite_name":"C20_OH_C22_6_DC","refmet_name":"CAR 20:0"},"33":{"study_id":"ST000138","analysis_id":"AN000220","analysis_summary":"MS positive ion mode","metabolite_name":"C22","refmet_name":"CAR 22:0"},"34":{"study_id":"ST000138","analysis_id":"AN000220","analysis_summary":"MS positive ion mode","metabolite_name":"C22_1","refmet_name":"CAR 22:1"},"35":{"study_id":"ST000138","analysis_id":"AN000220","analysis_summary":"MS positive ion mode","metabolite_name":"C22_2","refmet_name":"CAR 22:2"},"36":{"study_id":"ST000138","analysis_id":"AN000220","analysis_summary":"MS positive ion mode","metabolite_name":"C22_3","refmet_name":"CAR 22:3"},"37":{"study_id":"ST000138","analysis_id":"AN000220","analysis_summary":"MS positive ion mode","metabolite_name":"C22_4","refmet_name":"CAR 22:4"},"38":{"study_id":"ST000138","analysis_id":"AN000220","analysis_summary":"MS positive ion mode","metabolite_name":"C22_5","refmet_name":"CAR 22:5"},"39":{"study_id":"ST000138","analysis_id":"AN000220","analysis_summary":"MS positive ion mode","metabolite_name":"C3","refmet_name":"CAR 3:0"},"40":{"study_id":"ST000138","analysis_id":"AN000220","analysis_summary":"MS positive ion mode","metabolite_name":"C3_DC","refmet_name":"CAR DC3:0"},"41":{"study_id":"ST000138","analysis_id":"AN000220","analysis_summary":"MS positive ion mode","metabolite_name":"C4_1","refmet_name":"CAR 4:1"},"42":{"study_id":"ST000138","analysis_id":"AN000220","analysis_summary":"MS positive ion mode","metabolite_name":"C4_Butyryl","refmet_name":"CAR 4:0"},"43":{"study_id":"ST000138","analysis_id":"AN000220","analysis_summary":"MS positive ion mode","metabolite_name":"C4_DC_Methylmalonyl","refmet_name":"CAR DC3:0;2Me"},"44":{"study_id":"ST000138","analysis_id":"AN000220","analysis_summary":"MS positive ion mode","metabolite_name":"C4_DC_Succinyl","refmet_name":"CAR DC4:0"},"45":{"study_id":"ST000138","analysis_id":"AN000220","analysis_summary":"MS positive ion mode","metabolite_name":"C4_Isobutryl","refmet_name":"CAR 3:0;2Me"},"46":{"study_id":"ST000138","analysis_id":"AN000220","analysis_summary":"MS positive ion mode","metabolite_name":"C4_OH","refmet_name":"CAR 4:0;OH"},"47":{"study_id":"ST000138","analysis_id":"AN000220","analysis_summary":"MS positive ion mode","metabolite_name":"C5_1","refmet_name":"CAR 5:1"},"48":{"study_id":"ST000138","analysis_id":"AN000220","analysis_summary":"MS positive ion mode","metabolite_name":"C5_2_Methylbutyryl","refmet_name":"CAR 4:0;2Me"},"49":{"study_id":"ST000138","analysis_id":"AN000220","analysis_summary":"MS positive ion mode","metabolite_name":"C5_DC","refmet_name":"CAR DC5:0"},"50":{"study_id":"ST000138","analysis_id":"AN000220","analysis_summary":"MS positive ion mode","metabolite_name":"C5_Isovaleryl","refmet_name":"CAR 4:0;3Me"},"51":{"study_id":"ST000138","analysis_id":"AN000220","analysis_summary":"MS positive ion mode","metabolite_name":"C5_OH","refmet_name":"CAR 5:0;OH"},"52":{"study_id":"ST000138","analysis_id":"AN000220","analysis_summary":"MS positive ion mode","metabolite_name":"C5_Valeryl","refmet_name":"CAR 5:0"},"53":{"study_id":"ST000138","analysis_id":"AN000220","analysis_summary":"MS positive ion mode","metabolite_name":"C6","refmet_name":"CAR 6:0"},"54":{"study_id":"ST000138","analysis_id":"AN000220","analysis_summary":"MS positive ion mode","metabolite_name":"C6_OH","refmet_name":"CAR 6:0;OH"},"55":{"study_id":"ST000138","analysis_id":"AN000220","analysis_summary":"MS positive ion mode","metabolite_name":"C8","refmet_name":"CAR 8:0"},"56":{"study_id":"ST000138","analysis_id":"AN000220","analysis_summary":"MS positive ion mode","metabolite_name":"C8_1_OH","refmet_name":"CAR 8:1;OH"},"57":{"study_id":"ST000138","analysis_id":"AN000220","analysis_summary":"MS positive ion mode","metabolite_name":"C8_OH","refmet_name":"CAR 8:0;OH"}}