{"1":{"study_id":"ST000312","analysis_id":"AN000498","analysis_summary":"NEGATIVE ION MODE","metabolite_name":"2-Phosphoglycerate\/3-Phosphoglycerate","refmet_name":"3-Phosphoglyceric acid"},"2":{"study_id":"ST000312","analysis_id":"AN000498","analysis_summary":"NEGATIVE ION MODE","metabolite_name":"6-phosphogluconic acid","refmet_name":"6-Phosphogluconic acid"},"3":{"study_id":"ST000312","analysis_id":"AN000498","analysis_summary":"NEGATIVE ION MODE","metabolite_name":"Acetyl-CoA","refmet_name":"Acetyl-CoA"},"4":{"study_id":"ST000312","analysis_id":"AN000498","analysis_summary":"NEGATIVE ION MODE","metabolite_name":"Adenosine diphosphate","refmet_name":"ADP"},"5":{"study_id":"ST000312","analysis_id":"AN000498","analysis_summary":"NEGATIVE ION MODE","metabolite_name":"Adenosine monophosphate","refmet_name":"AMP"},"6":{"study_id":"ST000312","analysis_id":"AN000498","analysis_summary":"NEGATIVE ION MODE","metabolite_name":"Adenosine triphosphate","refmet_name":"ATP"},"7":{"study_id":"ST000312","analysis_id":"AN000498","analysis_summary":"NEGATIVE ION MODE","metabolite_name":"Citrate\/iso-citrate","refmet_name":"Citric acid\/Isocitric acid"},"8":{"study_id":"ST000312","analysis_id":"AN000498","analysis_summary":"NEGATIVE ION MODE","metabolite_name":"D-2-hydroxyglutarate","refmet_name":"D-2-Hydroxyglutaric acid"},"9":{"study_id":"ST000312","analysis_id":"AN000498","analysis_summary":"NEGATIVE ION MODE","metabolite_name":"D-ribulose-5-phosphate\/D-xylulose-5-phosphate","refmet_name":""},"10":{"study_id":"ST000312","analysis_id":"AN000498","analysis_summary":"NEGATIVE ION MODE","metabolite_name":"Flavin adenine dinucleotide","refmet_name":"FAD"},"11":{"study_id":"ST000312","analysis_id":"AN000498","analysis_summary":"NEGATIVE ION MODE","metabolite_name":"Fructose 1,6 Bisphosphate","refmet_name":"Fructose 1,6-bisphosphate"},"12":{"study_id":"ST000312","analysis_id":"AN000498","analysis_summary":"NEGATIVE ION MODE","metabolite_name":"Fructose-6-Phosphate\/glucose-6-phosphate","refmet_name":"Hexose 6-phosphate"},"13":{"study_id":"ST000312","analysis_id":"AN000498","analysis_summary":"NEGATIVE ION MODE","metabolite_name":"L-2-hydroxyglutarate","refmet_name":"2-Hydroxyglutaric acid"},"14":{"study_id":"ST000312","analysis_id":"AN000498","analysis_summary":"NEGATIVE ION MODE","metabolite_name":"Malate","refmet_name":"Malic acid"},"15":{"study_id":"ST000312","analysis_id":"AN000498","analysis_summary":"NEGATIVE ION MODE","metabolite_name":"Nicotinamide","refmet_name":"Niacinamide"},"16":{"study_id":"ST000312","analysis_id":"AN000498","analysis_summary":"NEGATIVE ION MODE","metabolite_name":"Nicotinamide adenine dinucleotide_1","refmet_name":"NAD+"},"17":{"study_id":"ST000312","analysis_id":"AN000498","analysis_summary":"NEGATIVE ION MODE","metabolite_name":"Nicotinamide adenine dinucleotide_2","refmet_name":"NAD+"},"18":{"study_id":"ST000312","analysis_id":"AN000498","analysis_summary":"NEGATIVE ION MODE","metabolite_name":"Nicotinamide adenine dinucleotide phosphate","refmet_name":"NADP+"},"19":{"study_id":"ST000312","analysis_id":"AN000498","analysis_summary":"NEGATIVE ION MODE","metabolite_name":"Nicotinamide adenine dinucleotide phosphate, reduced","refmet_name":"NADPH"},"20":{"study_id":"ST000312","analysis_id":"AN000498","analysis_summary":"NEGATIVE ION MODE","metabolite_name":"Nicotinamide adenine dinucleotide, reduced","refmet_name":"NADH"},"21":{"study_id":"ST000312","analysis_id":"AN000498","analysis_summary":"NEGATIVE ION MODE","metabolite_name":"Nicotinamide mononucleotide","refmet_name":"Nicotinamide ribotide"},"22":{"study_id":"ST000312","analysis_id":"AN000498","analysis_summary":"NEGATIVE ION MODE","metabolite_name":"Nicotinic acid","refmet_name":"Nicotinic acid"},"23":{"study_id":"ST000312","analysis_id":"AN000498","analysis_summary":"NEGATIVE ION MODE","metabolite_name":"Nicotinic acid mononucleotide","refmet_name":"Nicotinic acid mononucleotide"},"24":{"study_id":"ST000312","analysis_id":"AN000498","analysis_summary":"NEGATIVE ION MODE","metabolite_name":"Phosphoenolpyruvate","refmet_name":"Phosphoenolpyruvic acid"},"25":{"study_id":"ST000312","analysis_id":"AN000498","analysis_summary":"NEGATIVE ION MODE","metabolite_name":"Quinolinic acid","refmet_name":"Quinolinic acid"},"26":{"study_id":"ST000312","analysis_id":"AN000498","analysis_summary":"NEGATIVE ION MODE","metabolite_name":"Sedoheptulose-7P","refmet_name":"Sedoheptulose 7-phosphate"},"27":{"study_id":"ST000312","analysis_id":"AN000498","analysis_summary":"NEGATIVE ION MODE","metabolite_name":"Succinate","refmet_name":"Succinic acid"}}