{"1":{"study_id":"ST000317","analysis_id":"AN000503","analysis_summary":"Reversed phase POSITIVE ION MODE","metabolite_name":"Acylcarnitine C16:0","refmet_name":"CAR 16:0"},"2":{"study_id":"ST000317","analysis_id":"AN000503","analysis_summary":"Reversed phase POSITIVE ION MODE","metabolite_name":"Acylcarnitine C18:0","refmet_name":"CAR 18:0"},"3":{"study_id":"ST000317","analysis_id":"AN000503","analysis_summary":"Reversed phase POSITIVE ION MODE","metabolite_name":"Acylcarnitine C18:1","refmet_name":"CAR 18:1"},"4":{"study_id":"ST000317","analysis_id":"AN000503","analysis_summary":"Reversed phase POSITIVE ION MODE","metabolite_name":"Ceramide (d18:1\/23:0)","refmet_name":"Cer 18:1;O2\/23:0"},"5":{"study_id":"ST000317","analysis_id":"AN000503","analysis_summary":"Reversed phase POSITIVE ION MODE","metabolite_name":"Ceramide (d40:1)","refmet_name":"Cer 40:1;O2"},"6":{"study_id":"ST000317","analysis_id":"AN000503","analysis_summary":"Reversed phase POSITIVE ION MODE","metabolite_name":"Ceramide (d42:1)","refmet_name":"Cer 42:1;O2"},"7":{"study_id":"ST000317","analysis_id":"AN000503","analysis_summary":"Reversed phase POSITIVE ION MODE","metabolite_name":"DG (34:1)","refmet_name":"DG 34:1"},"8":{"study_id":"ST000317","analysis_id":"AN000503","analysis_summary":"Reversed phase POSITIVE ION MODE","metabolite_name":"DG (34:2)","refmet_name":"DG 34:2"},"9":{"study_id":"ST000317","analysis_id":"AN000503","analysis_summary":"Reversed phase POSITIVE ION MODE","metabolite_name":"DG (36:2)","refmet_name":"DG 36:2"},"10":{"study_id":"ST000317","analysis_id":"AN000503","analysis_summary":"Reversed phase POSITIVE ION MODE","metabolite_name":"LPC (16:0)","refmet_name":"LPC 16:0"},"11":{"study_id":"ST000317","analysis_id":"AN000503","analysis_summary":"Reversed phase POSITIVE ION MODE","metabolite_name":"LPC (16:1)","refmet_name":"LPC 16:1"},"12":{"study_id":"ST000317","analysis_id":"AN000503","analysis_summary":"Reversed phase POSITIVE ION MODE","metabolite_name":"LPC (18:0)","refmet_name":"LPC 18:0"},"13":{"study_id":"ST000317","analysis_id":"AN000503","analysis_summary":"Reversed phase POSITIVE ION MODE","metabolite_name":"LPC (18:1)","refmet_name":"LPC 18:1"},"14":{"study_id":"ST000317","analysis_id":"AN000503","analysis_summary":"Reversed phase POSITIVE ION MODE","metabolite_name":"LPC (22:6)","refmet_name":"LPC 22:6"},"15":{"study_id":"ST000317","analysis_id":"AN000503","analysis_summary":"Reversed phase POSITIVE ION MODE","metabolite_name":"LPC (o-16:0)","refmet_name":"LPC O-16:0"},"16":{"study_id":"ST000317","analysis_id":"AN000503","analysis_summary":"Reversed phase POSITIVE ION MODE","metabolite_name":"LPC (p-18:0) or LPC (o-18:1)","refmet_name":"LPC P-18:0 or LPC O-18:1"},"17":{"study_id":"ST000317","analysis_id":"AN000503","analysis_summary":"Reversed phase POSITIVE ION MODE","metabolite_name":"PC (32:0)","refmet_name":"PC 32:0"},"18":{"study_id":"ST000317","analysis_id":"AN000503","analysis_summary":"Reversed phase POSITIVE ION MODE","metabolite_name":"PC (32:1)","refmet_name":"PC 32:1"},"19":{"study_id":"ST000317","analysis_id":"AN000503","analysis_summary":"Reversed phase POSITIVE ION MODE","metabolite_name":"PC (32:2)","refmet_name":"PC 32:2"},"20":{"study_id":"ST000317","analysis_id":"AN000503","analysis_summary":"Reversed phase POSITIVE ION MODE","metabolite_name":"PC (33:1)","refmet_name":"PC 33:1"},"21":{"study_id":"ST000317","analysis_id":"AN000503","analysis_summary":"Reversed phase POSITIVE ION MODE","metabolite_name":"PC (34:1)","refmet_name":"PC 34:1"},"22":{"study_id":"ST000317","analysis_id":"AN000503","analysis_summary":"Reversed phase POSITIVE ION MODE","metabolite_name":"PC (34:2)","refmet_name":"PC 34:2"},"23":{"study_id":"ST000317","analysis_id":"AN000503","analysis_summary":"Reversed phase POSITIVE ION MODE","metabolite_name":"PC (34:3)","refmet_name":"PC 34:3"},"24":{"study_id":"ST000317","analysis_id":"AN000503","analysis_summary":"Reversed phase POSITIVE ION MODE","metabolite_name":"PC (35:2)","refmet_name":"PC 35:2"},"25":{"study_id":"ST000317","analysis_id":"AN000503","analysis_summary":"Reversed phase POSITIVE ION MODE","metabolite_name":"PC (35:3)","refmet_name":"PC 35:3"},"26":{"study_id":"ST000317","analysis_id":"AN000503","analysis_summary":"Reversed phase POSITIVE ION MODE","metabolite_name":"PC (36:1)","refmet_name":"PC 36:1"},"27":{"study_id":"ST000317","analysis_id":"AN000503","analysis_summary":"Reversed phase POSITIVE ION MODE","metabolite_name":"PC (36:2)","refmet_name":"PC 36:2"},"28":{"study_id":"ST000317","analysis_id":"AN000503","analysis_summary":"Reversed phase POSITIVE ION MODE","metabolite_name":"PC (36:4)","refmet_name":"PC 36:4"},"29":{"study_id":"ST000317","analysis_id":"AN000503","analysis_summary":"Reversed phase POSITIVE ION MODE","metabolite_name":"PC (37:2)","refmet_name":"PC 37:2"},"30":{"study_id":"ST000317","analysis_id":"AN000503","analysis_summary":"Reversed phase POSITIVE ION MODE","metabolite_name":"PC (38:2)","refmet_name":"PC 38:2"},"31":{"study_id":"ST000317","analysis_id":"AN000503","analysis_summary":"Reversed phase POSITIVE ION MODE","metabolite_name":"PC (38:3)","refmet_name":"PC 38:3"},"32":{"study_id":"ST000317","analysis_id":"AN000503","analysis_summary":"Reversed phase POSITIVE ION MODE","metabolite_name":"PC (38:4)","refmet_name":"PC 38:4"},"33":{"study_id":"ST000317","analysis_id":"AN000503","analysis_summary":"Reversed phase POSITIVE ION MODE","metabolite_name":"PC (38:5)","refmet_name":"PC 38:5"},"34":{"study_id":"ST000317","analysis_id":"AN000503","analysis_summary":"Reversed phase POSITIVE ION MODE","metabolite_name":"PC (40:4)","refmet_name":"PC 40:4"},"35":{"study_id":"ST000317","analysis_id":"AN000503","analysis_summary":"Reversed phase POSITIVE ION MODE","metabolite_name":"PC (40:5)","refmet_name":"PC 40:5"},"36":{"study_id":"ST000317","analysis_id":"AN000503","analysis_summary":"Reversed phase POSITIVE ION MODE","metabolite_name":"PC (40:6)","refmet_name":"PC 40:6"},"37":{"study_id":"ST000317","analysis_id":"AN000503","analysis_summary":"Reversed phase POSITIVE ION MODE","metabolite_name":"PC (o-32:0)","refmet_name":"PC O-32:0"},"38":{"study_id":"ST000317","analysis_id":"AN000503","analysis_summary":"Reversed phase POSITIVE ION MODE","metabolite_name":"PC (p-32:0) or PC (o-32:1)","refmet_name":"PC P-32:0 or PC O-32:1"},"39":{"study_id":"ST000317","analysis_id":"AN000503","analysis_summary":"Reversed phase POSITIVE ION MODE","metabolite_name":"PC (p-34:1) or PC (o-34:2)","refmet_name":"PC P-34:1 or PC O-34:2"},"40":{"study_id":"ST000317","analysis_id":"AN000503","analysis_summary":"Reversed phase POSITIVE ION MODE","metabolite_name":"PC (p-38:2) or PC (o-38:3)","refmet_name":"PC P-38:2 or PC O-38:3"},"41":{"study_id":"ST000317","analysis_id":"AN000503","analysis_summary":"Reversed phase POSITIVE ION MODE","metabolite_name":"PC (p-40:5) or PC (o-40:6)","refmet_name":"PC P-40:5 or PC O-40:6"},"42":{"study_id":"ST000317","analysis_id":"AN000503","analysis_summary":"Reversed phase POSITIVE ION MODE","metabolite_name":"PC (p-40:6) or PC (o-40:7)","refmet_name":"PC P-40:6 or PC O-40:7"},"43":{"study_id":"ST000317","analysis_id":"AN000503","analysis_summary":"Reversed phase POSITIVE ION MODE","metabolite_name":"PE (36:1)","refmet_name":"PE 36:1"},"44":{"study_id":"ST000317","analysis_id":"AN000503","analysis_summary":"Reversed phase POSITIVE ION MODE","metabolite_name":"PE (p-36:2) or PE (o-36:3)","refmet_name":"PE P-36:2 or PE O-36:3"},"45":{"study_id":"ST000317","analysis_id":"AN000503","analysis_summary":"Reversed phase POSITIVE ION MODE","metabolite_name":"PE (p-38:4) or PE (o-38:5)","refmet_name":"PE P-38:4 or PE O-38:5"},"46":{"study_id":"ST000317","analysis_id":"AN000503","analysis_summary":"Reversed phase POSITIVE ION MODE","metabolite_name":"SM (d32:1)","refmet_name":"SM 32:1;O2"},"47":{"study_id":"ST000317","analysis_id":"AN000503","analysis_summary":"Reversed phase POSITIVE ION MODE","metabolite_name":"SM (d33:1)","refmet_name":"SM 33:1;O2"},"48":{"study_id":"ST000317","analysis_id":"AN000503","analysis_summary":"Reversed phase POSITIVE ION MODE","metabolite_name":"SM (d34:1)","refmet_name":"SM 34:1;O2"},"49":{"study_id":"ST000317","analysis_id":"AN000503","analysis_summary":"Reversed phase POSITIVE ION MODE","metabolite_name":"SM (d34:2)","refmet_name":"SM 34:2;O2"},"50":{"study_id":"ST000317","analysis_id":"AN000503","analysis_summary":"Reversed phase POSITIVE ION MODE","metabolite_name":"SM (d36:1)","refmet_name":"SM 36:1;O2"},"51":{"study_id":"ST000317","analysis_id":"AN000503","analysis_summary":"Reversed phase POSITIVE ION MODE","metabolite_name":"SM (d40:1)","refmet_name":"SM 40:1;O2"},"52":{"study_id":"ST000317","analysis_id":"AN000503","analysis_summary":"Reversed phase POSITIVE ION MODE","metabolite_name":"SM (d40:2)","refmet_name":"SM 40:2;O2"},"53":{"study_id":"ST000317","analysis_id":"AN000503","analysis_summary":"Reversed phase POSITIVE ION MODE","metabolite_name":"SM (d41:1)","refmet_name":"SM 41:1;O2"},"54":{"study_id":"ST000317","analysis_id":"AN000503","analysis_summary":"Reversed phase POSITIVE ION MODE","metabolite_name":"SM (d42:1)","refmet_name":"SM 42:1;O2"},"55":{"study_id":"ST000317","analysis_id":"AN000503","analysis_summary":"Reversed phase POSITIVE ION MODE","metabolite_name":"SM (d42:2)","refmet_name":"SM 42:2;O2"},"56":{"study_id":"ST000317","analysis_id":"AN000503","analysis_summary":"Reversed phase POSITIVE ION MODE","metabolite_name":"TG (42:1)","refmet_name":"TG 42:1"},"57":{"study_id":"ST000317","analysis_id":"AN000503","analysis_summary":"Reversed phase POSITIVE ION MODE","metabolite_name":"TG (44:1)","refmet_name":"TG 44:1"},"58":{"study_id":"ST000317","analysis_id":"AN000503","analysis_summary":"Reversed phase POSITIVE ION MODE","metabolite_name":"TG (44:2)","refmet_name":"TG 44:2"},"59":{"study_id":"ST000317","analysis_id":"AN000503","analysis_summary":"Reversed phase POSITIVE ION MODE","metabolite_name":"TG (46:0)","refmet_name":"TG 46:0"},"60":{"study_id":"ST000317","analysis_id":"AN000503","analysis_summary":"Reversed phase POSITIVE ION MODE","metabolite_name":"TG (46:1)","refmet_name":"TG 46:1"},"61":{"study_id":"ST000317","analysis_id":"AN000503","analysis_summary":"Reversed phase POSITIVE ION MODE","metabolite_name":"TG (46:2)","refmet_name":"TG 46:2"},"62":{"study_id":"ST000317","analysis_id":"AN000503","analysis_summary":"Reversed phase POSITIVE ION MODE","metabolite_name":"TG (46:3)","refmet_name":"TG 46:3"},"63":{"study_id":"ST000317","analysis_id":"AN000503","analysis_summary":"Reversed phase POSITIVE ION MODE","metabolite_name":"TG (48:0)","refmet_name":"TG 48:0"},"64":{"study_id":"ST000317","analysis_id":"AN000503","analysis_summary":"Reversed phase POSITIVE ION MODE","metabolite_name":"TG (48:1)","refmet_name":"TG 48:1"},"65":{"study_id":"ST000317","analysis_id":"AN000503","analysis_summary":"Reversed phase POSITIVE ION MODE","metabolite_name":"TG (48:2)","refmet_name":"TG 48:2"},"66":{"study_id":"ST000317","analysis_id":"AN000503","analysis_summary":"Reversed phase POSITIVE ION MODE","metabolite_name":"TG (48:3)","refmet_name":"TG 48:3"},"67":{"study_id":"ST000317","analysis_id":"AN000503","analysis_summary":"Reversed phase POSITIVE ION MODE","metabolite_name":"TG (49:0)","refmet_name":"TG 49:0"},"68":{"study_id":"ST000317","analysis_id":"AN000503","analysis_summary":"Reversed phase POSITIVE ION MODE","metabolite_name":"TG (49:1)","refmet_name":"TG 49:1"},"69":{"study_id":"ST000317","analysis_id":"AN000503","analysis_summary":"Reversed phase POSITIVE ION MODE","metabolite_name":"TG (49:2)","refmet_name":"TG 49:2"},"70":{"study_id":"ST000317","analysis_id":"AN000503","analysis_summary":"Reversed phase POSITIVE ION MODE","metabolite_name":"TG (49:3)","refmet_name":"TG 49:3"},"71":{"study_id":"ST000317","analysis_id":"AN000503","analysis_summary":"Reversed phase POSITIVE ION MODE","metabolite_name":"TG (50:0)","refmet_name":"TG 50:0"},"72":{"study_id":"ST000317","analysis_id":"AN000503","analysis_summary":"Reversed phase POSITIVE ION MODE","metabolite_name":"TG (50:1)","refmet_name":"TG 50:1"},"73":{"study_id":"ST000317","analysis_id":"AN000503","analysis_summary":"Reversed phase POSITIVE ION MODE","metabolite_name":"TG (50:2)","refmet_name":"TG 50:2"},"74":{"study_id":"ST000317","analysis_id":"AN000503","analysis_summary":"Reversed phase POSITIVE ION MODE","metabolite_name":"TG (50:3)","refmet_name":"TG 50:3"},"75":{"study_id":"ST000317","analysis_id":"AN000503","analysis_summary":"Reversed phase POSITIVE ION MODE","metabolite_name":"TG (50:4)","refmet_name":"TG 50:4"},"76":{"study_id":"ST000317","analysis_id":"AN000503","analysis_summary":"Reversed phase POSITIVE ION MODE","metabolite_name":"TG (51:2)","refmet_name":"TG 51:2"},"77":{"study_id":"ST000317","analysis_id":"AN000503","analysis_summary":"Reversed phase POSITIVE ION MODE","metabolite_name":"TG (51:3)","refmet_name":"TG 51:3"},"78":{"study_id":"ST000317","analysis_id":"AN000503","analysis_summary":"Reversed phase POSITIVE ION MODE","metabolite_name":"TG (51:4)","refmet_name":"TG 51:4"},"79":{"study_id":"ST000317","analysis_id":"AN000503","analysis_summary":"Reversed phase POSITIVE ION MODE","metabolite_name":"TG (52:0)","refmet_name":"TG 52:0"},"80":{"study_id":"ST000317","analysis_id":"AN000503","analysis_summary":"Reversed phase POSITIVE ION MODE","metabolite_name":"TG (52:1)","refmet_name":"TG 52:1"},"81":{"study_id":"ST000317","analysis_id":"AN000503","analysis_summary":"Reversed phase POSITIVE ION MODE","metabolite_name":"TG (52:2)","refmet_name":"TG 52:2"},"82":{"study_id":"ST000317","analysis_id":"AN000503","analysis_summary":"Reversed phase POSITIVE ION MODE","metabolite_name":"TG (52:3)","refmet_name":"TG 52:3"},"83":{"study_id":"ST000317","analysis_id":"AN000503","analysis_summary":"Reversed phase POSITIVE ION MODE","metabolite_name":"TG (52:4)","refmet_name":"TG 52:4"},"84":{"study_id":"ST000317","analysis_id":"AN000503","analysis_summary":"Reversed phase POSITIVE ION MODE","metabolite_name":"TG (52:5)","refmet_name":"TG 52:5"},"85":{"study_id":"ST000317","analysis_id":"AN000503","analysis_summary":"Reversed phase POSITIVE ION MODE","metabolite_name":"TG (53:1)","refmet_name":"TG 53:1"},"86":{"study_id":"ST000317","analysis_id":"AN000503","analysis_summary":"Reversed phase POSITIVE ION MODE","metabolite_name":"TG (53:3)","refmet_name":"TG 53:3"},"87":{"study_id":"ST000317","analysis_id":"AN000503","analysis_summary":"Reversed phase POSITIVE ION MODE","metabolite_name":"TG (53:4)","refmet_name":"TG 53:4"},"88":{"study_id":"ST000317","analysis_id":"AN000503","analysis_summary":"Reversed phase POSITIVE ION MODE","metabolite_name":"TG (54:1)","refmet_name":"TG 54:1"},"89":{"study_id":"ST000317","analysis_id":"AN000503","analysis_summary":"Reversed phase POSITIVE ION MODE","metabolite_name":"TG (54:2)","refmet_name":"TG 54:2"},"90":{"study_id":"ST000317","analysis_id":"AN000503","analysis_summary":"Reversed phase POSITIVE ION MODE","metabolite_name":"TG (54:3)","refmet_name":"TG 54:3"},"91":{"study_id":"ST000317","analysis_id":"AN000503","analysis_summary":"Reversed phase POSITIVE ION MODE","metabolite_name":"TG (54:4)","refmet_name":"TG 54:4"},"92":{"study_id":"ST000317","analysis_id":"AN000503","analysis_summary":"Reversed phase POSITIVE ION MODE","metabolite_name":"TG (54:5)","refmet_name":"TG 54:5"},"93":{"study_id":"ST000317","analysis_id":"AN000503","analysis_summary":"Reversed phase POSITIVE ION MODE","metabolite_name":"TG (56:1)","refmet_name":"TG 56:1"},"94":{"study_id":"ST000317","analysis_id":"AN000503","analysis_summary":"Reversed phase POSITIVE ION MODE","metabolite_name":"TG (56:6)","refmet_name":"TG 56:6"},"95":{"study_id":"ST000317","analysis_id":"AN000503","analysis_summary":"Reversed phase POSITIVE ION MODE","metabolite_name":"TG (58:2)","refmet_name":"TG 58:2"},"96":{"study_id":"ST000317","analysis_id":"AN000504","analysis_summary":"Reversed phase NEGATIVE ION MODE","metabolite_name":"Ceramide (d36:1) _Ceramide (d36:1)","refmet_name":"Cer 36:1;O2"},"97":{"study_id":"ST000317","analysis_id":"AN000504","analysis_summary":"Reversed phase NEGATIVE ION MODE","metabolite_name":"Ceramide (d40:1) _Ceramide (d40:1)","refmet_name":"Cer 18:1;O2\/22:0"},"98":{"study_id":"ST000317","analysis_id":"AN000504","analysis_summary":"Reversed phase NEGATIVE ION MODE","metabolite_name":"Ceramide (d41:1) _Ceramide (d41:1)","refmet_name":"Cer 41:1;O2"},"99":{"study_id":"ST000317","analysis_id":"AN000504","analysis_summary":"Reversed phase NEGATIVE ION MODE","metabolite_name":"Ceramide (d42:1)","refmet_name":"Cer 42:1;O2"},"100":{"study_id":"ST000317","analysis_id":"AN000504","analysis_summary":"Reversed phase NEGATIVE ION MODE","metabolite_name":"PC (32:1)","refmet_name":"PC 32:1"},"101":{"study_id":"ST000317","analysis_id":"AN000504","analysis_summary":"Reversed phase NEGATIVE ION MODE","metabolite_name":"PC (34:1)","refmet_name":"PC 34:1"},"102":{"study_id":"ST000317","analysis_id":"AN000504","analysis_summary":"Reversed phase NEGATIVE ION MODE","metabolite_name":"PC (34:2)","refmet_name":"PC 34:2"},"103":{"study_id":"ST000317","analysis_id":"AN000504","analysis_summary":"Reversed phase NEGATIVE ION MODE","metabolite_name":"PC (34:3)","refmet_name":"PC 34:3"},"104":{"study_id":"ST000317","analysis_id":"AN000504","analysis_summary":"Reversed phase NEGATIVE ION MODE","metabolite_name":"PC (35:2)","refmet_name":"PC 35:2"},"105":{"study_id":"ST000317","analysis_id":"AN000504","analysis_summary":"Reversed phase NEGATIVE ION MODE","metabolite_name":"PC (36:1)","refmet_name":"PC 36:1"},"106":{"study_id":"ST000317","analysis_id":"AN000504","analysis_summary":"Reversed phase NEGATIVE ION MODE","metabolite_name":"PC (36:2)","refmet_name":"PC 36:2"},"107":{"study_id":"ST000317","analysis_id":"AN000504","analysis_summary":"Reversed phase NEGATIVE ION MODE","metabolite_name":"PC (36:3)","refmet_name":"PC 36:3"},"108":{"study_id":"ST000317","analysis_id":"AN000504","analysis_summary":"Reversed phase NEGATIVE ION MODE","metabolite_name":"PC (36:4)","refmet_name":"PC 36:4"},"109":{"study_id":"ST000317","analysis_id":"AN000504","analysis_summary":"Reversed phase NEGATIVE ION MODE","metabolite_name":"PC (p-34:1) or PC (o-34:2)","refmet_name":"PC P-34:1 or PC O-34:2"},"110":{"study_id":"ST000317","analysis_id":"AN000504","analysis_summary":"Reversed phase NEGATIVE ION MODE","metabolite_name":"PC (p-34:2) or PC (o-34:3)","refmet_name":"PC P-34:2 or PC O-34:3"},"111":{"study_id":"ST000317","analysis_id":"AN000504","analysis_summary":"Reversed phase NEGATIVE ION MODE","metabolite_name":"PC (p-36:4) or PC (o-36:5)","refmet_name":"PC P-36:4 or PC O-36:5"},"112":{"study_id":"ST000317","analysis_id":"AN000504","analysis_summary":"Reversed phase NEGATIVE ION MODE","metabolite_name":"PC (p-38:5) or PC (o-38:6)","refmet_name":"PC P-38:5 or PC O-38:6"},"113":{"study_id":"ST000317","analysis_id":"AN000504","analysis_summary":"Reversed phase NEGATIVE ION MODE","metabolite_name":"PE (36:2)","refmet_name":"PE 36:2"},"114":{"study_id":"ST000317","analysis_id":"AN000504","analysis_summary":"Reversed phase NEGATIVE ION MODE","metabolite_name":"PE (36:3)","refmet_name":"PE 36:3"},"115":{"study_id":"ST000317","analysis_id":"AN000504","analysis_summary":"Reversed phase NEGATIVE ION MODE","metabolite_name":"PE (38:4)","refmet_name":"PE 38:4"},"116":{"study_id":"ST000317","analysis_id":"AN000504","analysis_summary":"Reversed phase NEGATIVE ION MODE","metabolite_name":"PE (p-36:2) or PE (o-36:3)","refmet_name":"PE P-36:2 or PE O-36:3"},"117":{"study_id":"ST000317","analysis_id":"AN000504","analysis_summary":"Reversed phase NEGATIVE ION MODE","metabolite_name":"PE (p-36:4) or PE (o-36:5)","refmet_name":"PE P-36:4 or PE O-36:5"},"118":{"study_id":"ST000317","analysis_id":"AN000504","analysis_summary":"Reversed phase NEGATIVE ION MODE","metabolite_name":"PI (36:1)","refmet_name":"PI 36:1"},"119":{"study_id":"ST000317","analysis_id":"AN000504","analysis_summary":"Reversed phase NEGATIVE ION MODE","metabolite_name":"PI (36:2)","refmet_name":"PI 36:2"},"120":{"study_id":"ST000317","analysis_id":"AN000504","analysis_summary":"Reversed phase NEGATIVE ION MODE","metabolite_name":"PI (38:3)","refmet_name":"PI 38:3"},"121":{"study_id":"ST000317","analysis_id":"AN000504","analysis_summary":"Reversed phase NEGATIVE ION MODE","metabolite_name":"PI (38:4)","refmet_name":"PI 38:4"},"122":{"study_id":"ST000317","analysis_id":"AN000504","analysis_summary":"Reversed phase NEGATIVE ION MODE","metabolite_name":"SM (d34:1)","refmet_name":"SM 34:1;O2"},"123":{"study_id":"ST000317","analysis_id":"AN000504","analysis_summary":"Reversed phase NEGATIVE ION MODE","metabolite_name":"SM (d36:1)","refmet_name":"SM 36:1;O2"}}