{"1":{"study_id":"ST000349","analysis_id":"AN000565","analysis_summary":"GC POSITIVE ION MODE","metabolite_name":"1-Eicosanol","refmet_name":""},"2":{"study_id":"ST000349","analysis_id":"AN000565","analysis_summary":"GC POSITIVE ION MODE","metabolite_name":"2-Aminoadipic acid","refmet_name":"Aminoadipic acid"},"3":{"study_id":"ST000349","analysis_id":"AN000565","analysis_summary":"GC POSITIVE ION MODE","metabolite_name":"2-Aminobutanoic acid","refmet_name":"2-Aminobutyric acid"},"4":{"study_id":"ST000349","analysis_id":"AN000565","analysis_summary":"GC POSITIVE ION MODE","metabolite_name":"2-Aminoethanethiol\/Glycylphenylalanine","refmet_name":""},"5":{"study_id":"ST000349","analysis_id":"AN000565","analysis_summary":"GC POSITIVE ION MODE","metabolite_name":"2-Hydroxybiphenyl","refmet_name":""},"6":{"study_id":"ST000349","analysis_id":"AN000565","analysis_summary":"GC POSITIVE ION MODE","metabolite_name":"2-Hydroxybutyric acid","refmet_name":"2-Hydroxybutyric acid"},"7":{"study_id":"ST000349","analysis_id":"AN000565","analysis_summary":"GC POSITIVE ION MODE","metabolite_name":"2-Hydroxyglutaric acid","refmet_name":"2-Hydroxyglutaric acid"},"8":{"study_id":"ST000349","analysis_id":"AN000565","analysis_summary":"GC POSITIVE ION MODE","metabolite_name":"2-Hydroxypyridine","refmet_name":"2-Hydroxypyridine"},"9":{"study_id":"ST000349","analysis_id":"AN000565","analysis_summary":"GC POSITIVE ION MODE","metabolite_name":"2-Phosphoglyceric acid","refmet_name":"2-Phosphoglyceric acid"},"10":{"study_id":"ST000349","analysis_id":"AN000565","analysis_summary":"GC POSITIVE ION MODE","metabolite_name":"3,5-Dimethoxycinnamic acid","refmet_name":""},"11":{"study_id":"ST000349","analysis_id":"AN000565","analysis_summary":"GC POSITIVE ION MODE","metabolite_name":"3-Indolelactic acid\/tryptophan","refmet_name":""},"12":{"study_id":"ST000349","analysis_id":"AN000565","analysis_summary":"GC POSITIVE ION MODE","metabolite_name":"5,6 - Dimethylbenzimidazole","refmet_name":"Dimethylbenzimidazole"},"13":{"study_id":"ST000349","analysis_id":"AN000565","analysis_summary":"GC POSITIVE ION MODE","metabolite_name":"5-alpha-Coprostanol or similar oxysterol","refmet_name":""},"14":{"study_id":"ST000349","analysis_id":"AN000565","analysis_summary":"GC POSITIVE ION MODE","metabolite_name":"5-Aminovaleric acid","refmet_name":"5-Aminopentanoic acid"},"15":{"study_id":"ST000349","analysis_id":"AN000565","analysis_summary":"GC POSITIVE ION MODE","metabolite_name":"5-Cholesten-3-beta-7-alpha-diol","refmet_name":"7alpha-Hydroxy-cholesterol"},"16":{"study_id":"ST000349","analysis_id":"AN000565","analysis_summary":"GC POSITIVE ION MODE","metabolite_name":"5-Hydroxylysine","refmet_name":"5-Hydroxylysine"},"17":{"study_id":"ST000349","analysis_id":"AN000565","analysis_summary":"GC POSITIVE ION MODE","metabolite_name":"6-Hydroxynicotinic acid","refmet_name":"6-Hydroxynicotinic acid"},"18":{"study_id":"ST000349","analysis_id":"AN000565","analysis_summary":"GC POSITIVE ION MODE","metabolite_name":"6-Methyluracil","refmet_name":"6-Methyluracil"},"19":{"study_id":"ST000349","analysis_id":"AN000565","analysis_summary":"GC POSITIVE ION MODE","metabolite_name":"6-Phosphogluconic acid","refmet_name":"6-Phosphogluconic acid"},"20":{"study_id":"ST000349","analysis_id":"AN000565","analysis_summary":"GC POSITIVE ION MODE","metabolite_name":"7H-Purine\/Phenylalanine","refmet_name":""},"21":{"study_id":"ST000349","analysis_id":"AN000565","analysis_summary":"GC POSITIVE ION MODE","metabolite_name":"Adenosine-5'-monophosphate","refmet_name":"AMP"},"22":{"study_id":"ST000349","analysis_id":"AN000565","analysis_summary":"GC POSITIVE ION MODE","metabolite_name":"Alanine","refmet_name":"Alanine"},"23":{"study_id":"ST000349","analysis_id":"AN000565","analysis_summary":"GC POSITIVE ION MODE","metabolite_name":"Aldopentoses","refmet_name":""},"24":{"study_id":"ST000349","analysis_id":"AN000565","analysis_summary":"GC POSITIVE ION MODE","metabolite_name":"Allantoin","refmet_name":"Allantoin"},"25":{"study_id":"ST000349","analysis_id":"AN000565","analysis_summary":"GC POSITIVE ION MODE","metabolite_name":"alpha-Monopalmitin","refmet_name":"MG 16:0\/0:0\/0:0"},"26":{"study_id":"ST000349","analysis_id":"AN000565","analysis_summary":"GC POSITIVE ION MODE","metabolite_name":"alpha-Monostearin","refmet_name":"MG 18:0\/0:0\/0:0"},"27":{"study_id":"ST000349","analysis_id":"AN000565","analysis_summary":"GC POSITIVE ION MODE","metabolite_name":"alpha-Tocopherol","refmet_name":"alpha-Tocopherol"},"28":{"study_id":"ST000349","analysis_id":"AN000565","analysis_summary":"GC POSITIVE ION MODE","metabolite_name":"Aminomalonic acid","refmet_name":"Aminomalonic acid"},"29":{"study_id":"ST000349","analysis_id":"AN000565","analysis_summary":"GC POSITIVE ION MODE","metabolite_name":"Arachidic acid","refmet_name":"Arachidic acid"},"30":{"study_id":"ST000349","analysis_id":"AN000565","analysis_summary":"GC POSITIVE ION MODE","metabolite_name":"Arachidonic acid (also Eicosapentaenoic acid)","refmet_name":"Arachidonic acid"},"31":{"study_id":"ST000349","analysis_id":"AN000565","analysis_summary":"GC POSITIVE ION MODE","metabolite_name":"Aspartic acid","refmet_name":"Aspartic acid"},"32":{"study_id":"ST000349","analysis_id":"AN000565","analysis_summary":"GC POSITIVE ION MODE","metabolite_name":"Aspartic acid ???","refmet_name":"Aspartic acid"},"33":{"study_id":"ST000349","analysis_id":"AN000565","analysis_summary":"GC POSITIVE ION MODE","metabolite_name":"Benzoic acid","refmet_name":"Benzoic acid"},"34":{"study_id":"ST000349","analysis_id":"AN000565","analysis_summary":"GC POSITIVE ION MODE","metabolite_name":"beta-Alanine","refmet_name":"beta-Alanine"},"35":{"study_id":"ST000349","analysis_id":"AN000565","analysis_summary":"GC POSITIVE ION MODE","metabolite_name":"beta-Hydroxybutyric acid","refmet_name":"3-Hydroxybutyric acid"},"36":{"study_id":"ST000349","analysis_id":"AN000565","analysis_summary":"GC POSITIVE ION MODE","metabolite_name":"beta-Monopalmitin","refmet_name":"MG 0:0\/16:0\/0:0"},"37":{"study_id":"ST000349","analysis_id":"AN000565","analysis_summary":"GC POSITIVE ION MODE","metabolite_name":"beta-Monostearin","refmet_name":"MG 0:0\/18:0\/0:0"},"38":{"study_id":"ST000349","analysis_id":"AN000565","analysis_summary":"GC POSITIVE ION MODE","metabolite_name":"beta-Sitosterol","refmet_name":"Sitosterol"},"39":{"study_id":"ST000349","analysis_id":"AN000565","analysis_summary":"GC POSITIVE ION MODE","metabolite_name":"C10 hydrocarbon","refmet_name":""},"40":{"study_id":"ST000349","analysis_id":"AN000565","analysis_summary":"GC POSITIVE ION MODE","metabolite_name":"C11 hydrocarbon","refmet_name":""},"41":{"study_id":"ST000349","analysis_id":"AN000565","analysis_summary":"GC POSITIVE ION MODE","metabolite_name":"C12 hydrocarbon","refmet_name":""},"42":{"study_id":"ST000349","analysis_id":"AN000565","analysis_summary":"GC POSITIVE ION MODE","metabolite_name":"C13 hydrocarbon","refmet_name":""},"43":{"study_id":"ST000349","analysis_id":"AN000565","analysis_summary":"GC POSITIVE ION MODE","metabolite_name":"C15 hydrocarbon","refmet_name":""},"44":{"study_id":"ST000349","analysis_id":"AN000565","analysis_summary":"GC POSITIVE ION MODE","metabolite_name":"C22 hydrocarbon","refmet_name":""},"45":{"study_id":"ST000349","analysis_id":"AN000565","analysis_summary":"GC POSITIVE ION MODE","metabolite_name":"Campesterol","refmet_name":"Campesterol"},"46":{"study_id":"ST000349","analysis_id":"AN000565","analysis_summary":"GC POSITIVE ION MODE","metabolite_name":"Cholesterol","refmet_name":"Cholesterol"},"47":{"study_id":"ST000349","analysis_id":"AN000565","analysis_summary":"GC POSITIVE ION MODE","metabolite_name":"Cholic acid or similar bile acid","refmet_name":""},"48":{"study_id":"ST000349","analysis_id":"AN000565","analysis_summary":"GC POSITIVE ION MODE","metabolite_name":"Cysteine\/Creatinine","refmet_name":""},"49":{"study_id":"ST000349","analysis_id":"AN000565","analysis_summary":"GC POSITIVE ION MODE","metabolite_name":"Cysteinesulfinic acid","refmet_name":"3-Sulfino-alanine"},"50":{"study_id":"ST000349","analysis_id":"AN000565","analysis_summary":"GC POSITIVE ION MODE","metabolite_name":"Cysteinylglycine","refmet_name":"Cys-Gly"},"51":{"study_id":"ST000349","analysis_id":"AN000565","analysis_summary":"GC POSITIVE ION MODE","metabolite_name":"Cystine","refmet_name":"Cystine"},"52":{"study_id":"ST000349","analysis_id":"AN000565","analysis_summary":"GC POSITIVE ION MODE","metabolite_name":"Cytindine-5'-monophosphate","refmet_name":""},"53":{"study_id":"ST000349","analysis_id":"AN000565","analysis_summary":"GC POSITIVE ION MODE","metabolite_name":"Decamethyltetrasiloxane","refmet_name":""},"54":{"study_id":"ST000349","analysis_id":"AN000565","analysis_summary":"GC POSITIVE ION MODE","metabolite_name":"Dehydroascorbic acid","refmet_name":"L-Dehydroascorbic acid"},"55":{"study_id":"ST000349","analysis_id":"AN000565","analysis_summary":"GC POSITIVE ION MODE","metabolite_name":"deuterated Myristic Acid (RTL std)","refmet_name":""},"56":{"study_id":"ST000349","analysis_id":"AN000565","analysis_summary":"GC POSITIVE ION MODE","metabolite_name":"Disaccharide","refmet_name":""},"57":{"study_id":"ST000349","analysis_id":"AN000565","analysis_summary":"GC POSITIVE ION MODE","metabolite_name":"Docosahexaenoic acid","refmet_name":"Docosahexaenoic acid"},"58":{"study_id":"ST000349","analysis_id":"AN000565","analysis_summary":"GC POSITIVE ION MODE","metabolite_name":"Docosanoic acid","refmet_name":"Behenic acid"},"59":{"study_id":"ST000349","analysis_id":"AN000565","analysis_summary":"GC POSITIVE ION MODE","metabolite_name":"Eicosamethylnonasiloxane","refmet_name":""},"60":{"study_id":"ST000349","analysis_id":"AN000565","analysis_summary":"GC POSITIVE ION MODE","metabolite_name":"Epinephrine","refmet_name":"Epinephrine"},"61":{"study_id":"ST000349","analysis_id":"AN000565","analysis_summary":"GC POSITIVE ION MODE","metabolite_name":"Erythronic acid","refmet_name":"Erythronic acid"},"62":{"study_id":"ST000349","analysis_id":"AN000565","analysis_summary":"GC POSITIVE ION MODE","metabolite_name":"Ethanolamine","refmet_name":"Ethanolamine"},"63":{"study_id":"ST000349","analysis_id":"AN000565","analysis_summary":"GC POSITIVE ION MODE","metabolite_name":"Flavanoid or short-chain cholesterol ester","refmet_name":""},"64":{"study_id":"ST000349","analysis_id":"AN000565","analysis_summary":"GC POSITIVE ION MODE","metabolite_name":"Fructose or similar ketohexose","refmet_name":"Ketohexose"},"65":{"study_id":"ST000349","analysis_id":"AN000565","analysis_summary":"GC POSITIVE ION MODE","metabolite_name":"Fumaric acid","refmet_name":"Fumaric acid"},"66":{"study_id":"ST000349","analysis_id":"AN000565","analysis_summary":"GC POSITIVE ION MODE","metabolite_name":"Gentisic acid","refmet_name":"Gentisic acid"},"67":{"study_id":"ST000349","analysis_id":"AN000565","analysis_summary":"GC POSITIVE ION MODE","metabolite_name":"Gluconic acid or similar sugar acid","refmet_name":""},"68":{"study_id":"ST000349","analysis_id":"AN000565","analysis_summary":"GC POSITIVE ION MODE","metabolite_name":"Glucose-6-phosphate or similar","refmet_name":"Hexose 6-phosphate"},"69":{"study_id":"ST000349","analysis_id":"AN000565","analysis_summary":"GC POSITIVE ION MODE","metabolite_name":"Glucose and other aldohexoses","refmet_name":"Hexose"},"70":{"study_id":"ST000349","analysis_id":"AN000565","analysis_summary":"GC POSITIVE ION MODE","metabolite_name":"Glutamic acid","refmet_name":"Glutamic acid"},"71":{"study_id":"ST000349","analysis_id":"AN000565","analysis_summary":"GC POSITIVE ION MODE","metabolite_name":"Glutamine","refmet_name":"Glutamine"},"72":{"study_id":"ST000349","analysis_id":"AN000565","analysis_summary":"GC POSITIVE ION MODE","metabolite_name":"Glutathione (reduced)","refmet_name":"Glutathione"},"73":{"study_id":"ST000349","analysis_id":"AN000565","analysis_summary":"GC POSITIVE ION MODE","metabolite_name":"Glyceric acid","refmet_name":"Glyceric acid"},"74":{"study_id":"ST000349","analysis_id":"AN000565","analysis_summary":"GC POSITIVE ION MODE","metabolite_name":"Glycerol","refmet_name":"Glycerol"},"75":{"study_id":"ST000349","analysis_id":"AN000565","analysis_summary":"GC POSITIVE ION MODE","metabolite_name":"Glycerol 1-phosphate","refmet_name":"sn-Glycero-3-phosphate"},"76":{"study_id":"ST000349","analysis_id":"AN000565","analysis_summary":"GC POSITIVE ION MODE","metabolite_name":"Glycine","refmet_name":"Glycine"},"77":{"study_id":"ST000349","analysis_id":"AN000565","analysis_summary":"GC POSITIVE ION MODE","metabolite_name":"Heptadecanoic acid\/Octadecanol","refmet_name":""},"78":{"study_id":"ST000349","analysis_id":"AN000565","analysis_summary":"GC POSITIVE ION MODE","metabolite_name":"Hexadecamethylheptasiloxane","refmet_name":""},"79":{"study_id":"ST000349","analysis_id":"AN000565","analysis_summary":"GC POSITIVE ION MODE","metabolite_name":"Hexosamine","refmet_name":"Glucosamine"},"80":{"study_id":"ST000349","analysis_id":"AN000565","analysis_summary":"GC POSITIVE ION MODE","metabolite_name":"Hexuronic acid","refmet_name":"Hexuronic acid"},"81":{"study_id":"ST000349","analysis_id":"AN000565","analysis_summary":"GC POSITIVE ION MODE","metabolite_name":"Histidine","refmet_name":"Histidine"},"82":{"study_id":"ST000349","analysis_id":"AN000565","analysis_summary":"GC POSITIVE ION MODE","metabolite_name":"Hydroquinone or Resorcinol","refmet_name":""},"83":{"study_id":"ST000349","analysis_id":"AN000565","analysis_summary":"GC POSITIVE ION MODE","metabolite_name":"Hydroxyprolines","refmet_name":""},"84":{"study_id":"ST000349","analysis_id":"AN000565","analysis_summary":"GC POSITIVE ION MODE","metabolite_name":"Hypotaurine","refmet_name":"Hypotaurine"},"85":{"study_id":"ST000349","analysis_id":"AN000565","analysis_summary":"GC POSITIVE ION MODE","metabolite_name":"Hypoxanthine","refmet_name":"Hypoxanthine"},"86":{"study_id":"ST000349","analysis_id":"AN000565","analysis_summary":"GC POSITIVE ION MODE","metabolite_name":"Inosine\/Adenosine","refmet_name":""},"87":{"study_id":"ST000349","analysis_id":"AN000565","analysis_summary":"GC POSITIVE ION MODE","metabolite_name":"Isoleucine\/Leucine","refmet_name":"Leucine"},"88":{"study_id":"ST000349","analysis_id":"AN000565","analysis_summary":"GC POSITIVE ION MODE","metabolite_name":"Isomaltose or similar disaccharide","refmet_name":""},"89":{"study_id":"ST000349","analysis_id":"AN000565","analysis_summary":"GC POSITIVE ION MODE","metabolite_name":"Ketopentose-5-phosphate","refmet_name":""},"90":{"study_id":"ST000349","analysis_id":"AN000565","analysis_summary":"GC POSITIVE ION MODE","metabolite_name":"Lactic acid","refmet_name":"Lactic acid"},"91":{"study_id":"ST000349","analysis_id":"AN000565","analysis_summary":"GC POSITIVE ION MODE","metabolite_name":"Linoleic acid","refmet_name":"Linoleic acid"},"92":{"study_id":"ST000349","analysis_id":"AN000565","analysis_summary":"GC POSITIVE ION MODE","metabolite_name":"Lysine","refmet_name":"Lysine"},"93":{"study_id":"ST000349","analysis_id":"AN000565","analysis_summary":"GC POSITIVE ION MODE","metabolite_name":"Malic acid","refmet_name":"Malic acid"},"94":{"study_id":"ST000349","analysis_id":"AN000565","analysis_summary":"GC POSITIVE ION MODE","metabolite_name":"Malonic acid","refmet_name":"Malonic acid"},"95":{"study_id":"ST000349","analysis_id":"AN000565","analysis_summary":"GC POSITIVE ION MODE","metabolite_name":"Maltose or similar disaccharide","refmet_name":"Maltose"},"96":{"study_id":"ST000349","analysis_id":"AN000565","analysis_summary":"GC POSITIVE ION MODE","metabolite_name":"Melezitose","refmet_name":"Melezitose"},"97":{"study_id":"ST000349","analysis_id":"AN000565","analysis_summary":"GC POSITIVE ION MODE","metabolite_name":"Methionine","refmet_name":"Methionine"},"98":{"study_id":"ST000349","analysis_id":"AN000565","analysis_summary":"GC POSITIVE ION MODE","metabolite_name":"Methionine sulfoxide","refmet_name":"Methionine sulfoxide"},"99":{"study_id":"ST000349","analysis_id":"AN000565","analysis_summary":"GC POSITIVE ION MODE","metabolite_name":"MSTFA artifact","refmet_name":""},"100":{"study_id":"ST000349","analysis_id":"AN000565","analysis_summary":"GC POSITIVE ION MODE","metabolite_name":"Myoinositol","refmet_name":"Myo-inositol"},"101":{"study_id":"ST000349","analysis_id":"AN000565","analysis_summary":"GC POSITIVE ION MODE","metabolite_name":"Myoinositol-2-phosphate","refmet_name":"myo-Inositol 2-phosphate"},"102":{"study_id":"ST000349","analysis_id":"AN000565","analysis_summary":"GC POSITIVE ION MODE","metabolite_name":"Myristic acid or Pentadecanol","refmet_name":"Myristic acid"},"103":{"study_id":"ST000349","analysis_id":"AN000565","analysis_summary":"GC POSITIVE ION MODE","metabolite_name":"N1-Methyltryptamine","refmet_name":""},"104":{"study_id":"ST000349","analysis_id":"AN000565","analysis_summary":"GC POSITIVE ION MODE","metabolite_name":"N-Acetylaspartic acid","refmet_name":"N-Acetylaspartic acid"},"105":{"study_id":"ST000349","analysis_id":"AN000565","analysis_summary":"GC POSITIVE ION MODE","metabolite_name":"N-Acetylglutamic acid","refmet_name":"N-Acetylglutamic acid"},"106":{"study_id":"ST000349","analysis_id":"AN000565","analysis_summary":"GC POSITIVE ION MODE","metabolite_name":"N-Acetylneuraminic acid","refmet_name":"N-Acetylneuraminic acid"},"107":{"study_id":"ST000349","analysis_id":"AN000565","analysis_summary":"GC POSITIVE ION MODE","metabolite_name":"Neohesperidin or similar flavonone","refmet_name":""},"108":{"study_id":"ST000349","analysis_id":"AN000565","analysis_summary":"GC POSITIVE ION MODE","metabolite_name":"Nicotinamide","refmet_name":"Niacinamide"},"109":{"study_id":"ST000349","analysis_id":"AN000565","analysis_summary":"GC POSITIVE ION MODE","metabolite_name":"N-Methylglutamic acid","refmet_name":"N-Methyl-glutamic acid"},"110":{"study_id":"ST000349","analysis_id":"AN000565","analysis_summary":"GC POSITIVE ION MODE","metabolite_name":"Nonanoic acid","refmet_name":"Pelargonic acid"},"111":{"study_id":"ST000349","analysis_id":"AN000565","analysis_summary":"GC POSITIVE ION MODE","metabolite_name":"Normetanephrine","refmet_name":"Normetanephrine"},"112":{"study_id":"ST000349","analysis_id":"AN000565","analysis_summary":"GC POSITIVE ION MODE","metabolite_name":"Octadecamethyloctasiloxane","refmet_name":""},"113":{"study_id":"ST000349","analysis_id":"AN000565","analysis_summary":"GC POSITIVE ION MODE","metabolite_name":"Oleic acid","refmet_name":"Oleic acid"},"114":{"study_id":"ST000349","analysis_id":"AN000565","analysis_summary":"GC POSITIVE ION MODE","metabolite_name":"O-Methylphosphate","refmet_name":"Methanolphosphate"},"115":{"study_id":"ST000349","analysis_id":"AN000565","analysis_summary":"GC POSITIVE ION MODE","metabolite_name":"O-Phosphocolamine","refmet_name":"Phosphoethanolamine"},"116":{"study_id":"ST000349","analysis_id":"AN000565","analysis_summary":"GC POSITIVE ION MODE","metabolite_name":"Ornithine","refmet_name":"Ornithine"},"117":{"study_id":"ST000349","analysis_id":"AN000565","analysis_summary":"GC POSITIVE ION MODE","metabolite_name":"Palmitic acid","refmet_name":"Palmitic acid"},"118":{"study_id":"ST000349","analysis_id":"AN000565","analysis_summary":"GC POSITIVE ION MODE","metabolite_name":"Palmitoleic acid","refmet_name":"Palmitoleic acid"},"119":{"study_id":"ST000349","analysis_id":"AN000565","analysis_summary":"GC POSITIVE ION MODE","metabolite_name":"Pantothenic acid","refmet_name":"Pantothenic acid"},"120":{"study_id":"ST000349","analysis_id":"AN000565","analysis_summary":"GC POSITIVE ION MODE","metabolite_name":"Pentadecanoic acid","refmet_name":"Pentadecylic acid"},"121":{"study_id":"ST000349","analysis_id":"AN000565","analysis_summary":"GC POSITIVE ION MODE","metabolite_name":"Pentitols","refmet_name":"Arabitol"},"122":{"study_id":"ST000349","analysis_id":"AN000565","analysis_summary":"GC POSITIVE ION MODE","metabolite_name":"Pentonic acids","refmet_name":"Arabinonic acid"},"123":{"study_id":"ST000349","analysis_id":"AN000565","analysis_summary":"GC POSITIVE ION MODE","metabolite_name":"Phenol","refmet_name":"Phenol"},"124":{"study_id":"ST000349","analysis_id":"AN000565","analysis_summary":"GC POSITIVE ION MODE","metabolite_name":"Phenylalanine","refmet_name":"Phenylalanine"},"125":{"study_id":"ST000349","analysis_id":"AN000565","analysis_summary":"GC POSITIVE ION MODE","metabolite_name":"Phosphoenolpyruvic acid","refmet_name":"Phosphoenolpyruvic acid"},"126":{"study_id":"ST000349","analysis_id":"AN000565","analysis_summary":"GC POSITIVE ION MODE","metabolite_name":"Phosphoric acid","refmet_name":"Phosphoric acid"},"127":{"study_id":"ST000349","analysis_id":"AN000565","analysis_summary":"GC POSITIVE ION MODE","metabolite_name":"Phytol","refmet_name":"Phytol"},"128":{"study_id":"ST000349","analysis_id":"AN000565","analysis_summary":"GC POSITIVE ION MODE","metabolite_name":"Phytosphingosine","refmet_name":"Phytosphingosine"},"129":{"study_id":"ST000349","analysis_id":"AN000565","analysis_summary":"GC POSITIVE ION MODE","metabolite_name":"Pipecolic acid","refmet_name":"Pipecolic acid"},"130":{"study_id":"ST000349","analysis_id":"AN000565","analysis_summary":"GC POSITIVE ION MODE","metabolite_name":"Proline","refmet_name":"Proline"},"131":{"study_id":"ST000349","analysis_id":"AN000565","analysis_summary":"GC POSITIVE ION MODE","metabolite_name":"Prunetin or similar isoflavone","refmet_name":""},"132":{"study_id":"ST000349","analysis_id":"AN000565","analysis_summary":"GC POSITIVE ION MODE","metabolite_name":"Purine riboside","refmet_name":"Nebularine"},"133":{"study_id":"ST000349","analysis_id":"AN000565","analysis_summary":"GC POSITIVE ION MODE","metabolite_name":"Pyrophosphate","refmet_name":"Pyrophosphate"},"134":{"study_id":"ST000349","analysis_id":"AN000565","analysis_summary":"GC POSITIVE ION MODE","metabolite_name":"Pyruvic acid","refmet_name":"Pyruvic acid"},"135":{"study_id":"ST000349","analysis_id":"AN000565","analysis_summary":"GC POSITIVE ION MODE","metabolite_name":"Salicylic acid","refmet_name":"Salicylic acid"},"136":{"study_id":"ST000349","analysis_id":"AN000565","analysis_summary":"GC POSITIVE ION MODE","metabolite_name":"Sedoheptulose or similar sugar","refmet_name":""},"137":{"study_id":"ST000349","analysis_id":"AN000565","analysis_summary":"GC POSITIVE ION MODE","metabolite_name":"Serine","refmet_name":"Serine"},"138":{"study_id":"ST000349","analysis_id":"AN000565","analysis_summary":"GC POSITIVE ION MODE","metabolite_name":"Spermidine","refmet_name":"Spermidine"},"139":{"study_id":"ST000349","analysis_id":"AN000565","analysis_summary":"GC POSITIVE ION MODE","metabolite_name":"Squalene","refmet_name":"Squalene"},"140":{"study_id":"ST000349","analysis_id":"AN000565","analysis_summary":"GC POSITIVE ION MODE","metabolite_name":"Stearic acid","refmet_name":"Stearic acid"},"141":{"study_id":"ST000349","analysis_id":"AN000565","analysis_summary":"GC POSITIVE ION MODE","metabolite_name":"Succinic acid","refmet_name":"Succinic acid"},"142":{"study_id":"ST000349","analysis_id":"AN000565","analysis_summary":"GC POSITIVE ION MODE","metabolite_name":"Taurine","refmet_name":"Taurine"},"143":{"study_id":"ST000349","analysis_id":"AN000565","analysis_summary":"GC POSITIVE ION MODE","metabolite_name":"Tetracosanoic acid","refmet_name":"Lignoceric acid"},"144":{"study_id":"ST000349","analysis_id":"AN000565","analysis_summary":"GC POSITIVE ION MODE","metabolite_name":"Threitol\/erythritol","refmet_name":""},"145":{"study_id":"ST000349","analysis_id":"AN000565","analysis_summary":"GC POSITIVE ION MODE","metabolite_name":"Threonic acid","refmet_name":"Threonic acid"},"146":{"study_id":"ST000349","analysis_id":"AN000565","analysis_summary":"GC POSITIVE ION MODE","metabolite_name":"Threonine","refmet_name":"Threonine"},"147":{"study_id":"ST000349","analysis_id":"AN000565","analysis_summary":"GC POSITIVE ION MODE","metabolite_name":"Threose\/erythrose","refmet_name":""},"148":{"study_id":"ST000349","analysis_id":"AN000565","analysis_summary":"GC POSITIVE ION MODE","metabolite_name":"trans,trans-Muconic acid","refmet_name":"trans-trans-Muconic acid"},"149":{"study_id":"ST000349","analysis_id":"AN000565","analysis_summary":"GC POSITIVE ION MODE","metabolite_name":"Trisaccharide","refmet_name":"Hexose trisaccharide"},"150":{"study_id":"ST000349","analysis_id":"AN000565","analysis_summary":"GC POSITIVE ION MODE","metabolite_name":"Tyrosine","refmet_name":"Tyrosine"},"151":{"study_id":"ST000349","analysis_id":"AN000565","analysis_summary":"GC POSITIVE ION MODE","metabolite_name":"Unknown-possibly propylene glycol","refmet_name":""},"152":{"study_id":"ST000349","analysis_id":"AN000565","analysis_summary":"GC POSITIVE ION MODE","metabolite_name":"Uracil","refmet_name":"Uracil"},"153":{"study_id":"ST000349","analysis_id":"AN000565","analysis_summary":"GC POSITIVE ION MODE","metabolite_name":"Urea","refmet_name":"Urea"},"154":{"study_id":"ST000349","analysis_id":"AN000565","analysis_summary":"GC POSITIVE ION MODE","metabolite_name":"Uric acid","refmet_name":"Uric acid"},"155":{"study_id":"ST000349","analysis_id":"AN000565","analysis_summary":"GC POSITIVE ION MODE","metabolite_name":"Uridine 5'-monophosphate","refmet_name":"UMP"},"156":{"study_id":"ST000349","analysis_id":"AN000565","analysis_summary":"GC POSITIVE ION MODE","metabolite_name":"Uridine\/pseudouridine","refmet_name":""},"157":{"study_id":"ST000349","analysis_id":"AN000565","analysis_summary":"GC POSITIVE ION MODE","metabolite_name":"Valine","refmet_name":"Valine"},"158":{"study_id":"ST000349","analysis_id":"AN000565","analysis_summary":"GC POSITIVE ION MODE","metabolite_name":"Xanthine","refmet_name":"Xanthine"},"159":{"study_id":"ST000349","analysis_id":"AN000565","analysis_summary":"GC POSITIVE ION MODE","metabolite_name":"Xanthosine","refmet_name":"Xanthosine"}}