{"1":{"study_id":"ST000488","analysis_id":"AN000754","analysis_summary":"HILIC POSITIVE ION MODE","metabolite_name":"betaine","refmet_name":"Betaine"},"2":{"study_id":"ST000488","analysis_id":"AN000754","analysis_summary":"HILIC POSITIVE ION MODE","metabolite_name":"carnitine","refmet_name":"Carnitine"},"3":{"study_id":"ST000488","analysis_id":"AN000754","analysis_summary":"HILIC POSITIVE ION MODE","metabolite_name":"choline","refmet_name":"Choline"},"4":{"study_id":"ST000488","analysis_id":"AN000754","analysis_summary":"HILIC POSITIVE ION MODE","metabolite_name":"tma","refmet_name":""},"5":{"study_id":"ST000488","analysis_id":"AN000754","analysis_summary":"HILIC POSITIVE ION MODE","metabolite_name":"tmao","refmet_name":"Trimethylamine N-oxide"}}