{"1":{"study_id":"ST000617","analysis_id":"AN000946","analysis_summary":"HILIC NEGATIVE ION MODE","metabolite_name":"12-HETE","refmet_name":"12-HETE"},"2":{"study_id":"ST000617","analysis_id":"AN000946","analysis_summary":"HILIC NEGATIVE ION MODE","metabolite_name":"13S-hydroxyoctadecadienoic acid","refmet_name":"13S-HODE"},"3":{"study_id":"ST000617","analysis_id":"AN000946","analysis_summary":"HILIC NEGATIVE ION MODE","metabolite_name":"20-Hydroxyeicosatetraenoic acid","refmet_name":"20-HETE"},"4":{"study_id":"ST000617","analysis_id":"AN000946","analysis_summary":"HILIC NEGATIVE ION MODE","metabolite_name":"2,3-Diphosphoglyceric acid","refmet_name":"2,3-Diphosphoglyceric acid"},"5":{"study_id":"ST000617","analysis_id":"AN000946","analysis_summary":"HILIC NEGATIVE ION MODE","metabolite_name":"2-Hydroxy-3-methylbutyric acid","refmet_name":"2-Hydroxy-3-methylbutyric acid"},"6":{"study_id":"ST000617","analysis_id":"AN000946","analysis_summary":"HILIC NEGATIVE ION MODE","metabolite_name":"2-Hydroxyglutarate","refmet_name":"2-Hydroxyglutaric acid"},"7":{"study_id":"ST000617","analysis_id":"AN000946","analysis_summary":"HILIC NEGATIVE ION MODE","metabolite_name":"2-Isopropylmalic acid","refmet_name":"2-Isopropylmalic acid"},"8":{"study_id":"ST000617","analysis_id":"AN000946","analysis_summary":"HILIC NEGATIVE ION MODE","metabolite_name":"2-Ketobutyric acid","refmet_name":"3-Methyl pyruvic acid"},"9":{"study_id":"ST000617","analysis_id":"AN000946","analysis_summary":"HILIC NEGATIVE ION MODE","metabolite_name":"2-Ketohexanoic acid","refmet_name":"2-Ketocaproic acid"},"10":{"study_id":"ST000617","analysis_id":"AN000946","analysis_summary":"HILIC NEGATIVE ION MODE","metabolite_name":"2-Keto-L-gluconate","refmet_name":"2-Keto-L-gulonic acid"},"11":{"study_id":"ST000617","analysis_id":"AN000946","analysis_summary":"HILIC NEGATIVE ION MODE","metabolite_name":"2-Methylcitric acid","refmet_name":"2-Methylcitric acid"},"12":{"study_id":"ST000617","analysis_id":"AN000946","analysis_summary":"HILIC NEGATIVE ION MODE","metabolite_name":"2-Pyrocatechuic acid","refmet_name":"2-Pyrocatechuic acid"},"13":{"study_id":"ST000617","analysis_id":"AN000946","analysis_summary":"HILIC NEGATIVE ION MODE","metabolite_name":"3-methylphenylacetic acid","refmet_name":"3-Methylphenylacetic acid"},"14":{"study_id":"ST000617","analysis_id":"AN000946","analysis_summary":"HILIC NEGATIVE ION MODE","metabolite_name":"3-Phosphoglyceric acid","refmet_name":"3-Phosphoglyceric acid"},"15":{"study_id":"ST000617","analysis_id":"AN000946","analysis_summary":"HILIC NEGATIVE ION MODE","metabolite_name":"4-Hydroxybenzoic acid","refmet_name":"4-Hydroxybenzoic acid"},"16":{"study_id":"ST000617","analysis_id":"AN000946","analysis_summary":"HILIC NEGATIVE ION MODE","metabolite_name":"4-Hydroxyphenyllactic acid","refmet_name":"4-Hydroxyphenyllactic acid"},"17":{"study_id":"ST000617","analysis_id":"AN000946","analysis_summary":"HILIC NEGATIVE ION MODE","metabolite_name":"4-Hydroxyphenylpyruvic acid","refmet_name":"4-Hydroxyphenylpyruvic acid"},"18":{"study_id":"ST000617","analysis_id":"AN000946","analysis_summary":"HILIC NEGATIVE ION MODE","metabolite_name":"4-Pyridoxic acid","refmet_name":"4-Pyridoxic acid"},"19":{"study_id":"ST000617","analysis_id":"AN000946","analysis_summary":"HILIC NEGATIVE ION MODE","metabolite_name":"Acetic acid","refmet_name":"Acetic acid"},"20":{"study_id":"ST000617","analysis_id":"AN000946","analysis_summary":"HILIC NEGATIVE ION MODE","metabolite_name":"Acetoacetic acid","refmet_name":"Acetoacetic acid"},"21":{"study_id":"ST000617","analysis_id":"AN000946","analysis_summary":"HILIC NEGATIVE ION MODE","metabolite_name":"Adenosine diphosphate","refmet_name":"ADP"},"22":{"study_id":"ST000617","analysis_id":"AN000946","analysis_summary":"HILIC NEGATIVE ION MODE","metabolite_name":"Adipic acid","refmet_name":"Adipic acid"},"23":{"study_id":"ST000617","analysis_id":"AN000946","analysis_summary":"HILIC NEGATIVE ION MODE","metabolite_name":"AICAR","refmet_name":"AICAR"},"24":{"study_id":"ST000617","analysis_id":"AN000946","analysis_summary":"HILIC NEGATIVE ION MODE","metabolite_name":"Allantoic acid","refmet_name":"Allantoic acid"},"25":{"study_id":"ST000617","analysis_id":"AN000946","analysis_summary":"HILIC NEGATIVE ION MODE","metabolite_name":"Alpha-ketoisovaleric acid","refmet_name":"Ketoisovaleric acid"},"26":{"study_id":"ST000617","analysis_id":"AN000946","analysis_summary":"HILIC NEGATIVE ION MODE","metabolite_name":"Aminoadipic acid","refmet_name":"Aminoadipic acid"},"27":{"study_id":"ST000617","analysis_id":"AN000946","analysis_summary":"HILIC NEGATIVE ION MODE","metabolite_name":"Androsterone sulfate","refmet_name":"5alpha-Androstane-3alpha-ol-17-one sulfate"},"28":{"study_id":"ST000617","analysis_id":"AN000946","analysis_summary":"HILIC NEGATIVE ION MODE","metabolite_name":"Arachidonic Acid","refmet_name":"Arachidonic acid"},"29":{"study_id":"ST000617","analysis_id":"AN000946","analysis_summary":"HILIC NEGATIVE ION MODE","metabolite_name":"Arginine","refmet_name":"Arginine"},"30":{"study_id":"ST000617","analysis_id":"AN000946","analysis_summary":"HILIC NEGATIVE ION MODE","metabolite_name":"Benzoic acid","refmet_name":"Benzoic acid"},"31":{"study_id":"ST000617","analysis_id":"AN000946","analysis_summary":"HILIC NEGATIVE ION MODE","metabolite_name":"Chenodeoxycholic acid","refmet_name":"Chenodeoxycholic acid"},"32":{"study_id":"ST000617","analysis_id":"AN000946","analysis_summary":"HILIC NEGATIVE ION MODE","metabolite_name":"Chenodeoxyglycocholic acid","refmet_name":"Glycochenodeoxycholic acid"},"33":{"study_id":"ST000617","analysis_id":"AN000946","analysis_summary":"HILIC NEGATIVE ION MODE","metabolite_name":"Cholesteryl sulfate","refmet_name":"Cholesterol sulfate"},"34":{"study_id":"ST000617","analysis_id":"AN000946","analysis_summary":"HILIC NEGATIVE ION MODE","metabolite_name":"cis-aconitic acid","refmet_name":"cis-Aconitic acid"},"35":{"study_id":"ST000617","analysis_id":"AN000946","analysis_summary":"HILIC NEGATIVE ION MODE","metabolite_name":"Citramalic acid","refmet_name":"Citramalic acid"},"36":{"study_id":"ST000617","analysis_id":"AN000946","analysis_summary":"HILIC NEGATIVE ION MODE","metabolite_name":"Citric acid","refmet_name":"Citric acid"},"37":{"study_id":"ST000617","analysis_id":"AN000946","analysis_summary":"HILIC NEGATIVE ION MODE","metabolite_name":"Citrulline","refmet_name":"Citrulline"},"38":{"study_id":"ST000617","analysis_id":"AN000946","analysis_summary":"HILIC NEGATIVE ION MODE","metabolite_name":"CL(18:2\/18:1\/18:1\/20:4)","refmet_name":"CL  18:2\/18:1\/18:1\/20:4*"},"39":{"study_id":"ST000617","analysis_id":"AN000946","analysis_summary":"HILIC NEGATIVE ION MODE","metabolite_name":"CL(18:2\/18:2\/16:1\/16:1)","refmet_name":"CL  18:2\/18:2\/16:1\/16:1*"},"40":{"study_id":"ST000617","analysis_id":"AN000946","analysis_summary":"HILIC NEGATIVE ION MODE","metabolite_name":"CL(18:2\/18:2\/18:1\/18:1)","refmet_name":"CL  18:2\/18:2\/18:1\/18:1*"},"41":{"study_id":"ST000617","analysis_id":"AN000946","analysis_summary":"HILIC NEGATIVE ION MODE","metabolite_name":"CL(18:2\/18:2\/18:2\/16:1)","refmet_name":"CL  18:2\/18:2\/18:2\/16:1*"},"42":{"study_id":"ST000617","analysis_id":"AN000946","analysis_summary":"HILIC NEGATIVE ION MODE","metabolite_name":"CL(18:2\/18:2\/18:2\/18:1)","refmet_name":"CL  18:2\/18:2\/18:2\/18:1*"},"43":{"study_id":"ST000617","analysis_id":"AN000946","analysis_summary":"HILIC NEGATIVE ION MODE","metabolite_name":"CL(18:2\/18:2\/18:2\/18:2)","refmet_name":"CL 18:2\/18:2\/18:2\/18:2"},"44":{"study_id":"ST000617","analysis_id":"AN000946","analysis_summary":"HILIC NEGATIVE ION MODE","metabolite_name":"CL(18:2\/18:2\/18:2\/20:4)","refmet_name":"CL  18:2\/18:2\/18:2\/20:4*"},"45":{"study_id":"ST000617","analysis_id":"AN000946","analysis_summary":"HILIC NEGATIVE ION MODE","metabolite_name":"CL(18:2\/18:2\/18:2\/22:6)","refmet_name":"CL  18:2\/18:2\/18:2\/22:6*"},"46":{"study_id":"ST000617","analysis_id":"AN000946","analysis_summary":"HILIC NEGATIVE ION MODE","metabolite_name":"Dehydroascorbic acid","refmet_name":"L-Dehydroascorbic acid"},"47":{"study_id":"ST000617","analysis_id":"AN000946","analysis_summary":"HILIC NEGATIVE ION MODE","metabolite_name":"Dehydroepiandrosterone sulfate","refmet_name":"Dehydroepiandrosterone sulfate"},"48":{"study_id":"ST000617","analysis_id":"AN000946","analysis_summary":"HILIC NEGATIVE ION MODE","metabolite_name":"Deoxycholic acid","refmet_name":"Deoxycholic acid"},"49":{"study_id":"ST000617","analysis_id":"AN000946","analysis_summary":"HILIC NEGATIVE ION MODE","metabolite_name":"Deoxyguanosine","refmet_name":"Deoxyguanosine"},"50":{"study_id":"ST000617","analysis_id":"AN000946","analysis_summary":"HILIC NEGATIVE ION MODE","metabolite_name":"D-Glyceraldehyde 3-phosphate","refmet_name":"Glyceraldehyde 3-phosphate"},"51":{"study_id":"ST000617","analysis_id":"AN000946","analysis_summary":"HILIC NEGATIVE ION MODE","metabolite_name":"Docosahexaenoic acid","refmet_name":"Docosahexaenoic acid"},"52":{"study_id":"ST000617","analysis_id":"AN000946","analysis_summary":"HILIC NEGATIVE ION MODE","metabolite_name":"D-Ribose 5-phosphate","refmet_name":"Ribose 5-phosphate"},"53":{"study_id":"ST000617","analysis_id":"AN000946","analysis_summary":"HILIC NEGATIVE ION MODE","metabolite_name":"Eicosapentaenoic acid","refmet_name":"Eicosapentaenoic acid"},"54":{"study_id":"ST000617","analysis_id":"AN000946","analysis_summary":"HILIC NEGATIVE ION MODE","metabolite_name":"Gamma glutamyl-Alanine","refmet_name":"gamma-Glutamylalanine"},"55":{"study_id":"ST000617","analysis_id":"AN000946","analysis_summary":"HILIC NEGATIVE ION MODE","metabolite_name":"Gluconic acid","refmet_name":"Gluconic acid"},"56":{"study_id":"ST000617","analysis_id":"AN000946","analysis_summary":"HILIC NEGATIVE ION MODE","metabolite_name":"Gluconolactone","refmet_name":"Gluconolactone"},"57":{"study_id":"ST000617","analysis_id":"AN000946","analysis_summary":"HILIC NEGATIVE ION MODE","metabolite_name":"Glucose","refmet_name":"Glucose"},"58":{"study_id":"ST000617","analysis_id":"AN000946","analysis_summary":"HILIC NEGATIVE ION MODE","metabolite_name":"Glyceric acid","refmet_name":"Glyceric acid"},"59":{"study_id":"ST000617","analysis_id":"AN000946","analysis_summary":"HILIC NEGATIVE ION MODE","metabolite_name":"Glycerol","refmet_name":"Glycerol"},"60":{"study_id":"ST000617","analysis_id":"AN000946","analysis_summary":"HILIC NEGATIVE ION MODE","metabolite_name":"Glycerol 3-phosphate","refmet_name":"sn-Glycero-3-phosphate"},"61":{"study_id":"ST000617","analysis_id":"AN000946","analysis_summary":"HILIC NEGATIVE ION MODE","metabolite_name":"Glycocholic acid","refmet_name":"Glycocholic acid"},"62":{"study_id":"ST000617","analysis_id":"AN000946","analysis_summary":"HILIC NEGATIVE ION MODE","metabolite_name":"Glyoxylic acid","refmet_name":"Glyoxylic acid"},"63":{"study_id":"ST000617","analysis_id":"AN000946","analysis_summary":"HILIC NEGATIVE ION MODE","metabolite_name":"Guanosine","refmet_name":"Guanosine"},"64":{"study_id":"ST000617","analysis_id":"AN000946","analysis_summary":"HILIC NEGATIVE ION MODE","metabolite_name":"Hexacosanoic acid","refmet_name":"Cerotic acid"},"65":{"study_id":"ST000617","analysis_id":"AN000946","analysis_summary":"HILIC NEGATIVE ION MODE","metabolite_name":"Hippuric acid","refmet_name":"Hippuric acid"},"66":{"study_id":"ST000617","analysis_id":"AN000946","analysis_summary":"HILIC NEGATIVE ION MODE","metabolite_name":"Homovanillic acid","refmet_name":"Homovanillic acid"},"67":{"study_id":"ST000617","analysis_id":"AN000946","analysis_summary":"HILIC NEGATIVE ION MODE","metabolite_name":"Hydroxyisocaproic acid","refmet_name":"2-Hydroxyisocaproic acid"},"68":{"study_id":"ST000617","analysis_id":"AN000946","analysis_summary":"HILIC NEGATIVE ION MODE","metabolite_name":"Hypoxanthine","refmet_name":"Hypoxanthine"},"69":{"study_id":"ST000617","analysis_id":"AN000946","analysis_summary":"HILIC NEGATIVE ION MODE","metabolite_name":"Indoxyl sulfate","refmet_name":"Indoxyl sulfate"},"70":{"study_id":"ST000617","analysis_id":"AN000946","analysis_summary":"HILIC NEGATIVE ION MODE","metabolite_name":"Inosine","refmet_name":"Inosine"},"71":{"study_id":"ST000617","analysis_id":"AN000946","analysis_summary":"HILIC NEGATIVE ION MODE","metabolite_name":"Isocitric acid","refmet_name":"Isocitric acid"},"72":{"study_id":"ST000617","analysis_id":"AN000946","analysis_summary":"HILIC NEGATIVE ION MODE","metabolite_name":"Isovalerylglycine","refmet_name":"Isovalerylglycine"},"73":{"study_id":"ST000617","analysis_id":"AN000946","analysis_summary":"HILIC NEGATIVE ION MODE","metabolite_name":"Itaconic acid","refmet_name":"Itaconic acid"},"74":{"study_id":"ST000617","analysis_id":"AN000946","analysis_summary":"HILIC NEGATIVE ION MODE","metabolite_name":"Ketoleucine","refmet_name":"Ketoleucine"},"75":{"study_id":"ST000617","analysis_id":"AN000946","analysis_summary":"HILIC NEGATIVE ION MODE","metabolite_name":"Kynurenic acid","refmet_name":"Kynurenic acid"},"76":{"study_id":"ST000617","analysis_id":"AN000946","analysis_summary":"HILIC NEGATIVE ION MODE","metabolite_name":"L-Aspartic acid","refmet_name":"Aspartic acid"},"77":{"study_id":"ST000617","analysis_id":"AN000946","analysis_summary":"HILIC NEGATIVE ION MODE","metabolite_name":"L-Cystine","refmet_name":"Cystine"},"78":{"study_id":"ST000617","analysis_id":"AN000946","analysis_summary":"HILIC NEGATIVE ION MODE","metabolite_name":"Linoleic acid","refmet_name":"Linoleic acid"},"79":{"study_id":"ST000617","analysis_id":"AN000946","analysis_summary":"HILIC NEGATIVE ION MODE","metabolite_name":"Lipoic acid","refmet_name":"Lipoic acid"},"80":{"study_id":"ST000617","analysis_id":"AN000946","analysis_summary":"HILIC NEGATIVE ION MODE","metabolite_name":"L-Lactic acid","refmet_name":"Lactic acid"},"81":{"study_id":"ST000617","analysis_id":"AN000946","analysis_summary":"HILIC NEGATIVE ION MODE","metabolite_name":"L-Threonine","refmet_name":"Threonine"},"82":{"study_id":"ST000617","analysis_id":"AN000946","analysis_summary":"HILIC NEGATIVE ION MODE","metabolite_name":"Malic acid","refmet_name":"Malic acid"},"83":{"study_id":"ST000617","analysis_id":"AN000946","analysis_summary":"HILIC NEGATIVE ION MODE","metabolite_name":"Malonic acid","refmet_name":"Malonic acid"},"84":{"study_id":"ST000617","analysis_id":"AN000946","analysis_summary":"HILIC NEGATIVE ION MODE","metabolite_name":"Methylmalonic acid","refmet_name":"Methylmalonic acid"},"85":{"study_id":"ST000617","analysis_id":"AN000946","analysis_summary":"HILIC NEGATIVE ION MODE","metabolite_name":"Methylsuccinic Acid","refmet_name":"Methylsuccinic acid"},"86":{"study_id":"ST000617","analysis_id":"AN000946","analysis_summary":"HILIC NEGATIVE ION MODE","metabolite_name":"Myoinositol","refmet_name":"Myo-inositol"},"87":{"study_id":"ST000617","analysis_id":"AN000946","analysis_summary":"HILIC NEGATIVE ION MODE","metabolite_name":"N-Acetylglutamic acid","refmet_name":"N-Acetylglutamic acid"},"88":{"study_id":"ST000617","analysis_id":"AN000946","analysis_summary":"HILIC NEGATIVE ION MODE","metabolite_name":"N-Acetyl-L-aspartic acid","refmet_name":"N-Acetylaspartic acid"},"89":{"study_id":"ST000617","analysis_id":"AN000946","analysis_summary":"HILIC NEGATIVE ION MODE","metabolite_name":"N-acetylserine","refmet_name":"N-Acetylserine"},"90":{"study_id":"ST000617","analysis_id":"AN000946","analysis_summary":"HILIC NEGATIVE ION MODE","metabolite_name":"Octulose-monophosphate","refmet_name":""},"91":{"study_id":"ST000617","analysis_id":"AN000946","analysis_summary":"HILIC NEGATIVE ION MODE","metabolite_name":"Oleic acid","refmet_name":"Oleic acid"},"92":{"study_id":"ST000617","analysis_id":"AN000946","analysis_summary":"HILIC NEGATIVE ION MODE","metabolite_name":"Orotic acid","refmet_name":"Orotic acid"},"93":{"study_id":"ST000617","analysis_id":"AN000946","analysis_summary":"HILIC NEGATIVE ION MODE","metabolite_name":"Oxaloacetic acid","refmet_name":"Oxaloacetic acid"},"94":{"study_id":"ST000617","analysis_id":"AN000946","analysis_summary":"HILIC NEGATIVE ION MODE","metabolite_name":"PA(16:0\/16:0)","refmet_name":"PA 16:0\/16:0"},"95":{"study_id":"ST000617","analysis_id":"AN000946","analysis_summary":"HILIC NEGATIVE ION MODE","metabolite_name":"PA(16:0\/16:1)","refmet_name":"PA 16:0_16:1"},"96":{"study_id":"ST000617","analysis_id":"AN000946","analysis_summary":"HILIC NEGATIVE ION MODE","metabolite_name":"PA(16:1\/16:1)","refmet_name":"PA 16:1\/16:1"},"97":{"study_id":"ST000617","analysis_id":"AN000946","analysis_summary":"HILIC NEGATIVE ION MODE","metabolite_name":"PA(16:1\/18:1)","refmet_name":"PA 16:1_18:1"},"98":{"study_id":"ST000617","analysis_id":"AN000946","analysis_summary":"HILIC NEGATIVE ION MODE","metabolite_name":"PA(18:0\/16:1)","refmet_name":"PA 16:1_18:0"},"99":{"study_id":"ST000617","analysis_id":"AN000946","analysis_summary":"HILIC NEGATIVE ION MODE","metabolite_name":"PA(18:0\/18:1)","refmet_name":"PA  18:0\/18:1*"},"100":{"study_id":"ST000617","analysis_id":"AN000946","analysis_summary":"HILIC NEGATIVE ION MODE","metabolite_name":"PA(18:1\/18:1)","refmet_name":"PA 18:1\/18:1"},"101":{"study_id":"ST000617","analysis_id":"AN000946","analysis_summary":"HILIC NEGATIVE ION MODE","metabolite_name":"p-Aminobenzoic acid","refmet_name":"P-Aminobenzoic acid"},"102":{"study_id":"ST000617","analysis_id":"AN000946","analysis_summary":"HILIC NEGATIVE ION MODE","metabolite_name":"Pantothenic acid","refmet_name":"Pantothenic acid"},"103":{"study_id":"ST000617","analysis_id":"AN000946","analysis_summary":"HILIC NEGATIVE ION MODE","metabolite_name":"PE (18:0\/18:0)","refmet_name":"PE 18:0\/18:0"},"104":{"study_id":"ST000617","analysis_id":"AN000946","analysis_summary":"HILIC NEGATIVE ION MODE","metabolite_name":"PE(20:4\/18:1)","refmet_name":"PE 18:1_20:4"},"105":{"study_id":"ST000617","analysis_id":"AN000946","analysis_summary":"HILIC NEGATIVE ION MODE","metabolite_name":"PE(34:1)","refmet_name":"PE 34:1"},"106":{"study_id":"ST000617","analysis_id":"AN000946","analysis_summary":"HILIC NEGATIVE ION MODE","metabolite_name":"PE(34:2)","refmet_name":"PE 34:2"},"107":{"study_id":"ST000617","analysis_id":"AN000946","analysis_summary":"HILIC NEGATIVE ION MODE","metabolite_name":"PE(36:1)","refmet_name":"PE 36:1"},"108":{"study_id":"ST000617","analysis_id":"AN000946","analysis_summary":"HILIC NEGATIVE ION MODE","metabolite_name":"PE(36:2)","refmet_name":"PE 36:2"},"109":{"study_id":"ST000617","analysis_id":"AN000946","analysis_summary":"HILIC NEGATIVE ION MODE","metabolite_name":"PE(36:3)","refmet_name":"PE 36:3"},"110":{"study_id":"ST000617","analysis_id":"AN000946","analysis_summary":"HILIC NEGATIVE ION MODE","metabolite_name":"PE(36:4)","refmet_name":"PE 36:4"},"111":{"study_id":"ST000617","analysis_id":"AN000946","analysis_summary":"HILIC NEGATIVE ION MODE","metabolite_name":"PG(34:1)","refmet_name":"PG 34:1"},"112":{"study_id":"ST000617","analysis_id":"AN000946","analysis_summary":"HILIC NEGATIVE ION MODE","metabolite_name":"Phenylacetylglutamine","refmet_name":"alpha-N-Phenylacetylglutamine"},"113":{"study_id":"ST000617","analysis_id":"AN000946","analysis_summary":"HILIC NEGATIVE ION MODE","metabolite_name":"Phenyllactic acid","refmet_name":"Phenyllactic acid"},"114":{"study_id":"ST000617","analysis_id":"AN000946","analysis_summary":"HILIC NEGATIVE ION MODE","metabolite_name":"p-Hydroxyphenylacetic acid","refmet_name":"4-Hydroxyphenylacetic acid"},"115":{"study_id":"ST000617","analysis_id":"AN000946","analysis_summary":"HILIC NEGATIVE ION MODE","metabolite_name":"PI(16:0\/16:0)","refmet_name":"PI 16:0\/16:0"},"116":{"study_id":"ST000617","analysis_id":"AN000946","analysis_summary":"HILIC NEGATIVE ION MODE","metabolite_name":"PI(32:2)","refmet_name":"PI 32:2"},"117":{"study_id":"ST000617","analysis_id":"AN000946","analysis_summary":"HILIC NEGATIVE ION MODE","metabolite_name":"PI(34:0)","refmet_name":"PI 34:0"},"118":{"study_id":"ST000617","analysis_id":"AN000946","analysis_summary":"HILIC NEGATIVE ION MODE","metabolite_name":"PI(34:1)","refmet_name":"PI 34:1"},"119":{"study_id":"ST000617","analysis_id":"AN000946","analysis_summary":"HILIC NEGATIVE ION MODE","metabolite_name":"PI(34:2)","refmet_name":"PI 34:2"},"120":{"study_id":"ST000617","analysis_id":"AN000946","analysis_summary":"HILIC NEGATIVE ION MODE","metabolite_name":"PI(36:0)","refmet_name":"PI 36:0"},"121":{"study_id":"ST000617","analysis_id":"AN000946","analysis_summary":"HILIC NEGATIVE ION MODE","metabolite_name":"PI(36:1)","refmet_name":"PI 36:1"},"122":{"study_id":"ST000617","analysis_id":"AN000946","analysis_summary":"HILIC NEGATIVE ION MODE","metabolite_name":"PI(36:2)","refmet_name":"PI 36:2"},"123":{"study_id":"ST000617","analysis_id":"AN000946","analysis_summary":"HILIC NEGATIVE ION MODE","metabolite_name":"PI(36:4)","refmet_name":"PI 36:4"},"124":{"study_id":"ST000617","analysis_id":"AN000946","analysis_summary":"HILIC NEGATIVE ION MODE","metabolite_name":"PI(38:3)","refmet_name":"PI 38:3"},"125":{"study_id":"ST000617","analysis_id":"AN000946","analysis_summary":"HILIC NEGATIVE ION MODE","metabolite_name":"PI(38:4)","refmet_name":"PI 38:4"},"126":{"study_id":"ST000617","analysis_id":"AN000946","analysis_summary":"HILIC NEGATIVE ION MODE","metabolite_name":"PI(38:5)","refmet_name":"PI 38:5"},"127":{"study_id":"ST000617","analysis_id":"AN000946","analysis_summary":"HILIC NEGATIVE ION MODE","metabolite_name":"PI(40:5)","refmet_name":"PI 40:5"},"128":{"study_id":"ST000617","analysis_id":"AN000946","analysis_summary":"HILIC NEGATIVE ION MODE","metabolite_name":"Plasmalogen(20:4\/p18:0)","refmet_name":""},"129":{"study_id":"ST000617","analysis_id":"AN000946","analysis_summary":"HILIC NEGATIVE ION MODE","metabolite_name":"Plasmalogen(22:6\/p16:0)","refmet_name":""},"130":{"study_id":"ST000617","analysis_id":"AN000946","analysis_summary":"HILIC NEGATIVE ION MODE","metabolite_name":"Plasmalogen(p16:0\/20:4)","refmet_name":""},"131":{"study_id":"ST000617","analysis_id":"AN000946","analysis_summary":"HILIC NEGATIVE ION MODE","metabolite_name":"Plasmalogen(p18:0\/22:6)","refmet_name":""},"132":{"study_id":"ST000617","analysis_id":"AN000946","analysis_summary":"HILIC NEGATIVE ION MODE","metabolite_name":"PS(18:0\/18:1)","refmet_name":"PS 18:0\/18:1"},"133":{"study_id":"ST000617","analysis_id":"AN000946","analysis_summary":"HILIC NEGATIVE ION MODE","metabolite_name":"PS(18:0\/20:4)","refmet_name":"PS  18:0\/20:4*"},"134":{"study_id":"ST000617","analysis_id":"AN000946","analysis_summary":"HILIC NEGATIVE ION MODE","metabolite_name":"PS(36:0)","refmet_name":"PS 36:0"},"135":{"study_id":"ST000617","analysis_id":"AN000946","analysis_summary":"HILIC NEGATIVE ION MODE","metabolite_name":"PS(36:2)","refmet_name":"PS 36:2"},"136":{"study_id":"ST000617","analysis_id":"AN000946","analysis_summary":"HILIC NEGATIVE ION MODE","metabolite_name":"Pseudouridine","refmet_name":"Pseudouridine"},"137":{"study_id":"ST000617","analysis_id":"AN000946","analysis_summary":"HILIC NEGATIVE ION MODE","metabolite_name":"Pyroglutamic acid","refmet_name":"Pyroglutamic acid"},"138":{"study_id":"ST000617","analysis_id":"AN000946","analysis_summary":"HILIC NEGATIVE ION MODE","metabolite_name":"Pyruvic acid","refmet_name":"Pyruvic acid"},"139":{"study_id":"ST000617","analysis_id":"AN000946","analysis_summary":"HILIC NEGATIVE ION MODE","metabolite_name":"Quinolinic Acid","refmet_name":"Quinolinic acid"},"140":{"study_id":"ST000617","analysis_id":"AN000946","analysis_summary":"HILIC NEGATIVE ION MODE","metabolite_name":"S-Adenosylhomocysteine","refmet_name":"S-Adenosylhomocysteine"},"141":{"study_id":"ST000617","analysis_id":"AN000946","analysis_summary":"HILIC NEGATIVE ION MODE","metabolite_name":"Shikimate 3-phosphate","refmet_name":"3-Phosphoshikimic acid"},"142":{"study_id":"ST000617","analysis_id":"AN000946","analysis_summary":"HILIC NEGATIVE ION MODE","metabolite_name":"SM(d18:1\/16:0)","refmet_name":"SM 18:1;O2\/16:0"},"143":{"study_id":"ST000617","analysis_id":"AN000946","analysis_summary":"HILIC NEGATIVE ION MODE","metabolite_name":"SM(d18:1\/16:0 OH)","refmet_name":"SM 18:1;O2\/16:0;O"},"144":{"study_id":"ST000617","analysis_id":"AN000946","analysis_summary":"HILIC NEGATIVE ION MODE","metabolite_name":"SM(d18:1\/16:1)","refmet_name":"SM 18:1;O2\/16:1"},"145":{"study_id":"ST000617","analysis_id":"AN000946","analysis_summary":"HILIC NEGATIVE ION MODE","metabolite_name":"SM(d18:1\/16:1 OH)","refmet_name":"SM 18:1;O2\/16:1;O"},"146":{"study_id":"ST000617","analysis_id":"AN000946","analysis_summary":"HILIC NEGATIVE ION MODE","metabolite_name":"SM(d18:1\/16:2)","refmet_name":"SM 18:1;O2\/16:2"},"147":{"study_id":"ST000617","analysis_id":"AN000946","analysis_summary":"HILIC NEGATIVE ION MODE","metabolite_name":"SM(d18:1\/16:2 OH)","refmet_name":"SM 18:1;O2\/16:2;O"},"148":{"study_id":"ST000617","analysis_id":"AN000946","analysis_summary":"HILIC NEGATIVE ION MODE","metabolite_name":"SM(d18:1\/18:0)","refmet_name":"SM 18:1;O2\/18:0"},"149":{"study_id":"ST000617","analysis_id":"AN000946","analysis_summary":"HILIC NEGATIVE ION MODE","metabolite_name":"SM(d18:1\/18:0 OH)","refmet_name":"SM 18:1;O2\/18:0;O"},"150":{"study_id":"ST000617","analysis_id":"AN000946","analysis_summary":"HILIC NEGATIVE ION MODE","metabolite_name":"SM(d18:1\/18:1)","refmet_name":"SM 18:1;O2\/18:1"},"151":{"study_id":"ST000617","analysis_id":"AN000946","analysis_summary":"HILIC NEGATIVE ION MODE","metabolite_name":"SM(d18:1\/18:1 OH)","refmet_name":"SM 18:1;O2\/18:1;O"},"152":{"study_id":"ST000617","analysis_id":"AN000946","analysis_summary":"HILIC NEGATIVE ION MODE","metabolite_name":"SM(d18:1\/18:2)","refmet_name":"SM 18:1;O2\/18:2"},"153":{"study_id":"ST000617","analysis_id":"AN000946","analysis_summary":"HILIC NEGATIVE ION MODE","metabolite_name":"SM(d18:1\/18:2 OH)","refmet_name":"SM 18:1;O2\/18:2;O"},"154":{"study_id":"ST000617","analysis_id":"AN000946","analysis_summary":"HILIC NEGATIVE ION MODE","metabolite_name":"SM(d18:1\/20:0)","refmet_name":"SM 18:1;O2\/20:0"},"155":{"study_id":"ST000617","analysis_id":"AN000946","analysis_summary":"HILIC NEGATIVE ION MODE","metabolite_name":"SM(d18:1\/20:0 OH)","refmet_name":"SM 18:1;O2\/20:0;O"},"156":{"study_id":"ST000617","analysis_id":"AN000946","analysis_summary":"HILIC NEGATIVE ION MODE","metabolite_name":"SM(d18:1\/20:1)","refmet_name":"SM 18:1;O2\/20:1"},"157":{"study_id":"ST000617","analysis_id":"AN000946","analysis_summary":"HILIC NEGATIVE ION MODE","metabolite_name":"SM(d18:1\/20:1 OH)","refmet_name":"SM 18:1;O2\/20:1;O"},"158":{"study_id":"ST000617","analysis_id":"AN000946","analysis_summary":"HILIC NEGATIVE ION MODE","metabolite_name":"SM(d18:1\/20:2)","refmet_name":"SM 18:1;O2\/20:2"},"159":{"study_id":"ST000617","analysis_id":"AN000946","analysis_summary":"HILIC NEGATIVE ION MODE","metabolite_name":"SM(d18:1\/20:2 OH)","refmet_name":"SM 18:1;O2\/20:2;O"},"160":{"study_id":"ST000617","analysis_id":"AN000946","analysis_summary":"HILIC NEGATIVE ION MODE","metabolite_name":"SM(d18:1\/22:0)","refmet_name":"SM 18:1;O2\/22:0"},"161":{"study_id":"ST000617","analysis_id":"AN000946","analysis_summary":"HILIC NEGATIVE ION MODE","metabolite_name":"SM(d18:1\/22:0 OH)","refmet_name":"SM 18:1;O2\/22:0;O"},"162":{"study_id":"ST000617","analysis_id":"AN000946","analysis_summary":"HILIC NEGATIVE ION MODE","metabolite_name":"SM(d18:1\/22:1)","refmet_name":"SM 18:1;O2\/22:1"},"163":{"study_id":"ST000617","analysis_id":"AN000946","analysis_summary":"HILIC NEGATIVE ION MODE","metabolite_name":"SM(d18:1\/22:2)","refmet_name":"SM 18:1;O2\/22:2"},"164":{"study_id":"ST000617","analysis_id":"AN000946","analysis_summary":"HILIC NEGATIVE ION MODE","metabolite_name":"SM(d18:1\/22:2 OH)","refmet_name":"SM 18:1;O2\/22:2;O"},"165":{"study_id":"ST000617","analysis_id":"AN000946","analysis_summary":"HILIC NEGATIVE ION MODE","metabolite_name":"SM(d18:1\/23:0) or SM(d18:1\/22:1 OH)","refmet_name":"SM 18:1;O2\/22:1;O"},"166":{"study_id":"ST000617","analysis_id":"AN000946","analysis_summary":"HILIC NEGATIVE ION MODE","metabolite_name":"SM(d18:1\/24:0)","refmet_name":"SM 18:1;O2\/24:0"},"167":{"study_id":"ST000617","analysis_id":"AN000946","analysis_summary":"HILIC NEGATIVE ION MODE","metabolite_name":"SM(d18:1\/24:0 OH)","refmet_name":"SM 18:1;O2\/24:0;O"},"168":{"study_id":"ST000617","analysis_id":"AN000946","analysis_summary":"HILIC NEGATIVE ION MODE","metabolite_name":"SM(d18:1\/24:1)","refmet_name":"SM 18:1;O2\/24:1"},"169":{"study_id":"ST000617","analysis_id":"AN000946","analysis_summary":"HILIC NEGATIVE ION MODE","metabolite_name":"SM (d18:1\/24:2)","refmet_name":"SM 18:1;O2\/24:2"},"170":{"study_id":"ST000617","analysis_id":"AN000946","analysis_summary":"HILIC NEGATIVE ION MODE","metabolite_name":"SM(d18:1\/24:2 OH)","refmet_name":"SM 18:1;O2\/24:2;O"},"171":{"study_id":"ST000617","analysis_id":"AN000946","analysis_summary":"HILIC NEGATIVE ION MODE","metabolite_name":"SM(d18:1\/25:0) or SM(d18:1\/24:1 OH)","refmet_name":""},"172":{"study_id":"ST000617","analysis_id":"AN000946","analysis_summary":"HILIC NEGATIVE ION MODE","metabolite_name":"SM(d18:1\/26:0)","refmet_name":"SM 18:1;O2\/26:0"},"173":{"study_id":"ST000617","analysis_id":"AN000946","analysis_summary":"HILIC NEGATIVE ION MODE","metabolite_name":"SM(d18:1\/26:0 OH)","refmet_name":"SM 18:1;O2\/26:0;O"},"174":{"study_id":"ST000617","analysis_id":"AN000946","analysis_summary":"HILIC NEGATIVE ION MODE","metabolite_name":"SM(d18:1\/26:1)","refmet_name":"SM 18:1;O2\/26:1"},"175":{"study_id":"ST000617","analysis_id":"AN000946","analysis_summary":"HILIC NEGATIVE ION MODE","metabolite_name":"SM(d18:1\/26:1 OH)","refmet_name":"SM 18:1;O2\/26:1;O"},"176":{"study_id":"ST000617","analysis_id":"AN000946","analysis_summary":"HILIC NEGATIVE ION MODE","metabolite_name":"SM(d18:1\/26:2)","refmet_name":"SM 18:1;O2\/26:2"},"177":{"study_id":"ST000617","analysis_id":"AN000946","analysis_summary":"HILIC NEGATIVE ION MODE","metabolite_name":"SM(d18:1\/26:2 OH)","refmet_name":"1alpha,25-Dihydroxyvitamin D3"},"178":{"study_id":"ST000617","analysis_id":"AN000946","analysis_summary":"HILIC NEGATIVE ION MODE","metabolite_name":"Sphingosine 1-phosphate","refmet_name":"Sphingosine 1-phosphate"},"179":{"study_id":"ST000617","analysis_id":"AN000946","analysis_summary":"HILIC NEGATIVE ION MODE","metabolite_name":"Suberic Acid","refmet_name":"Suberic acid"},"180":{"study_id":"ST000617","analysis_id":"AN000946","analysis_summary":"HILIC NEGATIVE ION MODE","metabolite_name":"Succinic acid","refmet_name":"Succinic acid"},"181":{"study_id":"ST000617","analysis_id":"AN000946","analysis_summary":"HILIC NEGATIVE ION MODE","metabolite_name":"Taurine","refmet_name":"Taurine"},"182":{"study_id":"ST000617","analysis_id":"AN000946","analysis_summary":"HILIC NEGATIVE ION MODE","metabolite_name":"Taurocholic acid","refmet_name":"Taurocholic acid"},"183":{"study_id":"ST000617","analysis_id":"AN000946","analysis_summary":"HILIC NEGATIVE ION MODE","metabolite_name":"Taurodeoxycholic acid","refmet_name":"Taurodeoxycholic acid"},"184":{"study_id":"ST000617","analysis_id":"AN000946","analysis_summary":"HILIC NEGATIVE ION MODE","metabolite_name":"Uracil","refmet_name":"Uracil"},"185":{"study_id":"ST000617","analysis_id":"AN000946","analysis_summary":"HILIC NEGATIVE ION MODE","metabolite_name":"Ureidosuccinic acid","refmet_name":"N-Carbamoylaspartic acid"},"186":{"study_id":"ST000617","analysis_id":"AN000946","analysis_summary":"HILIC NEGATIVE ION MODE","metabolite_name":"Uric acid","refmet_name":"Uric acid"},"187":{"study_id":"ST000617","analysis_id":"AN000946","analysis_summary":"HILIC NEGATIVE ION MODE","metabolite_name":"Uridine","refmet_name":"Uridine"},"188":{"study_id":"ST000617","analysis_id":"AN000946","analysis_summary":"HILIC NEGATIVE ION MODE","metabolite_name":"Xanthine","refmet_name":"Xanthine"},"189":{"study_id":"ST000617","analysis_id":"AN000946","analysis_summary":"HILIC NEGATIVE ION MODE","metabolite_name":"Xanthosine","refmet_name":"Xanthosine"},"190":{"study_id":"ST000617","analysis_id":"AN000947","analysis_summary":"HILIC POSITIVE ION MODE","metabolite_name":"1,25-Dihydroxyvitamin D3","refmet_name":"1alpha,25-Dihydroxyvitamin D3"},"191":{"study_id":"ST000617","analysis_id":"AN000947","analysis_summary":"HILIC POSITIVE ION MODE","metabolite_name":"1-Methyladenosine","refmet_name":"1-Methyladenosine"},"192":{"study_id":"ST000617","analysis_id":"AN000947","analysis_summary":"HILIC POSITIVE ION MODE","metabolite_name":"1-Methylhistidine","refmet_name":"1-Methylhistidine"},"193":{"study_id":"ST000617","analysis_id":"AN000947","analysis_summary":"HILIC POSITIVE ION MODE","metabolite_name":"1-Methylnicotinamide","refmet_name":"1-Methyl nicotinamide"},"194":{"study_id":"ST000617","analysis_id":"AN000947","analysis_summary":"HILIC POSITIVE ION MODE","metabolite_name":"1-Pyrroline-5-carboxylic acid","refmet_name":"1-Pyrroline-5-carboxylic acid"},"195":{"study_id":"ST000617","analysis_id":"AN000947","analysis_summary":"HILIC POSITIVE ION MODE","metabolite_name":"24,25-Dihydrolanosterol","refmet_name":"24,25-Dihydrolanosterol"},"196":{"study_id":"ST000617","analysis_id":"AN000947","analysis_summary":"HILIC POSITIVE ION MODE","metabolite_name":"24,25-Epoxycholesterol","refmet_name":"24,25-Epoxycholesterol"},"197":{"study_id":"ST000617","analysis_id":"AN000947","analysis_summary":"HILIC POSITIVE ION MODE","metabolite_name":"2-Arachidonylglycerol","refmet_name":"MG 20:4"},"198":{"study_id":"ST000617","analysis_id":"AN000947","analysis_summary":"HILIC POSITIVE ION MODE","metabolite_name":"2-Octenoylcarnitine","refmet_name":"CAR 8:1(2)"},"199":{"study_id":"ST000617","analysis_id":"AN000947","analysis_summary":"HILIC POSITIVE ION MODE","metabolite_name":"3, 5-Tetradecadiencarnitine","refmet_name":"CAR 14:2(3,5)"},"200":{"study_id":"ST000617","analysis_id":"AN000947","analysis_summary":"HILIC POSITIVE ION MODE","metabolite_name":"3-Aminoisobutyric acid","refmet_name":"3-Aminoisobutanoic acid"},"201":{"study_id":"ST000617","analysis_id":"AN000947","analysis_summary":"HILIC POSITIVE ION MODE","metabolite_name":"3-Hydroxy-cis-5-tetradecenoylcarnitine","refmet_name":"CAR 14:1;OH"},"202":{"study_id":"ST000617","analysis_id":"AN000947","analysis_summary":"HILIC POSITIVE ION MODE","metabolite_name":"3-Hydroxydodecanoylcarnitine","refmet_name":"CAR 12:0;OH"},"203":{"study_id":"ST000617","analysis_id":"AN000947","analysis_summary":"HILIC POSITIVE ION MODE","metabolite_name":"3-Hydroxyhexadecanoylcarnitine","refmet_name":"CAR 16:0;OH"},"204":{"study_id":"ST000617","analysis_id":"AN000947","analysis_summary":"HILIC POSITIVE ION MODE","metabolite_name":"3-Hydroxyhexadecenoylcarnitine","refmet_name":"CAR 12:1;OH"},"205":{"study_id":"ST000617","analysis_id":"AN000947","analysis_summary":"HILIC POSITIVE ION MODE","metabolite_name":"3-Hydroxyisovaleryl Carnitine","refmet_name":"CAR 4:0;OH,Me"},"206":{"study_id":"ST000617","analysis_id":"AN000947","analysis_summary":"HILIC POSITIVE ION MODE","metabolite_name":"3-Hydroxylinoleylcarnitine","refmet_name":"CAR 18:2;OH"},"207":{"study_id":"ST000617","analysis_id":"AN000947","analysis_summary":"HILIC POSITIVE ION MODE","metabolite_name":"3-Hydroxyoleoylcarnitine","refmet_name":"CAR 18:1;OH"},"208":{"study_id":"ST000617","analysis_id":"AN000947","analysis_summary":"HILIC POSITIVE ION MODE","metabolite_name":"5,6-trans-25-Hydroxyvitamin D3","refmet_name":"5,6-trans-25-Hydroxyvitamin D3"},"209":{"study_id":"ST000617","analysis_id":"AN000947","analysis_summary":"HILIC POSITIVE ION MODE","metabolite_name":"5-Methylthioadenosine","refmet_name":"5'-Methylthioadenosine"},"210":{"study_id":"ST000617","analysis_id":"AN000947","analysis_summary":"HILIC POSITIVE ION MODE","metabolite_name":"7-Dehydrocholesterol","refmet_name":"7-Dehydrocholesterol"},"211":{"study_id":"ST000617","analysis_id":"AN000947","analysis_summary":"HILIC POSITIVE ION MODE","metabolite_name":"7-ketocholesterol","refmet_name":"7-Oxo-cholesterol"},"212":{"study_id":"ST000617","analysis_id":"AN000947","analysis_summary":"HILIC POSITIVE ION MODE","metabolite_name":"7-methylguanine","refmet_name":"7-Methylguanine"},"213":{"study_id":"ST000617","analysis_id":"AN000947","analysis_summary":"HILIC POSITIVE ION MODE","metabolite_name":"9-Decenoylcarnitine","refmet_name":"CAR 10:1(9)"},"214":{"study_id":"ST000617","analysis_id":"AN000947","analysis_summary":"HILIC POSITIVE ION MODE","metabolite_name":"9-Hexadecenoylcarnitine","refmet_name":"CAR 16:1"},"215":{"study_id":"ST000617","analysis_id":"AN000947","analysis_summary":"HILIC POSITIVE ION MODE","metabolite_name":"Adenine","refmet_name":"Adenine"},"216":{"study_id":"ST000617","analysis_id":"AN000947","analysis_summary":"HILIC POSITIVE ION MODE","metabolite_name":"Adenosine","refmet_name":"Adenosine"},"217":{"study_id":"ST000617","analysis_id":"AN000947","analysis_summary":"HILIC POSITIVE ION MODE","metabolite_name":"Adenosine monophosphate","refmet_name":"AMP"},"218":{"study_id":"ST000617","analysis_id":"AN000947","analysis_summary":"HILIC POSITIVE ION MODE","metabolite_name":"Adenosine triphosphate","refmet_name":"ATP"},"219":{"study_id":"ST000617","analysis_id":"AN000947","analysis_summary":"HILIC POSITIVE ION MODE","metabolite_name":"Adipoylcarnitine","refmet_name":"CAR DC5:0"},"220":{"study_id":"ST000617","analysis_id":"AN000947","analysis_summary":"HILIC POSITIVE ION MODE","metabolite_name":"Alanine","refmet_name":"Alanine"},"221":{"study_id":"ST000617","analysis_id":"AN000947","analysis_summary":"HILIC POSITIVE ION MODE","metabolite_name":"Alpha-Tocopherol","refmet_name":"alpha-Tocopherol"},"222":{"study_id":"ST000617","analysis_id":"AN000947","analysis_summary":"HILIC POSITIVE ION MODE","metabolite_name":"Arachidonyl carnitine","refmet_name":"CAR 20:4"},"223":{"study_id":"ST000617","analysis_id":"AN000947","analysis_summary":"HILIC POSITIVE ION MODE","metabolite_name":"Aspartylglycosamine","refmet_name":"Aspartylglycosamine"},"224":{"study_id":"ST000617","analysis_id":"AN000947","analysis_summary":"HILIC POSITIVE ION MODE","metabolite_name":"beta-Alanine","refmet_name":"beta-Alanine"},"225":{"study_id":"ST000617","analysis_id":"AN000947","analysis_summary":"HILIC POSITIVE ION MODE","metabolite_name":"Betaine","refmet_name":"Betaine"},"226":{"study_id":"ST000617","analysis_id":"AN000947","analysis_summary":"HILIC POSITIVE ION MODE","metabolite_name":"BMP(16:0\/16:0)","refmet_name":""},"227":{"study_id":"ST000617","analysis_id":"AN000947","analysis_summary":"HILIC POSITIVE ION MODE","metabolite_name":"BMP(18:1\/16:0)","refmet_name":""},"228":{"study_id":"ST000617","analysis_id":"AN000947","analysis_summary":"HILIC POSITIVE ION MODE","metabolite_name":"BMP(18:1\/16:1)","refmet_name":""},"229":{"study_id":"ST000617","analysis_id":"AN000947","analysis_summary":"HILIC POSITIVE ION MODE","metabolite_name":"BMP(18:1\/18:1)","refmet_name":""},"230":{"study_id":"ST000617","analysis_id":"AN000947","analysis_summary":"HILIC POSITIVE ION MODE","metabolite_name":"BMP(18:1\/18:2)","refmet_name":""},"231":{"study_id":"ST000617","analysis_id":"AN000947","analysis_summary":"HILIC POSITIVE ION MODE","metabolite_name":"Butyrylcarnitine","refmet_name":"CAR 4:0"},"232":{"study_id":"ST000617","analysis_id":"AN000947","analysis_summary":"HILIC POSITIVE ION MODE","metabolite_name":"Carnosine","refmet_name":"Carnosine"},"233":{"study_id":"ST000617","analysis_id":"AN000947","analysis_summary":"HILIC POSITIVE ION MODE","metabolite_name":"Ceramide(d18:1\/12:0)","refmet_name":"Cer 18:1;O2\/12:0"},"234":{"study_id":"ST000617","analysis_id":"AN000947","analysis_summary":"HILIC POSITIVE ION MODE","metabolite_name":"Ceramide(d18:1\/16:0)","refmet_name":"Cer 18:1;O2\/16:0"},"235":{"study_id":"ST000617","analysis_id":"AN000947","analysis_summary":"HILIC POSITIVE ION MODE","metabolite_name":"Ceramide(d18:1\/16:0 OH)","refmet_name":"Cer 18:1;O2\/16:0;O"},"236":{"study_id":"ST000617","analysis_id":"AN000947","analysis_summary":"HILIC POSITIVE ION MODE","metabolite_name":"Ceramide(d18:1\/16:1)","refmet_name":"Cer 18:1;O2\/16:1"},"237":{"study_id":"ST000617","analysis_id":"AN000947","analysis_summary":"HILIC POSITIVE ION MODE","metabolite_name":"Ceramide(d18:1\/16:1 OH)","refmet_name":"Cer 18:1;O2\/16:1;O"},"238":{"study_id":"ST000617","analysis_id":"AN000947","analysis_summary":"HILIC POSITIVE ION MODE","metabolite_name":"Ceramide(d18:1\/16:2)","refmet_name":"Cer 18:1;O2\/16:2"},"239":{"study_id":"ST000617","analysis_id":"AN000947","analysis_summary":"HILIC POSITIVE ION MODE","metabolite_name":"Ceramide(d18:1\/18:0)","refmet_name":"Cer 18:1;O2\/18:0"},"240":{"study_id":"ST000617","analysis_id":"AN000947","analysis_summary":"HILIC POSITIVE ION MODE","metabolite_name":"Ceramide(d18:1\/18:0 OH)","refmet_name":"Cer 18:1;O2\/18:0;O"},"241":{"study_id":"ST000617","analysis_id":"AN000947","analysis_summary":"HILIC POSITIVE ION MODE","metabolite_name":"Ceramide(d18:1\/18:1)","refmet_name":"Cer 18:1;O2\/18:1"},"242":{"study_id":"ST000617","analysis_id":"AN000947","analysis_summary":"HILIC POSITIVE ION MODE","metabolite_name":"Ceramide(d18:1\/18:1 OH)","refmet_name":"Cer 18:1;O2\/18:1;O"},"243":{"study_id":"ST000617","analysis_id":"AN000947","analysis_summary":"HILIC POSITIVE ION MODE","metabolite_name":"Ceramide(d18:1\/18:2)","refmet_name":"Cer 18:1;O2\/18:2"},"244":{"study_id":"ST000617","analysis_id":"AN000947","analysis_summary":"HILIC POSITIVE ION MODE","metabolite_name":"Ceramide(d18:1\/20:0)","refmet_name":"Cer 18:1;O2\/20:0"},"245":{"study_id":"ST000617","analysis_id":"AN000947","analysis_summary":"HILIC POSITIVE ION MODE","metabolite_name":"Ceramide(d18:1\/20:0 OH)","refmet_name":"Cer 18:1;O2\/20:0;O"},"246":{"study_id":"ST000617","analysis_id":"AN000947","analysis_summary":"HILIC POSITIVE ION MODE","metabolite_name":"Ceramide(d18:1\/20:1)","refmet_name":"Cer 18:1;O2\/20:1"},"247":{"study_id":"ST000617","analysis_id":"AN000947","analysis_summary":"HILIC POSITIVE ION MODE","metabolite_name":"Ceramide(d18:1\/20:1 OH)","refmet_name":"Cer 18:1;O2\/20:1;O"},"248":{"study_id":"ST000617","analysis_id":"AN000947","analysis_summary":"HILIC POSITIVE ION MODE","metabolite_name":"Ceramide(d18:1\/20:2)","refmet_name":"Cer 18:1;O2\/20:2"},"249":{"study_id":"ST000617","analysis_id":"AN000947","analysis_summary":"HILIC POSITIVE ION MODE","metabolite_name":"Ceramide(d18:1\/22:0)","refmet_name":"Cer 18:1;O2\/22:0"},"250":{"study_id":"ST000617","analysis_id":"AN000947","analysis_summary":"HILIC POSITIVE ION MODE","metabolite_name":"Ceramide(d18:1\/22:0 OH)","refmet_name":"Cer 18:1;O2\/22:0;O"},"251":{"study_id":"ST000617","analysis_id":"AN000947","analysis_summary":"HILIC POSITIVE ION MODE","metabolite_name":"Ceramide(d18:1\/22:1)","refmet_name":"Cer 18:1;O2\/22:1"},"252":{"study_id":"ST000617","analysis_id":"AN000947","analysis_summary":"HILIC POSITIVE ION MODE","metabolite_name":"Ceramide(d18:1\/22:2)","refmet_name":"Cer 18:1;O2\/22:2"},"253":{"study_id":"ST000617","analysis_id":"AN000947","analysis_summary":"HILIC POSITIVE ION MODE","metabolite_name":"Ceramide(d18:1\/22:2 OH)","refmet_name":"Cer 18:1;O2\/22:2;O"},"254":{"study_id":"ST000617","analysis_id":"AN000947","analysis_summary":"HILIC POSITIVE ION MODE","metabolite_name":"Ceramide(d18:1\/23:0) or Ceramide(d18:1\/22:1 OH)","refmet_name":""},"255":{"study_id":"ST000617","analysis_id":"AN000947","analysis_summary":"HILIC POSITIVE ION MODE","metabolite_name":"Ceramide(d18:1\/24:0)","refmet_name":"Cer 18:1;O2\/24:0"},"256":{"study_id":"ST000617","analysis_id":"AN000947","analysis_summary":"HILIC POSITIVE ION MODE","metabolite_name":"Ceramide(d18:1\/24:0 OH)","refmet_name":"Cer 18:1;O2\/24:0;O"},"257":{"study_id":"ST000617","analysis_id":"AN000947","analysis_summary":"HILIC POSITIVE ION MODE","metabolite_name":"Ceramide(d18:1\/24:1)","refmet_name":"Cer 18:1;O2\/24:1"},"258":{"study_id":"ST000617","analysis_id":"AN000947","analysis_summary":"HILIC POSITIVE ION MODE","metabolite_name":"Ceramide(d18:1\/24:2)","refmet_name":"Cer 18:1;O2\/24:2"},"259":{"study_id":"ST000617","analysis_id":"AN000947","analysis_summary":"HILIC POSITIVE ION MODE","metabolite_name":"Ceramide(d18:1\/24:2 OH)","refmet_name":"Cer 18:1;O2\/24:2;O"},"260":{"study_id":"ST000617","analysis_id":"AN000947","analysis_summary":"HILIC POSITIVE ION MODE","metabolite_name":"Ceramide(d18:1\/25:0)","refmet_name":"Cer 18:1;O2\/25:0"},"261":{"study_id":"ST000617","analysis_id":"AN000947","analysis_summary":"HILIC POSITIVE ION MODE","metabolite_name":"Ceramide(d18:1\/26:0)","refmet_name":"Cer 18:1;O2\/26:0"},"262":{"study_id":"ST000617","analysis_id":"AN000947","analysis_summary":"HILIC POSITIVE ION MODE","metabolite_name":"Ceramide(d18:1\/26:0 OH)","refmet_name":"Cer 18:1;O2\/26:0;O"},"263":{"study_id":"ST000617","analysis_id":"AN000947","analysis_summary":"HILIC POSITIVE ION MODE","metabolite_name":"Ceramide(d18:1\/26:1)","refmet_name":"Cer 18:1;O2\/26:1"},"264":{"study_id":"ST000617","analysis_id":"AN000947","analysis_summary":"HILIC POSITIVE ION MODE","metabolite_name":"Ceramide(d18:1\/26:2)","refmet_name":"Cer 18:1;O2\/26:2"},"265":{"study_id":"ST000617","analysis_id":"AN000947","analysis_summary":"HILIC POSITIVE ION MODE","metabolite_name":"Cholestenone","refmet_name":"Cholestenone"},"266":{"study_id":"ST000617","analysis_id":"AN000947","analysis_summary":"HILIC POSITIVE ION MODE","metabolite_name":"Cholesterol","refmet_name":"Cholesterol"},"267":{"study_id":"ST000617","analysis_id":"AN000947","analysis_summary":"HILIC POSITIVE ION MODE","metabolite_name":"Choline","refmet_name":"Choline"},"268":{"study_id":"ST000617","analysis_id":"AN000947","analysis_summary":"HILIC POSITIVE ION MODE","metabolite_name":"Cortisol","refmet_name":"Cortisol"},"269":{"study_id":"ST000617","analysis_id":"AN000947","analysis_summary":"HILIC POSITIVE ION MODE","metabolite_name":"Creatine","refmet_name":"Creatine"},"270":{"study_id":"ST000617","analysis_id":"AN000947","analysis_summary":"HILIC POSITIVE ION MODE","metabolite_name":"Creatinine","refmet_name":"Creatinine"},"271":{"study_id":"ST000617","analysis_id":"AN000947","analysis_summary":"HILIC POSITIVE ION MODE","metabolite_name":"Cysteamine","refmet_name":"Cysteamine"},"272":{"study_id":"ST000617","analysis_id":"AN000947","analysis_summary":"HILIC POSITIVE ION MODE","metabolite_name":"Cytidine","refmet_name":"Cytidine"},"273":{"study_id":"ST000617","analysis_id":"AN000947","analysis_summary":"HILIC POSITIVE ION MODE","metabolite_name":"Cytosine","refmet_name":"Cytosine"},"274":{"study_id":"ST000617","analysis_id":"AN000947","analysis_summary":"HILIC POSITIVE ION MODE","metabolite_name":"Decanoylcarnitine","refmet_name":"CAR 10:0"},"275":{"study_id":"ST000617","analysis_id":"AN000947","analysis_summary":"HILIC POSITIVE ION MODE","metabolite_name":"Desmosterol","refmet_name":"Desmosterol"},"276":{"study_id":"ST000617","analysis_id":"AN000947","analysis_summary":"HILIC POSITIVE ION MODE","metabolite_name":"DHC(18:1\/16:0)","refmet_name":"Hex2Cer 18:1;O2\/16:0"},"277":{"study_id":"ST000617","analysis_id":"AN000947","analysis_summary":"HILIC POSITIVE ION MODE","metabolite_name":"DHC(18:1\/20:0)","refmet_name":"Hex2Cer 18:1;O2\/20:0"},"278":{"study_id":"ST000617","analysis_id":"AN000947","analysis_summary":"HILIC POSITIVE ION MODE","metabolite_name":"DHC(18:1\/22:0)","refmet_name":"Hex2Cer 18:1;O2\/22:0"},"279":{"study_id":"ST000617","analysis_id":"AN000947","analysis_summary":"HILIC POSITIVE ION MODE","metabolite_name":"DHC(18:1\/24:1)","refmet_name":"Hex2Cer 18:1;O2\/24:1"},"280":{"study_id":"ST000617","analysis_id":"AN000947","analysis_summary":"HILIC POSITIVE ION MODE","metabolite_name":"Dimethylglycine","refmet_name":"Dimethylglycine"},"281":{"study_id":"ST000617","analysis_id":"AN000947","analysis_summary":"HILIC POSITIVE ION MODE","metabolite_name":"Dimethyl-L-arginine","refmet_name":"Dimethylarginine"},"282":{"study_id":"ST000617","analysis_id":"AN000947","analysis_summary":"HILIC POSITIVE ION MODE","metabolite_name":"DL-2-Aminooctanoic acid","refmet_name":"2-Aminooctanoic acid"},"283":{"study_id":"ST000617","analysis_id":"AN000947","analysis_summary":"HILIC POSITIVE ION MODE","metabolite_name":"Dodecanoylcarnitine","refmet_name":"CAR 12:0"},"284":{"study_id":"ST000617","analysis_id":"AN000947","analysis_summary":"HILIC POSITIVE ION MODE","metabolite_name":"Dodecenoylcarnitine","refmet_name":"CAR 12:1"},"285":{"study_id":"ST000617","analysis_id":"AN000947","analysis_summary":"HILIC POSITIVE ION MODE","metabolite_name":"Dopamine","refmet_name":"Dopamine"},"286":{"study_id":"ST000617","analysis_id":"AN000947","analysis_summary":"HILIC POSITIVE ION MODE","metabolite_name":"Ethanolamine","refmet_name":"Ethanolamine"},"287":{"study_id":"ST000617","analysis_id":"AN000947","analysis_summary":"HILIC POSITIVE ION MODE","metabolite_name":"FAD","refmet_name":"FAD"},"288":{"study_id":"ST000617","analysis_id":"AN000947","analysis_summary":"HILIC POSITIVE ION MODE","metabolite_name":"Gamma-Aminobutyric acid","refmet_name":"gamma-Aminobutyric acid"},"289":{"study_id":"ST000617","analysis_id":"AN000947","analysis_summary":"HILIC POSITIVE ION MODE","metabolite_name":"GC(18:1\/16:0)","refmet_name":"HexCer 18:1;O2\/16:0"},"290":{"study_id":"ST000617","analysis_id":"AN000947","analysis_summary":"HILIC POSITIVE ION MODE","metabolite_name":"Glycerophosphocholine","refmet_name":"sn-Glycero-3-phosphocholine"},"291":{"study_id":"ST000617","analysis_id":"AN000947","analysis_summary":"HILIC POSITIVE ION MODE","metabolite_name":"Glycine","refmet_name":"Glycine"},"292":{"study_id":"ST000617","analysis_id":"AN000947","analysis_summary":"HILIC POSITIVE ION MODE","metabolite_name":"Glycylproline","refmet_name":"Gly-Pro"},"293":{"study_id":"ST000617","analysis_id":"AN000947","analysis_summary":"HILIC POSITIVE ION MODE","metabolite_name":"Hexanoylcarnitine","refmet_name":"CAR 6:0"},"294":{"study_id":"ST000617","analysis_id":"AN000947","analysis_summary":"HILIC POSITIVE ION MODE","metabolite_name":"Histamine","refmet_name":"Histamine"},"295":{"study_id":"ST000617","analysis_id":"AN000947","analysis_summary":"HILIC POSITIVE ION MODE","metabolite_name":"Homoarginine","refmet_name":"Homoarginine"},"296":{"study_id":"ST000617","analysis_id":"AN000947","analysis_summary":"HILIC POSITIVE ION MODE","metabolite_name":"Homocysteine","refmet_name":"Homocysteine"},"297":{"study_id":"ST000617","analysis_id":"AN000947","analysis_summary":"HILIC POSITIVE ION MODE","metabolite_name":"Hydroxyproline","refmet_name":"cis-3-Hydroxyproline"},"298":{"study_id":"ST000617","analysis_id":"AN000947","analysis_summary":"HILIC POSITIVE ION MODE","metabolite_name":"Hypotaurine","refmet_name":"Hypotaurine"},"299":{"study_id":"ST000617","analysis_id":"AN000947","analysis_summary":"HILIC POSITIVE ION MODE","metabolite_name":"Imidazoleacetic acid","refmet_name":"Imidazoleacetic acid"},"300":{"study_id":"ST000617","analysis_id":"AN000947","analysis_summary":"HILIC POSITIVE ION MODE","metabolite_name":"Isovalerylcarnitine","refmet_name":"CAR 4:0;3Me"},"301":{"study_id":"ST000617","analysis_id":"AN000947","analysis_summary":"HILIC POSITIVE ION MODE","metabolite_name":"L-Acetylcarnitine","refmet_name":"CAR 2:0"},"302":{"study_id":"ST000617","analysis_id":"AN000947","analysis_summary":"HILIC POSITIVE ION MODE","metabolite_name":"L-Asparagine","refmet_name":"Asparagine"},"303":{"study_id":"ST000617","analysis_id":"AN000947","analysis_summary":"HILIC POSITIVE ION MODE","metabolite_name":"Lathosterol","refmet_name":"Lathosterol"},"304":{"study_id":"ST000617","analysis_id":"AN000947","analysis_summary":"HILIC POSITIVE ION MODE","metabolite_name":"L-Carnitine","refmet_name":"Carnitine"},"305":{"study_id":"ST000617","analysis_id":"AN000947","analysis_summary":"HILIC POSITIVE ION MODE","metabolite_name":"L-Glutamic acid","refmet_name":"Glutamic acid"},"306":{"study_id":"ST000617","analysis_id":"AN000947","analysis_summary":"HILIC POSITIVE ION MODE","metabolite_name":"L-Glutamine","refmet_name":"Glutamine"},"307":{"study_id":"ST000617","analysis_id":"AN000947","analysis_summary":"HILIC POSITIVE ION MODE","metabolite_name":"L-Glutarylcarnitine","refmet_name":"CAR DC5:0"},"308":{"study_id":"ST000617","analysis_id":"AN000947","analysis_summary":"HILIC POSITIVE ION MODE","metabolite_name":"L-Histidine","refmet_name":"Histidine"},"309":{"study_id":"ST000617","analysis_id":"AN000947","analysis_summary":"HILIC POSITIVE ION MODE","metabolite_name":"L-Homoserine","refmet_name":"Homoserine"},"310":{"study_id":"ST000617","analysis_id":"AN000947","analysis_summary":"HILIC POSITIVE ION MODE","metabolite_name":"Linoleylcarnitine","refmet_name":"CAR 18:2"},"311":{"study_id":"ST000617","analysis_id":"AN000947","analysis_summary":"HILIC POSITIVE ION MODE","metabolite_name":"L-isoleucine","refmet_name":"Isoleucine"},"312":{"study_id":"ST000617","analysis_id":"AN000947","analysis_summary":"HILIC POSITIVE ION MODE","metabolite_name":"L-Kynurenine","refmet_name":"Kynurenine"},"313":{"study_id":"ST000617","analysis_id":"AN000947","analysis_summary":"HILIC POSITIVE ION MODE","metabolite_name":"L-leucine","refmet_name":"Leucine"},"314":{"study_id":"ST000617","analysis_id":"AN000947","analysis_summary":"HILIC POSITIVE ION MODE","metabolite_name":"L-Lysine","refmet_name":"Lysine"},"315":{"study_id":"ST000617","analysis_id":"AN000947","analysis_summary":"HILIC POSITIVE ION MODE","metabolite_name":"L-Methionine","refmet_name":"Methionine"},"316":{"study_id":"ST000617","analysis_id":"AN000947","analysis_summary":"HILIC POSITIVE ION MODE","metabolite_name":"L-Palmitoylcarnitine","refmet_name":"CAR 16:0"},"317":{"study_id":"ST000617","analysis_id":"AN000947","analysis_summary":"HILIC POSITIVE ION MODE","metabolite_name":"L-Phenylalanine","refmet_name":"Phenylalanine"},"318":{"study_id":"ST000617","analysis_id":"AN000947","analysis_summary":"HILIC POSITIVE ION MODE","metabolite_name":"L-Proline","refmet_name":"Proline"},"319":{"study_id":"ST000617","analysis_id":"AN000947","analysis_summary":"HILIC POSITIVE ION MODE","metabolite_name":"L-Serine","refmet_name":"Serine"},"320":{"study_id":"ST000617","analysis_id":"AN000947","analysis_summary":"HILIC POSITIVE ION MODE","metabolite_name":"L-Tryptophan","refmet_name":"Tryptophan"},"321":{"study_id":"ST000617","analysis_id":"AN000947","analysis_summary":"HILIC POSITIVE ION MODE","metabolite_name":"L-Tyrosine","refmet_name":"Tyrosine"},"322":{"study_id":"ST000617","analysis_id":"AN000947","analysis_summary":"HILIC POSITIVE ION MODE","metabolite_name":"L-Valine","refmet_name":"Valine"},"323":{"study_id":"ST000617","analysis_id":"AN000947","analysis_summary":"HILIC POSITIVE ION MODE","metabolite_name":"LysoPC(16:0)","refmet_name":"LPC 16:0"},"324":{"study_id":"ST000617","analysis_id":"AN000947","analysis_summary":"HILIC POSITIVE ION MODE","metabolite_name":"LysoPC(18:0)","refmet_name":"LPC 18:0"},"325":{"study_id":"ST000617","analysis_id":"AN000947","analysis_summary":"HILIC POSITIVE ION MODE","metabolite_name":"LysoPC(24:1)","refmet_name":"LPC 24:1"},"326":{"study_id":"ST000617","analysis_id":"AN000947","analysis_summary":"HILIC POSITIVE ION MODE","metabolite_name":"Malonylcarnitine","refmet_name":"CAR DC3:0"},"327":{"study_id":"ST000617","analysis_id":"AN000947","analysis_summary":"HILIC POSITIVE ION MODE","metabolite_name":"Methionine sulfoxide","refmet_name":"Methionine sulfoxide"},"328":{"study_id":"ST000617","analysis_id":"AN000947","analysis_summary":"HILIC POSITIVE ION MODE","metabolite_name":"Methylcysteine","refmet_name":"Methylcysteine"},"329":{"study_id":"ST000617","analysis_id":"AN000947","analysis_summary":"HILIC POSITIVE ION MODE","metabolite_name":"Myristoylcarnitine","refmet_name":"CAR 14:0"},"330":{"study_id":"ST000617","analysis_id":"AN000947","analysis_summary":"HILIC POSITIVE ION MODE","metabolite_name":"N-Acetylornithine","refmet_name":"N-Acetylornithine"},"331":{"study_id":"ST000617","analysis_id":"AN000947","analysis_summary":"HILIC POSITIVE ION MODE","metabolite_name":"N-alpha-Acetylarginine","refmet_name":"Pelargonidin"},"332":{"study_id":"ST000617","analysis_id":"AN000947","analysis_summary":"HILIC POSITIVE ION MODE","metabolite_name":"Niacinamide","refmet_name":"Niacinamide"},"333":{"study_id":"ST000617","analysis_id":"AN000947","analysis_summary":"HILIC POSITIVE ION MODE","metabolite_name":"Nicotinamide N-oxide","refmet_name":"Nicotinamide N-oxide"},"334":{"study_id":"ST000617","analysis_id":"AN000947","analysis_summary":"HILIC POSITIVE ION MODE","metabolite_name":"N-oleoylethanolamine","refmet_name":"Oleoyl-EA"},"335":{"study_id":"ST000617","analysis_id":"AN000947","analysis_summary":"HILIC POSITIVE ION MODE","metabolite_name":"O-acetylserine","refmet_name":"O-Acetylserine"},"336":{"study_id":"ST000617","analysis_id":"AN000947","analysis_summary":"HILIC POSITIVE ION MODE","metabolite_name":"Octadecanoylcarnitine","refmet_name":"CAR 18:0"},"337":{"study_id":"ST000617","analysis_id":"AN000947","analysis_summary":"HILIC POSITIVE ION MODE","metabolite_name":"Octanoylcarnitine","refmet_name":"CAR 8:0"},"338":{"study_id":"ST000617","analysis_id":"AN000947","analysis_summary":"HILIC POSITIVE ION MODE","metabolite_name":"Oleoylcarnitine","refmet_name":"CAR 18:1"},"339":{"study_id":"ST000617","analysis_id":"AN000947","analysis_summary":"HILIC POSITIVE ION MODE","metabolite_name":"Ornithine","refmet_name":"Ornithine"},"340":{"study_id":"ST000617","analysis_id":"AN000947","analysis_summary":"HILIC POSITIVE ION MODE","metabolite_name":"Palmitoylethanolamide","refmet_name":"Palmitoyl-EA"},"341":{"study_id":"ST000617","analysis_id":"AN000947","analysis_summary":"HILIC POSITIVE ION MODE","metabolite_name":"PC(16:0\/16:0)","refmet_name":"PC 16:0\/16:0"},"342":{"study_id":"ST000617","analysis_id":"AN000947","analysis_summary":"HILIC POSITIVE ION MODE","metabolite_name":"PC(16:0\/18:1)","refmet_name":"PC 16:0\/18:1"},"343":{"study_id":"ST000617","analysis_id":"AN000947","analysis_summary":"HILIC POSITIVE ION MODE","metabolite_name":"PC(16:0\/18:2)","refmet_name":"PC 16:0\/18:2"},"344":{"study_id":"ST000617","analysis_id":"AN000947","analysis_summary":"HILIC POSITIVE ION MODE","metabolite_name":"PC(16:0\/20:4)","refmet_name":"PC 16:0\/20:4"},"345":{"study_id":"ST000617","analysis_id":"AN000947","analysis_summary":"HILIC POSITIVE ION MODE","metabolite_name":"PC(16:0\/22:6)","refmet_name":"PC 16:0\/22:6"},"346":{"study_id":"ST000617","analysis_id":"AN000947","analysis_summary":"HILIC POSITIVE ION MODE","metabolite_name":"PC(18:0\/18:2)","refmet_name":"PC 18:0\/18:2"},"347":{"study_id":"ST000617","analysis_id":"AN000947","analysis_summary":"HILIC POSITIVE ION MODE","metabolite_name":"PC(18:1\/22:6)","refmet_name":"PC  18:1\/22:6*"},"348":{"study_id":"ST000617","analysis_id":"AN000947","analysis_summary":"HILIC POSITIVE ION MODE","metabolite_name":"PC(20:4\/P-16:0)","refmet_name":"PC P-16:0\/20:4 or PC O-16:1\/20:4"},"349":{"study_id":"ST000617","analysis_id":"AN000947","analysis_summary":"HILIC POSITIVE ION MODE","metabolite_name":"PC(20:5\/P-16:0)","refmet_name":"PC P-16:0\/20:5 or PC O-16:1\/20:5"},"350":{"study_id":"ST000617","analysis_id":"AN000947","analysis_summary":"HILIC POSITIVE ION MODE","metabolite_name":"PC(22:6\/P-18:0)","refmet_name":"PC P-18:0\/22:6 or PC O-18:1\/22:6"},"351":{"study_id":"ST000617","analysis_id":"AN000947","analysis_summary":"HILIC POSITIVE ION MODE","metabolite_name":"PC(24:0\/P-18:0)","refmet_name":"PC P-18:0\/24:0 or PC O-18:1\/24:0"},"352":{"study_id":"ST000617","analysis_id":"AN000947","analysis_summary":"HILIC POSITIVE ION MODE","metabolite_name":"PC(30:0)","refmet_name":"PC 30:0"},"353":{"study_id":"ST000617","analysis_id":"AN000947","analysis_summary":"HILIC POSITIVE ION MODE","metabolite_name":"PC(32:1)","refmet_name":"PC 32:1"},"354":{"study_id":"ST000617","analysis_id":"AN000947","analysis_summary":"HILIC POSITIVE ION MODE","metabolite_name":"PC(32:2)","refmet_name":"PC 32:2"},"355":{"study_id":"ST000617","analysis_id":"AN000947","analysis_summary":"HILIC POSITIVE ION MODE","metabolite_name":"PC(36:0)","refmet_name":"PC 36:0"},"356":{"study_id":"ST000617","analysis_id":"AN000947","analysis_summary":"HILIC POSITIVE ION MODE","metabolite_name":"PC(36:1)","refmet_name":"PC 36:1"},"357":{"study_id":"ST000617","analysis_id":"AN000947","analysis_summary":"HILIC POSITIVE ION MODE","metabolite_name":"PC(38:5)","refmet_name":"PC 38:5"},"358":{"study_id":"ST000617","analysis_id":"AN000947","analysis_summary":"HILIC POSITIVE ION MODE","metabolite_name":"PC(40:6)","refmet_name":"PC 40:6"},"359":{"study_id":"ST000617","analysis_id":"AN000947","analysis_summary":"HILIC POSITIVE ION MODE","metabolite_name":"Phosphorylcholine","refmet_name":"Choline phosphate"},"360":{"study_id":"ST000617","analysis_id":"AN000947","analysis_summary":"HILIC POSITIVE ION MODE","metabolite_name":"Pimelylcarnitine","refmet_name":"CAR DC7:0"},"361":{"study_id":"ST000617","analysis_id":"AN000947","analysis_summary":"HILIC POSITIVE ION MODE","metabolite_name":"Pipecolic acid","refmet_name":"Pipecolic acid"},"362":{"study_id":"ST000617","analysis_id":"AN000947","analysis_summary":"HILIC POSITIVE ION MODE","metabolite_name":"Propionylcarnitine","refmet_name":"CAR 3:0"},"363":{"study_id":"ST000617","analysis_id":"AN000947","analysis_summary":"HILIC POSITIVE ION MODE","metabolite_name":"PS(34:1)","refmet_name":"PS 34:1"},"364":{"study_id":"ST000617","analysis_id":"AN000947","analysis_summary":"HILIC POSITIVE ION MODE","metabolite_name":"PS(34:2)","refmet_name":"PS 34:2"},"365":{"study_id":"ST000617","analysis_id":"AN000947","analysis_summary":"HILIC POSITIVE ION MODE","metabolite_name":"Purine","refmet_name":"Purine"},"366":{"study_id":"ST000617","analysis_id":"AN000947","analysis_summary":"HILIC POSITIVE ION MODE","metabolite_name":"Riboflavin","refmet_name":"Riboflavin"},"367":{"study_id":"ST000617","analysis_id":"AN000947","analysis_summary":"HILIC POSITIVE ION MODE","metabolite_name":"Saccharopine","refmet_name":"Saccharopine"},"368":{"study_id":"ST000617","analysis_id":"AN000947","analysis_summary":"HILIC POSITIVE ION MODE","metabolite_name":"Sarcosine","refmet_name":"Sarcosine"},"369":{"study_id":"ST000617","analysis_id":"AN000947","analysis_summary":"HILIC POSITIVE ION MODE","metabolite_name":"Serotonin","refmet_name":"Serotonin"},"370":{"study_id":"ST000617","analysis_id":"AN000947","analysis_summary":"HILIC POSITIVE ION MODE","metabolite_name":"Spermine","refmet_name":"Spermine"},"371":{"study_id":"ST000617","analysis_id":"AN000947","analysis_summary":"HILIC POSITIVE ION MODE","metabolite_name":"Suberylcarnitine","refmet_name":"CAR DC8:0"},"372":{"study_id":"ST000617","analysis_id":"AN000947","analysis_summary":"HILIC POSITIVE ION MODE","metabolite_name":"Testosterone","refmet_name":"Testosterone"},"373":{"study_id":"ST000617","analysis_id":"AN000947","analysis_summary":"HILIC POSITIVE ION MODE","metabolite_name":"THC 18:1\/16:0","refmet_name":"Hex3Cer 18:1;O2\/16:0"},"374":{"study_id":"ST000617","analysis_id":"AN000947","analysis_summary":"HILIC POSITIVE ION MODE","metabolite_name":"THC 18:1\/22:0","refmet_name":"Hex3Cer 18:1;O2\/22:0"},"375":{"study_id":"ST000617","analysis_id":"AN000947","analysis_summary":"HILIC POSITIVE ION MODE","metabolite_name":"THC 18:1\/24:0","refmet_name":"Hex3Cer  18:1;O2\/24:0*"},"376":{"study_id":"ST000617","analysis_id":"AN000947","analysis_summary":"HILIC POSITIVE ION MODE","metabolite_name":"Thiamine","refmet_name":"Thiamine"},"377":{"study_id":"ST000617","analysis_id":"AN000947","analysis_summary":"HILIC POSITIVE ION MODE","metabolite_name":"Tiglylcarnitine","refmet_name":"CAR 4:1;2Me"},"378":{"study_id":"ST000617","analysis_id":"AN000947","analysis_summary":"HILIC POSITIVE ION MODE","metabolite_name":"Trimethylamine-N-oxide","refmet_name":"Trimethylamine N-oxide"},"379":{"study_id":"ST000617","analysis_id":"AN000947","analysis_summary":"HILIC POSITIVE ION MODE","metabolite_name":"Urea","refmet_name":"Urea"},"380":{"study_id":"ST000617","analysis_id":"AN000947","analysis_summary":"HILIC POSITIVE ION MODE","metabolite_name":"Ureidopropionic acid","refmet_name":"Ureidopropionic acid"},"381":{"study_id":"ST000617","analysis_id":"AN000947","analysis_summary":"HILIC POSITIVE ION MODE","metabolite_name":"Vitamin D3","refmet_name":"Vitamin D3"},"382":{"study_id":"ST000617","analysis_id":"AN000947","analysis_summary":"HILIC POSITIVE ION MODE","metabolite_name":"Vitamin K2","refmet_name":"Vitamin K2"},"383":{"study_id":"ST000617","analysis_id":"AN000947","analysis_summary":"HILIC POSITIVE ION MODE","metabolite_name":"Zymosterol","refmet_name":"Zymosterol"}}