{"1":{"study_id":"ST000490","analysis_id":"AN000756","analysis_summary":"Reversed phase POSITIVE ION MODE","metabolite_name":"Acetylcholine","refmet_name":"Acetylcholine"},"2":{"study_id":"ST000490","analysis_id":"AN000756","analysis_summary":"Reversed phase POSITIVE ION MODE","metabolite_name":"Adenosine","refmet_name":"Adenosine"},"3":{"study_id":"ST000490","analysis_id":"AN000756","analysis_summary":"Reversed phase POSITIVE ION MODE","metabolite_name":"Dopamine","refmet_name":"Dopamine"},"4":{"study_id":"ST000490","analysis_id":"AN000756","analysis_summary":"Reversed phase POSITIVE ION MODE","metabolite_name":"Norepinephrine","refmet_name":"Xi-Norepinephrine"},"5":{"study_id":"ST000490","analysis_id":"AN000756","analysis_summary":"Reversed phase POSITIVE ION MODE","metabolite_name":"Seratonin","refmet_name":""}}