{"1":{"study_id":"ST000685","analysis_id":"AN001056","analysis_summary":"C18 NEGATIVE ION MODE","metabolite_name":"CerP 32:0; [M-H]-@5.43","refmet_name":"CerP 32:0;O2"},"2":{"study_id":"ST000685","analysis_id":"AN001056","analysis_summary":"C18 NEGATIVE ION MODE","metabolite_name":"CerP 34:0; [M-H]-@6.17","refmet_name":"CerP 18:0;O2\/16:0"},"3":{"study_id":"ST000685","analysis_id":"AN001056","analysis_summary":"C18 NEGATIVE ION MODE","metabolite_name":"CerP 34:1; [M-H]-@5.91","refmet_name":"CerP 34:1;O2"},"4":{"study_id":"ST000685","analysis_id":"AN001056","analysis_summary":"C18 NEGATIVE ION MODE","metabolite_name":"CerP 42:2; [M-H]-@7.82","refmet_name":"CerP 42:2;O2"},"5":{"study_id":"ST000685","analysis_id":"AN001056","analysis_summary":"C18 NEGATIVE ION MODE","metabolite_name":"CL 64:1; [M-2H](2-)@5.80","refmet_name":"CL 64:1"},"6":{"study_id":"ST000685","analysis_id":"AN001056","analysis_summary":"C18 NEGATIVE ION MODE","metabolite_name":"CL 66:1; [M-2H](2-)@5.50","refmet_name":"CL 66:1"},"7":{"study_id":"ST000685","analysis_id":"AN001056","analysis_summary":"C18 NEGATIVE ION MODE","metabolite_name":"CL 66:3; [M-2H](2-)@5.87","refmet_name":"CL 66:3"},"8":{"study_id":"ST000685","analysis_id":"AN001056","analysis_summary":"C18 NEGATIVE ION MODE","metabolite_name":"CL 66:4; [M-2H](2-)@8.94","refmet_name":"CL 66:4"},"9":{"study_id":"ST000685","analysis_id":"AN001056","analysis_summary":"C18 NEGATIVE ION MODE","metabolite_name":"CL 68:2; [M-2H](2-)@9.59","refmet_name":"CL 68:2"},"10":{"study_id":"ST000685","analysis_id":"AN001056","analysis_summary":"C18 NEGATIVE ION MODE","metabolite_name":"CL 68:3; [M-2H](2-)@9.39","refmet_name":"CL 68:3"},"11":{"study_id":"ST000685","analysis_id":"AN001056","analysis_summary":"C18 NEGATIVE ION MODE","metabolite_name":"CL 68:4; [M-2H](2-)@9.20","refmet_name":"CL 68:4"},"12":{"study_id":"ST000685","analysis_id":"AN001056","analysis_summary":"C18 NEGATIVE ION MODE","metabolite_name":"CL 68:5; [M-2H](2-)@9.01","refmet_name":"CL 68:5"},"13":{"study_id":"ST000685","analysis_id":"AN001056","analysis_summary":"C18 NEGATIVE ION MODE","metabolite_name":"CL 70:4; [M-2H](2-)@9.42","refmet_name":"CL 70:4"},"14":{"study_id":"ST000685","analysis_id":"AN001056","analysis_summary":"C18 NEGATIVE ION MODE","metabolite_name":"CL 70:5; [M-2H](2-)@9.28","refmet_name":"CL 70:5"},"15":{"study_id":"ST000685","analysis_id":"AN001056","analysis_summary":"C18 NEGATIVE ION MODE","metabolite_name":"CL 72:4; [M-2H](2-)@9.67","refmet_name":"CL 72:4"},"16":{"study_id":"ST000685","analysis_id":"AN001056","analysis_summary":"C18 NEGATIVE ION MODE","metabolite_name":"CL 72:5; [M-2H](2-)@9.51","refmet_name":"CL 72:5"},"17":{"study_id":"ST000685","analysis_id":"AN001056","analysis_summary":"C18 NEGATIVE ION MODE","metabolite_name":"CL 72:6; [M-2H](2-)@9.31","refmet_name":"CL 72:6"},"18":{"study_id":"ST000685","analysis_id":"AN001056","analysis_summary":"C18 NEGATIVE ION MODE","metabolite_name":"CL 74:11; [M-2H](2-)@5.63","refmet_name":"CL 74:11"},"19":{"study_id":"ST000685","analysis_id":"AN001056","analysis_summary":"C18 NEGATIVE ION MODE","metabolite_name":"CL 74:7; [M-2H](2-)@6.11","refmet_name":"CL 74:7"},"20":{"study_id":"ST000685","analysis_id":"AN001056","analysis_summary":"C18 NEGATIVE ION MODE","metabolite_name":"CL 76:5; [M-2H](2-)@6.97","refmet_name":"CL 76:5"},"21":{"study_id":"ST000685","analysis_id":"AN001056","analysis_summary":"C18 NEGATIVE ION MODE","metabolite_name":"FFA(16:0)","refmet_name":"Palmitic acid"},"22":{"study_id":"ST000685","analysis_id":"AN001056","analysis_summary":"C18 NEGATIVE ION MODE","metabolite_name":"FFA(18:0)","refmet_name":"Stearic acid"},"23":{"study_id":"ST000685","analysis_id":"AN001056","analysis_summary":"C18 NEGATIVE ION MODE","metabolite_name":"FFA(18:1)","refmet_name":"Octadecenoic acid"},"24":{"study_id":"ST000685","analysis_id":"AN001056","analysis_summary":"C18 NEGATIVE ION MODE","metabolite_name":"FFA(18:2)","refmet_name":"Octadecadienoic acid"},"25":{"study_id":"ST000685","analysis_id":"AN001056","analysis_summary":"C18 NEGATIVE ION MODE","metabolite_name":"FFA(20:0)","refmet_name":"Arachidic acid"},"26":{"study_id":"ST000685","analysis_id":"AN001056","analysis_summary":"C18 NEGATIVE ION MODE","metabolite_name":"FFA(20:1)","refmet_name":"Heneicosenoic acid"},"27":{"study_id":"ST000685","analysis_id":"AN001056","analysis_summary":"C18 NEGATIVE ION MODE","metabolite_name":"FFA(20:2)","refmet_name":"Eicosadienoic acid"},"28":{"study_id":"ST000685","analysis_id":"AN001056","analysis_summary":"C18 NEGATIVE ION MODE","metabolite_name":"FFA(20:4) Arachidonic acid","refmet_name":"Arachidonic acid"},"29":{"study_id":"ST000685","analysis_id":"AN001056","analysis_summary":"C18 NEGATIVE ION MODE","metabolite_name":"FFA(22:0)","refmet_name":"Behenic acid"},"30":{"study_id":"ST000685","analysis_id":"AN001056","analysis_summary":"C18 NEGATIVE ION MODE","metabolite_name":"FFA(22:1)","refmet_name":"Docosenoic acid"},"31":{"study_id":"ST000685","analysis_id":"AN001056","analysis_summary":"C18 NEGATIVE ION MODE","metabolite_name":"FFA(22:2)","refmet_name":"Docosadienoic acid"},"32":{"study_id":"ST000685","analysis_id":"AN001056","analysis_summary":"C18 NEGATIVE ION MODE","metabolite_name":"FFA(22:3)","refmet_name":"Docosatrienoic acid"},"33":{"study_id":"ST000685","analysis_id":"AN001056","analysis_summary":"C18 NEGATIVE ION MODE","metabolite_name":"FFA(24:0)","refmet_name":"Lignoceric acid"},"34":{"study_id":"ST000685","analysis_id":"AN001056","analysis_summary":"C18 NEGATIVE ION MODE","metabolite_name":"FFA(24:1)","refmet_name":"Tetracosenoic acid"},"35":{"study_id":"ST000685","analysis_id":"AN001056","analysis_summary":"C18 NEGATIVE ION MODE","metabolite_name":"FFA(24:2)","refmet_name":"Tetracosadienoic acid"},"36":{"study_id":"ST000685","analysis_id":"AN001056","analysis_summary":"C18 NEGATIVE ION MODE","metabolite_name":"FFA(24:3)","refmet_name":"Tetracosatrienoic acid"},"37":{"study_id":"ST000685","analysis_id":"AN001056","analysis_summary":"C18 NEGATIVE ION MODE","metabolite_name":"lysoPE 17:0; [M-H]-@2.07","refmet_name":"LPE 17:0"},"38":{"study_id":"ST000685","analysis_id":"AN001056","analysis_summary":"C18 NEGATIVE ION MODE","metabolite_name":"lysoPE 18:1; [M-H]-@1.81","refmet_name":"LPE 18:1"},"39":{"study_id":"ST000685","analysis_id":"AN001056","analysis_summary":"C18 NEGATIVE ION MODE","metabolite_name":"lysoPE 22:5; [M-H]-@1.58","refmet_name":"LPE 22:5"},"40":{"study_id":"ST000685","analysis_id":"AN001056","analysis_summary":"C18 NEGATIVE ION MODE","metabolite_name":"N-(15Z-tetracosenoyl)-sphing-4-enine; [M-H]-@8.46","refmet_name":"Cer 18:1;O2\/24:1"},"41":{"study_id":"ST000685","analysis_id":"AN001056","analysis_summary":"C18 NEGATIVE ION MODE","metabolite_name":"N-(9Z-octadecenoyl)-sphing-4-enine; [M-H]-@6.99","refmet_name":"Cer 18:1;O2\/18:1"},"42":{"study_id":"ST000685","analysis_id":"AN001056","analysis_summary":"C18 NEGATIVE ION MODE","metabolite_name":"N-(dodecanoyl)-sphing-4-enine; [M-H]-@5.51","refmet_name":"Cer 18:1;O2\/12:0"},"43":{"study_id":"ST000685","analysis_id":"AN001056","analysis_summary":"C18 NEGATIVE ION MODE","metabolite_name":"N-(hexadecanoyl)-sphing-4-enine; [M-H]-@6.83","refmet_name":"Cer 18:1;O2\/16:0"},"44":{"study_id":"ST000685","analysis_id":"AN001056","analysis_summary":"C18 NEGATIVE ION MODE","metabolite_name":"N-(hexadecanoyl)-sphinganine; [M-H]-@7.07","refmet_name":"Cer 18:0;O2\/16:0"},"45":{"study_id":"ST000685","analysis_id":"AN001056","analysis_summary":"C18 NEGATIVE ION MODE","metabolite_name":"N-(octadecanoyl)-sphing-4-enine; [M-H]-@7.43","refmet_name":"Cer 18:1;O2\/18:0"},"46":{"study_id":"ST000685","analysis_id":"AN001056","analysis_summary":"C18 NEGATIVE ION MODE","metabolite_name":"N-(tetracosanoyl)-sphing-4-enine; [M-H]-@8.91","refmet_name":"Cer 18:1;O2\/24:0"},"47":{"study_id":"ST000685","analysis_id":"AN001056","analysis_summary":"C18 NEGATIVE ION MODE","metabolite_name":"PA 32:0; [M-H]-@6.67","refmet_name":"PA 32:0"},"48":{"study_id":"ST000685","analysis_id":"AN001056","analysis_summary":"C18 NEGATIVE ION MODE","metabolite_name":"PA 32:1; [M-H]-@6.07","refmet_name":"PA 32:1"},"49":{"study_id":"ST000685","analysis_id":"AN001056","analysis_summary":"C18 NEGATIVE ION MODE","metabolite_name":"PA 34:1; [M-H]-@6.77","refmet_name":"PA 34:1"},"50":{"study_id":"ST000685","analysis_id":"AN001056","analysis_summary":"C18 NEGATIVE ION MODE","metabolite_name":"PA 34:2; [M-H]-@6.17","refmet_name":"PA 34:2"},"51":{"study_id":"ST000685","analysis_id":"AN001056","analysis_summary":"C18 NEGATIVE ION MODE","metabolite_name":"PA 35:1; [M-H]-@6.83","refmet_name":"PA 35:1"},"52":{"study_id":"ST000685","analysis_id":"AN001056","analysis_summary":"C18 NEGATIVE ION MODE","metabolite_name":"PA 36:1; [M-H]-@6.41","refmet_name":"PA 36:1"},"53":{"study_id":"ST000685","analysis_id":"AN001056","analysis_summary":"C18 NEGATIVE ION MODE","metabolite_name":"PA 36:2; [M-H]-@6.78","refmet_name":"PA 36:2"},"54":{"study_id":"ST000685","analysis_id":"AN001056","analysis_summary":"C18 NEGATIVE ION MODE","metabolite_name":"PA 36:4; [M-H]-@6.19","refmet_name":"PA 36:4"},"55":{"study_id":"ST000685","analysis_id":"AN001056","analysis_summary":"C18 NEGATIVE ION MODE","metabolite_name":"PA 38:2; [M-H]-@7.54","refmet_name":"PA 38:2"},"56":{"study_id":"ST000685","analysis_id":"AN001056","analysis_summary":"C18 NEGATIVE ION MODE","metabolite_name":"PA 38:4; [M-H]-@6.00","refmet_name":"PA 38:4"},"57":{"study_id":"ST000685","analysis_id":"AN001056","analysis_summary":"C18 NEGATIVE ION MODE","metabolite_name":"PA 38:6; [M-H]-@6.21","refmet_name":"PA 38:6"},"58":{"study_id":"ST000685","analysis_id":"AN001056","analysis_summary":"C18 NEGATIVE ION MODE","metabolite_name":"PC 28:0; [M-Ac-H]-@5.34","refmet_name":"PC 28:0"},"59":{"study_id":"ST000685","analysis_id":"AN001056","analysis_summary":"C18 NEGATIVE ION MODE","metabolite_name":"PC 29:0; [M-Ac-H]-@5.64","refmet_name":"PC 29:0"},"60":{"study_id":"ST000685","analysis_id":"AN001056","analysis_summary":"C18 NEGATIVE ION MODE","metabolite_name":"PC 30:0; [M-Ac-H]-@6.00","refmet_name":"PC 30:0"},"61":{"study_id":"ST000685","analysis_id":"AN001056","analysis_summary":"C18 NEGATIVE ION MODE","metabolite_name":"PC 30:1; [M-Ac-H]-@5.51","refmet_name":"PC 30:1"},"62":{"study_id":"ST000685","analysis_id":"AN001056","analysis_summary":"C18 NEGATIVE ION MODE","metabolite_name":"PC 30:2; [M-Ac-H]-@5.03","refmet_name":"PC 30:2"},"63":{"study_id":"ST000685","analysis_id":"AN001056","analysis_summary":"C18 NEGATIVE ION MODE","metabolite_name":"PC 31:0; [M-Ac-H]-@6.27","refmet_name":"PC 31:0"},"64":{"study_id":"ST000685","analysis_id":"AN001056","analysis_summary":"C18 NEGATIVE ION MODE","metabolite_name":"PC 31:1; [M-Ac-H]-@5.89","refmet_name":"PC 31:1"},"65":{"study_id":"ST000685","analysis_id":"AN001056","analysis_summary":"C18 NEGATIVE ION MODE","metabolite_name":"PC 32:1; [M-Ac-H]-@6.18","refmet_name":"PC 32:1"},"66":{"study_id":"ST000685","analysis_id":"AN001056","analysis_summary":"C18 NEGATIVE ION MODE","metabolite_name":"PC 32:2; [M-Ac-H]-@5.70","refmet_name":"PC 32:2"},"67":{"study_id":"ST000685","analysis_id":"AN001056","analysis_summary":"C18 NEGATIVE ION MODE","metabolite_name":"PC 32:3; [M-Ac-H]-@5.36","refmet_name":"PC 32:3"},"68":{"study_id":"ST000685","analysis_id":"AN001056","analysis_summary":"C18 NEGATIVE ION MODE","metabolite_name":"PC 33:0; [M-Ac-H]-@6.86","refmet_name":"PC 33:0"},"69":{"study_id":"ST000685","analysis_id":"AN001056","analysis_summary":"C18 NEGATIVE ION MODE","metabolite_name":"PC 33:1; [M-Ac-H]-@6.46","refmet_name":"PC 33:1"},"70":{"study_id":"ST000685","analysis_id":"AN001056","analysis_summary":"C18 NEGATIVE ION MODE","metabolite_name":"PC 33:2; [M-Ac-H]-@6.06","refmet_name":"PC 33:2"},"71":{"study_id":"ST000685","analysis_id":"AN001056","analysis_summary":"C18 NEGATIVE ION MODE","metabolite_name":"PC 34:1; [M-Ac-H]-@6.74","refmet_name":"PC 34:1"},"72":{"study_id":"ST000685","analysis_id":"AN001056","analysis_summary":"C18 NEGATIVE ION MODE","metabolite_name":"PC 34:2; [M-Ac-H]-@6.30","refmet_name":"PC 34:2"},"73":{"study_id":"ST000685","analysis_id":"AN001056","analysis_summary":"C18 NEGATIVE ION MODE","metabolite_name":"PC 34:3; [M-Ac-H]-@5.95","refmet_name":"PC 34:3"},"74":{"study_id":"ST000685","analysis_id":"AN001056","analysis_summary":"C18 NEGATIVE ION MODE","metabolite_name":"PC 35:1; [M-Ac-H]-@7.09","refmet_name":"PC 35:1"},"75":{"study_id":"ST000685","analysis_id":"AN001056","analysis_summary":"C18 NEGATIVE ION MODE","metabolite_name":"PC 35:2; [M-Ac-H]-@6.65","refmet_name":"PC 35:2"},"76":{"study_id":"ST000685","analysis_id":"AN001056","analysis_summary":"C18 NEGATIVE ION MODE","metabolite_name":"PC 36:0; [M-Ac-H]-@7.91","refmet_name":"PC 36:0"},"77":{"study_id":"ST000685","analysis_id":"AN001056","analysis_summary":"C18 NEGATIVE ION MODE","metabolite_name":"PC 36:1; [M-Ac-H]-@7.42","refmet_name":"PC 36:1"},"78":{"study_id":"ST000685","analysis_id":"AN001056","analysis_summary":"C18 NEGATIVE ION MODE","metabolite_name":"PC 36:3; [M-Ac-H]-@6.56","refmet_name":"PC 36:3"},"79":{"study_id":"ST000685","analysis_id":"AN001056","analysis_summary":"C18 NEGATIVE ION MODE","metabolite_name":"PC 36:5; [M-Ac-H]-@5.78","refmet_name":"PC 36:5"},"80":{"study_id":"ST000685","analysis_id":"AN001056","analysis_summary":"C18 NEGATIVE ION MODE","metabolite_name":"PC 37:1; [M-Ac-H]-@7.66","refmet_name":"PC 37:1"},"81":{"study_id":"ST000685","analysis_id":"AN001056","analysis_summary":"C18 NEGATIVE ION MODE","metabolite_name":"PC 37:2; [M-Ac-H]-@7.24","refmet_name":"PC 37:2"},"82":{"study_id":"ST000685","analysis_id":"AN001056","analysis_summary":"C18 NEGATIVE ION MODE","metabolite_name":"PC 37:3; [M-Ac-H]-@6.93","refmet_name":"PC 37:3"},"83":{"study_id":"ST000685","analysis_id":"AN001056","analysis_summary":"C18 NEGATIVE ION MODE","metabolite_name":"PC 37:4; [M-Ac-H]-@6.57","refmet_name":"PC 37:4"},"84":{"study_id":"ST000685","analysis_id":"AN001056","analysis_summary":"C18 NEGATIVE ION MODE","metabolite_name":"PC 38:2; [M-Ac-H]-@7.52","refmet_name":"PC 38:2"},"85":{"study_id":"ST000685","analysis_id":"AN001056","analysis_summary":"C18 NEGATIVE ION MODE","metabolite_name":"PC 38:4; [M-Ac-H]-@6.78","refmet_name":"PC 38:4"},"86":{"study_id":"ST000685","analysis_id":"AN001056","analysis_summary":"C18 NEGATIVE ION MODE","metabolite_name":"PC 38:5; [M-Ac-H]-@6.56","refmet_name":"PC 38:5"},"87":{"study_id":"ST000685","analysis_id":"AN001056","analysis_summary":"C18 NEGATIVE ION MODE","metabolite_name":"PC 38:6; [M-Ac-H]-@6.14","refmet_name":"PC 38:6"},"88":{"study_id":"ST000685","analysis_id":"AN001056","analysis_summary":"C18 NEGATIVE ION MODE","metabolite_name":"PC 38:7; [M-Ac-H]-@5.59","refmet_name":"PC 38:7"},"89":{"study_id":"ST000685","analysis_id":"AN001056","analysis_summary":"C18 NEGATIVE ION MODE","metabolite_name":"PC 40:2; [M-Ac-H]-@8.08","refmet_name":"PC 40:2"},"90":{"study_id":"ST000685","analysis_id":"AN001056","analysis_summary":"C18 NEGATIVE ION MODE","metabolite_name":"PC 40:3; [M-Ac-H]-@7.71","refmet_name":"PC 40:3"},"91":{"study_id":"ST000685","analysis_id":"AN001056","analysis_summary":"C18 NEGATIVE ION MODE","metabolite_name":"PC 40:4; [M-Ac-H]-@7.34","refmet_name":"PC 40:4"},"92":{"study_id":"ST000685","analysis_id":"AN001056","analysis_summary":"C18 NEGATIVE ION MODE","metabolite_name":"PC 40:6; [M-Ac-H]-@6.71","refmet_name":"PC 40:6"},"93":{"study_id":"ST000685","analysis_id":"AN001056","analysis_summary":"C18 NEGATIVE ION MODE","metabolite_name":"PC 42:10; [M-Ac-H]-@5.74","refmet_name":"PC 42:10"},"94":{"study_id":"ST000685","analysis_id":"AN001056","analysis_summary":"C18 NEGATIVE ION MODE","metabolite_name":"PC 42:2; [M-Ac-H]-@8.58","refmet_name":"PC 42:2"},"95":{"study_id":"ST000685","analysis_id":"AN001056","analysis_summary":"C18 NEGATIVE ION MODE","metabolite_name":"PC 42:4; [M-Ac-H]-@7.91","refmet_name":"PC 42:4"},"96":{"study_id":"ST000685","analysis_id":"AN001056","analysis_summary":"C18 NEGATIVE ION MODE","metabolite_name":"PE 30:0; [M-H]-@6.11","refmet_name":"PE 30:0"},"97":{"study_id":"ST000685","analysis_id":"AN001056","analysis_summary":"C18 NEGATIVE ION MODE","metabolite_name":"PE 31:0; [M-H]-@5.71","refmet_name":"PE 31:0"},"98":{"study_id":"ST000685","analysis_id":"AN001056","analysis_summary":"C18 NEGATIVE ION MODE","metabolite_name":"PE 31:1; [M-H]-@6.06","refmet_name":"PE 31:1"},"99":{"study_id":"ST000685","analysis_id":"AN001056","analysis_summary":"C18 NEGATIVE ION MODE","metabolite_name":"PE 32:0; [M-H]-@6.77","refmet_name":"PE 32:0"},"100":{"study_id":"ST000685","analysis_id":"AN001056","analysis_summary":"C18 NEGATIVE ION MODE","metabolite_name":"PE 32:1; [M-H]-@6.26","refmet_name":"PE 32:1"},"101":{"study_id":"ST000685","analysis_id":"AN001056","analysis_summary":"C18 NEGATIVE ION MODE","metabolite_name":"PE 33:0; [M-H]-@6.29","refmet_name":"PE 33:0"},"102":{"study_id":"ST000685","analysis_id":"AN001056","analysis_summary":"C18 NEGATIVE ION MODE","metabolite_name":"PE 33:1; [M-H]-@6.58","refmet_name":"PE 33:1"},"103":{"study_id":"ST000685","analysis_id":"AN001056","analysis_summary":"C18 NEGATIVE ION MODE","metabolite_name":"PE 33:2; [M-H]-@6.08","refmet_name":"PE 33:2"},"104":{"study_id":"ST000685","analysis_id":"AN001056","analysis_summary":"C18 NEGATIVE ION MODE","metabolite_name":"PE 34:3; [M-H]-@5.99","refmet_name":"PE 34:3"},"105":{"study_id":"ST000685","analysis_id":"AN001056","analysis_summary":"C18 NEGATIVE ION MODE","metabolite_name":"PE 34:4; [M-H]-@5.71","refmet_name":"PE 34:4"},"106":{"study_id":"ST000685","analysis_id":"AN001056","analysis_summary":"C18 NEGATIVE ION MODE","metabolite_name":"PE 35:0; [M-H]-@7.54","refmet_name":"PE 35:0"},"107":{"study_id":"ST000685","analysis_id":"AN001056","analysis_summary":"C18 NEGATIVE ION MODE","metabolite_name":"PE 35:1; [M-H]-@6.46","refmet_name":"PE 35:1"},"108":{"study_id":"ST000685","analysis_id":"AN001056","analysis_summary":"C18 NEGATIVE ION MODE","metabolite_name":"PE 35:2; [M-H]-@6.71","refmet_name":"PE 35:2"},"109":{"study_id":"ST000685","analysis_id":"AN001056","analysis_summary":"C18 NEGATIVE ION MODE","metabolite_name":"PE 35:3; [M-H]-@6.26","refmet_name":"PE 35:3"},"110":{"study_id":"ST000685","analysis_id":"AN001056","analysis_summary":"C18 NEGATIVE ION MODE","metabolite_name":"PE 35:4; [M-H]-@6.07","refmet_name":"PE 35:4"},"111":{"study_id":"ST000685","analysis_id":"AN001056","analysis_summary":"C18 NEGATIVE ION MODE","metabolite_name":"PE 36:0; [M-H]-@7.35","refmet_name":"PE 36:0"},"112":{"study_id":"ST000685","analysis_id":"AN001056","analysis_summary":"C18 NEGATIVE ION MODE","metabolite_name":"PE 36:1; [M-H]-@7.47","refmet_name":"PE 36:1"},"113":{"study_id":"ST000685","analysis_id":"AN001056","analysis_summary":"C18 NEGATIVE ION MODE","metabolite_name":"PE 36:2; [M-H]-@6.30","refmet_name":"PE 36:2"},"114":{"study_id":"ST000685","analysis_id":"AN001056","analysis_summary":"C18 NEGATIVE ION MODE","metabolite_name":"PE 36:5; [M-H]-@5.91","refmet_name":"PE 36:5"},"115":{"study_id":"ST000685","analysis_id":"AN001056","analysis_summary":"C18 NEGATIVE ION MODE","metabolite_name":"PE 36:6; [M-H]-@5.46","refmet_name":"PE 36:6"},"116":{"study_id":"ST000685","analysis_id":"AN001056","analysis_summary":"C18 NEGATIVE ION MODE","metabolite_name":"PE 37:1; [M-H]-@7.61","refmet_name":"PE 37:1"},"117":{"study_id":"ST000685","analysis_id":"AN001056","analysis_summary":"C18 NEGATIVE ION MODE","metabolite_name":"PE 37:2; [M-H]-@7.29","refmet_name":"PE 37:2"},"118":{"study_id":"ST000685","analysis_id":"AN001056","analysis_summary":"C18 NEGATIVE ION MODE","metabolite_name":"PE 37:5; [M-H]-@6.22","refmet_name":"PE 37:5"},"119":{"study_id":"ST000685","analysis_id":"AN001056","analysis_summary":"C18 NEGATIVE ION MODE","metabolite_name":"PE 38:0; [M-H]-@7.95","refmet_name":"PE 38:0"},"120":{"study_id":"ST000685","analysis_id":"AN001056","analysis_summary":"C18 NEGATIVE ION MODE","metabolite_name":"PE 38:1; [M-H]-@7.43","refmet_name":"PE 38:1"},"121":{"study_id":"ST000685","analysis_id":"AN001056","analysis_summary":"C18 NEGATIVE ION MODE","metabolite_name":"PE 38:2; [M-H]-@7.56","refmet_name":"PE 38:2"},"122":{"study_id":"ST000685","analysis_id":"AN001056","analysis_summary":"C18 NEGATIVE ION MODE","metabolite_name":"PE 38:3; [M-H]-@7.31","refmet_name":"PE 38:3"},"123":{"study_id":"ST000685","analysis_id":"AN001056","analysis_summary":"C18 NEGATIVE ION MODE","metabolite_name":"PE 38:6; [M-H]-@6.13","refmet_name":"PE 38:6"},"124":{"study_id":"ST000685","analysis_id":"AN001056","analysis_summary":"C18 NEGATIVE ION MODE","metabolite_name":"PE 39:1; [M-H]-@7.59","refmet_name":"PE 39:1"},"125":{"study_id":"ST000685","analysis_id":"AN001056","analysis_summary":"C18 NEGATIVE ION MODE","metabolite_name":"PE 39:2; [M-H]-@7.75","refmet_name":"PE 39:2"},"126":{"study_id":"ST000685","analysis_id":"AN001056","analysis_summary":"C18 NEGATIVE ION MODE","metabolite_name":"PE 39:3; [M-H]-@7.58","refmet_name":"PE 39:3"},"127":{"study_id":"ST000685","analysis_id":"AN001056","analysis_summary":"C18 NEGATIVE ION MODE","metabolite_name":"PE 39:4; [M-H]-@7.21","refmet_name":"PE 39:4"},"128":{"study_id":"ST000685","analysis_id":"AN001056","analysis_summary":"C18 NEGATIVE ION MODE","metabolite_name":"PE 40:2; [M-H]-@7.51","refmet_name":"PE 40:2"},"129":{"study_id":"ST000685","analysis_id":"AN001056","analysis_summary":"C18 NEGATIVE ION MODE","metabolite_name":"PE 40:3; [M-H]-@7.67","refmet_name":"PE 40:3"},"130":{"study_id":"ST000685","analysis_id":"AN001056","analysis_summary":"C18 NEGATIVE ION MODE","metabolite_name":"PE 40:4; [M-H]-@7.46","refmet_name":"PE 40:4"},"131":{"study_id":"ST000685","analysis_id":"AN001056","analysis_summary":"C18 NEGATIVE ION MODE","metabolite_name":"PE 40:6; [M-H]-@6.78","refmet_name":"PE 40:6"},"132":{"study_id":"ST000685","analysis_id":"AN001056","analysis_summary":"C18 NEGATIVE ION MODE","metabolite_name":"PE 40:8; [M-H]-@6.07","refmet_name":"PE 40:8"},"133":{"study_id":"ST000685","analysis_id":"AN001056","analysis_summary":"C18 NEGATIVE ION MODE","metabolite_name":"PE 41:6; [M-H]-@7.11","refmet_name":"PE 41:6"},"134":{"study_id":"ST000685","analysis_id":"AN001056","analysis_summary":"C18 NEGATIVE ION MODE","metabolite_name":"PE 42:2; [M-H]-@8.48","refmet_name":"PE 42:2"},"135":{"study_id":"ST000685","analysis_id":"AN001056","analysis_summary":"C18 NEGATIVE ION MODE","metabolite_name":"PE 42:4; [M-H]-@8.04","refmet_name":"PE 42:4"},"136":{"study_id":"ST000685","analysis_id":"AN001056","analysis_summary":"C18 NEGATIVE ION MODE","metabolite_name":"PE 42:5; [M-H]-@7.63","refmet_name":"PE 42:5"},"137":{"study_id":"ST000685","analysis_id":"AN001056","analysis_summary":"C18 NEGATIVE ION MODE","metabolite_name":"PE 42:7; [M-H]-@6.96","refmet_name":"PE 42:7"},"138":{"study_id":"ST000685","analysis_id":"AN001056","analysis_summary":"C18 NEGATIVE ION MODE","metabolite_name":"PE 44:4; [M-H]-@8.58","refmet_name":"PE 44:4"},"139":{"study_id":"ST000685","analysis_id":"AN001056","analysis_summary":"C18 NEGATIVE ION MODE","metabolite_name":"PE 44:5; [M-H]-@8.11","refmet_name":"PE 44:5"},"140":{"study_id":"ST000685","analysis_id":"AN001056","analysis_summary":"C18 NEGATIVE ION MODE","metabolite_name":"PG 32:0; [M-H]-@5.78","refmet_name":"PG 32:0"},"141":{"study_id":"ST000685","analysis_id":"AN001056","analysis_summary":"C18 NEGATIVE ION MODE","metabolite_name":"PG 32:1; [M-H]-@5.24","refmet_name":"PG 32:1"},"142":{"study_id":"ST000685","analysis_id":"AN001056","analysis_summary":"C18 NEGATIVE ION MODE","metabolite_name":"PG 32:2; [M-H]-@4.75","refmet_name":"PG 32:2"},"143":{"study_id":"ST000685","analysis_id":"AN001056","analysis_summary":"C18 NEGATIVE ION MODE","metabolite_name":"PG 33:0; [M-H]-@6.08","refmet_name":"PG 33:0"},"144":{"study_id":"ST000685","analysis_id":"AN001056","analysis_summary":"C18 NEGATIVE ION MODE","metabolite_name":"PG 33:1; [M-H]-@5.56","refmet_name":"PG 33:1"},"145":{"study_id":"ST000685","analysis_id":"AN001056","analysis_summary":"C18 NEGATIVE ION MODE","metabolite_name":"PG 34:1; [M-H]-@5.83","refmet_name":"PG 34:1"},"146":{"study_id":"ST000685","analysis_id":"AN001056","analysis_summary":"C18 NEGATIVE ION MODE","metabolite_name":"PG 34:2; [M-H]-@5.23","refmet_name":"PG 34:2"},"147":{"study_id":"ST000685","analysis_id":"AN001056","analysis_summary":"C18 NEGATIVE ION MODE","metabolite_name":"PG 34:3; [M-H]-@4.67","refmet_name":"PG 34:3"},"148":{"study_id":"ST000685","analysis_id":"AN001056","analysis_summary":"C18 NEGATIVE ION MODE","metabolite_name":"PG 36:0; [M-H]-@6.91","refmet_name":"PG 36:0"},"149":{"study_id":"ST000685","analysis_id":"AN001056","analysis_summary":"C18 NEGATIVE ION MODE","metabolite_name":"PG 36:1; [M-H]-@6.47","refmet_name":"PG 36:1"},"150":{"study_id":"ST000685","analysis_id":"AN001056","analysis_summary":"C18 NEGATIVE ION MODE","metabolite_name":"PG 36:2; [M-H]-@6.07","refmet_name":"PG 36:2"},"151":{"study_id":"ST000685","analysis_id":"AN001056","analysis_summary":"C18 NEGATIVE ION MODE","metabolite_name":"PG 36:3; [M-H]-@5.35","refmet_name":"PG 36:3"},"152":{"study_id":"ST000685","analysis_id":"AN001056","analysis_summary":"C18 NEGATIVE ION MODE","metabolite_name":"PG 36:4; [M-H]-@5.09","refmet_name":"PG 36:4"},"153":{"study_id":"ST000685","analysis_id":"AN001056","analysis_summary":"C18 NEGATIVE ION MODE","metabolite_name":"PG 36:5; [M-H]-@4.74","refmet_name":"PG 36:5"},"154":{"study_id":"ST000685","analysis_id":"AN001056","analysis_summary":"C18 NEGATIVE ION MODE","metabolite_name":"PG 38:2; [M-H]-@6.21","refmet_name":"PG 38:2"},"155":{"study_id":"ST000685","analysis_id":"AN001056","analysis_summary":"C18 NEGATIVE ION MODE","metabolite_name":"PG 38:3; [M-H]-@5.83","refmet_name":"PG 38:3"},"156":{"study_id":"ST000685","analysis_id":"AN001056","analysis_summary":"C18 NEGATIVE ION MODE","metabolite_name":"PG 38:4; [M-H]-@5.54","refmet_name":"PG 38:4"},"157":{"study_id":"ST000685","analysis_id":"AN001056","analysis_summary":"C18 NEGATIVE ION MODE","metabolite_name":"PG 38:5; [M-H]-@5.33","refmet_name":"PG 38:5"},"158":{"study_id":"ST000685","analysis_id":"AN001056","analysis_summary":"C18 NEGATIVE ION MODE","metabolite_name":"PG 38:6; [M-H]-@4.98","refmet_name":"PG 38:6"},"159":{"study_id":"ST000685","analysis_id":"AN001056","analysis_summary":"C18 NEGATIVE ION MODE","metabolite_name":"PG 38:7; [M-H]-@4.47","refmet_name":"PG 38:7"},"160":{"study_id":"ST000685","analysis_id":"AN001056","analysis_summary":"C18 NEGATIVE ION MODE","metabolite_name":"PG 40:5; [M-H]-@5.86","refmet_name":"PG 40:5"},"161":{"study_id":"ST000685","analysis_id":"AN001056","analysis_summary":"C18 NEGATIVE ION MODE","metabolite_name":"PG 40:6; [M-H]-@5.47","refmet_name":"PG 40:6"},"162":{"study_id":"ST000685","analysis_id":"AN001056","analysis_summary":"C18 NEGATIVE ION MODE","metabolite_name":"PG 40:7; [M-H]-@5.15","refmet_name":"PG 40:7"},"163":{"study_id":"ST000685","analysis_id":"AN001056","analysis_summary":"C18 NEGATIVE ION MODE","metabolite_name":"PG 40:8; [M-H]-@4.68","refmet_name":"PG 40:8"},"164":{"study_id":"ST000685","analysis_id":"AN001056","analysis_summary":"C18 NEGATIVE ION MODE","metabolite_name":"PG 42:10; [M-H]-@4.64","refmet_name":"PG 42:10"},"165":{"study_id":"ST000685","analysis_id":"AN001056","analysis_summary":"C18 NEGATIVE ION MODE","metabolite_name":"PG 42:7; [M-H]-@5.69","refmet_name":"PG 42:7"},"166":{"study_id":"ST000685","analysis_id":"AN001056","analysis_summary":"C18 NEGATIVE ION MODE","metabolite_name":"PG 42:8; [M-H]-@5.31","refmet_name":"PG 42:8"},"167":{"study_id":"ST000685","analysis_id":"AN001056","analysis_summary":"C18 NEGATIVE ION MODE","metabolite_name":"PG 42:9; [M-H]-@5.00","refmet_name":"PG 42:9"},"168":{"study_id":"ST000685","analysis_id":"AN001056","analysis_summary":"C18 NEGATIVE ION MODE","metabolite_name":"PG 44:10; [M-H]-@5.35","refmet_name":"PG 44:10"},"169":{"study_id":"ST000685","analysis_id":"AN001056","analysis_summary":"C18 NEGATIVE ION MODE","metabolite_name":"PG 44:11; [M-H]-@4.90","refmet_name":"PG 44:11"},"170":{"study_id":"ST000685","analysis_id":"AN001056","analysis_summary":"C18 NEGATIVE ION MODE","metabolite_name":"PG 44:12; [M-H]-@4.50","refmet_name":"PG 44:12"},"171":{"study_id":"ST000685","analysis_id":"AN001056","analysis_summary":"C18 NEGATIVE ION MODE","metabolite_name":"PI 34:1; [M-H]-@5.69","refmet_name":"PI 34:1"},"172":{"study_id":"ST000685","analysis_id":"AN001056","analysis_summary":"C18 NEGATIVE ION MODE","metabolite_name":"PI 34:2; [M-H]-@5.25","refmet_name":"PI 34:2"},"173":{"study_id":"ST000685","analysis_id":"AN001056","analysis_summary":"C18 NEGATIVE ION MODE","metabolite_name":"PI 36:1; [M-H]-@6.32","refmet_name":"PI 36:1"},"174":{"study_id":"ST000685","analysis_id":"AN001056","analysis_summary":"C18 NEGATIVE ION MODE","metabolite_name":"PI 36:2; [M-H]-@5.86","refmet_name":"PI 36:2"},"175":{"study_id":"ST000685","analysis_id":"AN001056","analysis_summary":"C18 NEGATIVE ION MODE","metabolite_name":"PI 36:3; [M-H]-@5.62","refmet_name":"PI 36:3"},"176":{"study_id":"ST000685","analysis_id":"AN001056","analysis_summary":"C18 NEGATIVE ION MODE","metabolite_name":"PI 36:4; [M-H]-@5.26","refmet_name":"PI 36:4"},"177":{"study_id":"ST000685","analysis_id":"AN001056","analysis_summary":"C18 NEGATIVE ION MODE","metabolite_name":"PI 38:2; [M-H]-@6.52","refmet_name":"PI 38:2"},"178":{"study_id":"ST000685","analysis_id":"AN001056","analysis_summary":"C18 NEGATIVE ION MODE","metabolite_name":"PI 38:3; [M-H]-@6.20","refmet_name":"PI 38:3"},"179":{"study_id":"ST000685","analysis_id":"AN001056","analysis_summary":"C18 NEGATIVE ION MODE","metabolite_name":"PI 38:4; [M-H]-@5.79","refmet_name":"PI 38:4"},"180":{"study_id":"ST000685","analysis_id":"AN001056","analysis_summary":"C18 NEGATIVE ION MODE","metabolite_name":"PI 38:5; [M-H]-@5.37","refmet_name":"PI 38:5"},"181":{"study_id":"ST000685","analysis_id":"AN001056","analysis_summary":"C18 NEGATIVE ION MODE","metabolite_name":"PI 39:4; [M-H]-@6.19","refmet_name":"PI 39:4"},"182":{"study_id":"ST000685","analysis_id":"AN001056","analysis_summary":"C18 NEGATIVE ION MODE","metabolite_name":"PI 40:5; [M-H]-@5.99","refmet_name":"PI 40:5"},"183":{"study_id":"ST000685","analysis_id":"AN001056","analysis_summary":"C18 NEGATIVE ION MODE","metabolite_name":"PI 40:6; [M-H]-@5.82","refmet_name":"PI 40:6"},"184":{"study_id":"ST000685","analysis_id":"AN001056","analysis_summary":"C18 NEGATIVE ION MODE","metabolite_name":"plasmenyl-PE 32:0; [M-H]-@7.11","refmet_name":"PE P-32:0"},"185":{"study_id":"ST000685","analysis_id":"AN001056","analysis_summary":"C18 NEGATIVE ION MODE","metabolite_name":"plasmenyl-PE 32:1; [M-H]-@6.61","refmet_name":"PE P-32:1"},"186":{"study_id":"ST000685","analysis_id":"AN001056","analysis_summary":"C18 NEGATIVE ION MODE","metabolite_name":"plasmenyl-PE 34:1; [M-H]-@7.21","refmet_name":"PE P-34:1"},"187":{"study_id":"ST000685","analysis_id":"AN001056","analysis_summary":"C18 NEGATIVE ION MODE","metabolite_name":"plasmenyl-PE 34:2; [M-H]-@6.75","refmet_name":"PE P-34:2"},"188":{"study_id":"ST000685","analysis_id":"AN001056","analysis_summary":"C18 NEGATIVE ION MODE","metabolite_name":"plasmenyl-PE 36:2; [M-H]-@7.33","refmet_name":"PE P-36:2"},"189":{"study_id":"ST000685","analysis_id":"AN001056","analysis_summary":"C18 NEGATIVE ION MODE","metabolite_name":"plasmenyl-PE 36:3; [M-H]-@7.14","refmet_name":"PE P-36:3"},"190":{"study_id":"ST000685","analysis_id":"AN001056","analysis_summary":"C18 NEGATIVE ION MODE","metabolite_name":"plasmenyl-PE 36:4; [M-H]-@6.70","refmet_name":"PE P-36:4"},"191":{"study_id":"ST000685","analysis_id":"AN001056","analysis_summary":"C18 NEGATIVE ION MODE","metabolite_name":"plasmenyl-PE 38:1; [M-H]-@8.29","refmet_name":"PE P-38:1"},"192":{"study_id":"ST000685","analysis_id":"AN001056","analysis_summary":"C18 NEGATIVE ION MODE","metabolite_name":"plasmenyl-PE 38:3; [M-H]-@7.66","refmet_name":"PE P-38:3"},"193":{"study_id":"ST000685","analysis_id":"AN001056","analysis_summary":"C18 NEGATIVE ION MODE","metabolite_name":"plasmenyl-PE 38:4; [M-H]-@7.34","refmet_name":"PE P-38:4"},"194":{"study_id":"ST000685","analysis_id":"AN001056","analysis_summary":"C18 NEGATIVE ION MODE","metabolite_name":"plasmenyl-PE 38:5; [M-H]-@6.85","refmet_name":"PE P-38:5"},"195":{"study_id":"ST000685","analysis_id":"AN001056","analysis_summary":"C18 NEGATIVE ION MODE","metabolite_name":"plasmenyl-PE 38:6; [M-H]-@6.62","refmet_name":"PE P-38:6"},"196":{"study_id":"ST000685","analysis_id":"AN001056","analysis_summary":"C18 NEGATIVE ION MODE","metabolite_name":"plasmenyl-PE 40:3; [M-H]-@8.18","refmet_name":"PE P-40:3"},"197":{"study_id":"ST000685","analysis_id":"AN001056","analysis_summary":"C18 NEGATIVE ION MODE","metabolite_name":"plasmenyl-PE 40:4; [M-H]-@7.84","refmet_name":"PE P-40:4"},"198":{"study_id":"ST000685","analysis_id":"AN001056","analysis_summary":"C18 NEGATIVE ION MODE","metabolite_name":"plasmenyl-PE 40:6; [M-H]-@7.23","refmet_name":"PE P-40:6"},"199":{"study_id":"ST000685","analysis_id":"AN001056","analysis_summary":"C18 NEGATIVE ION MODE","metabolite_name":"plasmenyl-PE 42:5; [M-H]-@8.01","refmet_name":"PE P-42:5"},"200":{"study_id":"ST000685","analysis_id":"AN001056","analysis_summary":"C18 NEGATIVE ION MODE","metabolite_name":"plasmenyl-PE 42:6; [M-H]-@7.78","refmet_name":"PE P-42:6"},"201":{"study_id":"ST000685","analysis_id":"AN001056","analysis_summary":"C18 NEGATIVE ION MODE","metabolite_name":"PS 32:1; [M-H]-@5.22","refmet_name":"PS 32:1"},"202":{"study_id":"ST000685","analysis_id":"AN001056","analysis_summary":"C18 NEGATIVE ION MODE","metabolite_name":"PS 34:1; [M-H]-@5.82","refmet_name":"PS 34:1"},"203":{"study_id":"ST000685","analysis_id":"AN001056","analysis_summary":"C18 NEGATIVE ION MODE","metabolite_name":"PS 34:2; [M-H]-@5.36","refmet_name":"PS 34:2"},"204":{"study_id":"ST000685","analysis_id":"AN001056","analysis_summary":"C18 NEGATIVE ION MODE","metabolite_name":"PS 36:2; [M-H]-@5.95","refmet_name":"PS 36:2"},"205":{"study_id":"ST000685","analysis_id":"AN001056","analysis_summary":"C18 NEGATIVE ION MODE","metabolite_name":"PS 36:3; [M-H]-@5.68","refmet_name":"PS 36:3"},"206":{"study_id":"ST000685","analysis_id":"AN001056","analysis_summary":"C18 NEGATIVE ION MODE","metabolite_name":"PS 36:4; [M-H]-@5.36","refmet_name":"PS 36:4"},"207":{"study_id":"ST000685","analysis_id":"AN001056","analysis_summary":"C18 NEGATIVE ION MODE","metabolite_name":"PS 37:3; [M-H]-@6.10","refmet_name":"PS 37:3"},"208":{"study_id":"ST000685","analysis_id":"AN001056","analysis_summary":"C18 NEGATIVE ION MODE","metabolite_name":"PS 38:3; [M-H]-@6.31","refmet_name":"PS 38:3"},"209":{"study_id":"ST000685","analysis_id":"AN001056","analysis_summary":"C18 NEGATIVE ION MODE","metabolite_name":"PS 38:4; [M-H]-@5.95","refmet_name":"PS 38:4"},"210":{"study_id":"ST000685","analysis_id":"AN001056","analysis_summary":"C18 NEGATIVE ION MODE","metabolite_name":"PS 38:5; [M-H]-@5.52","refmet_name":"PS 38:5"},"211":{"study_id":"ST000685","analysis_id":"AN001056","analysis_summary":"C18 NEGATIVE ION MODE","metabolite_name":"PS 38:6; [M-H]-@5.24","refmet_name":"PS 38:6"},"212":{"study_id":"ST000685","analysis_id":"AN001056","analysis_summary":"C18 NEGATIVE ION MODE","metabolite_name":"PS 40:4; [M-H]-@6.37","refmet_name":"PS 40:4"},"213":{"study_id":"ST000685","analysis_id":"AN001056","analysis_summary":"C18 NEGATIVE ION MODE","metabolite_name":"PS 40:5; [M-H]-@6.22","refmet_name":"PS 40:5"},"214":{"study_id":"ST000685","analysis_id":"AN001056","analysis_summary":"C18 NEGATIVE ION MODE","metabolite_name":"PS 40:6; [M-H]-@6.32","refmet_name":"PS 40:6"},"215":{"study_id":"ST000685","analysis_id":"AN001056","analysis_summary":"C18 NEGATIVE ION MODE","metabolite_name":"PS 42:5; [M-H]-@6.67","refmet_name":"PS 42:5"},"216":{"study_id":"ST000685","analysis_id":"AN001057","analysis_summary":"C18 POSITIVE ION MODE","metabolite_name":"CE(18:1); [M+NH4]+@10.97","refmet_name":"CE 18:1"},"217":{"study_id":"ST000685","analysis_id":"AN001057","analysis_summary":"C18 POSITIVE ION MODE","metabolite_name":"CE(18:2); [M+NH4]+@10.72","refmet_name":"CE 18:2"},"218":{"study_id":"ST000685","analysis_id":"AN001057","analysis_summary":"C18 POSITIVE ION MODE","metabolite_name":"CE(20:2); [M+NH4]+@11.02","refmet_name":"CE 20:2"},"219":{"study_id":"ST000685","analysis_id":"AN001057","analysis_summary":"C18 POSITIVE ION MODE","metabolite_name":"CE(22:6); [M+NH4]+@10.51","refmet_name":"CE 22:6"},"220":{"study_id":"ST000685","analysis_id":"AN001057","analysis_summary":"C18 POSITIVE ION MODE","metabolite_name":"CE(24:1); [M+NH4]+@12.03","refmet_name":"CE 24:1"},"221":{"study_id":"ST000685","analysis_id":"AN001057","analysis_summary":"C18 POSITIVE ION MODE","metabolite_name":"DG 30:0; [M+NH4]+@7.37","refmet_name":"DG 30:0"},"222":{"study_id":"ST000685","analysis_id":"AN001057","analysis_summary":"C18 POSITIVE ION MODE","metabolite_name":"DG 30:1; [M+NH4]+@6.93","refmet_name":"DG 30:1"},"223":{"study_id":"ST000685","analysis_id":"AN001057","analysis_summary":"C18 POSITIVE ION MODE","metabolite_name":"DG 31:0; [M+NH4]+@7.57","refmet_name":"DG 31:0"},"224":{"study_id":"ST000685","analysis_id":"AN001057","analysis_summary":"C18 POSITIVE ION MODE","metabolite_name":"DG 32:0; [M+NH4]+@7.93","refmet_name":"DG 32:0"},"225":{"study_id":"ST000685","analysis_id":"AN001057","analysis_summary":"C18 POSITIVE ION MODE","metabolite_name":"DG 32:1; [M+NH4]+@7.48","refmet_name":"DG 32:1"},"226":{"study_id":"ST000685","analysis_id":"AN001057","analysis_summary":"C18 POSITIVE ION MODE","metabolite_name":"DG 32:2; [M+NH4]+@7.05","refmet_name":"DG 32:2"},"227":{"study_id":"ST000685","analysis_id":"AN001057","analysis_summary":"C18 POSITIVE ION MODE","metabolite_name":"DG 33:0; [M+NH4]+@8.08","refmet_name":"DG 33:0"},"228":{"study_id":"ST000685","analysis_id":"AN001057","analysis_summary":"C18 POSITIVE ION MODE","metabolite_name":"DG 33:1; [M+NH4]+@7.70","refmet_name":"DG 33:1"},"229":{"study_id":"ST000685","analysis_id":"AN001057","analysis_summary":"C18 POSITIVE ION MODE","metabolite_name":"DG 33:2; [M+NH4]+@7.32","refmet_name":"DG 33:2"},"230":{"study_id":"ST000685","analysis_id":"AN001057","analysis_summary":"C18 POSITIVE ION MODE","metabolite_name":"DG 34:0; [M+NH4]+@8.42","refmet_name":"DG 34:0"},"231":{"study_id":"ST000685","analysis_id":"AN001057","analysis_summary":"C18 POSITIVE ION MODE","metabolite_name":"DG 34:2; [M+NH4]+@7.58","refmet_name":"DG 34:2"},"232":{"study_id":"ST000685","analysis_id":"AN001057","analysis_summary":"C18 POSITIVE ION MODE","metabolite_name":"DG 34:3; [M+NH4]+@7.22","refmet_name":"DG 34:3"},"233":{"study_id":"ST000685","analysis_id":"AN001057","analysis_summary":"C18 POSITIVE ION MODE","metabolite_name":"DG 35:1; [M+NH4]+@8.15","refmet_name":"DG 35:1"},"234":{"study_id":"ST000685","analysis_id":"AN001057","analysis_summary":"C18 POSITIVE ION MODE","metabolite_name":"DG 35:2; [M+NH4]+@7.86","refmet_name":"DG 35:2"},"235":{"study_id":"ST000685","analysis_id":"AN001057","analysis_summary":"C18 POSITIVE ION MODE","metabolite_name":"DG 35:3; [M+NH4]+@7.53","refmet_name":"DG 35:3"},"236":{"study_id":"ST000685","analysis_id":"AN001057","analysis_summary":"C18 POSITIVE ION MODE","metabolite_name":"DG 36:1; [M+NH4]+@8.50","refmet_name":"DG 36:1"},"237":{"study_id":"ST000685","analysis_id":"AN001057","analysis_summary":"C18 POSITIVE ION MODE","metabolite_name":"DG 36:2; [M+NH4]+@8.14","refmet_name":"DG 36:2"},"238":{"study_id":"ST000685","analysis_id":"AN001057","analysis_summary":"C18 POSITIVE ION MODE","metabolite_name":"DG 36:3; [M+NH4]+@7.74","refmet_name":"DG 36:3"},"239":{"study_id":"ST000685","analysis_id":"AN001057","analysis_summary":"C18 POSITIVE ION MODE","metabolite_name":"DG 36:4; [M+NH4]+@7.48","refmet_name":"DG 36:4"},"240":{"study_id":"ST000685","analysis_id":"AN001057","analysis_summary":"C18 POSITIVE ION MODE","metabolite_name":"DG 38:1; [M+NH4]+@8.91","refmet_name":"DG 38:1"},"241":{"study_id":"ST000685","analysis_id":"AN001057","analysis_summary":"C18 POSITIVE ION MODE","metabolite_name":"DG 38:2; [M+NH4]+@8.51","refmet_name":"DG 38:2"},"242":{"study_id":"ST000685","analysis_id":"AN001057","analysis_summary":"C18 POSITIVE ION MODE","metabolite_name":"DG 38:3; [M+NH4]+@8.22","refmet_name":"DG 38:3"},"243":{"study_id":"ST000685","analysis_id":"AN001057","analysis_summary":"C18 POSITIVE ION MODE","metabolite_name":"DG 38:4; [M+NH4]+@7.94","refmet_name":"DG 38:4"},"244":{"study_id":"ST000685","analysis_id":"AN001057","analysis_summary":"C18 POSITIVE ION MODE","metabolite_name":"DG 38:5; [M+NH4]+@7.65","refmet_name":"DG 38:5"},"245":{"study_id":"ST000685","analysis_id":"AN001057","analysis_summary":"C18 POSITIVE ION MODE","metabolite_name":"DG 38:6; [M+NH4]+@7.31","refmet_name":"DG 38:6"},"246":{"study_id":"ST000685","analysis_id":"AN001057","analysis_summary":"C18 POSITIVE ION MODE","metabolite_name":"DG 38:7; [M+NH4]+@7.06","refmet_name":"DG 38:7"},"247":{"study_id":"ST000685","analysis_id":"AN001057","analysis_summary":"C18 POSITIVE ION MODE","metabolite_name":"DG 40:2; [M+NH4]+@8.95","refmet_name":"DG 40:2"},"248":{"study_id":"ST000685","analysis_id":"AN001057","analysis_summary":"C18 POSITIVE ION MODE","metabolite_name":"DG 40:3; [M+NH4]+@8.65","refmet_name":"DG 40:3"},"249":{"study_id":"ST000685","analysis_id":"AN001057","analysis_summary":"C18 POSITIVE ION MODE","metabolite_name":"DG 40:4; [M+NH4]+@8.41","refmet_name":"DG 40:4"},"250":{"study_id":"ST000685","analysis_id":"AN001057","analysis_summary":"C18 POSITIVE ION MODE","metabolite_name":"DG 40:5; [M+NH4]+@8.12","refmet_name":"DG 40:5"},"251":{"study_id":"ST000685","analysis_id":"AN001057","analysis_summary":"C18 POSITIVE ION MODE","metabolite_name":"DG 40:6; [M+NH4]+@7.82","refmet_name":"DG 40:6"},"252":{"study_id":"ST000685","analysis_id":"AN001057","analysis_summary":"C18 POSITIVE ION MODE","metabolite_name":"DG 40:7; [M+NH4]+@7.57","refmet_name":"DG 40:7"},"253":{"study_id":"ST000685","analysis_id":"AN001057","analysis_summary":"C18 POSITIVE ION MODE","metabolite_name":"DG 40:8; [M+NH4]+@7.17","refmet_name":"DG 40:8"},"254":{"study_id":"ST000685","analysis_id":"AN001057","analysis_summary":"C18 POSITIVE ION MODE","metabolite_name":"DG 42:1; [M+NH4]+@9.63","refmet_name":"DG 42:1"},"255":{"study_id":"ST000685","analysis_id":"AN001057","analysis_summary":"C18 POSITIVE ION MODE","metabolite_name":"DG 42:5; [M+NH4]+@8.52","refmet_name":"DG 42:5"},"256":{"study_id":"ST000685","analysis_id":"AN001057","analysis_summary":"C18 POSITIVE ION MODE","metabolite_name":"lysoPC 14:0; [M+H]+@1.12","refmet_name":"LPC 14:0"},"257":{"study_id":"ST000685","analysis_id":"AN001057","analysis_summary":"C18 POSITIVE ION MODE","metabolite_name":"lysoPC 15:0; [M+H]+@1.30","refmet_name":"LPC 15:0"},"258":{"study_id":"ST000685","analysis_id":"AN001057","analysis_summary":"C18 POSITIVE ION MODE","metabolite_name":"lysoPC 16:0; [M+H]+@1.61","refmet_name":"LPC 16:0"},"259":{"study_id":"ST000685","analysis_id":"AN001057","analysis_summary":"C18 POSITIVE ION MODE","metabolite_name":"lysoPC 16:1; [M+Na]+@1.17","refmet_name":"LPC 16:1"},"260":{"study_id":"ST000685","analysis_id":"AN001057","analysis_summary":"C18 POSITIVE ION MODE","metabolite_name":"lysoPC 18:0; [M+H]+@2.37","refmet_name":"LPC 18:0"},"261":{"study_id":"ST000685","analysis_id":"AN001057","analysis_summary":"C18 POSITIVE ION MODE","metabolite_name":"lysoPC 18:1; [M+H]+@1.84","refmet_name":"LPC 18:1"},"262":{"study_id":"ST000685","analysis_id":"AN001057","analysis_summary":"C18 POSITIVE ION MODE","metabolite_name":"lysoPC 18:2; [M+H]+@1.35","refmet_name":"LPC 18:2"},"263":{"study_id":"ST000685","analysis_id":"AN001057","analysis_summary":"C18 POSITIVE ION MODE","metabolite_name":"lysoPC 18:3; [M+H]+@1.16","refmet_name":"LPC 18:3"},"264":{"study_id":"ST000685","analysis_id":"AN001057","analysis_summary":"C18 POSITIVE ION MODE","metabolite_name":"lysoPC 19:0; [M+H]+@2.94","refmet_name":"LPC 19:0"},"265":{"study_id":"ST000685","analysis_id":"AN001057","analysis_summary":"C18 POSITIVE ION MODE","metabolite_name":"lysoPC 20:0; [M+Na]+@3.30","refmet_name":"LPC 20:0"},"266":{"study_id":"ST000685","analysis_id":"AN001057","analysis_summary":"C18 POSITIVE ION MODE","metabolite_name":"lysoPC 20:1; [M+H]+@2.56","refmet_name":"LPC 20:1"},"267":{"study_id":"ST000685","analysis_id":"AN001057","analysis_summary":"C18 POSITIVE ION MODE","metabolite_name":"lysoPC 20:2; [M+H]+@1.99","refmet_name":"LPC 20:2"},"268":{"study_id":"ST000685","analysis_id":"AN001057","analysis_summary":"C18 POSITIVE ION MODE","metabolite_name":"lysoPC 20:3; [M+Na]+@1.52","refmet_name":"LPC 20:3"},"269":{"study_id":"ST000685","analysis_id":"AN001057","analysis_summary":"C18 POSITIVE ION MODE","metabolite_name":"lysoPC 20:4; [M+H]+@1.38","refmet_name":"LPC 20:4"},"270":{"study_id":"ST000685","analysis_id":"AN001057","analysis_summary":"C18 POSITIVE ION MODE","metabolite_name":"lysoPC 20:5; [M+H]+@1.07","refmet_name":"LPC 20:5"},"271":{"study_id":"ST000685","analysis_id":"AN001057","analysis_summary":"C18 POSITIVE ION MODE","metabolite_name":"lysoPE 16:0; [M+H]+@1.68","refmet_name":"LPE 16:0"},"272":{"study_id":"ST000685","analysis_id":"AN001057","analysis_summary":"C18 POSITIVE ION MODE","metabolite_name":"lysoPE 16:1; [M+H]+@1.24","refmet_name":"LPE 16:1"},"273":{"study_id":"ST000685","analysis_id":"AN001057","analysis_summary":"C18 POSITIVE ION MODE","metabolite_name":"lysoPE 18:0; [M+H]+@2.48","refmet_name":"LPE 18:0"},"274":{"study_id":"ST000685","analysis_id":"AN001057","analysis_summary":"C18 POSITIVE ION MODE","metabolite_name":"lysoPE 18:2; [M+H]+@1.36","refmet_name":"LPE 18:2"},"275":{"study_id":"ST000685","analysis_id":"AN001057","analysis_summary":"C18 POSITIVE ION MODE","metabolite_name":"lysoPE 20:1; [M+H]+@2.64","refmet_name":"LPE 20:1"},"276":{"study_id":"ST000685","analysis_id":"AN001057","analysis_summary":"C18 POSITIVE ION MODE","metabolite_name":"lysoPE 20:2; [M+H]+@2.13","refmet_name":"LPE 20:2"},"277":{"study_id":"ST000685","analysis_id":"AN001057","analysis_summary":"C18 POSITIVE ION MODE","metabolite_name":"lysoPE 20:3; [M+H]+@1.69","refmet_name":"LPE 20:3"},"278":{"study_id":"ST000685","analysis_id":"AN001057","analysis_summary":"C18 POSITIVE ION MODE","metabolite_name":"lysoPE 20:4; [M+H]+@1.31","refmet_name":"LPE 20:4"},"279":{"study_id":"ST000685","analysis_id":"AN001057","analysis_summary":"C18 POSITIVE ION MODE","metabolite_name":"lysoPE 22:6; [M+H]+@1.27","refmet_name":"LPE 22:6"},"280":{"study_id":"ST000685","analysis_id":"AN001057","analysis_summary":"C18 POSITIVE ION MODE","metabolite_name":"MG 17:0; [M+Li]+@3.17","refmet_name":"MG 17:0"},"281":{"study_id":"ST000685","analysis_id":"AN001057","analysis_summary":"C18 POSITIVE ION MODE","metabolite_name":"MG 18:0; [M+NH4]+@3.73","refmet_name":"MG 18:0"},"282":{"study_id":"ST000685","analysis_id":"AN001057","analysis_summary":"C18 POSITIVE ION MODE","metabolite_name":"PC 30:3; [M+H]+@5.29","refmet_name":"PC 30:3"},"283":{"study_id":"ST000685","analysis_id":"AN001057","analysis_summary":"C18 POSITIVE ION MODE","metabolite_name":"PC 31:3; [M+H]+@5.55","refmet_name":"PC 31:3"},"284":{"study_id":"ST000685","analysis_id":"AN001057","analysis_summary":"C18 POSITIVE ION MODE","metabolite_name":"PC 32:0; [M+H]+@6.64","refmet_name":"PC 32:0"},"285":{"study_id":"ST000685","analysis_id":"AN001057","analysis_summary":"C18 POSITIVE ION MODE","metabolite_name":"PC 32:5; [M+H]+@5.13","refmet_name":"PC 32:5"},"286":{"study_id":"ST000685","analysis_id":"AN001057","analysis_summary":"C18 POSITIVE ION MODE","metabolite_name":"PC 33:3; [M+Na]+@5.64","refmet_name":"PC 33:3"},"287":{"study_id":"ST000685","analysis_id":"AN001057","analysis_summary":"C18 POSITIVE ION MODE","metabolite_name":"PC 34:4; [M+H]+@5.39","refmet_name":"PC 34:4"},"288":{"study_id":"ST000685","analysis_id":"AN001057","analysis_summary":"C18 POSITIVE ION MODE","metabolite_name":"PC 35:5; [M+H]+@6.09","refmet_name":"PC 35:5"},"289":{"study_id":"ST000685","analysis_id":"AN001057","analysis_summary":"C18 POSITIVE ION MODE","metabolite_name":"PC 36:2; [M+H]+@6.84","refmet_name":"PC 36:2"},"290":{"study_id":"ST000685","analysis_id":"AN001057","analysis_summary":"C18 POSITIVE ION MODE","metabolite_name":"PC 36:4; [M+H]+@5.96","refmet_name":"PC 36:4"},"291":{"study_id":"ST000685","analysis_id":"AN001057","analysis_summary":"C18 POSITIVE ION MODE","metabolite_name":"PC 36:6; [M+Na]+@5.46","refmet_name":"PC 36:6"},"292":{"study_id":"ST000685","analysis_id":"AN001057","analysis_summary":"C18 POSITIVE ION MODE","metabolite_name":"PC 36:7; [M+H]+@5.52","refmet_name":"PC 36:7"},"293":{"study_id":"ST000685","analysis_id":"AN001057","analysis_summary":"C18 POSITIVE ION MODE","metabolite_name":"PC 37:5; [M+Na]+@6.10","refmet_name":"PC 37:5"},"294":{"study_id":"ST000685","analysis_id":"AN001057","analysis_summary":"C18 POSITIVE ION MODE","metabolite_name":"PC 38:3; [M+Na]+@7.13","refmet_name":"PC 38:3"},"295":{"study_id":"ST000685","analysis_id":"AN001057","analysis_summary":"C18 POSITIVE ION MODE","metabolite_name":"PC 38:9; [M+H]+@5.44","refmet_name":"PC 38:9"},"296":{"study_id":"ST000685","analysis_id":"AN001057","analysis_summary":"C18 POSITIVE ION MODE","metabolite_name":"PC 40:10; [M+H]+@5.59","refmet_name":"PC 40:10"},"297":{"study_id":"ST000685","analysis_id":"AN001057","analysis_summary":"C18 POSITIVE ION MODE","metabolite_name":"PC 40:5; [M+H]+@7.64","refmet_name":"PC 40:5"},"298":{"study_id":"ST000685","analysis_id":"AN001057","analysis_summary":"C18 POSITIVE ION MODE","metabolite_name":"PC 40:7; [M+Na]+@6.32","refmet_name":"PC 40:7"},"299":{"study_id":"ST000685","analysis_id":"AN001057","analysis_summary":"C18 POSITIVE ION MODE","metabolite_name":"PC 40:8; [M+H]+@6.39","refmet_name":"PC 40:8"},"300":{"study_id":"ST000685","analysis_id":"AN001057","analysis_summary":"C18 POSITIVE ION MODE","metabolite_name":"PC 40:9; [M+H]+@6.07","refmet_name":"PC 40:9"},"301":{"study_id":"ST000685","analysis_id":"AN001057","analysis_summary":"C18 POSITIVE ION MODE","metabolite_name":"PC 42:10; [M+H]+@6.30","refmet_name":"PC 42:10"},"302":{"study_id":"ST000685","analysis_id":"AN001057","analysis_summary":"C18 POSITIVE ION MODE","metabolite_name":"PC 42:11; [M+H]+@5.85","refmet_name":"PC 42:11"},"303":{"study_id":"ST000685","analysis_id":"AN001057","analysis_summary":"C18 POSITIVE ION MODE","metabolite_name":"PC 44:12; [M+Na]+@5.66","refmet_name":"PC 44:12"},"304":{"study_id":"ST000685","analysis_id":"AN001057","analysis_summary":"C18 POSITIVE ION MODE","metabolite_name":"PE 30:1; [M+H]+@5.58","refmet_name":"PE 30:1"},"305":{"study_id":"ST000685","analysis_id":"AN001057","analysis_summary":"C18 POSITIVE ION MODE","metabolite_name":"PE 32:2; [M+H]+@5.78","refmet_name":"PE 32:2"},"306":{"study_id":"ST000685","analysis_id":"AN001057","analysis_summary":"C18 POSITIVE ION MODE","metabolite_name":"PE 34:1; [M+H]+@6.88","refmet_name":"PE 34:1"},"307":{"study_id":"ST000685","analysis_id":"AN001057","analysis_summary":"C18 POSITIVE ION MODE","metabolite_name":"PE 34:2; [M+H]+@6.39","refmet_name":"PE 34:2"},"308":{"study_id":"ST000685","analysis_id":"AN001057","analysis_summary":"C18 POSITIVE ION MODE","metabolite_name":"PE 36:3; [M+H]+@6.63","refmet_name":"PE 36:3"},"309":{"study_id":"ST000685","analysis_id":"AN001057","analysis_summary":"C18 POSITIVE ION MODE","metabolite_name":"PE 36:4; [M+H]+@6.41","refmet_name":"PE 36:4"},"310":{"study_id":"ST000685","analysis_id":"AN001057","analysis_summary":"C18 POSITIVE ION MODE","metabolite_name":"PE 37:4; [M+H]+@6.67","refmet_name":"PE 37:4"},"311":{"study_id":"ST000685","analysis_id":"AN001057","analysis_summary":"C18 POSITIVE ION MODE","metabolite_name":"PE 38:4; [M+H]+@6.91","refmet_name":"PE 38:4"},"312":{"study_id":"ST000685","analysis_id":"AN001057","analysis_summary":"C18 POSITIVE ION MODE","metabolite_name":"PE 38:5; [M+H]+@6.50","refmet_name":"PE 38:5"},"313":{"study_id":"ST000685","analysis_id":"AN001057","analysis_summary":"C18 POSITIVE ION MODE","metabolite_name":"PE 38:7; [M+H]+@5.68","refmet_name":"PE 38:7"},"314":{"study_id":"ST000685","analysis_id":"AN001057","analysis_summary":"C18 POSITIVE ION MODE","metabolite_name":"PE 39:6; [M+H]+@6.55","refmet_name":"PE 39:6"},"315":{"study_id":"ST000685","analysis_id":"AN001057","analysis_summary":"C18 POSITIVE ION MODE","metabolite_name":"PE 40:5; [M+H]+@7.21","refmet_name":"PE 40:5"},"316":{"study_id":"ST000685","analysis_id":"AN001057","analysis_summary":"C18 POSITIVE ION MODE","metabolite_name":"PE 40:7; [M+H]+@6.42","refmet_name":"PE 40:7"},"317":{"study_id":"ST000685","analysis_id":"AN001057","analysis_summary":"C18 POSITIVE ION MODE","metabolite_name":"PE 42:6; [M+H]+@7.18","refmet_name":"PE 42:6"},"318":{"study_id":"ST000685","analysis_id":"AN001057","analysis_summary":"C18 POSITIVE ION MODE","metabolite_name":"PE 42:8; [M+H]+@6.61","refmet_name":"PE 42:8"},"319":{"study_id":"ST000685","analysis_id":"AN001057","analysis_summary":"C18 POSITIVE ION MODE","metabolite_name":"plasmenyl-PC 18:0; [M+Na]+@1.70","refmet_name":"PC P-18:0"},"320":{"study_id":"ST000685","analysis_id":"AN001057","analysis_summary":"C18 POSITIVE ION MODE","metabolite_name":"plasmenyl-PC 20:0; [M+Na]+@2.50","refmet_name":"PC P-20:0"},"321":{"study_id":"ST000685","analysis_id":"AN001057","analysis_summary":"C18 POSITIVE ION MODE","metabolite_name":"plasmenyl-PC 36:4; [M+Na]+@6.65","refmet_name":"PC P-36:4"},"322":{"study_id":"ST000685","analysis_id":"AN001057","analysis_summary":"C18 POSITIVE ION MODE","metabolite_name":"plasmenyl-PC 40:3; [M+Na]+@7.94","refmet_name":"PC P-40:3"},"323":{"study_id":"ST000685","analysis_id":"AN001057","analysis_summary":"C18 POSITIVE ION MODE","metabolite_name":"plasmenyl-PC 42:5; [M+Na]+@7.53","refmet_name":"PC P-42:5"},"324":{"study_id":"ST000685","analysis_id":"AN001057","analysis_summary":"C18 POSITIVE ION MODE","metabolite_name":"plasmenyl-PE 18:0; [M+Na]+@1.72","refmet_name":"PE P-18:0"},"325":{"study_id":"ST000685","analysis_id":"AN001057","analysis_summary":"C18 POSITIVE ION MODE","metabolite_name":"plasmenyl-PE 36:1; [M+H]+@7.75","refmet_name":"PE P-36:1"},"326":{"study_id":"ST000685","analysis_id":"AN001057","analysis_summary":"C18 POSITIVE ION MODE","metabolite_name":"SM 30:0; [M]+@4.70","refmet_name":"SM 30:0;O2"},"327":{"study_id":"ST000685","analysis_id":"AN001057","analysis_summary":"C18 POSITIVE ION MODE","metabolite_name":"SM 30:1; [M]+@4.40","refmet_name":"SM 30:1;O2"},"328":{"study_id":"ST000685","analysis_id":"AN001057","analysis_summary":"C18 POSITIVE ION MODE","metabolite_name":"SM 31:0; [M]+@5.08","refmet_name":"SM 31:0;O2"},"329":{"study_id":"ST000685","analysis_id":"AN001057","analysis_summary":"C18 POSITIVE ION MODE","metabolite_name":"SM 31:1; [M]+@4.80","refmet_name":"SM 31:1;O2"},"330":{"study_id":"ST000685","analysis_id":"AN001057","analysis_summary":"C18 POSITIVE ION MODE","metabolite_name":"SM 32:0; [M+Na]+@5.44","refmet_name":"SM 32:0;O2"},"331":{"study_id":"ST000685","analysis_id":"AN001057","analysis_summary":"C18 POSITIVE ION MODE","metabolite_name":"SM 32:1; [M]+@4.96","refmet_name":"SM 32:1;O2"},"332":{"study_id":"ST000685","analysis_id":"AN001057","analysis_summary":"C18 POSITIVE ION MODE","metabolite_name":"SM 32:2; [M+Na]+@4.53","refmet_name":"SM 32:2;O2"},"333":{"study_id":"ST000685","analysis_id":"AN001057","analysis_summary":"C18 POSITIVE ION MODE","metabolite_name":"SM 33:0; [M+Na]+@5.80","refmet_name":"SM 33:0;O2"},"334":{"study_id":"ST000685","analysis_id":"AN001057","analysis_summary":"C18 POSITIVE ION MODE","metabolite_name":"SM 33:1; [M+Na]+@5.50","refmet_name":"SM 33:1;O2"},"335":{"study_id":"ST000685","analysis_id":"AN001057","analysis_summary":"C18 POSITIVE ION MODE","metabolite_name":"SM 33:2; [M+Na]+@5.02","refmet_name":"SM 33:2;O2"},"336":{"study_id":"ST000685","analysis_id":"AN001057","analysis_summary":"C18 POSITIVE ION MODE","metabolite_name":"SM 34:0; [M]+@6.10","refmet_name":"SM 34:0;O2"},"337":{"study_id":"ST000685","analysis_id":"AN001057","analysis_summary":"C18 POSITIVE ION MODE","metabolite_name":"SM 34:1; [M]+@5.85","refmet_name":"SM 34:1;O2"},"338":{"study_id":"ST000685","analysis_id":"AN001057","analysis_summary":"C18 POSITIVE ION MODE","metabolite_name":"SM 34:2; [M]+@5.50","refmet_name":"SM 34:2;O2"},"339":{"study_id":"ST000685","analysis_id":"AN001057","analysis_summary":"C18 POSITIVE ION MODE","metabolite_name":"SM 35:2; [M]+@5.64","refmet_name":"SM 35:2;O2"},"340":{"study_id":"ST000685","analysis_id":"AN001057","analysis_summary":"C18 POSITIVE ION MODE","metabolite_name":"SM 36:1; [M]+@6.54","refmet_name":"SM 36:1;O2"},"341":{"study_id":"ST000685","analysis_id":"AN001057","analysis_summary":"C18 POSITIVE ION MODE","metabolite_name":"SM 36:2; [M]+@6.03","refmet_name":"SM 36:2;O2"},"342":{"study_id":"ST000685","analysis_id":"AN001057","analysis_summary":"C18 POSITIVE ION MODE","metabolite_name":"SM 37:1; [M]+@6.87","refmet_name":"SM 37:1;O2"},"343":{"study_id":"ST000685","analysis_id":"AN001057","analysis_summary":"C18 POSITIVE ION MODE","metabolite_name":"SM 38:1; [M]+@7.19","refmet_name":"SM 38:1;O2"},"344":{"study_id":"ST000685","analysis_id":"AN001057","analysis_summary":"C18 POSITIVE ION MODE","metabolite_name":"SM 38:2; [M]+@6.52","refmet_name":"SM 38:2;O2"},"345":{"study_id":"ST000685","analysis_id":"AN001057","analysis_summary":"C18 POSITIVE ION MODE","metabolite_name":"SM 40:0; [M+Na]+@8.02","refmet_name":"SM 40:0;O2"},"346":{"study_id":"ST000685","analysis_id":"AN001057","analysis_summary":"C18 POSITIVE ION MODE","metabolite_name":"SM 40:1; [M]+@7.59","refmet_name":"SM 40:1;O2"},"347":{"study_id":"ST000685","analysis_id":"AN001057","analysis_summary":"C18 POSITIVE ION MODE","metabolite_name":"SM 40:2; [M]+@7.30","refmet_name":"SM 40:2;O2"},"348":{"study_id":"ST000685","analysis_id":"AN001057","analysis_summary":"C18 POSITIVE ION MODE","metabolite_name":"SM 41:0; [M]+@8.33","refmet_name":"SM  18:1;O2\/41:0*"},"349":{"study_id":"ST000685","analysis_id":"AN001057","analysis_summary":"C18 POSITIVE ION MODE","metabolite_name":"SM 41:1; [M]+@8.11","refmet_name":"SM 41:1;O2"},"350":{"study_id":"ST000685","analysis_id":"AN001057","analysis_summary":"C18 POSITIVE ION MODE","metabolite_name":"SM 41:2; [M]+@7.59","refmet_name":"SM 41:2;O2"},"351":{"study_id":"ST000685","analysis_id":"AN001057","analysis_summary":"C18 POSITIVE ION MODE","metabolite_name":"SM 42:0; [M+Na]+@8.56","refmet_name":"SM 42:0;O2"},"352":{"study_id":"ST000685","analysis_id":"AN001057","analysis_summary":"C18 POSITIVE ION MODE","metabolite_name":"SM 42:1; [M]+@8.14","refmet_name":"SM 42:1;O2"},"353":{"study_id":"ST000685","analysis_id":"AN001057","analysis_summary":"C18 POSITIVE ION MODE","metabolite_name":"SM 42:2; [M]+@7.83","refmet_name":"SM 42:2;O2"},"354":{"study_id":"ST000685","analysis_id":"AN001057","analysis_summary":"C18 POSITIVE ION MODE","metabolite_name":"SM 43:0; [M]+@8.74","refmet_name":"SM  18:1;O2\/43:0*"},"355":{"study_id":"ST000685","analysis_id":"AN001057","analysis_summary":"C18 POSITIVE ION MODE","metabolite_name":"SM 43:1; [M+Na]+@8.60","refmet_name":"SM 43:1;O2"},"356":{"study_id":"ST000685","analysis_id":"AN001057","analysis_summary":"C18 POSITIVE ION MODE","metabolite_name":"SM 43:2; [M]+@8.20","refmet_name":"SM 43:2;O2"},"357":{"study_id":"ST000685","analysis_id":"AN001057","analysis_summary":"C18 POSITIVE ION MODE","metabolite_name":"SM 44:1; [M]+@8.75","refmet_name":"SM 44:1;O2"},"358":{"study_id":"ST000685","analysis_id":"AN001057","analysis_summary":"C18 POSITIVE ION MODE","metabolite_name":"SM 44:2; [M]+@8.32","refmet_name":"SM 44:2;O2"},"359":{"study_id":"ST000685","analysis_id":"AN001057","analysis_summary":"C18 POSITIVE ION MODE","metabolite_name":"TG 40:0; [M+NH4]+@9.48","refmet_name":"TG 40:0"},"360":{"study_id":"ST000685","analysis_id":"AN001057","analysis_summary":"C18 POSITIVE ION MODE","metabolite_name":"TG 42:0; [M+NH4]+@9.78","refmet_name":"TG 42:0"},"361":{"study_id":"ST000685","analysis_id":"AN001057","analysis_summary":"C18 POSITIVE ION MODE","metabolite_name":"TG 42:1; [M+NH4]+@9.53","refmet_name":"TG 42:1"},"362":{"study_id":"ST000685","analysis_id":"AN001057","analysis_summary":"C18 POSITIVE ION MODE","metabolite_name":"TG 44:1; [M+NH4]+@9.80","refmet_name":"TG 44:1"},"363":{"study_id":"ST000685","analysis_id":"AN001057","analysis_summary":"C18 POSITIVE ION MODE","metabolite_name":"TG 44:2; [M+NH4]+@9.59","refmet_name":"TG 44:2"},"364":{"study_id":"ST000685","analysis_id":"AN001057","analysis_summary":"C18 POSITIVE ION MODE","metabolite_name":"TG 46:0; [M+NH4]+@10.34","refmet_name":"TG 46:0"},"365":{"study_id":"ST000685","analysis_id":"AN001057","analysis_summary":"C18 POSITIVE ION MODE","metabolite_name":"TG 46:1; [M+NH4]+@10.06","refmet_name":"TG 46:1"},"366":{"study_id":"ST000685","analysis_id":"AN001057","analysis_summary":"C18 POSITIVE ION MODE","metabolite_name":"TG 46:2; [M+NH4]+@9.82","refmet_name":"TG 46:2"},"367":{"study_id":"ST000685","analysis_id":"AN001057","analysis_summary":"C18 POSITIVE ION MODE","metabolite_name":"TG 46:3; [M+NH4]+@9.64","refmet_name":"TG 46:3"},"368":{"study_id":"ST000685","analysis_id":"AN001057","analysis_summary":"C18 POSITIVE ION MODE","metabolite_name":"TG 48:0; [M+NH4]+@10.57","refmet_name":"TG 48:0"},"369":{"study_id":"ST000685","analysis_id":"AN001057","analysis_summary":"C18 POSITIVE ION MODE","metabolite_name":"TG 48:1; [M+NH4]+@10.31","refmet_name":"TG 48:1"},"370":{"study_id":"ST000685","analysis_id":"AN001057","analysis_summary":"C18 POSITIVE ION MODE","metabolite_name":"TG 48:2; [M+NH4]+@10.09","refmet_name":"TG 48:2"},"371":{"study_id":"ST000685","analysis_id":"AN001057","analysis_summary":"C18 POSITIVE ION MODE","metabolite_name":"TG 48:3; [M+NH4]+@9.89","refmet_name":"TG 48:3"},"372":{"study_id":"ST000685","analysis_id":"AN001057","analysis_summary":"C18 POSITIVE ION MODE","metabolite_name":"TG 49:0; [M+NH4]+@10.68","refmet_name":"TG 49:0"},"373":{"study_id":"ST000685","analysis_id":"AN001057","analysis_summary":"C18 POSITIVE ION MODE","metabolite_name":"TG 49:1; [M+NH4]+@10.47","refmet_name":"TG 49:1"},"374":{"study_id":"ST000685","analysis_id":"AN001057","analysis_summary":"C18 POSITIVE ION MODE","metabolite_name":"TG 49:2; [M+NH4]+@10.26","refmet_name":"TG 49:2"},"375":{"study_id":"ST000685","analysis_id":"AN001057","analysis_summary":"C18 POSITIVE ION MODE","metabolite_name":"TG 49:3; [M+NH4]+@10.05","refmet_name":"TG 49:3"},"376":{"study_id":"ST000685","analysis_id":"AN001057","analysis_summary":"C18 POSITIVE ION MODE","metabolite_name":"TG 50:0; [M+NH4]+@10.80","refmet_name":"TG 50:0"},"377":{"study_id":"ST000685","analysis_id":"AN001057","analysis_summary":"C18 POSITIVE ION MODE","metabolite_name":"TG 50:1; [M+NH4]+@10.56","refmet_name":"TG 50:1"},"378":{"study_id":"ST000685","analysis_id":"AN001057","analysis_summary":"C18 POSITIVE ION MODE","metabolite_name":"TG 50:2; [M+NH4]+@10.34","refmet_name":"TG 50:2"},"379":{"study_id":"ST000685","analysis_id":"AN001057","analysis_summary":"C18 POSITIVE ION MODE","metabolite_name":"TG 50:3; [M+NH4]+@10.14","refmet_name":"TG 50:3"},"380":{"study_id":"ST000685","analysis_id":"AN001057","analysis_summary":"C18 POSITIVE ION MODE","metabolite_name":"TG 50:4; [M+NH4]+@9.97","refmet_name":"TG 50:4"},"381":{"study_id":"ST000685","analysis_id":"AN001057","analysis_summary":"C18 POSITIVE ION MODE","metabolite_name":"TG 50:5; [M+NH4]+@9.73","refmet_name":"TG 50:5"},"382":{"study_id":"ST000685","analysis_id":"AN001057","analysis_summary":"C18 POSITIVE ION MODE","metabolite_name":"TG 51:1; [M+NH4]+@10.71","refmet_name":"TG 51:1"},"383":{"study_id":"ST000685","analysis_id":"AN001057","analysis_summary":"C18 POSITIVE ION MODE","metabolite_name":"TG 51:2; [M+NH4]+@10.51","refmet_name":"TG 51:2"},"384":{"study_id":"ST000685","analysis_id":"AN001057","analysis_summary":"C18 POSITIVE ION MODE","metabolite_name":"TG 51:3; [M+NH4]+@10.32","refmet_name":"TG 51:3"},"385":{"study_id":"ST000685","analysis_id":"AN001057","analysis_summary":"C18 POSITIVE ION MODE","metabolite_name":"TG 51:4; [M+NH4]+@10.13","refmet_name":"TG 51:4"},"386":{"study_id":"ST000685","analysis_id":"AN001057","analysis_summary":"C18 POSITIVE ION MODE","metabolite_name":"TG 52:0; [M+NH4]+@11.03","refmet_name":"TG 52:0"},"387":{"study_id":"ST000685","analysis_id":"AN001057","analysis_summary":"C18 POSITIVE ION MODE","metabolite_name":"TG 52:1; [M+NH4]+@10.82","refmet_name":"TG 52:1"},"388":{"study_id":"ST000685","analysis_id":"AN001057","analysis_summary":"C18 POSITIVE ION MODE","metabolite_name":"TG 52:2; [M+NH4]+@10.60","refmet_name":"TG 52:2"},"389":{"study_id":"ST000685","analysis_id":"AN001057","analysis_summary":"C18 POSITIVE ION MODE","metabolite_name":"TG 52:3; [M+NH4]+@10.38","refmet_name":"TG 52:3"},"390":{"study_id":"ST000685","analysis_id":"AN001057","analysis_summary":"C18 POSITIVE ION MODE","metabolite_name":"TG 52:4; [M+NH4]+@10.21","refmet_name":"TG 52:4"},"391":{"study_id":"ST000685","analysis_id":"AN001057","analysis_summary":"C18 POSITIVE ION MODE","metabolite_name":"TG 52:5; [M+NH4]+@10.05","refmet_name":"TG 52:5"},"392":{"study_id":"ST000685","analysis_id":"AN001057","analysis_summary":"C18 POSITIVE ION MODE","metabolite_name":"TG 52:6; [M+NH4]+@9.85","refmet_name":"TG 52:6"},"393":{"study_id":"ST000685","analysis_id":"AN001057","analysis_summary":"C18 POSITIVE ION MODE","metabolite_name":"TG 53:0; [M+NH4]+@11.16","refmet_name":"TG 53:0"},"394":{"study_id":"ST000685","analysis_id":"AN001057","analysis_summary":"C18 POSITIVE ION MODE","metabolite_name":"TG 53:1; [M+NH4]+@10.91","refmet_name":"TG 53:1"},"395":{"study_id":"ST000685","analysis_id":"AN001057","analysis_summary":"C18 POSITIVE ION MODE","metabolite_name":"TG 53:2; [M+NH4]+@10.74","refmet_name":"TG 53:2"},"396":{"study_id":"ST000685","analysis_id":"AN001057","analysis_summary":"C18 POSITIVE ION MODE","metabolite_name":"TG 53:3; [M+NH4]+@10.55","refmet_name":"TG 53:3"},"397":{"study_id":"ST000685","analysis_id":"AN001057","analysis_summary":"C18 POSITIVE ION MODE","metabolite_name":"TG 53:4; [M+NH4]+@10.39","refmet_name":"TG 53:4"},"398":{"study_id":"ST000685","analysis_id":"AN001057","analysis_summary":"C18 POSITIVE ION MODE","metabolite_name":"TG 53:5; [M+NH4]+@10.17","refmet_name":"TG 53:5"},"399":{"study_id":"ST000685","analysis_id":"AN001057","analysis_summary":"C18 POSITIVE ION MODE","metabolite_name":"TG 54:1; [M+NH4]+@11.07","refmet_name":"TG 54:1"},"400":{"study_id":"ST000685","analysis_id":"AN001057","analysis_summary":"C18 POSITIVE ION MODE","metabolite_name":"TG 54:2; [M+NH4]+@10.80","refmet_name":"TG 54:2"},"401":{"study_id":"ST000685","analysis_id":"AN001057","analysis_summary":"C18 POSITIVE ION MODE","metabolite_name":"TG 54:3; [M+NH4]+@10.59","refmet_name":"TG 54:3"},"402":{"study_id":"ST000685","analysis_id":"AN001057","analysis_summary":"C18 POSITIVE ION MODE","metabolite_name":"TG 54:4; [M+NH4]+@10.45","refmet_name":"TG 54:4"},"403":{"study_id":"ST000685","analysis_id":"AN001057","analysis_summary":"C18 POSITIVE ION MODE","metabolite_name":"TG 54:5; [M+NH4]+@10.30","refmet_name":"TG 54:5"},"404":{"study_id":"ST000685","analysis_id":"AN001057","analysis_summary":"C18 POSITIVE ION MODE","metabolite_name":"TG 54:6; [M+NH4]+@10.08","refmet_name":"TG 54:6"},"405":{"study_id":"ST000685","analysis_id":"AN001057","analysis_summary":"C18 POSITIVE ION MODE","metabolite_name":"TG 54:7; [M+NH4]+@9.97","refmet_name":"TG 54:7"},"406":{"study_id":"ST000685","analysis_id":"AN001057","analysis_summary":"C18 POSITIVE ION MODE","metabolite_name":"TG 54:8; [M+NH4]+@9.76","refmet_name":"TG 54:8"},"407":{"study_id":"ST000685","analysis_id":"AN001057","analysis_summary":"C18 POSITIVE ION MODE","metabolite_name":"TG 55:1; [M+NH4]+@11.14","refmet_name":"TG 55:1"},"408":{"study_id":"ST000685","analysis_id":"AN001057","analysis_summary":"C18 POSITIVE ION MODE","metabolite_name":"TG 55:2; [M+NH4]+@10.94","refmet_name":"TG 55:2"},"409":{"study_id":"ST000685","analysis_id":"AN001057","analysis_summary":"C18 POSITIVE ION MODE","metabolite_name":"TG 55:3; [M+NH4]+@10.78","refmet_name":"TG 55:3"},"410":{"study_id":"ST000685","analysis_id":"AN001057","analysis_summary":"C18 POSITIVE ION MODE","metabolite_name":"TG 55:4; [M+NH4]+@10.60","refmet_name":"TG 55:4"},"411":{"study_id":"ST000685","analysis_id":"AN001057","analysis_summary":"C18 POSITIVE ION MODE","metabolite_name":"TG 55:5; [M+NH4]+@10.49","refmet_name":"TG 55:5"},"412":{"study_id":"ST000685","analysis_id":"AN001057","analysis_summary":"C18 POSITIVE ION MODE","metabolite_name":"TG 55:8; [M+NH4]+@9.98","refmet_name":"TG 55:8"},"413":{"study_id":"ST000685","analysis_id":"AN001057","analysis_summary":"C18 POSITIVE ION MODE","metabolite_name":"TG 56:0; [M+NH4]+@11.53","refmet_name":"TG 56:0"},"414":{"study_id":"ST000685","analysis_id":"AN001057","analysis_summary":"C18 POSITIVE ION MODE","metabolite_name":"TG 56:10; [M+NH4]+@9.68","refmet_name":"TG 56:10"},"415":{"study_id":"ST000685","analysis_id":"AN001057","analysis_summary":"C18 POSITIVE ION MODE","metabolite_name":"TG 56:1; [M+NH4]+@11.29","refmet_name":"TG 56:1"},"416":{"study_id":"ST000685","analysis_id":"AN001057","analysis_summary":"C18 POSITIVE ION MODE","metabolite_name":"TG 56:2; [M+NH4]+@11.08","refmet_name":"TG 56:2"},"417":{"study_id":"ST000685","analysis_id":"AN001057","analysis_summary":"C18 POSITIVE ION MODE","metabolite_name":"TG 56:3; [M+NH4]+@10.85","refmet_name":"TG 56:3"},"418":{"study_id":"ST000685","analysis_id":"AN001057","analysis_summary":"C18 POSITIVE ION MODE","metabolite_name":"TG 56:4; [M+NH4]+@10.67","refmet_name":"TG 56:4"},"419":{"study_id":"ST000685","analysis_id":"AN001057","analysis_summary":"C18 POSITIVE ION MODE","metabolite_name":"TG 56:5; [M+NH4]+@10.53","refmet_name":"TG 56:5"},"420":{"study_id":"ST000685","analysis_id":"AN001057","analysis_summary":"C18 POSITIVE ION MODE","metabolite_name":"TG 56:6; [M+NH4]+@10.42","refmet_name":"TG 56:6"},"421":{"study_id":"ST000685","analysis_id":"AN001057","analysis_summary":"C18 POSITIVE ION MODE","metabolite_name":"TG 56:7; [M+NH4]+@10.30","refmet_name":"TG 56:7"},"422":{"study_id":"ST000685","analysis_id":"AN001057","analysis_summary":"C18 POSITIVE ION MODE","metabolite_name":"TG 56:8; [M+NH4]+@10.09","refmet_name":"TG 56:8"},"423":{"study_id":"ST000685","analysis_id":"AN001057","analysis_summary":"C18 POSITIVE ION MODE","metabolite_name":"TG 56:9; [M+NH4]+@9.83","refmet_name":"TG 56:9"},"424":{"study_id":"ST000685","analysis_id":"AN001057","analysis_summary":"C18 POSITIVE ION MODE","metabolite_name":"TG 57:2; [M+NH4]+@11.15","refmet_name":"TG 57:2"},"425":{"study_id":"ST000685","analysis_id":"AN001057","analysis_summary":"C18 POSITIVE ION MODE","metabolite_name":"TG 57:4; [M+NH4]+@10.84","refmet_name":"TG 57:4"},"426":{"study_id":"ST000685","analysis_id":"AN001057","analysis_summary":"C18 POSITIVE ION MODE","metabolite_name":"TG 58:10; [M+NH4]+@10.00","refmet_name":"TG 58:10"},"427":{"study_id":"ST000685","analysis_id":"AN001057","analysis_summary":"C18 POSITIVE ION MODE","metabolite_name":"TG 58:11; [M+NH4]+@9.79","refmet_name":"TG 58:11"},"428":{"study_id":"ST000685","analysis_id":"AN001057","analysis_summary":"C18 POSITIVE ION MODE","metabolite_name":"TG 58:2; [M+NH4]+@11.29","refmet_name":"TG 58:2"},"429":{"study_id":"ST000685","analysis_id":"AN001057","analysis_summary":"C18 POSITIVE ION MODE","metabolite_name":"TG 58:3; [M+NH4]+@11.10","refmet_name":"TG 58:3"},"430":{"study_id":"ST000685","analysis_id":"AN001057","analysis_summary":"C18 POSITIVE ION MODE","metabolite_name":"TG 58:4; [M+NH4]+@10.90","refmet_name":"TG 58:4"},"431":{"study_id":"ST000685","analysis_id":"AN001057","analysis_summary":"C18 POSITIVE ION MODE","metabolite_name":"TG 58:5; [M+NH4]+@10.74","refmet_name":"TG 58:5"},"432":{"study_id":"ST000685","analysis_id":"AN001057","analysis_summary":"C18 POSITIVE ION MODE","metabolite_name":"TG 58:6; [M+NH4]+@10.60","refmet_name":"TG 58:6"},"433":{"study_id":"ST000685","analysis_id":"AN001057","analysis_summary":"C18 POSITIVE ION MODE","metabolite_name":"TG 58:7; [M+NH4]+@10.50","refmet_name":"TG 58:7"},"434":{"study_id":"ST000685","analysis_id":"AN001057","analysis_summary":"C18 POSITIVE ION MODE","metabolite_name":"TG 58:8; [M+NH4]+@10.32","refmet_name":"TG 58:8"},"435":{"study_id":"ST000685","analysis_id":"AN001057","analysis_summary":"C18 POSITIVE ION MODE","metabolite_name":"TG 58:9; [M+NH4]+@10.19","refmet_name":"TG 58:9"},"436":{"study_id":"ST000685","analysis_id":"AN001057","analysis_summary":"C18 POSITIVE ION MODE","metabolite_name":"TG 60:10; [M+NH4]+@10.31","refmet_name":"TG 60:10"},"437":{"study_id":"ST000685","analysis_id":"AN001057","analysis_summary":"C18 POSITIVE ION MODE","metabolite_name":"TG 60:11; [M+NH4]+@10.13","refmet_name":"TG 60:11"},"438":{"study_id":"ST000685","analysis_id":"AN001057","analysis_summary":"C18 POSITIVE ION MODE","metabolite_name":"TG 60:12; [M+NH4]+@9.94","refmet_name":"TG 60:12"},"439":{"study_id":"ST000685","analysis_id":"AN001057","analysis_summary":"C18 POSITIVE ION MODE","metabolite_name":"TG 60:3; [M+NH4]+@11.33","refmet_name":"TG 60:3"},"440":{"study_id":"ST000685","analysis_id":"AN001057","analysis_summary":"C18 POSITIVE ION MODE","metabolite_name":"TG 60:4; [M+NH4]+@11.14","refmet_name":"TG 60:4"},"441":{"study_id":"ST000685","analysis_id":"AN001057","analysis_summary":"C18 POSITIVE ION MODE","metabolite_name":"TG 60:5; [M+NH4]+@10.93","refmet_name":"TG 60:5"},"442":{"study_id":"ST000685","analysis_id":"AN001057","analysis_summary":"C18 POSITIVE ION MODE","metabolite_name":"TG 60:6; [M+NH4]+@10.79","refmet_name":"TG 60:6"},"443":{"study_id":"ST000685","analysis_id":"AN001057","analysis_summary":"C18 POSITIVE ION MODE","metabolite_name":"TG 60:7; [M+NH4]+@10.68","refmet_name":"TG 60:7"},"444":{"study_id":"ST000685","analysis_id":"AN001057","analysis_summary":"C18 POSITIVE ION MODE","metabolite_name":"TG 60:8; [M+NH4]+@10.51","refmet_name":"TG 60:8"},"445":{"study_id":"ST000685","analysis_id":"AN001057","analysis_summary":"C18 POSITIVE ION MODE","metabolite_name":"TG 60:9; [M+NH4]+@10.40","refmet_name":"TG 60:9"},"446":{"study_id":"ST000685","analysis_id":"AN001057","analysis_summary":"C18 POSITIVE ION MODE","metabolite_name":"TG 62:10; [M+NH4]+@10.50","refmet_name":"TG 62:10"},"447":{"study_id":"ST000685","analysis_id":"AN001057","analysis_summary":"C18 POSITIVE ION MODE","metabolite_name":"TG 62:7; [M+NH4]+@10.86","refmet_name":"TG 62:7"},"448":{"study_id":"ST000685","analysis_id":"AN001057","analysis_summary":"C18 POSITIVE ION MODE","metabolite_name":"TG 62:8; [M+NH4]+@10.73","refmet_name":"TG 62:8"},"449":{"study_id":"ST000685","analysis_id":"AN001057","analysis_summary":"C18 POSITIVE ION MODE","metabolite_name":"TG 62:9; [M+NH4]+@10.58","refmet_name":"TG 62:9"},"450":{"study_id":"ST000685","analysis_id":"AN001057","analysis_summary":"C18 POSITIVE ION MODE","metabolite_name":"TG 64:8; [M+NH4]+@10.89","refmet_name":"TG 64:8"}}