{"1":{"study_id":"ST000581","analysis_id":"AN000892","analysis_summary":"None NEGATIVE ION MODE","metabolite_name":"PI(12:0\/0:0)","refmet_name":"LPI 12:0"},"2":{"study_id":"ST000581","analysis_id":"AN000892","analysis_summary":"None NEGATIVE ION MODE","metabolite_name":"PI(12:0\/12:0)","refmet_name":"PI 12:0\/12:0"},"3":{"study_id":"ST000581","analysis_id":"AN000892","analysis_summary":"None NEGATIVE ION MODE","metabolite_name":"PI(12:0\/13:0)","refmet_name":"PI 12:0_13:0"},"4":{"study_id":"ST000581","analysis_id":"AN000892","analysis_summary":"None NEGATIVE ION MODE","metabolite_name":"PI(12:0\/14:1(9Z))","refmet_name":"PI  12:0\/14:1(9Z)*"},"5":{"study_id":"ST000581","analysis_id":"AN000892","analysis_summary":"None NEGATIVE ION MODE","metabolite_name":"PI(12:0\/15:0)","refmet_name":"PI 12:0_15:0"},"6":{"study_id":"ST000581","analysis_id":"AN000892","analysis_summary":"None NEGATIVE ION MODE","metabolite_name":"PI(12:0\/15:1(9Z))","refmet_name":"PI  12:0\/15:1(9Z)*"},"7":{"study_id":"ST000581","analysis_id":"AN000892","analysis_summary":"None NEGATIVE ION MODE","metabolite_name":"PI(12:0\/16:1(9Z))","refmet_name":"PI  12:0\/16:1(9Z)*"},"8":{"study_id":"ST000581","analysis_id":"AN000892","analysis_summary":"None NEGATIVE ION MODE","metabolite_name":"PI(12:0\/17:0)","refmet_name":"PI 12:0_17:0"},"9":{"study_id":"ST000581","analysis_id":"AN000892","analysis_summary":"None NEGATIVE ION MODE","metabolite_name":"PI(12:0\/17:1(9Z))","refmet_name":"PI  12:0\/17:1(9Z)*"},"10":{"study_id":"ST000581","analysis_id":"AN000892","analysis_summary":"None NEGATIVE ION MODE","metabolite_name":"PI(12:0\/17:2(9Z,12Z))","refmet_name":"PI  12:0\/17:2(9Z,12Z)*"},"11":{"study_id":"ST000581","analysis_id":"AN000892","analysis_summary":"None NEGATIVE ION MODE","metabolite_name":"PI(12:0\/18:2(9Z,12Z))","refmet_name":"PI  12:0\/18:2(9Z,12Z)*"},"12":{"study_id":"ST000581","analysis_id":"AN000892","analysis_summary":"None NEGATIVE ION MODE","metabolite_name":"PI(12:0\/18:3(6Z,9Z,12Z))","refmet_name":"PI  12:0\/18:3(6Z,9Z,12Z)*"},"13":{"study_id":"ST000581","analysis_id":"AN000892","analysis_summary":"None NEGATIVE ION MODE","metabolite_name":"PI(12:0\/18:4(6Z,9Z,12Z,15Z))","refmet_name":"PI  12:0\/18:4(6Z,9Z,12Z,15Z)*"},"14":{"study_id":"ST000581","analysis_id":"AN000892","analysis_summary":"None NEGATIVE ION MODE","metabolite_name":"PI(12:0\/20:1(11Z))","refmet_name":"PI  12:0\/20:1(11Z)*"},"15":{"study_id":"ST000581","analysis_id":"AN000892","analysis_summary":"None NEGATIVE ION MODE","metabolite_name":"PI(12:0\/20:2(11Z,14Z))","refmet_name":"PI  12:0\/20:2(11Z,14Z)*"},"16":{"study_id":"ST000581","analysis_id":"AN000892","analysis_summary":"None NEGATIVE ION MODE","metabolite_name":"PI(12:0\/20:3(8Z,11Z,14Z))","refmet_name":"PI  12:0\/20:3(8Z,11Z,14Z)*"},"17":{"study_id":"ST000581","analysis_id":"AN000892","analysis_summary":"None NEGATIVE ION MODE","metabolite_name":"PI(12:0\/20:4(5Z,8Z,11Z,14Z))","refmet_name":"PI  12:0\/20:4(5Z,8Z,11Z,14Z)*"},"18":{"study_id":"ST000581","analysis_id":"AN000892","analysis_summary":"None NEGATIVE ION MODE","metabolite_name":"PI(12:0\/21:0)","refmet_name":"PI 12:0_21:0"},"19":{"study_id":"ST000581","analysis_id":"AN000892","analysis_summary":"None NEGATIVE ION MODE","metabolite_name":"PI(12:0\/22:2(13Z,16Z))","refmet_name":"PI 12:0_22:2"},"20":{"study_id":"ST000581","analysis_id":"AN000892","analysis_summary":"None NEGATIVE ION MODE","metabolite_name":"PI(12:0\/22:4(7Z,10Z,13Z,16Z))","refmet_name":"PI  12:0\/22:4(7Z,10Z,13Z,16Z)*"},"21":{"study_id":"ST000581","analysis_id":"AN000892","analysis_summary":"None NEGATIVE ION MODE","metabolite_name":"PI(13:0\/0:0)","refmet_name":"LPI 13:0"},"22":{"study_id":"ST000581","analysis_id":"AN000892","analysis_summary":"None NEGATIVE ION MODE","metabolite_name":"PI(13:0\/17:1(9Z))","refmet_name":"PI  13:0\/17:1(9Z)*"},"23":{"study_id":"ST000581","analysis_id":"AN000892","analysis_summary":"None NEGATIVE ION MODE","metabolite_name":"PI(13:0\/18:2(9Z,12Z))","refmet_name":"PI  13:0\/18:2(9Z,12Z)*"},"24":{"study_id":"ST000581","analysis_id":"AN000892","analysis_summary":"None NEGATIVE ION MODE","metabolite_name":"PI(13:0\/18:3(6Z,9Z,12Z))","refmet_name":"PI  13:0\/18:3(6Z,9Z,12Z)*"},"25":{"study_id":"ST000581","analysis_id":"AN000892","analysis_summary":"None NEGATIVE ION MODE","metabolite_name":"PI(13:0\/18:4(6Z,9Z,12Z,15Z))","refmet_name":"PI  13:0\/18:4(6Z,9Z,12Z,15Z)*"},"26":{"study_id":"ST000581","analysis_id":"AN000892","analysis_summary":"None NEGATIVE ION MODE","metabolite_name":"PI(13:0\/20:1(11Z))","refmet_name":"PI  13:0\/20:1(11Z)*"},"27":{"study_id":"ST000581","analysis_id":"AN000892","analysis_summary":"None NEGATIVE ION MODE","metabolite_name":"PI(13:0\/20:2(11Z,14Z))","refmet_name":"PI  13:0\/20:2(11Z,14Z)*"},"28":{"study_id":"ST000581","analysis_id":"AN000892","analysis_summary":"None NEGATIVE ION MODE","metabolite_name":"PI(13:0\/20:3(8Z,11Z,14Z))","refmet_name":"PI  13:0\/20:3(8Z,11Z,14Z)*"},"29":{"study_id":"ST000581","analysis_id":"AN000892","analysis_summary":"None NEGATIVE ION MODE","metabolite_name":"PI(13:0\/20:4(5Z,8Z,11Z,14Z))","refmet_name":"PI  13:0\/20:4(5Z,8Z,11Z,14Z)*"},"30":{"study_id":"ST000581","analysis_id":"AN000892","analysis_summary":"None NEGATIVE ION MODE","metabolite_name":"PI(13:0\/22:0)","refmet_name":"PI 13:0_22:0"},"31":{"study_id":"ST000581","analysis_id":"AN000892","analysis_summary":"None NEGATIVE ION MODE","metabolite_name":"PI(13:0\/22:1(11Z))","refmet_name":"PI  13:0\/22:1(11Z)*"},"32":{"study_id":"ST000581","analysis_id":"AN000892","analysis_summary":"None NEGATIVE ION MODE","metabolite_name":"PI(13:0\/22:2(13Z,16Z))","refmet_name":"PI 13:0_22:2"},"33":{"study_id":"ST000581","analysis_id":"AN000892","analysis_summary":"None NEGATIVE ION MODE","metabolite_name":"PI(13:0\/22:4(7Z,10Z,13Z,16Z))","refmet_name":"PI  13:0\/22:4(7Z,10Z,13Z,16Z)*"},"34":{"study_id":"ST000581","analysis_id":"AN000892","analysis_summary":"None NEGATIVE ION MODE","metabolite_name":"PI(13:0\/22:6(4Z,7Z,10Z,13Z,16Z,19Z))","refmet_name":"PI  13:0\/22:6(4Z,7Z,10Z,13Z,16Z,19Z)*"},"35":{"study_id":"ST000581","analysis_id":"AN000892","analysis_summary":"None NEGATIVE ION MODE","metabolite_name":"PI(14:0\/0:0)","refmet_name":"LPI 14:0"},"36":{"study_id":"ST000581","analysis_id":"AN000892","analysis_summary":"None NEGATIVE ION MODE","metabolite_name":"PI(14:0\/12:0)","refmet_name":"PI 12:0_14:0"},"37":{"study_id":"ST000581","analysis_id":"AN000892","analysis_summary":"None NEGATIVE ION MODE","metabolite_name":"PI(14:0\/22:4(7Z,10Z,13Z,16Z))","refmet_name":"PI 14:0_22:4"},"38":{"study_id":"ST000581","analysis_id":"AN000892","analysis_summary":"None NEGATIVE ION MODE","metabolite_name":"PI(14:1(9Z)\/0:0)","refmet_name":"PI  14:1(9Z)\/0:0*"},"39":{"study_id":"ST000581","analysis_id":"AN000892","analysis_summary":"None NEGATIVE ION MODE","metabolite_name":"PI(14:1(9Z)\/14:1(9Z))","refmet_name":"PI  14:1(9Z)\/14:1(9Z)*"},"40":{"study_id":"ST000581","analysis_id":"AN000892","analysis_summary":"None NEGATIVE ION MODE","metabolite_name":"PI(15:0\/0:0)","refmet_name":"LPI 15:0"},"41":{"study_id":"ST000581","analysis_id":"AN000892","analysis_summary":"None NEGATIVE ION MODE","metabolite_name":"PI(15:0\/13:0)","refmet_name":"PI 13:0_15:0"},"42":{"study_id":"ST000581","analysis_id":"AN000892","analysis_summary":"None NEGATIVE ION MODE","metabolite_name":"PI(15:0\/22:0)","refmet_name":"PI 15:0_22:0"},"43":{"study_id":"ST000581","analysis_id":"AN000892","analysis_summary":"None NEGATIVE ION MODE","metabolite_name":"PI(15:0\/22:1(11Z))","refmet_name":"PI  15:0\/22:1(11Z)*"},"44":{"study_id":"ST000581","analysis_id":"AN000892","analysis_summary":"None NEGATIVE ION MODE","metabolite_name":"PI(15:1(9Z)\/0:0)","refmet_name":"PI  15:1(9Z)\/0:0*"},"45":{"study_id":"ST000581","analysis_id":"AN000892","analysis_summary":"None NEGATIVE ION MODE","metabolite_name":"PI(16:0\/0:0)","refmet_name":"LPI 16:0"},"46":{"study_id":"ST000581","analysis_id":"AN000892","analysis_summary":"None NEGATIVE ION MODE","metabolite_name":"PI(16:0\/16:0)","refmet_name":"PI 16:0\/16:0"},"47":{"study_id":"ST000581","analysis_id":"AN000892","analysis_summary":"None NEGATIVE ION MODE","metabolite_name":"PI(16:0\/18:1(9Z))","refmet_name":"PI 16:0_18:1(9Z)"},"48":{"study_id":"ST000581","analysis_id":"AN000892","analysis_summary":"None NEGATIVE ION MODE","metabolite_name":"PI(16:0\/22:1(11Z))","refmet_name":"PI  16:0\/22:1(11Z)*"},"49":{"study_id":"ST000581","analysis_id":"AN000892","analysis_summary":"None NEGATIVE ION MODE","metabolite_name":"PI(16:0\/22:6(4Z,7Z,10Z,13Z,16Z,19Z))","refmet_name":"PI  16:0\/22:6(4Z,7Z,10Z,13Z,16Z,19Z)*"},"50":{"study_id":"ST000581","analysis_id":"AN000892","analysis_summary":"None NEGATIVE ION MODE","metabolite_name":"PI(16:1(9Z)\/0:0)","refmet_name":"LPI 16:1"},"51":{"study_id":"ST000581","analysis_id":"AN000892","analysis_summary":"None NEGATIVE ION MODE","metabolite_name":"PI(17:0\/0:0)","refmet_name":"LPI  17:0\/0:0*"},"52":{"study_id":"ST000581","analysis_id":"AN000892","analysis_summary":"None NEGATIVE ION MODE","metabolite_name":"PI(17:0\/14:1(9Z))","refmet_name":"PI 17:0_14:1(9Z)"},"53":{"study_id":"ST000581","analysis_id":"AN000892","analysis_summary":"None NEGATIVE ION MODE","metabolite_name":"PI(17:0\/20:4(5Z,8Z,11Z,14Z))","refmet_name":"PI 17:0_20:4"},"54":{"study_id":"ST000581","analysis_id":"AN000892","analysis_summary":"None NEGATIVE ION MODE","metabolite_name":"PI(17:0\/21:0)","refmet_name":"PI 17:0_21:0"},"55":{"study_id":"ST000581","analysis_id":"AN000892","analysis_summary":"None NEGATIVE ION MODE","metabolite_name":"PI(17:0\/22:2(13Z,16Z))","refmet_name":"PI  17:0\/22:2(13Z,16Z)*"},"56":{"study_id":"ST000581","analysis_id":"AN000892","analysis_summary":"None NEGATIVE ION MODE","metabolite_name":"PI(17:0\/22:4(7Z,10Z,13Z,16Z))","refmet_name":"PI  17:0\/22:4(7Z,10Z,13Z,16Z)*"},"57":{"study_id":"ST000581","analysis_id":"AN000892","analysis_summary":"None NEGATIVE ION MODE","metabolite_name":"PI(17:1(10Z)\/0:0)","refmet_name":"PI  17:1(10Z)\/0:0*"},"58":{"study_id":"ST000581","analysis_id":"AN000892","analysis_summary":"None NEGATIVE ION MODE","metabolite_name":"PI(17:2(9Z,12Z)\/0:0)","refmet_name":"PI  17:2(9Z,12Z)\/0:0*"},"59":{"study_id":"ST000581","analysis_id":"AN000892","analysis_summary":"None NEGATIVE ION MODE","metabolite_name":"PI(18:0\/0:0)","refmet_name":"LPI 18:0"},"60":{"study_id":"ST000581","analysis_id":"AN000892","analysis_summary":"None NEGATIVE ION MODE","metabolite_name":"PI(18:0\/12:0)","refmet_name":"PI 12:0_18:0"},"61":{"study_id":"ST000581","analysis_id":"AN000892","analysis_summary":"None NEGATIVE ION MODE","metabolite_name":"PI(18:0\/18:0)","refmet_name":"PI 18:0\/18:0"},"62":{"study_id":"ST000581","analysis_id":"AN000892","analysis_summary":"None NEGATIVE ION MODE","metabolite_name":"PI(18:0\/20:4(5Z,8Z,11Z,14Z))","refmet_name":"PI  18:0\/20:4(5Z,8Z,11Z,14Z)*"},"63":{"study_id":"ST000581","analysis_id":"AN000892","analysis_summary":"None NEGATIVE ION MODE","metabolite_name":"PI(18:0\/22:1(11Z))","refmet_name":"PI  18:0\/22:1(11Z)*"},"64":{"study_id":"ST000581","analysis_id":"AN000892","analysis_summary":"None NEGATIVE ION MODE","metabolite_name":"PI(18:0\/22:2(13Z,16Z))","refmet_name":"PI 18:0_22:2"},"65":{"study_id":"ST000581","analysis_id":"AN000892","analysis_summary":"None NEGATIVE ION MODE","metabolite_name":"PI(18:0\/22:6(4Z,7Z,10Z,13Z,16Z,19Z))","refmet_name":"PI 18:0_22:6"},"66":{"study_id":"ST000581","analysis_id":"AN000892","analysis_summary":"None NEGATIVE ION MODE","metabolite_name":"PI(18:1(9Z)\/0:0)","refmet_name":"LPI 18:1"},"67":{"study_id":"ST000581","analysis_id":"AN000892","analysis_summary":"None NEGATIVE ION MODE","metabolite_name":"PI(18:1(9Z)\/22:2(13Z,16Z))","refmet_name":"PI  18:1(9Z)\/22:2(13Z,16Z)*"},"68":{"study_id":"ST000581","analysis_id":"AN000892","analysis_summary":"None NEGATIVE ION MODE","metabolite_name":"PI(18:1(9Z)\/22:6(4Z,7Z,10Z,13Z,16Z,19Z))","refmet_name":"PI  18:1(9Z)\/22:6(4Z,7Z,10Z,13Z,16Z,19Z)*"},"69":{"study_id":"ST000581","analysis_id":"AN000892","analysis_summary":"None NEGATIVE ION MODE","metabolite_name":"PI(18:2(9Z,12Z)\/0:0)","refmet_name":"LPI 18:2"},"70":{"study_id":"ST000581","analysis_id":"AN000892","analysis_summary":"None NEGATIVE ION MODE","metabolite_name":"PI(18:3(6Z,9Z,12Z)\/0:0)","refmet_name":"LPI 18:3"},"71":{"study_id":"ST000581","analysis_id":"AN000892","analysis_summary":"None NEGATIVE ION MODE","metabolite_name":"PI(18:4(6Z,9Z,12Z,15Z)\/0:0)","refmet_name":"LPI 18:4"},"72":{"study_id":"ST000581","analysis_id":"AN000892","analysis_summary":"None NEGATIVE ION MODE","metabolite_name":"PI(19:0\/21:0)","refmet_name":"PI 19:0_21:0"},"73":{"study_id":"ST000581","analysis_id":"AN000892","analysis_summary":"None NEGATIVE ION MODE","metabolite_name":"PI(19:0\/22:0)","refmet_name":"PI 19:0_22:0"},"74":{"study_id":"ST000581","analysis_id":"AN000892","analysis_summary":"None NEGATIVE ION MODE","metabolite_name":"PI(19:0\/22:1(11Z))","refmet_name":"PI  19:0\/22:1(11Z)*"},"75":{"study_id":"ST000581","analysis_id":"AN000892","analysis_summary":"None NEGATIVE ION MODE","metabolite_name":"PI(19:0\/22:2(13Z,16Z))","refmet_name":"PI  19:0\/22:2(13Z,16Z)*"},"76":{"study_id":"ST000581","analysis_id":"AN000892","analysis_summary":"None NEGATIVE ION MODE","metabolite_name":"PI(19:0\/22:4(7Z,10Z,13Z,16Z))","refmet_name":"PI  19:0\/22:4(7Z,10Z,13Z,16Z)*"},"77":{"study_id":"ST000581","analysis_id":"AN000892","analysis_summary":"None NEGATIVE ION MODE","metabolite_name":"PI(19:1(9Z)\/0:0)","refmet_name":"PI  19:1(9Z)\/0:0*"},"78":{"study_id":"ST000581","analysis_id":"AN000892","analysis_summary":"None NEGATIVE ION MODE","metabolite_name":"PI(20:0\/0:0)","refmet_name":"LPI  20:0\/0:0*"},"79":{"study_id":"ST000581","analysis_id":"AN000892","analysis_summary":"None NEGATIVE ION MODE","metabolite_name":"PI(20:0\/22:1(11Z))","refmet_name":"PI  20:0\/22:1(11Z)*"},"80":{"study_id":"ST000581","analysis_id":"AN000892","analysis_summary":"None NEGATIVE ION MODE","metabolite_name":"PI(20:0\/22:2(13Z,16Z))","refmet_name":"PI  20:0\/22:2(13Z,16Z)*"},"81":{"study_id":"ST000581","analysis_id":"AN000892","analysis_summary":"None NEGATIVE ION MODE","metabolite_name":"PI(20:0\/22:4(7Z,10Z,13Z,16Z))","refmet_name":"PI  20:0\/22:4(7Z,10Z,13Z,16Z)*"},"82":{"study_id":"ST000581","analysis_id":"AN000892","analysis_summary":"None NEGATIVE ION MODE","metabolite_name":"PI(20:1(11Z)\/0:0)","refmet_name":"LPI 20:1"},"83":{"study_id":"ST000581","analysis_id":"AN000892","analysis_summary":"None NEGATIVE ION MODE","metabolite_name":"PI(20:4(5Z,8Z,11Z,14Z)\/0:0)","refmet_name":"LPI 20:4"},"84":{"study_id":"ST000581","analysis_id":"AN000892","analysis_summary":"None NEGATIVE ION MODE","metabolite_name":"PI(20:5(5Z,8Z,11Z,14Z,17Z)\/0:0)","refmet_name":"LPI 20:5"},"85":{"study_id":"ST000581","analysis_id":"AN000892","analysis_summary":"None NEGATIVE ION MODE","metabolite_name":"PI(21:0\/0:0)","refmet_name":"LPI 21:0"},"86":{"study_id":"ST000581","analysis_id":"AN000892","analysis_summary":"None NEGATIVE ION MODE","metabolite_name":"PI(21:0\/22:0)","refmet_name":"PI 21:0_22:0"},"87":{"study_id":"ST000581","analysis_id":"AN000892","analysis_summary":"None NEGATIVE ION MODE","metabolite_name":"PI(21:0\/22:1(11Z))","refmet_name":"PI  21:0\/22:1(11Z)*"},"88":{"study_id":"ST000581","analysis_id":"AN000892","analysis_summary":"None NEGATIVE ION MODE","metabolite_name":"PI(21:0\/22:2(13Z,16Z))","refmet_name":"PI  21:0\/22:2(13Z,16Z)*"},"89":{"study_id":"ST000581","analysis_id":"AN000892","analysis_summary":"None NEGATIVE ION MODE","metabolite_name":"PI(21:0\/22:4(7Z,10Z,13Z,16Z))","refmet_name":"PI  21:0\/22:4(7Z,10Z,13Z,16Z)*"},"90":{"study_id":"ST000581","analysis_id":"AN000892","analysis_summary":"None NEGATIVE ION MODE","metabolite_name":"PI(21:0\/22:6(4Z,7Z,10Z,13Z,16Z,19Z))","refmet_name":"PI 21:0_22:6"},"91":{"study_id":"ST000581","analysis_id":"AN000892","analysis_summary":"None NEGATIVE ION MODE","metabolite_name":"PI(22:0\/0:0)","refmet_name":"LPI 22:0"},"92":{"study_id":"ST000581","analysis_id":"AN000892","analysis_summary":"None NEGATIVE ION MODE","metabolite_name":"PI(22:0\/22:0)","refmet_name":"PI 22:0\/22:0"},"93":{"study_id":"ST000581","analysis_id":"AN000892","analysis_summary":"None NEGATIVE ION MODE","metabolite_name":"PI(22:0\/22:1(11Z))","refmet_name":"PI  22:0\/22:1(11Z)*"},"94":{"study_id":"ST000581","analysis_id":"AN000892","analysis_summary":"None NEGATIVE ION MODE","metabolite_name":"PI(22:0\/22:2(13Z,16Z))","refmet_name":"PI  22:0\/22:2(13Z,16Z)*"},"95":{"study_id":"ST000581","analysis_id":"AN000892","analysis_summary":"None NEGATIVE ION MODE","metabolite_name":"PI(22:0\/22:4(7Z,10Z,13Z,16Z))","refmet_name":"PI  22:0\/22:4(7Z,10Z,13Z,16Z)*"},"96":{"study_id":"ST000581","analysis_id":"AN000892","analysis_summary":"None NEGATIVE ION MODE","metabolite_name":"PI(22:1(11Z)\/0:0)","refmet_name":"LPI 22:1"},"97":{"study_id":"ST000581","analysis_id":"AN000892","analysis_summary":"None NEGATIVE ION MODE","metabolite_name":"PI(22:4(7Z,10Z,13Z,16Z)\/0:0)","refmet_name":"LPI 22:4"},"98":{"study_id":"ST000581","analysis_id":"AN000892","analysis_summary":"None NEGATIVE ION MODE","metabolite_name":"PI(22:6(4Z,7Z,10Z,13Z,16Z,19Z)\/0:0)","refmet_name":"LPI 22:6"}}