{"1":{"study_id":"ST000247","analysis_id":"AN000387","analysis_summary":"ESI positive ion mode Organic Acids (Instrument:Thermo Scientific Quantiva)","metabolite_name":"_3_HBA","refmet_name":"3-Hydroxybutyric acid"},"2":{"study_id":"ST000247","analysis_id":"AN000387","analysis_summary":"ESI positive ion mode Organic Acids (Instrument:Thermo Scientific Quantiva)","metabolite_name":"a-KG","refmet_name":"Oxoglutaric acid"},"3":{"study_id":"ST000247","analysis_id":"AN000387","analysis_summary":"ESI positive ion mode Organic Acids (Instrument:Thermo Scientific Quantiva)","metabolite_name":"Citrate","refmet_name":"Citric acid"},"4":{"study_id":"ST000247","analysis_id":"AN000387","analysis_summary":"ESI positive ion mode Organic Acids (Instrument:Thermo Scientific Quantiva)","metabolite_name":"Fumarate","refmet_name":"Fumaric acid"},"5":{"study_id":"ST000247","analysis_id":"AN000387","analysis_summary":"ESI positive ion mode Organic Acids (Instrument:Thermo Scientific Quantiva)","metabolite_name":"Lactate","refmet_name":"Lactic acid"},"6":{"study_id":"ST000247","analysis_id":"AN000387","analysis_summary":"ESI positive ion mode Organic Acids (Instrument:Thermo Scientific Quantiva)","metabolite_name":"Malate","refmet_name":"Malic acid"},"7":{"study_id":"ST000247","analysis_id":"AN000387","analysis_summary":"ESI positive ion mode Organic Acids (Instrument:Thermo Scientific Quantiva)","metabolite_name":"Pyruvate","refmet_name":"Pyruvic acid"},"8":{"study_id":"ST000247","analysis_id":"AN000387","analysis_summary":"ESI positive ion mode Organic Acids (Instrument:Thermo Scientific Quantiva)","metabolite_name":"Succinate","refmet_name":"Succinic acid"},"9":{"study_id":"ST000247","analysis_id":"AN000388","analysis_summary":"ESI positive ion mode NAD\/NADH(Instrument:Thermo Scientific Quantiva)","metabolite_name":"NAD","refmet_name":"NAD+"},"10":{"study_id":"ST000247","analysis_id":"AN000388","analysis_summary":"ESI positive ion mode NAD\/NADH(Instrument:Thermo Scientific Quantiva)","metabolite_name":"NADH","refmet_name":"NADH"},"11":{"study_id":"ST000247","analysis_id":"AN000388","analysis_summary":"ESI positive ion mode NAD\/NADH(Instrument:Thermo Scientific Quantiva)","metabolite_name":"NADP","refmet_name":"NADP+"},"12":{"study_id":"ST000247","analysis_id":"AN000388","analysis_summary":"ESI positive ion mode NAD\/NADH(Instrument:Thermo Scientific Quantiva)","metabolite_name":"NADPH","refmet_name":"NADPH"},"13":{"study_id":"ST000247","analysis_id":"AN000388","analysis_summary":"ESI positive ion mode NAD\/NADH(Instrument:Thermo Scientific Quantiva)","metabolite_name":"NMN","refmet_name":"Nicotinamide ribotide"},"14":{"study_id":"ST000247","analysis_id":"AN000389","analysis_summary":"ESI positive ion mode ATP(Instrument:Thermo Scientific Quantiva)","metabolite_name":"ADP","refmet_name":"Adenosine"},"15":{"study_id":"ST000247","analysis_id":"AN000389","analysis_summary":"ESI positive ion mode ATP(Instrument:Thermo Scientific Quantiva)","metabolite_name":"AMP","refmet_name":"AMP"},"16":{"study_id":"ST000247","analysis_id":"AN000389","analysis_summary":"ESI positive ion mode ATP(Instrument:Thermo Scientific Quantiva)","metabolite_name":"ATP","refmet_name":"ATP"},"17":{"study_id":"ST000247","analysis_id":"AN000390","analysis_summary":"ESI positive ion mode Amino Acids(Instrument:Agilent 6490)","metabolite_name":"Alanine","refmet_name":"Alanine"},"18":{"study_id":"ST000247","analysis_id":"AN000390","analysis_summary":"ESI positive ion mode Amino Acids(Instrument:Agilent 6490)","metabolite_name":"Arginine","refmet_name":"Arginine"},"19":{"study_id":"ST000247","analysis_id":"AN000390","analysis_summary":"ESI positive ion mode Amino Acids(Instrument:Agilent 6490)","metabolite_name":"Asparagine","refmet_name":"Asparagine"},"20":{"study_id":"ST000247","analysis_id":"AN000390","analysis_summary":"ESI positive ion mode Amino Acids(Instrument:Agilent 6490)","metabolite_name":"Aspartic Acid","refmet_name":"Aspartic acid"},"21":{"study_id":"ST000247","analysis_id":"AN000390","analysis_summary":"ESI positive ion mode Amino Acids(Instrument:Agilent 6490)","metabolite_name":"Citrulline","refmet_name":"Citrulline"},"22":{"study_id":"ST000247","analysis_id":"AN000390","analysis_summary":"ESI positive ion mode Amino Acids(Instrument:Agilent 6490)","metabolite_name":"Glutamic Acid","refmet_name":"Glutamic acid"},"23":{"study_id":"ST000247","analysis_id":"AN000390","analysis_summary":"ESI positive ion mode Amino Acids(Instrument:Agilent 6490)","metabolite_name":"Glutamine","refmet_name":"Glutamine"},"24":{"study_id":"ST000247","analysis_id":"AN000390","analysis_summary":"ESI positive ion mode Amino Acids(Instrument:Agilent 6490)","metabolite_name":"Glycine","refmet_name":"Glycine"},"25":{"study_id":"ST000247","analysis_id":"AN000390","analysis_summary":"ESI positive ion mode Amino Acids(Instrument:Agilent 6490)","metabolite_name":"Histidine","refmet_name":"Histidine"},"26":{"study_id":"ST000247","analysis_id":"AN000390","analysis_summary":"ESI positive ion mode Amino Acids(Instrument:Agilent 6490)","metabolite_name":"Isoleucine","refmet_name":"Isoleucine"},"27":{"study_id":"ST000247","analysis_id":"AN000390","analysis_summary":"ESI positive ion mode Amino Acids(Instrument:Agilent 6490)","metabolite_name":"Leucine","refmet_name":"Leucine"},"28":{"study_id":"ST000247","analysis_id":"AN000390","analysis_summary":"ESI positive ion mode Amino Acids(Instrument:Agilent 6490)","metabolite_name":"Lysine","refmet_name":"Lysine"},"29":{"study_id":"ST000247","analysis_id":"AN000390","analysis_summary":"ESI positive ion mode Amino Acids(Instrument:Agilent 6490)","metabolite_name":"Methionine","refmet_name":"Methionine"},"30":{"study_id":"ST000247","analysis_id":"AN000390","analysis_summary":"ESI positive ion mode Amino Acids(Instrument:Agilent 6490)","metabolite_name":"Ornithine","refmet_name":"Ornithine"},"31":{"study_id":"ST000247","analysis_id":"AN000390","analysis_summary":"ESI positive ion mode Amino Acids(Instrument:Agilent 6490)","metabolite_name":"Phenylalanine","refmet_name":"Phenylalanine"},"32":{"study_id":"ST000247","analysis_id":"AN000390","analysis_summary":"ESI positive ion mode Amino Acids(Instrument:Agilent 6490)","metabolite_name":"Proline","refmet_name":"Proline"},"33":{"study_id":"ST000247","analysis_id":"AN000390","analysis_summary":"ESI positive ion mode Amino Acids(Instrument:Agilent 6490)","metabolite_name":"Serine","refmet_name":"Serine"},"34":{"study_id":"ST000247","analysis_id":"AN000390","analysis_summary":"ESI positive ion mode Amino Acids(Instrument:Agilent 6490)","metabolite_name":"Threonine","refmet_name":"Threonine"},"35":{"study_id":"ST000247","analysis_id":"AN000390","analysis_summary":"ESI positive ion mode Amino Acids(Instrument:Agilent 6490)","metabolite_name":"Tryptophan","refmet_name":"Tryptophan"},"36":{"study_id":"ST000247","analysis_id":"AN000390","analysis_summary":"ESI positive ion mode Amino Acids(Instrument:Agilent 6490)","metabolite_name":"Tyrosine","refmet_name":"Tyrosine"},"37":{"study_id":"ST000247","analysis_id":"AN000390","analysis_summary":"ESI positive ion mode Amino Acids(Instrument:Agilent 6490)","metabolite_name":"Valine","refmet_name":"Valine"}}