{"1":{"study_id":"ST000294","analysis_id":"AN000470","analysis_summary":"ESI Positive mode","metabolite_name":"11-Aminoundecanoic acid","refmet_name":"11-Aminoundecanoic acid"},"2":{"study_id":"ST000294","analysis_id":"AN000470","analysis_summary":"ESI Positive mode","metabolite_name":"1,2,3-Trihydroxybenzene","refmet_name":"1,2,3-Trihydroxybenzene"},"3":{"study_id":"ST000294","analysis_id":"AN000470","analysis_summary":"ESI Positive mode","metabolite_name":"1,2,6-Hexanetriol_1","refmet_name":""},"4":{"study_id":"ST000294","analysis_id":"AN000470","analysis_summary":"ESI Positive mode","metabolite_name":"1,2,6-Hexanetriol_2","refmet_name":""},"5":{"study_id":"ST000294","analysis_id":"AN000470","analysis_summary":"ESI Positive mode","metabolite_name":"1,4-Dithiane","refmet_name":"1,4-Dithiane"},"6":{"study_id":"ST000294","analysis_id":"AN000470","analysis_summary":"ESI Positive mode","metabolite_name":"16-Feruloyloxypalmitate","refmet_name":""},"7":{"study_id":"ST000294","analysis_id":"AN000470","analysis_summary":"ESI Positive mode","metabolite_name":"1-Hexadecanoyl-2-(9Z-octadecenoyl)-sn-glycero-3-phosphoethanolamine","refmet_name":"PE 16:0_18:1"},"8":{"study_id":"ST000294","analysis_id":"AN000470","analysis_summary":"ESI Positive mode","metabolite_name":"1H-Imidazole-4-methanol_1","refmet_name":"Imidazole-4-methanol"},"9":{"study_id":"ST000294","analysis_id":"AN000470","analysis_summary":"ESI Positive mode","metabolite_name":"1H-Imidazole-4-methanol_2","refmet_name":"Imidazole-4-methanol"},"10":{"study_id":"ST000294","analysis_id":"AN000470","analysis_summary":"ESI Positive mode","metabolite_name":"1-Octanal","refmet_name":"Caprylaldehyde"},"11":{"study_id":"ST000294","analysis_id":"AN000470","analysis_summary":"ESI Positive mode","metabolite_name":"2,2-Dichloro-1,1-ethanediol_1","refmet_name":""},"12":{"study_id":"ST000294","analysis_id":"AN000470","analysis_summary":"ESI Positive mode","metabolite_name":"2,2-Dichloro-1,1-ethanediol_2","refmet_name":""},"13":{"study_id":"ST000294","analysis_id":"AN000470","analysis_summary":"ESI Positive mode","metabolite_name":"2,3-Bis-O-(geranylgeranyl)glycerol 1-phosphate","refmet_name":"2,3-bis-O-(Geranylgeranyl)glycerol 1-phosphate"},"14":{"study_id":"ST000294","analysis_id":"AN000470","analysis_summary":"ESI Positive mode","metabolite_name":"2,3-Dimethylmaleate","refmet_name":"Dimethyl maleate"},"15":{"study_id":"ST000294","analysis_id":"AN000470","analysis_summary":"ESI Positive mode","metabolite_name":"2,4-Diamino-6-nitrotoluene","refmet_name":""},"16":{"study_id":"ST000294","analysis_id":"AN000470","analysis_summary":"ESI Positive mode","metabolite_name":"2,4-Diaminotoluene","refmet_name":""},"17":{"study_id":"ST000294","analysis_id":"AN000470","analysis_summary":"ESI Positive mode","metabolite_name":"2,5-Dichloro-4-oxohex-2-enedioate_1","refmet_name":"2,5-Dichloro-4-oxohex-2-enedioate"},"18":{"study_id":"ST000294","analysis_id":"AN000470","analysis_summary":"ESI Positive mode","metabolite_name":"2,5-Dichloro-4-oxohex-2-enedioate_2","refmet_name":"2,5-Dichloro-4-oxohex-2-enedioate"},"19":{"study_id":"ST000294","analysis_id":"AN000470","analysis_summary":"ESI Positive mode","metabolite_name":"2,5-Dioxopentanoate","refmet_name":""},"20":{"study_id":"ST000294","analysis_id":"AN000470","analysis_summary":"ESI Positive mode","metabolite_name":"2,5-Furandicarboxylate","refmet_name":""},"21":{"study_id":"ST000294","analysis_id":"AN000470","analysis_summary":"ESI Positive mode","metabolite_name":"2-(6'-Methylthio)hexylmalic acid","refmet_name":""},"22":{"study_id":"ST000294","analysis_id":"AN000470","analysis_summary":"ESI Positive mode","metabolite_name":"2-Aceto-2-hydroxybutanoate_1","refmet_name":""},"23":{"study_id":"ST000294","analysis_id":"AN000470","analysis_summary":"ESI Positive mode","metabolite_name":"2-Aceto-2-hydroxybutanoate_2","refmet_name":""},"24":{"study_id":"ST000294","analysis_id":"AN000470","analysis_summary":"ESI Positive mode","metabolite_name":"2-Aminophenol","refmet_name":"2-Aminophenol"},"25":{"study_id":"ST000294","analysis_id":"AN000470","analysis_summary":"ESI Positive mode","metabolite_name":"2-Ethylhexyl phthalate","refmet_name":"Monoethylhexyl phthalic acid"},"26":{"study_id":"ST000294","analysis_id":"AN000470","analysis_summary":"ESI Positive mode","metabolite_name":"2-Hydroxy-6-oxo-6-phenylhexa-2,4-dienoate","refmet_name":"2,6-Dioxo-6-phenylhexa-3-enoate"},"27":{"study_id":"ST000294","analysis_id":"AN000470","analysis_summary":"ESI Positive mode","metabolite_name":"2-Hydroxycyclohexan-1-one","refmet_name":"2-Hydroxycyclohexan-1-one"},"28":{"study_id":"ST000294","analysis_id":"AN000470","analysis_summary":"ESI Positive mode","metabolite_name":"2-Hydroxyfelbamate","refmet_name":"2-Hydroxyfelbamate"},"29":{"study_id":"ST000294","analysis_id":"AN000470","analysis_summary":"ESI Positive mode","metabolite_name":"2-Methoxyestrone 3-sulfate","refmet_name":"2-Methoxyestrone 3-sulfate"},"30":{"study_id":"ST000294","analysis_id":"AN000470","analysis_summary":"ESI Positive mode","metabolite_name":"2-Methylpropanamine","refmet_name":""},"31":{"study_id":"ST000294","analysis_id":"AN000470","analysis_summary":"ESI Positive mode","metabolite_name":"2-Naphthylamine","refmet_name":"2-Aminonaphthalene"},"32":{"study_id":"ST000294","analysis_id":"AN000470","analysis_summary":"ESI Positive mode","metabolite_name":"2-Oxosuberate","refmet_name":""},"33":{"study_id":"ST000294","analysis_id":"AN000470","analysis_summary":"ESI Positive mode","metabolite_name":"2-Thiophenesulfonamide","refmet_name":""},"34":{"study_id":"ST000294","analysis_id":"AN000470","analysis_summary":"ESI Positive mode","metabolite_name":"3-(2-Hydroxyphenyl)propanoate","refmet_name":"3-(2-Hydroxyphenyl)propanoic acid"},"35":{"study_id":"ST000294","analysis_id":"AN000470","analysis_summary":"ESI Positive mode","metabolite_name":"3-[(3aS,4S,7aS)-7a-Methyl-1,5-dioxo-octahydro-1H-inden-4-yl]propanoate","refmet_name":"9,17-Dioxo-1,2,3,4,10,19-hexanorandrostan-5-oic acid"},"36":{"study_id":"ST000294","analysis_id":"AN000470","analysis_summary":"ESI Positive mode","metabolite_name":"3,4-Methylenedioxymethamphetamine","refmet_name":"3,4-Methylenedioxymethamphetamine"},"37":{"study_id":"ST000294","analysis_id":"AN000470","analysis_summary":"ESI Positive mode","metabolite_name":"3-Butylidene-7-hydroxyphthalide","refmet_name":"Phthalide"},"38":{"study_id":"ST000294","analysis_id":"AN000470","analysis_summary":"ESI Positive mode","metabolite_name":"3-Chloro-D-alanine","refmet_name":"3-Chloro-D-alanine"},"39":{"study_id":"ST000294","analysis_id":"AN000470","analysis_summary":"ESI Positive mode","metabolite_name":"3-Hydroxyhexobarbital","refmet_name":""},"40":{"study_id":"ST000294","analysis_id":"AN000470","analysis_summary":"ESI Positive mode","metabolite_name":"3-HYDROXYKYNURENINE_1","refmet_name":"Hydroxykynurenine"},"41":{"study_id":"ST000294","analysis_id":"AN000470","analysis_summary":"ESI Positive mode","metabolite_name":"3-HYDROXYKYNURENINE_2","refmet_name":"Hydroxykynurenine"},"42":{"study_id":"ST000294","analysis_id":"AN000470","analysis_summary":"ESI Positive mode","metabolite_name":"3-Methyladenine","refmet_name":"3-Methyladenine"},"43":{"study_id":"ST000294","analysis_id":"AN000470","analysis_summary":"ESI Positive mode","metabolite_name":"3-Phosphonooxypyruvate","refmet_name":"Phosphohydroxypyruvic acid"},"44":{"study_id":"ST000294","analysis_id":"AN000470","analysis_summary":"ESI Positive mode","metabolite_name":"4,8-Dihydroxyquinoline","refmet_name":"Quinoline-4,8-diol"},"45":{"study_id":"ST000294","analysis_id":"AN000470","analysis_summary":"ESI Positive mode","metabolite_name":"4-Aminobiphenyl","refmet_name":"4-Aminobiphenyl"},"46":{"study_id":"ST000294","analysis_id":"AN000470","analysis_summary":"ESI Positive mode","metabolite_name":"4-AMINOBUTANOATE","refmet_name":"gamma-Aminobutyric acid"},"47":{"study_id":"ST000294","analysis_id":"AN000470","analysis_summary":"ESI Positive mode","metabolite_name":"4-(beta-Acetylaminoethyl)imidazole","refmet_name":"N-Acetylhistamine"},"48":{"study_id":"ST000294","analysis_id":"AN000470","analysis_summary":"ESI Positive mode","metabolite_name":"4-Fluorocyclohexadiene-cis,cis-1,2-diol","refmet_name":""},"49":{"study_id":"ST000294","analysis_id":"AN000470","analysis_summary":"ESI Positive mode","metabolite_name":"4-Guanidinobutanal","refmet_name":"4-Guanidinobutanal"},"50":{"study_id":"ST000294","analysis_id":"AN000470","analysis_summary":"ESI Positive mode","metabolite_name":"4-GUANIDINOBUTANOATE","refmet_name":"4-Guanidinobutanoic acid"},"51":{"study_id":"ST000294","analysis_id":"AN000470","analysis_summary":"ESI Positive mode","metabolite_name":"4-Hydroxy-2-butynal","refmet_name":"4-Hydroxybut-2-ynal"},"52":{"study_id":"ST000294","analysis_id":"AN000470","analysis_summary":"ESI Positive mode","metabolite_name":"4-IMIDAZOLEACETIC ACID","refmet_name":"Imidazoleacetic acid"},"53":{"study_id":"ST000294","analysis_id":"AN000470","analysis_summary":"ESI Positive mode","metabolite_name":"4-Phenethylphenol","refmet_name":""},"54":{"study_id":"ST000294","analysis_id":"AN000470","analysis_summary":"ESI Positive mode","metabolite_name":"4-Vinylcyclohexene","refmet_name":""},"55":{"study_id":"ST000294","analysis_id":"AN000470","analysis_summary":"ESI Positive mode","metabolite_name":"5,6-Dihydrothymine","refmet_name":"Dihydrothymine"},"56":{"study_id":"ST000294","analysis_id":"AN000470","analysis_summary":"ESI Positive mode","metabolite_name":"(+\/-)-5-[(tert-Butylamino)-2'-hydroxypropoxy]-1,2,3,4-tetrahydro-1-naphthol","refmet_name":""},"57":{"study_id":"ST000294","analysis_id":"AN000470","analysis_summary":"ESI Positive mode","metabolite_name":"8-Deoxylactucin","refmet_name":"Deoxylactucin"},"58":{"study_id":"ST000294","analysis_id":"AN000470","analysis_summary":"ESI Positive mode","metabolite_name":"9,10-Phenanthroquinone","refmet_name":"9,10-Phenanthroquinone"},"59":{"study_id":"ST000294","analysis_id":"AN000470","analysis_summary":"ESI Positive mode","metabolite_name":"9,12,13-TriHOME","refmet_name":"9,12,13-TriHOME"},"60":{"study_id":"ST000294","analysis_id":"AN000470","analysis_summary":"ESI Positive mode","metabolite_name":"(9Z)-Octadecenoic acid","refmet_name":"Oleic acid"},"61":{"study_id":"ST000294","analysis_id":"AN000470","analysis_summary":"ESI Positive mode","metabolite_name":"Acadesine","refmet_name":"Acadesine"},"62":{"study_id":"ST000294","analysis_id":"AN000470","analysis_summary":"ESI Positive mode","metabolite_name":"Acetyl phosphate","refmet_name":"Acetylphosphate"},"63":{"study_id":"ST000294","analysis_id":"AN000470","analysis_summary":"ESI Positive mode","metabolite_name":"Adenine","refmet_name":"Adenine"},"64":{"study_id":"ST000294","analysis_id":"AN000470","analysis_summary":"ESI Positive mode","metabolite_name":"alpha-Sinensal","refmet_name":"Sinensal"},"65":{"study_id":"ST000294","analysis_id":"AN000470","analysis_summary":"ESI Positive mode","metabolite_name":"Aminoacetone_1","refmet_name":"Aminoacetone"},"66":{"study_id":"ST000294","analysis_id":"AN000470","analysis_summary":"ESI Positive mode","metabolite_name":"Aminoacetone_2","refmet_name":"Aminoacetone"},"67":{"study_id":"ST000294","analysis_id":"AN000470","analysis_summary":"ESI Positive mode","metabolite_name":"Amoxicillin","refmet_name":"Amoxicillin"},"68":{"study_id":"ST000294","analysis_id":"AN000470","analysis_summary":"ESI Positive mode","metabolite_name":"AMP","refmet_name":"AMP"},"69":{"study_id":"ST000294","analysis_id":"AN000470","analysis_summary":"ESI Positive mode","metabolite_name":"Anthocyanin","refmet_name":"Anthocyanin"},"70":{"study_id":"ST000294","analysis_id":"AN000470","analysis_summary":"ESI Positive mode","metabolite_name":"Arg-OEt","refmet_name":"Ethyl arginate"},"71":{"study_id":"ST000294","analysis_id":"AN000470","analysis_summary":"ESI Positive mode","metabolite_name":"Auricularine","refmet_name":"Auricularine"},"72":{"study_id":"ST000294","analysis_id":"AN000470","analysis_summary":"ESI Positive mode","metabolite_name":"Bakankoside","refmet_name":"Bakankoside"},"73":{"study_id":"ST000294","analysis_id":"AN000470","analysis_summary":"ESI Positive mode","metabolite_name":"Bakkenolide A","refmet_name":"Bakkenolide A"},"74":{"study_id":"ST000294","analysis_id":"AN000470","analysis_summary":"ESI Positive mode","metabolite_name":"Bensulfuron-methyl","refmet_name":""},"75":{"study_id":"ST000294","analysis_id":"AN000470","analysis_summary":"ESI Positive mode","metabolite_name":"Benzyl (2R,3S)-2-methyl-3-hydroxybutanoate","refmet_name":""},"76":{"study_id":"ST000294","analysis_id":"AN000470","analysis_summary":"ESI Positive mode","metabolite_name":"BETA-ALANINE","refmet_name":"beta-Alanine"},"77":{"study_id":"ST000294","analysis_id":"AN000470","analysis_summary":"ESI Positive mode","metabolite_name":"Betamethasone","refmet_name":"Betamethasone"},"78":{"study_id":"ST000294","analysis_id":"AN000470","analysis_summary":"ESI Positive mode","metabolite_name":"Bis(chloromethyl) ether_1","refmet_name":""},"79":{"study_id":"ST000294","analysis_id":"AN000470","analysis_summary":"ESI Positive mode","metabolite_name":"Bis(chloromethyl) ether_2","refmet_name":""},"80":{"study_id":"ST000294","analysis_id":"AN000470","analysis_summary":"ESI Positive mode","metabolite_name":"Bisphenol B","refmet_name":"Bisphenol B"},"81":{"study_id":"ST000294","analysis_id":"AN000470","analysis_summary":"ESI Positive mode","metabolite_name":"Borreverine","refmet_name":"Borreverine"},"82":{"study_id":"ST000294","analysis_id":"AN000470","analysis_summary":"ESI Positive mode","metabolite_name":"Botrydial","refmet_name":"Botrydial"},"83":{"study_id":"ST000294","analysis_id":"AN000470","analysis_summary":"ESI Positive mode","metabolite_name":"Brunfelsamidine","refmet_name":"Brunfelsamidine"},"84":{"study_id":"ST000294","analysis_id":"AN000470","analysis_summary":"ESI Positive mode","metabolite_name":"Buddledin A_1","refmet_name":"Buddledin A"},"85":{"study_id":"ST000294","analysis_id":"AN000470","analysis_summary":"ESI Positive mode","metabolite_name":"Buddledin A_2","refmet_name":"Buddledin A"},"86":{"study_id":"ST000294","analysis_id":"AN000470","analysis_summary":"ESI Positive mode","metabolite_name":"Bufadienolide","refmet_name":""},"87":{"study_id":"ST000294","analysis_id":"AN000470","analysis_summary":"ESI Positive mode","metabolite_name":"Butoctamide hydrogen succinate","refmet_name":"Listomin S"},"88":{"study_id":"ST000294","analysis_id":"AN000470","analysis_summary":"ESI Positive mode","metabolite_name":"Cadaverine","refmet_name":"Cadaverine"},"89":{"study_id":"ST000294","analysis_id":"AN000470","analysis_summary":"ESI Positive mode","metabolite_name":"Calcium L-aspartate","refmet_name":""},"90":{"study_id":"ST000294","analysis_id":"AN000470","analysis_summary":"ESI Positive mode","metabolite_name":"Calycanthidine","refmet_name":""},"91":{"study_id":"ST000294","analysis_id":"AN000470","analysis_summary":"ESI Positive mode","metabolite_name":"Cholesterol sulfate","refmet_name":"Cholesterol sulfate"},"92":{"study_id":"ST000294","analysis_id":"AN000470","analysis_summary":"ESI Positive mode","metabolite_name":"CITRATE","refmet_name":"Citric acid"},"93":{"study_id":"ST000294","analysis_id":"AN000470","analysis_summary":"ESI Positive mode","metabolite_name":"Convallasaponin A","refmet_name":"Tokoronin"},"94":{"study_id":"ST000294","analysis_id":"AN000470","analysis_summary":"ESI Positive mode","metabolite_name":"Creatine","refmet_name":"Creatine"},"95":{"study_id":"ST000294","analysis_id":"AN000470","analysis_summary":"ESI Positive mode","metabolite_name":"CREATINE","refmet_name":"Creatine"},"96":{"study_id":"ST000294","analysis_id":"AN000470","analysis_summary":"ESI Positive mode","metabolite_name":"CREATININE","refmet_name":"Creatinine"},"97":{"study_id":"ST000294","analysis_id":"AN000470","analysis_summary":"ESI Positive mode","metabolite_name":"Cyclohexylsulfamate","refmet_name":"Cyclamic acid"},"98":{"study_id":"ST000294","analysis_id":"AN000470","analysis_summary":"ESI Positive mode","metabolite_name":"Debrisoquin_1","refmet_name":"Debrisoquine"},"99":{"study_id":"ST000294","analysis_id":"AN000470","analysis_summary":"ESI Positive mode","metabolite_name":"Debrisoquin_2","refmet_name":"Debrisoquine"},"100":{"study_id":"ST000294","analysis_id":"AN000470","analysis_summary":"ESI Positive mode","metabolite_name":"Deethylatrazine","refmet_name":"6-Chloro-N-(1-methylethyl)-1,3,5-triazine-2,4-diamine"},"101":{"study_id":"ST000294","analysis_id":"AN000470","analysis_summary":"ESI Positive mode","metabolite_name":"Diallyl disulfide","refmet_name":""},"102":{"study_id":"ST000294","analysis_id":"AN000470","analysis_summary":"ESI Positive mode","metabolite_name":"Dichloromethane_1","refmet_name":"Dichloromethane"},"103":{"study_id":"ST000294","analysis_id":"AN000470","analysis_summary":"ESI Positive mode","metabolite_name":"Dichloromethane_2","refmet_name":"Dichloromethane"},"104":{"study_id":"ST000294","analysis_id":"AN000470","analysis_summary":"ESI Positive mode","metabolite_name":"DIMBOA","refmet_name":"2,4-Dihydroxy-7-methoxy-2H-1,4-benzoxazin-3(4H)-one"},"105":{"study_id":"ST000294","analysis_id":"AN000470","analysis_summary":"ESI Positive mode","metabolite_name":"Dipropyl disulfide","refmet_name":"Dipropyl disulfide"},"106":{"study_id":"ST000294","analysis_id":"AN000470","analysis_summary":"ESI Positive mode","metabolite_name":"Dodecanamide","refmet_name":"Dodecanamide"},"107":{"study_id":"ST000294","analysis_id":"AN000470","analysis_summary":"ESI Positive mode","metabolite_name":"Dodemorph","refmet_name":""},"108":{"study_id":"ST000294","analysis_id":"AN000470","analysis_summary":"ESI Positive mode","metabolite_name":"dUTP","refmet_name":"dUTP"},"109":{"study_id":"ST000294","analysis_id":"AN000470","analysis_summary":"ESI Positive mode","metabolite_name":"epsilon-Caprolactam","refmet_name":"Epsilon-caprolactam"},"110":{"study_id":"ST000294","analysis_id":"AN000470","analysis_summary":"ESI Positive mode","metabolite_name":"ETHANOLAMINE PHOSPHATE","refmet_name":"Phosphoethanolamine"},"111":{"study_id":"ST000294","analysis_id":"AN000470","analysis_summary":"ESI Positive mode","metabolite_name":"Ethephon","refmet_name":""},"112":{"study_id":"ST000294","analysis_id":"AN000470","analysis_summary":"ESI Positive mode","metabolite_name":"Ethiofencarb","refmet_name":"Ethiofencarb"},"113":{"study_id":"ST000294","analysis_id":"AN000470","analysis_summary":"ESI Positive mode","metabolite_name":"Ethylenethiourea_1","refmet_name":""},"114":{"study_id":"ST000294","analysis_id":"AN000470","analysis_summary":"ESI Positive mode","metabolite_name":"Ethylenethiourea_2","refmet_name":""},"115":{"study_id":"ST000294","analysis_id":"AN000470","analysis_summary":"ESI Positive mode","metabolite_name":"Fluoroacetate_1","refmet_name":"Fluoroacetic acid"},"116":{"study_id":"ST000294","analysis_id":"AN000470","analysis_summary":"ESI Positive mode","metabolite_name":"Fluoroacetate_2","refmet_name":"Fluoroacetic acid"},"117":{"study_id":"ST000294","analysis_id":"AN000470","analysis_summary":"ESI Positive mode","metabolite_name":"Fluoroacetate_3","refmet_name":"Fluoroacetic acid"},"118":{"study_id":"ST000294","analysis_id":"AN000470","analysis_summary":"ESI Positive mode","metabolite_name":"Fomepizole_1","refmet_name":"Fomepizole"},"119":{"study_id":"ST000294","analysis_id":"AN000470","analysis_summary":"ESI Positive mode","metabolite_name":"Fomepizole_2","refmet_name":"Fomepizole"},"120":{"study_id":"ST000294","analysis_id":"AN000470","analysis_summary":"ESI Positive mode","metabolite_name":"Fosetyl_1","refmet_name":""},"121":{"study_id":"ST000294","analysis_id":"AN000470","analysis_summary":"ESI Positive mode","metabolite_name":"Fosetyl_2","refmet_name":""},"122":{"study_id":"ST000294","analysis_id":"AN000470","analysis_summary":"ESI Positive mode","metabolite_name":"gamma-Coniceine","refmet_name":"gamma-Coniceine"},"123":{"study_id":"ST000294","analysis_id":"AN000470","analysis_summary":"ESI Positive mode","metabolite_name":"Glycerol","refmet_name":"Glycerol"},"124":{"study_id":"ST000294","analysis_id":"AN000470","analysis_summary":"ESI Positive mode","metabolite_name":"GLYCEROL","refmet_name":"Glycerol"},"125":{"study_id":"ST000294","analysis_id":"AN000470","analysis_summary":"ESI Positive mode","metabolite_name":"GLYCINE","refmet_name":"Glycine"},"126":{"study_id":"ST000294","analysis_id":"AN000470","analysis_summary":"ESI Positive mode","metabolite_name":"Guanosine","refmet_name":"Guanosine"},"127":{"study_id":"ST000294","analysis_id":"AN000470","analysis_summary":"ESI Positive mode","metabolite_name":"Gyromitrin","refmet_name":"Gyromitrin"},"128":{"study_id":"ST000294","analysis_id":"AN000470","analysis_summary":"ESI Positive mode","metabolite_name":"Harmaline","refmet_name":"Harmaline"},"129":{"study_id":"ST000294","analysis_id":"AN000470","analysis_summary":"ESI Positive mode","metabolite_name":"Hexahomomethionine","refmet_name":"Hexahomomethionine"},"130":{"study_id":"ST000294","analysis_id":"AN000470","analysis_summary":"ESI Positive mode","metabolite_name":"HISTAMINE","refmet_name":"Histamine"},"131":{"study_id":"ST000294","analysis_id":"AN000470","analysis_summary":"ESI Positive mode","metabolite_name":"Homoarginine","refmet_name":"Homoarginine"},"132":{"study_id":"ST000294","analysis_id":"AN000470","analysis_summary":"ESI Positive mode","metabolite_name":"Hyoscyamine methylbromide","refmet_name":""},"133":{"study_id":"ST000294","analysis_id":"AN000470","analysis_summary":"ESI Positive mode","metabolite_name":"Hypoxanthine","refmet_name":"Hypoxanthine"},"134":{"study_id":"ST000294","analysis_id":"AN000470","analysis_summary":"ESI Positive mode","metabolite_name":"Indole","refmet_name":"Indole"},"135":{"study_id":"ST000294","analysis_id":"AN000470","analysis_summary":"ESI Positive mode","metabolite_name":"Indoleamine","refmet_name":""},"136":{"study_id":"ST000294","analysis_id":"AN000470","analysis_summary":"ESI Positive mode","metabolite_name":"Inosine","refmet_name":"Inosine"},"137":{"study_id":"ST000294","analysis_id":"AN000470","analysis_summary":"ESI Positive mode","metabolite_name":"Isoprothiolane","refmet_name":"Isoprothiolane"},"138":{"study_id":"ST000294","analysis_id":"AN000470","analysis_summary":"ESI Positive mode","metabolite_name":"Jamaicamide B","refmet_name":""},"139":{"study_id":"ST000294","analysis_id":"AN000470","analysis_summary":"ESI Positive mode","metabolite_name":"L-ARGININE","refmet_name":"Arginine"},"140":{"study_id":"ST000294","analysis_id":"AN000470","analysis_summary":"ESI Positive mode","metabolite_name":"L-Arginine phosphate","refmet_name":"Arginine phosphate"},"141":{"study_id":"ST000294","analysis_id":"AN000470","analysis_summary":"ESI Positive mode","metabolite_name":"L-ASPARAGINE","refmet_name":"Asparagine"},"142":{"study_id":"ST000294","analysis_id":"AN000470","analysis_summary":"ESI Positive mode","metabolite_name":"L-ASPARTATE","refmet_name":"Aspartic acid"},"143":{"study_id":"ST000294","analysis_id":"AN000470","analysis_summary":"ESI Positive mode","metabolite_name":"L-CARNITINE","refmet_name":"Carnitine"},"144":{"study_id":"ST000294","analysis_id":"AN000470","analysis_summary":"ESI Positive mode","metabolite_name":"L-Cysteate","refmet_name":"Cysteic acid"},"145":{"study_id":"ST000294","analysis_id":"AN000470","analysis_summary":"ESI Positive mode","metabolite_name":"LEUCINE","refmet_name":"Leucine"},"146":{"study_id":"ST000294","analysis_id":"AN000470","analysis_summary":"ESI Positive mode","metabolite_name":"Leucocyanidin","refmet_name":"Leucocyanidin"},"147":{"study_id":"ST000294","analysis_id":"AN000470","analysis_summary":"ESI Positive mode","metabolite_name":"Levamisole","refmet_name":"Levamisole"},"148":{"study_id":"ST000294","analysis_id":"AN000470","analysis_summary":"ESI Positive mode","metabolite_name":"L-GLUTAMINE","refmet_name":"Glutamine"},"149":{"study_id":"ST000294","analysis_id":"AN000470","analysis_summary":"ESI Positive mode","metabolite_name":"L-HISTIDINE","refmet_name":"Histidine"},"150":{"study_id":"ST000294","analysis_id":"AN000470","analysis_summary":"ESI Positive mode","metabolite_name":"Lichenin","refmet_name":"Lichenin"},"151":{"study_id":"ST000294","analysis_id":"AN000470","analysis_summary":"ESI Positive mode","metabolite_name":"L-Kynurenine","refmet_name":"Kynurenine"},"152":{"study_id":"ST000294","analysis_id":"AN000470","analysis_summary":"ESI Positive mode","metabolite_name":"L-LYSINE","refmet_name":"Lysine"},"153":{"study_id":"ST000294","analysis_id":"AN000470","analysis_summary":"ESI Positive mode","metabolite_name":"L-Methionine","refmet_name":"Methionine"},"154":{"study_id":"ST000294","analysis_id":"AN000470","analysis_summary":"ESI Positive mode","metabolite_name":"L-Methionine S-oxide","refmet_name":"Methionine"},"155":{"study_id":"ST000294","analysis_id":"AN000470","analysis_summary":"ESI Positive mode","metabolite_name":"Loperamide","refmet_name":"Loperamide"},"156":{"study_id":"ST000294","analysis_id":"AN000470","analysis_summary":"ESI Positive mode","metabolite_name":"Lovastatin","refmet_name":"Lovastatin"},"157":{"study_id":"ST000294","analysis_id":"AN000470","analysis_summary":"ESI Positive mode","metabolite_name":"L-Palmitoylcarnitine","refmet_name":"CAR 16:0"},"158":{"study_id":"ST000294","analysis_id":"AN000470","analysis_summary":"ESI Positive mode","metabolite_name":"L-Phenylalanine","refmet_name":"Phenylalanine"},"159":{"study_id":"ST000294","analysis_id":"AN000470","analysis_summary":"ESI Positive mode","metabolite_name":"L-Pipecolate","refmet_name":"Pipecolic acid"},"160":{"study_id":"ST000294","analysis_id":"AN000470","analysis_summary":"ESI Positive mode","metabolite_name":"L-PROLINE","refmet_name":"Proline"},"161":{"study_id":"ST000294","analysis_id":"AN000470","analysis_summary":"ESI Positive mode","metabolite_name":"L-THREONINE","refmet_name":"Threonine"},"162":{"study_id":"ST000294","analysis_id":"AN000470","analysis_summary":"ESI Positive mode","metabolite_name":"L-Tryptophan","refmet_name":"Tryptophan"},"163":{"study_id":"ST000294","analysis_id":"AN000470","analysis_summary":"ESI Positive mode","metabolite_name":"L-TYROSINE","refmet_name":"Tyrosine"},"164":{"study_id":"ST000294","analysis_id":"AN000470","analysis_summary":"ESI Positive mode","metabolite_name":"L-Tyrosine methyl ester","refmet_name":"Methyl tyrosinate"},"165":{"study_id":"ST000294","analysis_id":"AN000470","analysis_summary":"ESI Positive mode","metabolite_name":"L-Valine_1","refmet_name":"Valine"},"166":{"study_id":"ST000294","analysis_id":"AN000470","analysis_summary":"ESI Positive mode","metabolite_name":"L-Valine_2","refmet_name":"Valine"},"167":{"study_id":"ST000294","analysis_id":"AN000470","analysis_summary":"ESI Positive mode","metabolite_name":"Magnoshinin","refmet_name":"Magnoshinin"},"168":{"study_id":"ST000294","analysis_id":"AN000470","analysis_summary":"ESI Positive mode","metabolite_name":"MANNOSE","refmet_name":"Mannose"},"169":{"study_id":"ST000294","analysis_id":"AN000470","analysis_summary":"ESI Positive mode","metabolite_name":"(-)-Menthyl acetate","refmet_name":"Menthyl acetate"},"170":{"study_id":"ST000294","analysis_id":"AN000470","analysis_summary":"ESI Positive mode","metabolite_name":"Methamphetamine","refmet_name":"Methamphetamine"},"171":{"study_id":"ST000294","analysis_id":"AN000470","analysis_summary":"ESI Positive mode","metabolite_name":"Methyl methanesulfonate","refmet_name":"Methyl methanesulfonate"},"172":{"study_id":"ST000294","analysis_id":"AN000470","analysis_summary":"ESI Positive mode","metabolite_name":"Metominostrobin","refmet_name":""},"173":{"study_id":"ST000294","analysis_id":"AN000470","analysis_summary":"ESI Positive mode","metabolite_name":"Monodehydroascorbate","refmet_name":""},"174":{"study_id":"ST000294","analysis_id":"AN000470","analysis_summary":"ESI Positive mode","metabolite_name":"N6-(delta2-Isopentenyl)-adenine","refmet_name":"N6-(delta2-Isopentenyl)-adenine"},"175":{"study_id":"ST000294","analysis_id":"AN000470","analysis_summary":"ESI Positive mode","metabolite_name":"N-ACETYL-DL-GLUTAMIC ACID","refmet_name":"N-Acetylglutamic acid"},"176":{"study_id":"ST000294","analysis_id":"AN000470","analysis_summary":"ESI Positive mode","metabolite_name":"N-Acetyl-L-histidine","refmet_name":"N-Acetylhistidine"},"177":{"study_id":"ST000294","analysis_id":"AN000470","analysis_summary":"ESI Positive mode","metabolite_name":"N-Acetyl-L-leucine","refmet_name":"N-Acetylleucine"},"178":{"study_id":"ST000294","analysis_id":"AN000470","analysis_summary":"ESI Positive mode","metabolite_name":"N-Acetyl-L-phenylalanine","refmet_name":"N-Acetylphenylalanine"},"179":{"study_id":"ST000294","analysis_id":"AN000470","analysis_summary":"ESI Positive mode","metabolite_name":"N-Acetylornithine","refmet_name":"N-Acetylornithine"},"180":{"study_id":"ST000294","analysis_id":"AN000470","analysis_summary":"ESI Positive mode","metabolite_name":"N-(Acetyloxy)benzenamine","refmet_name":"N-(Acetyloxy)benzenamine"},"181":{"study_id":"ST000294","analysis_id":"AN000470","analysis_summary":"ESI Positive mode","metabolite_name":"N-ACETYLPUTRESCINE","refmet_name":"N-Acetylputrescine"},"182":{"study_id":"ST000294","analysis_id":"AN000470","analysis_summary":"ESI Positive mode","metabolite_name":"N-Amidino-L-glutamate","refmet_name":"alpha-Guanidinoglutaric acid"},"183":{"study_id":"ST000294","analysis_id":"AN000470","analysis_summary":"ESI Positive mode","metabolite_name":"NEPSILON,NEPSILON,NEPSILON-TRIMETHYLLYSINE","refmet_name":"N-6-Trimethyllysine"},"184":{"study_id":"ST000294","analysis_id":"AN000470","analysis_summary":"ESI Positive mode","metabolite_name":"N-Ethylglycocyamine","refmet_name":"N-Ethylglycocyamine"},"185":{"study_id":"ST000294","analysis_id":"AN000470","analysis_summary":"ESI Positive mode","metabolite_name":"N-Formyl-4-amino-5-aminomethyl-2-methylpyrimidine","refmet_name":""},"186":{"study_id":"ST000294","analysis_id":"AN000470","analysis_summary":"ESI Positive mode","metabolite_name":"Nicotinamide","refmet_name":"Niacinamide"},"187":{"study_id":"ST000294","analysis_id":"AN000470","analysis_summary":"ESI Positive mode","metabolite_name":"Nicotinate","refmet_name":"Nicotinic acid"},"188":{"study_id":"ST000294","analysis_id":"AN000470","analysis_summary":"ESI Positive mode","metabolite_name":"N-METHYL-D-ASPARTIC ACID","refmet_name":"N-Methyl-D-aspartic acid"},"189":{"study_id":"ST000294","analysis_id":"AN000470","analysis_summary":"ESI Positive mode","metabolite_name":"N-Methylethanolamine phosphate_1","refmet_name":"N-Methylethanolamine phosphate"},"190":{"study_id":"ST000294","analysis_id":"AN000470","analysis_summary":"ESI Positive mode","metabolite_name":"N-Methylethanolamine phosphate_2","refmet_name":"N-Methylethanolamine phosphate"},"191":{"study_id":"ST000294","analysis_id":"AN000470","analysis_summary":"ESI Positive mode","metabolite_name":"N,N'-Diacetylhydrazine","refmet_name":""},"192":{"study_id":"ST000294","analysis_id":"AN000470","analysis_summary":"ESI Positive mode","metabolite_name":"Octylamine","refmet_name":"Octylamine"},"193":{"study_id":"ST000294","analysis_id":"AN000470","analysis_summary":"ESI Positive mode","metabolite_name":"Orthophosphate","refmet_name":"Phosphoric acid"},"194":{"study_id":"ST000294","analysis_id":"AN000470","analysis_summary":"ESI Positive mode","metabolite_name":"Oxethazaine","refmet_name":"Oxethazaine"},"195":{"study_id":"ST000294","analysis_id":"AN000470","analysis_summary":"ESI Positive mode","metabolite_name":"Paspalinine","refmet_name":""},"196":{"study_id":"ST000294","analysis_id":"AN000470","analysis_summary":"ESI Positive mode","metabolite_name":"Phendimetrazine","refmet_name":"Phendimetrazine"},"197":{"study_id":"ST000294","analysis_id":"AN000470","analysis_summary":"ESI Positive mode","metabolite_name":"Phenmetrazine","refmet_name":"Phenmetrazine"},"198":{"study_id":"ST000294","analysis_id":"AN000470","analysis_summary":"ESI Positive mode","metabolite_name":"Phenylacetaldehyde","refmet_name":"Phenylacetaldehyde"},"199":{"study_id":"ST000294","analysis_id":"AN000470","analysis_summary":"ESI Positive mode","metabolite_name":"Phenylethyl alcohol","refmet_name":"2-Phenylethanol"},"200":{"study_id":"ST000294","analysis_id":"AN000470","analysis_summary":"ESI Positive mode","metabolite_name":"Phenylhydrazine","refmet_name":"Phenylhydrazine"},"201":{"study_id":"ST000294","analysis_id":"AN000470","analysis_summary":"ESI Positive mode","metabolite_name":"PHOSPHOCHOLINE","refmet_name":"Choline phosphate"},"202":{"study_id":"ST000294","analysis_id":"AN000470","analysis_summary":"ESI Positive mode","metabolite_name":"Phytuberin","refmet_name":"Phytuberin"},"203":{"study_id":"ST000294","analysis_id":"AN000470","analysis_summary":"ESI Positive mode","metabolite_name":"Piperidine","refmet_name":"Piperidine"},"204":{"study_id":"ST000294","analysis_id":"AN000470","analysis_summary":"ESI Positive mode","metabolite_name":"Pirbuterol","refmet_name":"Pirbuterol"},"205":{"study_id":"ST000294","analysis_id":"AN000470","analysis_summary":"ESI Positive mode","metabolite_name":"Precocene II","refmet_name":"Precocene II"},"206":{"study_id":"ST000294","analysis_id":"AN000470","analysis_summary":"ESI Positive mode","metabolite_name":"Propanoate","refmet_name":"Propionic acid"},"207":{"study_id":"ST000294","analysis_id":"AN000470","analysis_summary":"ESI Positive mode","metabolite_name":"Prostaglandin H2","refmet_name":"PGH2"},"208":{"study_id":"ST000294","analysis_id":"AN000470","analysis_summary":"ESI Positive mode","metabolite_name":"Protoanemonin","refmet_name":"Protoanemonin"},"209":{"study_id":"ST000294","analysis_id":"AN000470","analysis_summary":"ESI Positive mode","metabolite_name":"Psicofuranine","refmet_name":"Angustmycin C"},"210":{"study_id":"ST000294","analysis_id":"AN000470","analysis_summary":"ESI Positive mode","metabolite_name":"Pulcherriminic acid","refmet_name":"Pulcherriminic acid"},"211":{"study_id":"ST000294","analysis_id":"AN000470","analysis_summary":"ESI Positive mode","metabolite_name":"PUTRESCINE","refmet_name":"Putrescine"},"212":{"study_id":"ST000294","analysis_id":"AN000470","analysis_summary":"ESI Positive mode","metabolite_name":"(R)-3-((R)-3-Hydroxybutanoyloxy)butanoate","refmet_name":""},"213":{"study_id":"ST000294","analysis_id":"AN000470","analysis_summary":"ESI Positive mode","metabolite_name":"Riboflavin","refmet_name":"Riboflavin"},"214":{"study_id":"ST000294","analysis_id":"AN000470","analysis_summary":"ESI Positive mode","metabolite_name":"(R)-Mevalonate","refmet_name":"Mevalonic acid"},"215":{"study_id":"ST000294","analysis_id":"AN000470","analysis_summary":"ESI Positive mode","metabolite_name":"(S)-2,3,4,5-Tetrahydropyridine-2-carboxylate","refmet_name":"(S)-1-Piperideine-6-carboxylic acid"},"216":{"study_id":"ST000294","analysis_id":"AN000470","analysis_summary":"ESI Positive mode","metabolite_name":"S-(2-Chloroethyl)glutathione","refmet_name":""},"217":{"study_id":"ST000294","analysis_id":"AN000470","analysis_summary":"ESI Positive mode","metabolite_name":"Schizonepetoside E","refmet_name":""},"218":{"study_id":"ST000294","analysis_id":"AN000470","analysis_summary":"ESI Positive mode","metabolite_name":"sn-Glycero-3-phospho-1-inositol","refmet_name":"sn-Glycero-3-phosphoinositol"},"219":{"study_id":"ST000294","analysis_id":"AN000470","analysis_summary":"ESI Positive mode","metabolite_name":"sn-Glycero-3-phosphoethanolamine","refmet_name":"sn-Glycero-3-phosphoethanolamine"},"220":{"study_id":"ST000294","analysis_id":"AN000470","analysis_summary":"ESI Positive mode","metabolite_name":"SN-GLYCEROL 3-PHOSPHATE","refmet_name":"sn-Glycero-3-phosphate"},"221":{"study_id":"ST000294","analysis_id":"AN000470","analysis_summary":"ESI Positive mode","metabolite_name":"SPERMIDINE","refmet_name":"Spermidine"},"222":{"study_id":"ST000294","analysis_id":"AN000470","analysis_summary":"ESI Positive mode","metabolite_name":"Succinic anhydride","refmet_name":"Succinic anhydride"},"223":{"study_id":"ST000294","analysis_id":"AN000470","analysis_summary":"ESI Positive mode","metabolite_name":"Succinimide","refmet_name":"Succinimide"},"224":{"study_id":"ST000294","analysis_id":"AN000470","analysis_summary":"ESI Positive mode","metabolite_name":"SUCROSE","refmet_name":"Sucrose"},"225":{"study_id":"ST000294","analysis_id":"AN000470","analysis_summary":"ESI Positive mode","metabolite_name":"Sulcatone","refmet_name":"Sulcatone"},"226":{"study_id":"ST000294","analysis_id":"AN000470","analysis_summary":"ESI Positive mode","metabolite_name":"TAURINE","refmet_name":"Taurine"},"227":{"study_id":"ST000294","analysis_id":"AN000470","analysis_summary":"ESI Positive mode","metabolite_name":"Terpendole G","refmet_name":""},"228":{"study_id":"ST000294","analysis_id":"AN000470","analysis_summary":"ESI Positive mode","metabolite_name":"Tolmetin sodium","refmet_name":""},"229":{"study_id":"ST000294","analysis_id":"AN000470","analysis_summary":"ESI Positive mode","metabolite_name":"TRANS-4-HYDROXYPROLINE","refmet_name":"trans-4-Hydroxyproline"},"230":{"study_id":"ST000294","analysis_id":"AN000470","analysis_summary":"ESI Positive mode","metabolite_name":"trans-Cinnamate","refmet_name":"trans-Cinnamic acid"},"231":{"study_id":"ST000294","analysis_id":"AN000470","analysis_summary":"ESI Positive mode","metabolite_name":"Trientine","refmet_name":"Trientine"},"232":{"study_id":"ST000294","analysis_id":"AN000470","analysis_summary":"ESI Positive mode","metabolite_name":"Trimethylamine N-oxide","refmet_name":"Trimethylamine N-oxide"},"233":{"study_id":"ST000294","analysis_id":"AN000470","analysis_summary":"ESI Positive mode","metabolite_name":"Tromethamine","refmet_name":"2-Amino-2-methylol-propane-1,3-diol"},"234":{"study_id":"ST000294","analysis_id":"AN000470","analysis_summary":"ESI Positive mode","metabolite_name":"Trp-P-1","refmet_name":""},"235":{"study_id":"ST000294","analysis_id":"AN000470","analysis_summary":"ESI Positive mode","metabolite_name":"URATE","refmet_name":"Uric acid"},"236":{"study_id":"ST000294","analysis_id":"AN000470","analysis_summary":"ESI Positive mode","metabolite_name":"URIDINE","refmet_name":"Uridine"},"237":{"study_id":"ST000294","analysis_id":"AN000470","analysis_summary":"ESI Positive mode","metabolite_name":"Xanthan","refmet_name":""},"238":{"study_id":"ST000294","analysis_id":"AN000470","analysis_summary":"ESI Positive mode","metabolite_name":"Xanthine","refmet_name":"Xanthine"},"239":{"study_id":"ST000294","analysis_id":"AN000470","analysis_summary":"ESI Positive mode","metabolite_name":"Xanthurenic acid","refmet_name":"Xanthurenic acid"},"240":{"study_id":"ST000294","analysis_id":"AN000470","analysis_summary":"ESI Positive mode","metabolite_name":"Zeatin","refmet_name":"trans-Zeatin"},"241":{"study_id":"ST000294","analysis_id":"AN000470","analysis_summary":"ESI Positive mode","metabolite_name":"Zingerone","refmet_name":"Zingerone"},"242":{"study_id":"ST000294","analysis_id":"AN000471","analysis_summary":"ESI Negative mode","metabolite_name":"1,2-Bis(4-nitrophenyl)ethane","refmet_name":""},"243":{"study_id":"ST000294","analysis_id":"AN000471","analysis_summary":"ESI Negative mode","metabolite_name":"16-Dehydroprogesterone","refmet_name":"16,17-Didehydroprogesterone"},"244":{"study_id":"ST000294","analysis_id":"AN000471","analysis_summary":"ESI Negative mode","metabolite_name":"1-Hexadecanoyl-2-(9Z-octadecenoyl)-sn-glycero-3-phosphoethanolamine","refmet_name":"PE 16:0_18:1"},"245":{"study_id":"ST000294","analysis_id":"AN000471","analysis_summary":"ESI Negative mode","metabolite_name":"1-Hydroxy-2-naphthoate","refmet_name":"1-Hydroxy-2-naphthoate"},"246":{"study_id":"ST000294","analysis_id":"AN000471","analysis_summary":"ESI Negative mode","metabolite_name":"20-Hydroxyecdysone","refmet_name":"20-Hydroxyecdysone"},"247":{"study_id":"ST000294","analysis_id":"AN000471","analysis_summary":"ESI Negative mode","metabolite_name":"2,3-Bis-O-(geranylgeranyl)glycerol 1-phosphate","refmet_name":"2,3-bis-O-(Geranylgeranyl)glycerol 1-phosphate"},"248":{"study_id":"ST000294","analysis_id":"AN000471","analysis_summary":"ESI Negative mode","metabolite_name":"2,4-Dichlorotoluene","refmet_name":""},"249":{"study_id":"ST000294","analysis_id":"AN000471","analysis_summary":"ESI Negative mode","metabolite_name":"2,4-Dinitroaniline","refmet_name":"2,4-Dinitroaniline"},"250":{"study_id":"ST000294","analysis_id":"AN000471","analysis_summary":"ESI Negative mode","metabolite_name":"2-Aceto-2-hydroxybutanoate","refmet_name":""},"251":{"study_id":"ST000294","analysis_id":"AN000471","analysis_summary":"ESI Negative mode","metabolite_name":"2-Amino-5-phosphopentanoic acid","refmet_name":""},"252":{"study_id":"ST000294","analysis_id":"AN000471","analysis_summary":"ESI Negative mode","metabolite_name":"2-Aminobenzenesulfonate","refmet_name":"2-Aminobenzenesulfonic acid"},"253":{"study_id":"ST000294","analysis_id":"AN000471","analysis_summary":"ESI Negative mode","metabolite_name":"2-Ethylhexyl phthalate","refmet_name":"Monoethylhexyl phthalic acid"},"254":{"study_id":"ST000294","analysis_id":"AN000471","analysis_summary":"ESI Negative mode","metabolite_name":"2-Oxoglutarate","refmet_name":"Oxoglutaric acid"},"255":{"study_id":"ST000294","analysis_id":"AN000471","analysis_summary":"ESI Negative mode","metabolite_name":"2-Phosphinomethylmalate","refmet_name":""},"256":{"study_id":"ST000294","analysis_id":"AN000471","analysis_summary":"ESI Negative mode","metabolite_name":"3-(2-Hydroxyphenyl)propanoate","refmet_name":"3-(2-Hydroxyphenyl)propanoic acid"},"257":{"study_id":"ST000294","analysis_id":"AN000471","analysis_summary":"ESI Negative mode","metabolite_name":"3,4-Dihydroxy-L-phenylalanine","refmet_name":"DOPA"},"258":{"study_id":"ST000294","analysis_id":"AN000471","analysis_summary":"ESI Negative mode","metabolite_name":"3-(4-Hydroxyphenyl)lactate","refmet_name":"Hydroxyphenyllactic acid"},"259":{"study_id":"ST000294","analysis_id":"AN000471","analysis_summary":"ESI Negative mode","metabolite_name":"3,5-Dinitroguaiacol","refmet_name":""},"260":{"study_id":"ST000294","analysis_id":"AN000471","analysis_summary":"ESI Negative mode","metabolite_name":"3,7,4'-Tri-O-methylquercetin","refmet_name":"Ayanin"},"261":{"study_id":"ST000294","analysis_id":"AN000471","analysis_summary":"ESI Negative mode","metabolite_name":"3-Hydroxy-2-methylpyridine-4,5-dicarboxylate","refmet_name":"3-Hydroxy-2-methylpyridine-4,5-dicarboxylate"},"262":{"study_id":"ST000294","analysis_id":"AN000471","analysis_summary":"ESI Negative mode","metabolite_name":"3-Hydroxyhexobarbital","refmet_name":""},"263":{"study_id":"ST000294","analysis_id":"AN000471","analysis_summary":"ESI Negative mode","metabolite_name":"3-HYDROXYKYNURENINE","refmet_name":"Hydroxykynurenine"},"264":{"study_id":"ST000294","analysis_id":"AN000471","analysis_summary":"ESI Negative mode","metabolite_name":"3-Methyleneoxindole","refmet_name":"3-Methyleneoxindole"},"265":{"study_id":"ST000294","analysis_id":"AN000471","analysis_summary":"ESI Negative mode","metabolite_name":"4,4'-Biphenyldithiol","refmet_name":""},"266":{"study_id":"ST000294","analysis_id":"AN000471","analysis_summary":"ESI Negative mode","metabolite_name":"4,8-Dihydroxyquinoline_1","refmet_name":"Quinoline-4,8-diol"},"267":{"study_id":"ST000294","analysis_id":"AN000471","analysis_summary":"ESI Negative mode","metabolite_name":"4,8-Dihydroxyquinoline_2","refmet_name":"Quinoline-4,8-diol"},"268":{"study_id":"ST000294","analysis_id":"AN000471","analysis_summary":"ESI Negative mode","metabolite_name":"4-Chloroacetanilide_1","refmet_name":"4-Chloroacetanilide"},"269":{"study_id":"ST000294","analysis_id":"AN000471","analysis_summary":"ESI Negative mode","metabolite_name":"4-Chloroacetanilide_2","refmet_name":"4-Chloroacetanilide"},"270":{"study_id":"ST000294","analysis_id":"AN000471","analysis_summary":"ESI Negative mode","metabolite_name":"4-Hydroxy-4-methylglutamate","refmet_name":"(2S,4S)-4-Amino-2-hydroxy-2-methylpentanedioic acid"},"271":{"study_id":"ST000294","analysis_id":"AN000471","analysis_summary":"ESI Negative mode","metabolite_name":"4-Hydroxybenzoate","refmet_name":"4-Hydroxybenzoic acid"},"272":{"study_id":"ST000294","analysis_id":"AN000471","analysis_summary":"ESI Negative mode","metabolite_name":"4-Imidazolone-5-propanoate","refmet_name":"4-Imidazolone-5-propionic acid"},"273":{"study_id":"ST000294","analysis_id":"AN000471","analysis_summary":"ESI Negative mode","metabolite_name":"4-Oxoproline","refmet_name":"4-Oxo-proline"},"274":{"study_id":"ST000294","analysis_id":"AN000471","analysis_summary":"ESI Negative mode","metabolite_name":"4-Sulfobenzyl alcohol","refmet_name":""},"275":{"study_id":"ST000294","analysis_id":"AN000471","analysis_summary":"ESI Negative mode","metabolite_name":"(4Z,7Z,10Z,13Z,16Z,19Z)-Docosahexaenoic acid","refmet_name":"DHA"},"276":{"study_id":"ST000294","analysis_id":"AN000471","analysis_summary":"ESI Negative mode","metabolite_name":"5-(4-Hydroxybut-1-ynyl)-2,2'-bithiophene","refmet_name":""},"277":{"study_id":"ST000294","analysis_id":"AN000471","analysis_summary":"ESI Negative mode","metabolite_name":"5-Acetylamino-6-formylamino-3-methyluracil","refmet_name":"5-Acetylamino-6-formylamino-3-methyluracil"},"278":{"study_id":"ST000294","analysis_id":"AN000471","analysis_summary":"ESI Negative mode","metabolite_name":"5-Hydroxymethyldeoxycytidylate","refmet_name":""},"279":{"study_id":"ST000294","analysis_id":"AN000471","analysis_summary":"ESI Negative mode","metabolite_name":"5-Methylthiopentanaldoxime","refmet_name":"5-Methylthiopentanaldoxime"},"280":{"study_id":"ST000294","analysis_id":"AN000471","analysis_summary":"ESI Negative mode","metabolite_name":"5-Oxo-1,2-campholide","refmet_name":"5-Oxo-1,2-campholide"},"281":{"study_id":"ST000294","analysis_id":"AN000471","analysis_summary":"ESI Negative mode","metabolite_name":"5''-Phosphoribostamycin","refmet_name":""},"282":{"study_id":"ST000294","analysis_id":"AN000471","analysis_summary":"ESI Negative mode","metabolite_name":"(+\/-)-6-Acetonyldihydrosanguinarine","refmet_name":""},"283":{"study_id":"ST000294","analysis_id":"AN000471","analysis_summary":"ESI Negative mode","metabolite_name":"6-Benzylaminopurine","refmet_name":"Cytokinin B"},"284":{"study_id":"ST000294","analysis_id":"AN000471","analysis_summary":"ESI Negative mode","metabolite_name":"6-Phospho-D-glucosaminate","refmet_name":""},"285":{"study_id":"ST000294","analysis_id":"AN000471","analysis_summary":"ESI Negative mode","metabolite_name":"7-Methyluric acid","refmet_name":"7-Methyluric acid"},"286":{"study_id":"ST000294","analysis_id":"AN000471","analysis_summary":"ESI Negative mode","metabolite_name":"9,10-Phenanthroquinone","refmet_name":"9,10-Phenanthroquinone"},"287":{"study_id":"ST000294","analysis_id":"AN000471","analysis_summary":"ESI Negative mode","metabolite_name":"9,12,13-TriHOME","refmet_name":"9,12,13-TriHOME"},"288":{"study_id":"ST000294","analysis_id":"AN000471","analysis_summary":"ESI Negative mode","metabolite_name":"(9R,10R)-Dihydroxyoctadecanoic acid","refmet_name":"9,10-Dihydroxystearic acid"},"289":{"study_id":"ST000294","analysis_id":"AN000471","analysis_summary":"ESI Negative mode","metabolite_name":"Acadesine","refmet_name":"Acadesine"},"290":{"study_id":"ST000294","analysis_id":"AN000471","analysis_summary":"ESI Negative mode","metabolite_name":"Acetyl-maltose","refmet_name":"Acetyl-maltose"},"291":{"study_id":"ST000294","analysis_id":"AN000471","analysis_summary":"ESI Negative mode","metabolite_name":"ADP","refmet_name":"Adenosine"},"292":{"study_id":"ST000294","analysis_id":"AN000471","analysis_summary":"ESI Negative mode","metabolite_name":"alpha,beta-Didehydrotryptophan","refmet_name":"alpha,beta-Didehydrotryptophan"},"293":{"study_id":"ST000294","analysis_id":"AN000471","analysis_summary":"ESI Negative mode","metabolite_name":"AMP","refmet_name":"AMP"},"294":{"study_id":"ST000294","analysis_id":"AN000471","analysis_summary":"ESI Negative mode","metabolite_name":"Arachidonate","refmet_name":"Arachidonic acid"},"295":{"study_id":"ST000294","analysis_id":"AN000471","analysis_summary":"ESI Negative mode","metabolite_name":"Arginine","refmet_name":"Arginine"},"296":{"study_id":"ST000294","analysis_id":"AN000471","analysis_summary":"ESI Negative mode","metabolite_name":"Aryl sulfate","refmet_name":"Phenyl hydrogen sulfate"},"297":{"study_id":"ST000294","analysis_id":"AN000471","analysis_summary":"ESI Negative mode","metabolite_name":"Aspartic acid","refmet_name":"Aspartic acid"},"298":{"study_id":"ST000294","analysis_id":"AN000471","analysis_summary":"ESI Negative mode","metabolite_name":"Azelaic acid","refmet_name":"Azelaic acid"},"299":{"study_id":"ST000294","analysis_id":"AN000471","analysis_summary":"ESI Negative mode","metabolite_name":"Bakankoside","refmet_name":"Bakankoside"},"300":{"study_id":"ST000294","analysis_id":"AN000471","analysis_summary":"ESI Negative mode","metabolite_name":"Bakkenolide A","refmet_name":"Bakkenolide A"},"301":{"study_id":"ST000294","analysis_id":"AN000471","analysis_summary":"ESI Negative mode","metabolite_name":"Bendiocarb","refmet_name":"Bendiocarb"},"302":{"study_id":"ST000294","analysis_id":"AN000471","analysis_summary":"ESI Negative mode","metabolite_name":"Bis(4'-chlorophenyl)acetate_1","refmet_name":""},"303":{"study_id":"ST000294","analysis_id":"AN000471","analysis_summary":"ESI Negative mode","metabolite_name":"Bis(4'-chlorophenyl)acetate_2","refmet_name":""},"304":{"study_id":"ST000294","analysis_id":"AN000471","analysis_summary":"ESI Negative mode","metabolite_name":"BMS-268770","refmet_name":""},"305":{"study_id":"ST000294","analysis_id":"AN000471","analysis_summary":"ESI Negative mode","metabolite_name":"Botrydial_1","refmet_name":"Botrydial"},"306":{"study_id":"ST000294","analysis_id":"AN000471","analysis_summary":"ESI Negative mode","metabolite_name":"Botrydial_2","refmet_name":"Botrydial"},"307":{"study_id":"ST000294","analysis_id":"AN000471","analysis_summary":"ESI Negative mode","metabolite_name":"C20913","refmet_name":""},"308":{"study_id":"ST000294","analysis_id":"AN000471","analysis_summary":"ESI Negative mode","metabolite_name":"Cammaconine","refmet_name":"Columbiananine"},"309":{"study_id":"ST000294","analysis_id":"AN000471","analysis_summary":"ESI Negative mode","metabolite_name":"CITRATE","refmet_name":"Citric acid"},"310":{"study_id":"ST000294","analysis_id":"AN000471","analysis_summary":"ESI Negative mode","metabolite_name":"Coniferyl alcohol","refmet_name":"Coniferyl alcohol"},"311":{"study_id":"ST000294","analysis_id":"AN000471","analysis_summary":"ESI Negative mode","metabolite_name":"Coronene","refmet_name":"Coronene"},"312":{"study_id":"ST000294","analysis_id":"AN000471","analysis_summary":"ESI Negative mode","metabolite_name":"Creatine-D3","refmet_name":"Creatine"},"313":{"study_id":"ST000294","analysis_id":"AN000471","analysis_summary":"ESI Negative mode","metabolite_name":"Cytidine","refmet_name":"Cytidine"},"314":{"study_id":"ST000294","analysis_id":"AN000471","analysis_summary":"ESI Negative mode","metabolite_name":"D-2-Hydroxyisocaproate","refmet_name":"D-Leucic acid"},"315":{"study_id":"ST000294","analysis_id":"AN000471","analysis_summary":"ESI Negative mode","metabolite_name":"D-Arabinono-1,4-lactone","refmet_name":"D-Arabinono-1,4-lactone"},"316":{"study_id":"ST000294","analysis_id":"AN000471","analysis_summary":"ESI Negative mode","metabolite_name":"DCEBIO","refmet_name":"DCEBIO"},"317":{"study_id":"ST000294","analysis_id":"AN000471","analysis_summary":"ESI Negative mode","metabolite_name":"DCI","refmet_name":""},"318":{"study_id":"ST000294","analysis_id":"AN000471","analysis_summary":"ESI Negative mode","metabolite_name":"D-Erythrose","refmet_name":"Erythrose"},"319":{"study_id":"ST000294","analysis_id":"AN000471","analysis_summary":"ESI Negative mode","metabolite_name":"D-Glucarate","refmet_name":"Glucaric acid"},"320":{"study_id":"ST000294","analysis_id":"AN000471","analysis_summary":"ESI Negative mode","metabolite_name":"D-GLUCURONOLACTONE","refmet_name":"Glucuronolactone"},"321":{"study_id":"ST000294","analysis_id":"AN000471","analysis_summary":"ESI Negative mode","metabolite_name":"Dinoseb_1","refmet_name":"2-(1-Methylpropyl)-4,6-dinitrophenol"},"322":{"study_id":"ST000294","analysis_id":"AN000471","analysis_summary":"ESI Negative mode","metabolite_name":"Dinoseb_2","refmet_name":"2-(1-Methylpropyl)-4,6-dinitrophenol"},"323":{"study_id":"ST000294","analysis_id":"AN000471","analysis_summary":"ESI Negative mode","metabolite_name":"Diphyllin","refmet_name":"Diphyllin"},"324":{"study_id":"ST000294","analysis_id":"AN000471","analysis_summary":"ESI Negative mode","metabolite_name":"D-(+)-TREHALOSE","refmet_name":"Trehalose"},"325":{"study_id":"ST000294","analysis_id":"AN000471","analysis_summary":"ESI Negative mode","metabolite_name":"D-Xylonate","refmet_name":"Xylonic acid"},"326":{"study_id":"ST000294","analysis_id":"AN000471","analysis_summary":"ESI Negative mode","metabolite_name":"Endothal-disodium","refmet_name":""},"327":{"study_id":"ST000294","analysis_id":"AN000471","analysis_summary":"ESI Negative mode","metabolite_name":"Ethanolamine phosphate","refmet_name":"Phosphoethanolamine"},"328":{"study_id":"ST000294","analysis_id":"AN000471","analysis_summary":"ESI Negative mode","metabolite_name":"Etorphine","refmet_name":"Etorphine"},"329":{"study_id":"ST000294","analysis_id":"AN000471","analysis_summary":"ESI Negative mode","metabolite_name":"Fagomine","refmet_name":"Fagomine"},"330":{"study_id":"ST000294","analysis_id":"AN000471","analysis_summary":"ESI Negative mode","metabolite_name":"Fenamiphos","refmet_name":"Fenamiphos"},"331":{"study_id":"ST000294","analysis_id":"AN000471","analysis_summary":"ESI Negative mode","metabolite_name":"Fenclorim","refmet_name":""},"332":{"study_id":"ST000294","analysis_id":"AN000471","analysis_summary":"ESI Negative mode","metabolite_name":"Fructoselysine 6-phosphate","refmet_name":"Fructoselysine 6-phosphate"},"333":{"study_id":"ST000294","analysis_id":"AN000471","analysis_summary":"ESI Negative mode","metabolite_name":"Furmecyclox","refmet_name":"Furmecyclox"},"334":{"study_id":"ST000294","analysis_id":"AN000471","analysis_summary":"ESI Negative mode","metabolite_name":"gamma-L-Glutamyl-D-alanine","refmet_name":"gamma-L-Glutamyl-D-alanine"},"335":{"study_id":"ST000294","analysis_id":"AN000471","analysis_summary":"ESI Negative mode","metabolite_name":"Gemfibrozil","refmet_name":"Gemfibrozil"},"336":{"study_id":"ST000294","analysis_id":"AN000471","analysis_summary":"ESI Negative mode","metabolite_name":"GLUCONIC ACID","refmet_name":"Gluconic acid"},"337":{"study_id":"ST000294","analysis_id":"AN000471","analysis_summary":"ESI Negative mode","metabolite_name":"Glucose 6-phosphate\/Fructose 6-phosphate","refmet_name":"Glucose 6-phosphate"},"338":{"study_id":"ST000294","analysis_id":"AN000471","analysis_summary":"ESI Negative mode","metabolite_name":"Glucose\/Fructose [M+Cl]-","refmet_name":"Hexose"},"339":{"study_id":"ST000294","analysis_id":"AN000471","analysis_summary":"ESI Negative mode","metabolite_name":"Glutamine","refmet_name":"Glutamine"},"340":{"study_id":"ST000294","analysis_id":"AN000471","analysis_summary":"ESI Negative mode","metabolite_name":"Glycerophosphoglycerol","refmet_name":"sn-Glycero-3-phosphoglycerol"},"341":{"study_id":"ST000294","analysis_id":"AN000471","analysis_summary":"ESI Negative mode","metabolite_name":"Guanosine","refmet_name":"Guanosine"},"342":{"study_id":"ST000294","analysis_id":"AN000471","analysis_summary":"ESI Negative mode","metabolite_name":"Hedamycin","refmet_name":""},"343":{"study_id":"ST000294","analysis_id":"AN000471","analysis_summary":"ESI Negative mode","metabolite_name":"Hydroxyflutamide","refmet_name":"Hydroxyflutamide"},"344":{"study_id":"ST000294","analysis_id":"AN000471","analysis_summary":"ESI Negative mode","metabolite_name":"Hyoscyamine methylbromide","refmet_name":""},"345":{"study_id":"ST000294","analysis_id":"AN000471","analysis_summary":"ESI Negative mode","metabolite_name":"Inosine","refmet_name":"Inosine"},"346":{"study_id":"ST000294","analysis_id":"AN000471","analysis_summary":"ESI Negative mode","metabolite_name":"Jamaicamide C","refmet_name":""},"347":{"study_id":"ST000294","analysis_id":"AN000471","analysis_summary":"ESI Negative mode","metabolite_name":"L-2,3-Dihydrodipicolinate","refmet_name":""},"348":{"study_id":"ST000294","analysis_id":"AN000471","analysis_summary":"ESI Negative mode","metabolite_name":"L-2-Aminoadipate","refmet_name":"Aminoadipic acid"},"349":{"study_id":"ST000294","analysis_id":"AN000471","analysis_summary":"ESI Negative mode","metabolite_name":"Lactucin","refmet_name":"Lactucin"},"350":{"study_id":"ST000294","analysis_id":"AN000471","analysis_summary":"ESI Negative mode","metabolite_name":"Lamiide","refmet_name":"Lamiide"},"351":{"study_id":"ST000294","analysis_id":"AN000471","analysis_summary":"ESI Negative mode","metabolite_name":"L-Arginine phosphate","refmet_name":"Arginine phosphate"},"352":{"study_id":"ST000294","analysis_id":"AN000471","analysis_summary":"ESI Negative mode","metabolite_name":"L-Cladinose","refmet_name":"L-Cladinose"},"353":{"study_id":"ST000294","analysis_id":"AN000471","analysis_summary":"ESI Negative mode","metabolite_name":"L-Glutamate","refmet_name":"Glutamic acid"},"354":{"study_id":"ST000294","analysis_id":"AN000471","analysis_summary":"ESI Negative mode","metabolite_name":"L-Histidine","refmet_name":"Histidine"},"355":{"study_id":"ST000294","analysis_id":"AN000471","analysis_summary":"ESI Negative mode","metabolite_name":"Linoleate","refmet_name":"Linoleic acid"},"356":{"study_id":"ST000294","analysis_id":"AN000471","analysis_summary":"ESI Negative mode","metabolite_name":"L-Methionine","refmet_name":"Methionine"},"357":{"study_id":"ST000294","analysis_id":"AN000471","analysis_summary":"ESI Negative mode","metabolite_name":"L-Methionine S-oxide","refmet_name":"Methionine"},"358":{"study_id":"ST000294","analysis_id":"AN000471","analysis_summary":"ESI Negative mode","metabolite_name":"L-Phenylalanine","refmet_name":"Phenylalanine"},"359":{"study_id":"ST000294","analysis_id":"AN000471","analysis_summary":"ESI Negative mode","metabolite_name":"L-Tryptophan","refmet_name":"Tryptophan"},"360":{"study_id":"ST000294","analysis_id":"AN000471","analysis_summary":"ESI Negative mode","metabolite_name":"L-TYROSINE","refmet_name":"Tyrosine"},"361":{"study_id":"ST000294","analysis_id":"AN000471","analysis_summary":"ESI Negative mode","metabolite_name":"L-Tyrosine methyl ester","refmet_name":"Methyl tyrosinate"},"362":{"study_id":"ST000294","analysis_id":"AN000471","analysis_summary":"ESI Negative mode","metabolite_name":"L-Tyrosine methyl ester 4-sulfate","refmet_name":""},"363":{"study_id":"ST000294","analysis_id":"AN000471","analysis_summary":"ESI Negative mode","metabolite_name":"Lysine","refmet_name":"Lysine"},"364":{"study_id":"ST000294","analysis_id":"AN000471","analysis_summary":"ESI Negative mode","metabolite_name":"Malaoxon","refmet_name":"Malaoxon"},"365":{"study_id":"ST000294","analysis_id":"AN000471","analysis_summary":"ESI Negative mode","metabolite_name":"Mannitol","refmet_name":"Mannitol"},"366":{"study_id":"ST000294","analysis_id":"AN000471","analysis_summary":"ESI Negative mode","metabolite_name":"Melampodinin","refmet_name":"Melampodinin"},"367":{"study_id":"ST000294","analysis_id":"AN000471","analysis_summary":"ESI Negative mode","metabolite_name":"Mercury(2+)_1","refmet_name":""},"368":{"study_id":"ST000294","analysis_id":"AN000471","analysis_summary":"ESI Negative mode","metabolite_name":"Mercury(2+)_2","refmet_name":""},"369":{"study_id":"ST000294","analysis_id":"AN000471","analysis_summary":"ESI Negative mode","metabolite_name":"Mercury(2+)_3","refmet_name":""},"370":{"study_id":"ST000294","analysis_id":"AN000471","analysis_summary":"ESI Negative mode","metabolite_name":"Mercury(2+)_4","refmet_name":""},"371":{"study_id":"ST000294","analysis_id":"AN000471","analysis_summary":"ESI Negative mode","metabolite_name":"Mercury(2+)_5","refmet_name":""},"372":{"study_id":"ST000294","analysis_id":"AN000471","analysis_summary":"ESI Negative mode","metabolite_name":"MYO-INOSITOL","refmet_name":"Myo-inositol"},"373":{"study_id":"ST000294","analysis_id":"AN000471","analysis_summary":"ESI Negative mode","metabolite_name":"N-Acetyl-D-glucosamine 6-phosphate","refmet_name":"N-Acetyl-glucosamine 6-phosphate"},"374":{"study_id":"ST000294","analysis_id":"AN000471","analysis_summary":"ESI Negative mode","metabolite_name":"N-ACETYL-D-MANNOSAMINE","refmet_name":"N-Acetyl-mannosamine"},"375":{"study_id":"ST000294","analysis_id":"AN000471","analysis_summary":"ESI Negative mode","metabolite_name":"N-Acetyl-D-tryptophan","refmet_name":"N-Acetyl-D-tryptophan"},"376":{"study_id":"ST000294","analysis_id":"AN000471","analysis_summary":"ESI Negative mode","metabolite_name":"N-Acetyl-L-aspartate","refmet_name":"N-Acetylaspartic acid"},"377":{"study_id":"ST000294","analysis_id":"AN000471","analysis_summary":"ESI Negative mode","metabolite_name":"N-Acetyl-L-glutamate","refmet_name":"N-Acetylglutamic acid"},"378":{"study_id":"ST000294","analysis_id":"AN000471","analysis_summary":"ESI Negative mode","metabolite_name":"N-Acetyl-L-leucine","refmet_name":"N-Acetylleucine"},"379":{"study_id":"ST000294","analysis_id":"AN000471","analysis_summary":"ESI Negative mode","metabolite_name":"N-Acetylornithine","refmet_name":"N-Acetylornithine"},"380":{"study_id":"ST000294","analysis_id":"AN000471","analysis_summary":"ESI Negative mode","metabolite_name":"N-Glycolyl-D-mannosamine 6-phosphate","refmet_name":"N-Glycolyl-mannosamine 6-phosphate"},"381":{"study_id":"ST000294","analysis_id":"AN000471","analysis_summary":"ESI Negative mode","metabolite_name":"Nidificene","refmet_name":"Nidificene"},"382":{"study_id":"ST000294","analysis_id":"AN000471","analysis_summary":"ESI Negative mode","metabolite_name":"N-Methylhexanamide","refmet_name":"N-Methyl hexanamide"},"383":{"study_id":"ST000294","analysis_id":"AN000471","analysis_summary":"ESI Negative mode","metabolite_name":"Oxalureate","refmet_name":"Oxaluric acid"},"384":{"study_id":"ST000294","analysis_id":"AN000471","analysis_summary":"ESI Negative mode","metabolite_name":"Phosphoramide mustard","refmet_name":"Phosphoramide mustard"},"385":{"study_id":"ST000294","analysis_id":"AN000471","analysis_summary":"ESI Negative mode","metabolite_name":"Phytuberin","refmet_name":"Phytuberin"},"386":{"study_id":"ST000294","analysis_id":"AN000471","analysis_summary":"ESI Negative mode","metabolite_name":"Plocamene D","refmet_name":""},"387":{"study_id":"ST000294","analysis_id":"AN000471","analysis_summary":"ESI Negative mode","metabolite_name":"Proline","refmet_name":"Proline"},"388":{"study_id":"ST000294","analysis_id":"AN000471","analysis_summary":"ESI Negative mode","metabolite_name":"Pyridafenthion","refmet_name":"Pyridaphenthion"},"389":{"study_id":"ST000294","analysis_id":"AN000471","analysis_summary":"ESI Negative mode","metabolite_name":"Quinolinate","refmet_name":"Quinolinic acid"},"390":{"study_id":"ST000294","analysis_id":"AN000471","analysis_summary":"ESI Negative mode","metabolite_name":"Quizalofop-ethyl","refmet_name":""},"391":{"study_id":"ST000294","analysis_id":"AN000471","analysis_summary":"ESI Negative mode","metabolite_name":"(R)-2-Hydroxystearate","refmet_name":"2-Hydroxystearic acid"},"392":{"study_id":"ST000294","analysis_id":"AN000471","analysis_summary":"ESI Negative mode","metabolite_name":"Rishitin","refmet_name":"Rishitin"},"393":{"study_id":"ST000294","analysis_id":"AN000471","analysis_summary":"ESI Negative mode","metabolite_name":"Salannin","refmet_name":"Salannin"},"394":{"study_id":"ST000294","analysis_id":"AN000471","analysis_summary":"ESI Negative mode","metabolite_name":"Sepiapterin","refmet_name":"Sepiapterin"},"395":{"study_id":"ST000294","analysis_id":"AN000471","analysis_summary":"ESI Negative mode","metabolite_name":"(S)-Malate","refmet_name":"Malic acid"},"396":{"study_id":"ST000294","analysis_id":"AN000471","analysis_summary":"ESI Negative mode","metabolite_name":"sn-Glycero-3-phospho-1-inositol","refmet_name":"sn-Glycero-3-phosphoinositol"},"397":{"study_id":"ST000294","analysis_id":"AN000471","analysis_summary":"ESI Negative mode","metabolite_name":"sn-Glycero-3-phosphoethanolamine_1","refmet_name":"sn-Glycero-3-phosphoethanolamine"},"398":{"study_id":"ST000294","analysis_id":"AN000471","analysis_summary":"ESI Negative mode","metabolite_name":"sn-Glycero-3-phosphoethanolamine_2","refmet_name":"sn-Glycero-3-phosphoethanolamine"},"399":{"study_id":"ST000294","analysis_id":"AN000471","analysis_summary":"ESI Negative mode","metabolite_name":"sn-Glycerol 3-phosphate","refmet_name":"sn-Glycero-3-phosphate"},"400":{"study_id":"ST000294","analysis_id":"AN000471","analysis_summary":"ESI Negative mode","metabolite_name":"Sodium citrate","refmet_name":""},"401":{"study_id":"ST000294","analysis_id":"AN000471","analysis_summary":"ESI Negative mode","metabolite_name":"Suberic acid","refmet_name":"Suberic acid"},"402":{"study_id":"ST000294","analysis_id":"AN000471","analysis_summary":"ESI Negative mode","metabolite_name":"Succinate","refmet_name":"Succinic acid"},"403":{"study_id":"ST000294","analysis_id":"AN000471","analysis_summary":"ESI Negative mode","metabolite_name":"Taxa-4(20),11(12)-dien-5alpha-yl acetate","refmet_name":""},"404":{"study_id":"ST000294","analysis_id":"AN000471","analysis_summary":"ESI Negative mode","metabolite_name":"TDE_1","refmet_name":"DDD"},"405":{"study_id":"ST000294","analysis_id":"AN000471","analysis_summary":"ESI Negative mode","metabolite_name":"TDE_2","refmet_name":"DDD"},"406":{"study_id":"ST000294","analysis_id":"AN000471","analysis_summary":"ESI Negative mode","metabolite_name":"Terpendole G","refmet_name":""},"407":{"study_id":"ST000294","analysis_id":"AN000471","analysis_summary":"ESI Negative mode","metabolite_name":"Thiometon","refmet_name":"Thiometon"},"408":{"study_id":"ST000294","analysis_id":"AN000471","analysis_summary":"ESI Negative mode","metabolite_name":"Threonate","refmet_name":"Threonic acid"},"409":{"study_id":"ST000294","analysis_id":"AN000471","analysis_summary":"ESI Negative mode","metabolite_name":"Threonine","refmet_name":"Threonine"},"410":{"study_id":"ST000294","analysis_id":"AN000471","analysis_summary":"ESI Negative mode","metabolite_name":"Thymyl acetate","refmet_name":"Thymol acetate"},"411":{"study_id":"ST000294","analysis_id":"AN000471","analysis_summary":"ESI Negative mode","metabolite_name":"Triadimenol","refmet_name":"Triadimenol"},"412":{"study_id":"ST000294","analysis_id":"AN000471","analysis_summary":"ESI Negative mode","metabolite_name":"UDP-glucose","refmet_name":"UDP-glucose"},"413":{"study_id":"ST000294","analysis_id":"AN000471","analysis_summary":"ESI Negative mode","metabolite_name":"UDP-N-acetyl-alpha-D-glucosamine","refmet_name":"UDP-N-acetylglucosamine"},"414":{"study_id":"ST000294","analysis_id":"AN000471","analysis_summary":"ESI Negative mode","metabolite_name":"Urate_1","refmet_name":"Uric acid"},"415":{"study_id":"ST000294","analysis_id":"AN000471","analysis_summary":"ESI Negative mode","metabolite_name":"Urate_2","refmet_name":"Uric acid"},"416":{"study_id":"ST000294","analysis_id":"AN000471","analysis_summary":"ESI Negative mode","metabolite_name":"URIDINE","refmet_name":"Uridine"},"417":{"study_id":"ST000294","analysis_id":"AN000471","analysis_summary":"ESI Negative mode","metabolite_name":"Vicine","refmet_name":"Vicine"},"418":{"study_id":"ST000294","analysis_id":"AN000471","analysis_summary":"ESI Negative mode","metabolite_name":"Volkenin","refmet_name":"Volkenin"},"419":{"study_id":"ST000294","analysis_id":"AN000471","analysis_summary":"ESI Negative mode","metabolite_name":"Xanthine","refmet_name":"Xanthine"},"420":{"study_id":"ST000294","analysis_id":"AN000471","analysis_summary":"ESI Negative mode","metabolite_name":"Xanthurenic acid","refmet_name":"Xanthurenic acid"},"421":{"study_id":"ST000294","analysis_id":"AN000471","analysis_summary":"ESI Negative mode","metabolite_name":"Z-Arg-Arg-NHMec","refmet_name":""},"422":{"study_id":"ST000294","analysis_id":"AN000471","analysis_summary":"ESI Negative mode","metabolite_name":"Zeatin","refmet_name":"trans-Zeatin"},"423":{"study_id":"ST000294","analysis_id":"AN000471","analysis_summary":"ESI Negative mode","metabolite_name":"Zonisamide","refmet_name":"Zonisamide"}}