{"1":{"study_id":"ST000628","analysis_id":"AN000960","analysis_summary":"GC POSITIVE ION MODE","metabolite_name":"cis-Aconitic Acid","refmet_name":"cis-Aconitic acid"},"2":{"study_id":"ST000628","analysis_id":"AN000960","analysis_summary":"GC POSITIVE ION MODE","metabolite_name":"Citrate","refmet_name":"Citric acid"},"3":{"study_id":"ST000628","analysis_id":"AN000960","analysis_summary":"GC POSITIVE ION MODE","metabolite_name":"Fumarate","refmet_name":"Fumaric acid"},"4":{"study_id":"ST000628","analysis_id":"AN000960","analysis_summary":"GC POSITIVE ION MODE","metabolite_name":"Isocitrate","refmet_name":"Isocitric acid"},"5":{"study_id":"ST000628","analysis_id":"AN000960","analysis_summary":"GC POSITIVE ION MODE","metabolite_name":"Ketoglutarate","refmet_name":"Oxoglutaric acid"},"6":{"study_id":"ST000628","analysis_id":"AN000960","analysis_summary":"GC POSITIVE ION MODE","metabolite_name":"Lactate","refmet_name":"Lactic acid"},"7":{"study_id":"ST000628","analysis_id":"AN000960","analysis_summary":"GC POSITIVE ION MODE","metabolite_name":"Malate","refmet_name":"Malic acid"},"8":{"study_id":"ST000628","analysis_id":"AN000960","analysis_summary":"GC POSITIVE ION MODE","metabolite_name":"Oxaloacetate","refmet_name":"Oxaloacetic acid"},"9":{"study_id":"ST000628","analysis_id":"AN000960","analysis_summary":"GC POSITIVE ION MODE","metabolite_name":"Succinate","refmet_name":"Succinic acid"}}