{"1":{"study_id":"ST000546","analysis_id":"AN000832","analysis_summary":"HILIC POSITIVE ION MODE","metabolite_name":"1,2-Dihydroxy-5-(methylthio)pent-1-en-3-one","refmet_name":"1,2-Dihydroxy-3-keto-5-methylthiopentene"},"2":{"study_id":"ST000546","analysis_id":"AN000832","analysis_summary":"HILIC POSITIVE ION MODE","metabolite_name":"1H-Imidazole-4-ethanamine","refmet_name":"Histamine"},"3":{"study_id":"ST000546","analysis_id":"AN000832","analysis_summary":"HILIC POSITIVE ION MODE","metabolite_name":"2,3-Dimethylmaleate","refmet_name":"Dimethyl maleate"},"4":{"study_id":"ST000546","analysis_id":"AN000832","analysis_summary":"HILIC POSITIVE ION MODE","metabolite_name":"2-Amino-9,10-epoxy-8-oxodecanoic acid","refmet_name":"2-Amino-9,10-epoxy-8-oxodecanoic acid"},"5":{"study_id":"ST000546","analysis_id":"AN000832","analysis_summary":"HILIC POSITIVE ION MODE","metabolite_name":"2-Aminoacrylate","refmet_name":"2-Aminoacrylic acid"},"6":{"study_id":"ST000546","analysis_id":"AN000832","analysis_summary":"HILIC POSITIVE ION MODE","metabolite_name":"2-Oxobutanoate","refmet_name":"3-Methyl pyruvic acid"},"7":{"study_id":"ST000546","analysis_id":"AN000832","analysis_summary":"HILIC POSITIVE ION MODE","metabolite_name":"3,3',4',5,7-Pentahydroxy-8-methoxyflavone","refmet_name":"Corniculatusin"},"8":{"study_id":"ST000546","analysis_id":"AN000832","analysis_summary":"HILIC POSITIVE ION MODE","metabolite_name":"3,4-Dihydroxy-L-phenylalanine","refmet_name":"DOPA"},"9":{"study_id":"ST000546","analysis_id":"AN000832","analysis_summary":"HILIC POSITIVE ION MODE","metabolite_name":"3,5\/4-Trihydroxycyclohexa-1,2-dione","refmet_name":"Oxoadipic acid"},"10":{"study_id":"ST000546","analysis_id":"AN000832","analysis_summary":"HILIC POSITIVE ION MODE","metabolite_name":"3-Butynoate","refmet_name":"3-Butynoic acid"},"11":{"study_id":"ST000546","analysis_id":"AN000832","analysis_summary":"HILIC POSITIVE ION MODE","metabolite_name":"3-Carbamoyl-2-phenylpropionaldehyde","refmet_name":"Phenylacetylglycine"},"12":{"study_id":"ST000546","analysis_id":"AN000832","analysis_summary":"HILIC POSITIVE ION MODE","metabolite_name":"3-deoxy-D-galactose","refmet_name":"3-Deoxygalactose"},"13":{"study_id":"ST000546","analysis_id":"AN000832","analysis_summary":"HILIC POSITIVE ION MODE","metabolite_name":"3-Ethylmalate","refmet_name":""},"14":{"study_id":"ST000546","analysis_id":"AN000832","analysis_summary":"HILIC POSITIVE ION MODE","metabolite_name":"3-Hydroxy-N6,N6,N6-trimethyl-L-lysine","refmet_name":"3-Hydroxy-N6,N6,N6-trimethyl-lysine"},"15":{"study_id":"ST000546","analysis_id":"AN000832","analysis_summary":"HILIC POSITIVE ION MODE","metabolite_name":"3-Methyl-2-oxobutanoic acid","refmet_name":"Ketoisovaleric acid"},"16":{"study_id":"ST000546","analysis_id":"AN000832","analysis_summary":"HILIC POSITIVE ION MODE","metabolite_name":"3-Methyleneoxindole","refmet_name":"3-Methyleneoxindole"},"17":{"study_id":"ST000546","analysis_id":"AN000832","analysis_summary":"HILIC POSITIVE ION MODE","metabolite_name":"3-nitro-2-pentanol","refmet_name":""},"18":{"study_id":"ST000546","analysis_id":"AN000832","analysis_summary":"HILIC POSITIVE ION MODE","metabolite_name":"3-propylphosphoenolpyruvate","refmet_name":""},"19":{"study_id":"ST000546","analysis_id":"AN000832","analysis_summary":"HILIC POSITIVE ION MODE","metabolite_name":"3-ureidoacrylate","refmet_name":""},"20":{"study_id":"ST000546","analysis_id":"AN000832","analysis_summary":"HILIC POSITIVE ION MODE","metabolite_name":"4-Aminobutanal","refmet_name":"4-Aminobutyraldehyde"},"21":{"study_id":"ST000546","analysis_id":"AN000832","analysis_summary":"HILIC POSITIVE ION MODE","metabolite_name":"4-Aminobutanoate","refmet_name":"gamma-Aminobutyric acid"},"22":{"study_id":"ST000546","analysis_id":"AN000832","analysis_summary":"HILIC POSITIVE ION MODE","metabolite_name":"4-Hydroxy-4-methylglutamate","refmet_name":"(2S,4S)-4-Amino-2-hydroxy-2-methylpentanedioic acid"},"23":{"study_id":"ST000546","analysis_id":"AN000832","analysis_summary":"HILIC POSITIVE ION MODE","metabolite_name":"4-(Trimethylammonio)but-2-enoate","refmet_name":"(E)-4-(Trimethylammonio)but-2-enoate"},"24":{"study_id":"ST000546","analysis_id":"AN000832","analysis_summary":"HILIC POSITIVE ION MODE","metabolite_name":"4-Trimethylammoniobutanoate","refmet_name":"3-Dehydroxycarnitine"},"25":{"study_id":"ST000546","analysis_id":"AN000832","analysis_summary":"HILIC POSITIVE ION MODE","metabolite_name":"5-6-Dihydrouridine","refmet_name":"5,6-Dihydrouridine"},"26":{"study_id":"ST000546","analysis_id":"AN000832","analysis_summary":"HILIC POSITIVE ION MODE","metabolite_name":"5-Acetamidopentanoate","refmet_name":"5-Acetamidovaleric acid"},"27":{"study_id":"ST000546","analysis_id":"AN000832","analysis_summary":"HILIC POSITIVE ION MODE","metabolite_name":"5-Aminolevulinate","refmet_name":"5-Amino-levulinic acid"},"28":{"study_id":"ST000546","analysis_id":"AN000832","analysis_summary":"HILIC POSITIVE ION MODE","metabolite_name":"5-Guanidino-2-oxopentanoate","refmet_name":"2-Oxoarginine"},"29":{"study_id":"ST000546","analysis_id":"AN000832","analysis_summary":"HILIC POSITIVE ION MODE","metabolite_name":"5-Hydroxytryptophan","refmet_name":"5-Hydroxy-tryptophan"},"30":{"study_id":"ST000546","analysis_id":"AN000832","analysis_summary":"HILIC POSITIVE ION MODE","metabolite_name":"5-(L-Alanin-3-yl)-2-hydroxy-cis,cis-muconate 6-semialdehyde","refmet_name":""},"31":{"study_id":"ST000546","analysis_id":"AN000832","analysis_summary":"HILIC POSITIVE ION MODE","metabolite_name":"5'-Methylthioadenosine","refmet_name":"5'-Methylthioadenosine"},"32":{"study_id":"ST000546","analysis_id":"AN000832","analysis_summary":"HILIC POSITIVE ION MODE","metabolite_name":"5-Nitro-2-(3-phenylpropylamino)benzoic acid","refmet_name":"NPPB"},"33":{"study_id":"ST000546","analysis_id":"AN000832","analysis_summary":"HILIC POSITIVE ION MODE","metabolite_name":"6,7-Dimethyl-8-(1-D-ribityl)lumazine","refmet_name":"6,7-Dimethyl-8-(1-D-ribityl)lumazine"},"34":{"study_id":"ST000546","analysis_id":"AN000832","analysis_summary":"HILIC POSITIVE ION MODE","metabolite_name":"6-Acetyl-D-glucose","refmet_name":"6-Acetylglucose"},"35":{"study_id":"ST000546","analysis_id":"AN000832","analysis_summary":"HILIC POSITIVE ION MODE","metabolite_name":"6-deoxy-5-ketofructose-1-phosphate","refmet_name":"6-Hydroxyl-1,6-dihydropurine ribonucleoside"},"36":{"study_id":"ST000546","analysis_id":"AN000832","analysis_summary":"HILIC POSITIVE ION MODE","metabolite_name":"6-Hydroxyl-1,6-dihydropurine ribonucleoside","refmet_name":"6-Hydroxyl-1,6-dihydropurine ribonucleoside"},"37":{"study_id":"ST000546","analysis_id":"AN000832","analysis_summary":"HILIC POSITIVE ION MODE","metabolite_name":"(6R)-6-(L-Erythro-1,2-Dihydroxypropyl)-5,6,7,8-tetrahydro-4a-hydroxypterin","refmet_name":""},"38":{"study_id":"ST000546","analysis_id":"AN000832","analysis_summary":"HILIC POSITIVE ION MODE","metabolite_name":"7,8-H2pterin-6-ylmethyl-l-(4-aminophenyl)-1-deoxy-5-[1-alpha -D- ribofuranosyl 5-phosphate]-D-ribitol","refmet_name":""},"39":{"study_id":"ST000546","analysis_id":"AN000832","analysis_summary":"HILIC POSITIVE ION MODE","metabolite_name":"Acetone cyanohydrin","refmet_name":"2-Hydroxy-2-methylpropanenitrile"},"40":{"study_id":"ST000546","analysis_id":"AN000832","analysis_summary":"HILIC POSITIVE ION MODE","metabolite_name":"Adenine","refmet_name":"Adenine"},"41":{"study_id":"ST000546","analysis_id":"AN000832","analysis_summary":"HILIC POSITIVE ION MODE","metabolite_name":"ADP","refmet_name":"Adenosine"},"42":{"study_id":"ST000546","analysis_id":"AN000832","analysis_summary":"HILIC POSITIVE ION MODE","metabolite_name":"aeruginosin A","refmet_name":""},"43":{"study_id":"ST000546","analysis_id":"AN000832","analysis_summary":"HILIC POSITIVE ION MODE","metabolite_name":"Ala-Ala-Ala-Asp","refmet_name":""},"44":{"study_id":"ST000546","analysis_id":"AN000832","analysis_summary":"HILIC POSITIVE ION MODE","metabolite_name":"Ala-Ala-Asp-Tyr","refmet_name":""},"45":{"study_id":"ST000546","analysis_id":"AN000832","analysis_summary":"HILIC POSITIVE ION MODE","metabolite_name":"Ala-Ala-Gln-Ser","refmet_name":""},"46":{"study_id":"ST000546","analysis_id":"AN000832","analysis_summary":"HILIC POSITIVE ION MODE","metabolite_name":"Ala-Ala-Ser","refmet_name":"Ala-Ala-Ser"},"47":{"study_id":"ST000546","analysis_id":"AN000832","analysis_summary":"HILIC POSITIVE ION MODE","metabolite_name":"Ala-Asn-Asn-Asp","refmet_name":""},"48":{"study_id":"ST000546","analysis_id":"AN000832","analysis_summary":"HILIC POSITIVE ION MODE","metabolite_name":"Ala-Asn-Pro","refmet_name":"Ala-Asn-Pro"},"49":{"study_id":"ST000546","analysis_id":"AN000832","analysis_summary":"HILIC POSITIVE ION MODE","metabolite_name":"Ala-Asp-Asp","refmet_name":"Ala-Asp-Asp"},"50":{"study_id":"ST000546","analysis_id":"AN000832","analysis_summary":"HILIC POSITIVE ION MODE","metabolite_name":"Ala-Asp-Cys-Ser","refmet_name":""},"51":{"study_id":"ST000546","analysis_id":"AN000832","analysis_summary":"HILIC POSITIVE ION MODE","metabolite_name":"Ala-Asp-Gly-Arg","refmet_name":""},"52":{"study_id":"ST000546","analysis_id":"AN000832","analysis_summary":"HILIC POSITIVE ION MODE","metabolite_name":"Ala-Asp-Gly-Pro","refmet_name":""},"53":{"study_id":"ST000546","analysis_id":"AN000832","analysis_summary":"HILIC POSITIVE ION MODE","metabolite_name":"Ala-Asp-Pro","refmet_name":"Ala-Asp-Pro"},"54":{"study_id":"ST000546","analysis_id":"AN000832","analysis_summary":"HILIC POSITIVE ION MODE","metabolite_name":"Ala-Asp-Ser","refmet_name":"Ala-Asp-Ser"},"55":{"study_id":"ST000546","analysis_id":"AN000832","analysis_summary":"HILIC POSITIVE ION MODE","metabolite_name":"Ala-Glu-Gln-Glu","refmet_name":""},"56":{"study_id":"ST000546","analysis_id":"AN000832","analysis_summary":"HILIC POSITIVE ION MODE","metabolite_name":"Ala-Glu-Glu-His","refmet_name":""},"57":{"study_id":"ST000546","analysis_id":"AN000832","analysis_summary":"HILIC POSITIVE ION MODE","metabolite_name":"Ala-Gly-Gly","refmet_name":"Ala-Gly-Gly"},"58":{"study_id":"ST000546","analysis_id":"AN000832","analysis_summary":"HILIC POSITIVE ION MODE","metabolite_name":"Ala-Gly-Pro","refmet_name":"Ala-Gly-Pro"},"59":{"study_id":"ST000546","analysis_id":"AN000832","analysis_summary":"HILIC POSITIVE ION MODE","metabolite_name":"Ala-Gly-Ser","refmet_name":"Ala-Gly-Ser"},"60":{"study_id":"ST000546","analysis_id":"AN000832","analysis_summary":"HILIC POSITIVE ION MODE","metabolite_name":"Ala-Leu-Asn-Ser","refmet_name":""},"61":{"study_id":"ST000546","analysis_id":"AN000832","analysis_summary":"HILIC POSITIVE ION MODE","metabolite_name":"Ala-Leu-Lys-Asp","refmet_name":""},"62":{"study_id":"ST000546","analysis_id":"AN000832","analysis_summary":"HILIC POSITIVE ION MODE","metabolite_name":"Ala-Leu-Thr-Ala","refmet_name":""},"63":{"study_id":"ST000546","analysis_id":"AN000832","analysis_summary":"HILIC POSITIVE ION MODE","metabolite_name":"Ala-Leu-Trp-Ser","refmet_name":""},"64":{"study_id":"ST000546","analysis_id":"AN000832","analysis_summary":"HILIC POSITIVE ION MODE","metabolite_name":"Ala-Lys-Asp-Gly","refmet_name":""},"65":{"study_id":"ST000546","analysis_id":"AN000832","analysis_summary":"HILIC POSITIVE ION MODE","metabolite_name":"Ala-Lys-Lys-Asp","refmet_name":""},"66":{"study_id":"ST000546","analysis_id":"AN000832","analysis_summary":"HILIC POSITIVE ION MODE","metabolite_name":"Ala-Pro","refmet_name":"Ala-Pro"},"67":{"study_id":"ST000546","analysis_id":"AN000832","analysis_summary":"HILIC POSITIVE ION MODE","metabolite_name":"Ala-Pro-Ser-Ser","refmet_name":""},"68":{"study_id":"ST000546","analysis_id":"AN000832","analysis_summary":"HILIC POSITIVE ION MODE","metabolite_name":"Ala-Thr-Ala-Asp","refmet_name":""},"69":{"study_id":"ST000546","analysis_id":"AN000832","analysis_summary":"HILIC POSITIVE ION MODE","metabolite_name":"Ala-Thr-Ala-Ser","refmet_name":""},"70":{"study_id":"ST000546","analysis_id":"AN000832","analysis_summary":"HILIC POSITIVE ION MODE","metabolite_name":"Ala-Thr-Asp-Asp","refmet_name":""},"71":{"study_id":"ST000546","analysis_id":"AN000832","analysis_summary":"HILIC POSITIVE ION MODE","metabolite_name":"Ala-Thr-Thr-Ala","refmet_name":""},"72":{"study_id":"ST000546","analysis_id":"AN000832","analysis_summary":"HILIC POSITIVE ION MODE","metabolite_name":"Ala-Val-Asp-Ser","refmet_name":""},"73":{"study_id":"ST000546","analysis_id":"AN000832","analysis_summary":"HILIC POSITIVE ION MODE","metabolite_name":"Aloesin","refmet_name":"Aloesin"},"74":{"study_id":"ST000546","analysis_id":"AN000832","analysis_summary":"HILIC POSITIVE ION MODE","metabolite_name":"alpha-(2,6-anhydro-3-deoxy-D-arabino-heptulopyranosid)onate 7-phosphate","refmet_name":""},"75":{"study_id":"ST000546","analysis_id":"AN000832","analysis_summary":"HILIC POSITIVE ION MODE","metabolite_name":"AMP","refmet_name":"AMP"},"76":{"study_id":"ST000546","analysis_id":"AN000832","analysis_summary":"HILIC POSITIVE ION MODE","metabolite_name":"Amurensine","refmet_name":"Amurensine"},"77":{"study_id":"ST000546","analysis_id":"AN000832","analysis_summary":"HILIC POSITIVE ION MODE","metabolite_name":"Asn-Asn","refmet_name":"Asn-Asn"},"78":{"study_id":"ST000546","analysis_id":"AN000832","analysis_summary":"HILIC POSITIVE ION MODE","metabolite_name":"Asn-Asn-Asp","refmet_name":"Asn-Asn-Asp"},"79":{"study_id":"ST000546","analysis_id":"AN000832","analysis_summary":"HILIC POSITIVE ION MODE","metabolite_name":"Asn-Asn-Gln-Ser","refmet_name":""},"80":{"study_id":"ST000546","analysis_id":"AN000832","analysis_summary":"HILIC POSITIVE ION MODE","metabolite_name":"Asn-Asp","refmet_name":"Asn-Asp"},"81":{"study_id":"ST000546","analysis_id":"AN000832","analysis_summary":"HILIC POSITIVE ION MODE","metabolite_name":"Asn-Asp-Pro","refmet_name":"Asn-Asp-Pro"},"82":{"study_id":"ST000546","analysis_id":"AN000832","analysis_summary":"HILIC POSITIVE ION MODE","metabolite_name":"Asn-Leu-Pro-Pro","refmet_name":""},"83":{"study_id":"ST000546","analysis_id":"AN000832","analysis_summary":"HILIC POSITIVE ION MODE","metabolite_name":"Asn-Lys-Gly-Pro","refmet_name":""},"84":{"study_id":"ST000546","analysis_id":"AN000832","analysis_summary":"HILIC POSITIVE ION MODE","metabolite_name":"Asn-Pro","refmet_name":"Asn-Pro"},"85":{"study_id":"ST000546","analysis_id":"AN000832","analysis_summary":"HILIC POSITIVE ION MODE","metabolite_name":"Asn-Thr-Cys-His","refmet_name":""},"86":{"study_id":"ST000546","analysis_id":"AN000832","analysis_summary":"HILIC POSITIVE ION MODE","metabolite_name":"Asn-Val-Asn-Asn","refmet_name":""},"87":{"study_id":"ST000546","analysis_id":"AN000832","analysis_summary":"HILIC POSITIVE ION MODE","metabolite_name":"Asp-Arg","refmet_name":"Asp-Arg"},"88":{"study_id":"ST000546","analysis_id":"AN000832","analysis_summary":"HILIC POSITIVE ION MODE","metabolite_name":"Aspartyl-L-proline","refmet_name":"Asp-Pro"},"89":{"study_id":"ST000546","analysis_id":"AN000832","analysis_summary":"HILIC POSITIVE ION MODE","metabolite_name":"Asp-Asp-Gln-Pro","refmet_name":""},"90":{"study_id":"ST000546","analysis_id":"AN000832","analysis_summary":"HILIC POSITIVE ION MODE","metabolite_name":"Asp-Cys-Cys-Ser","refmet_name":"S-Glutathionyl-cysteine"},"91":{"study_id":"ST000546","analysis_id":"AN000832","analysis_summary":"HILIC POSITIVE ION MODE","metabolite_name":"Asp-Gly-Arg","refmet_name":"Asp-Gly-Arg"},"92":{"study_id":"ST000546","analysis_id":"AN000832","analysis_summary":"HILIC POSITIVE ION MODE","metabolite_name":"Asp-Leu-Lys-Asp","refmet_name":""},"93":{"study_id":"ST000546","analysis_id":"AN000832","analysis_summary":"HILIC POSITIVE ION MODE","metabolite_name":"Asp-Lys-Asp-Pro","refmet_name":""},"94":{"study_id":"ST000546","analysis_id":"AN000832","analysis_summary":"HILIC POSITIVE ION MODE","metabolite_name":"Asp-Met-Asp-Gly","refmet_name":""},"95":{"study_id":"ST000546","analysis_id":"AN000832","analysis_summary":"HILIC POSITIVE ION MODE","metabolite_name":"Asp-Ser-Ser","refmet_name":"Asp-Ser-Ser"},"96":{"study_id":"ST000546","analysis_id":"AN000832","analysis_summary":"HILIC POSITIVE ION MODE","metabolite_name":"Asp-Thr-Cys-Cys","refmet_name":""},"97":{"study_id":"ST000546","analysis_id":"AN000832","analysis_summary":"HILIC POSITIVE ION MODE","metabolite_name":"Asp-Val-Pro-Ser","refmet_name":""},"98":{"study_id":"ST000546","analysis_id":"AN000832","analysis_summary":"HILIC POSITIVE ION MODE","metabolite_name":"ATP","refmet_name":"ATP"},"99":{"study_id":"ST000546","analysis_id":"AN000832","analysis_summary":"HILIC POSITIVE ION MODE","metabolite_name":"Avenic acid A","refmet_name":""},"100":{"study_id":"ST000546","analysis_id":"AN000832","analysis_summary":"HILIC POSITIVE ION MODE","metabolite_name":"Benzene-1,2,4-triol","refmet_name":"1,2,4-Trihydroxybenzene"},"101":{"study_id":"ST000546","analysis_id":"AN000832","analysis_summary":"HILIC POSITIVE ION MODE","metabolite_name":"Brunfelsamidine","refmet_name":"Brunfelsamidine"},"102":{"study_id":"ST000546","analysis_id":"AN000832","analysis_summary":"HILIC POSITIVE ION MODE","metabolite_name":"CDP-choline","refmet_name":"Cytidine 5'-diphosphocholine"},"103":{"study_id":"ST000546","analysis_id":"AN000832","analysis_summary":"HILIC POSITIVE ION MODE","metabolite_name":"CDP-ethanolamine","refmet_name":"CDP-Ethanolamine"},"104":{"study_id":"ST000546","analysis_id":"AN000832","analysis_summary":"HILIC POSITIVE ION MODE","metabolite_name":"Choline","refmet_name":"Choline"},"105":{"study_id":"ST000546","analysis_id":"AN000832","analysis_summary":"HILIC POSITIVE ION MODE","metabolite_name":"Choline phosphate","refmet_name":"Choline phosphate"},"106":{"study_id":"ST000546","analysis_id":"AN000832","analysis_summary":"HILIC POSITIVE ION MODE","metabolite_name":"Cohibin A","refmet_name":""},"107":{"study_id":"ST000546","analysis_id":"AN000832","analysis_summary":"HILIC POSITIVE ION MODE","metabolite_name":"Convicine","refmet_name":"Convicine"},"108":{"study_id":"ST000546","analysis_id":"AN000832","analysis_summary":"HILIC POSITIVE ION MODE","metabolite_name":"Corydaline","refmet_name":"Corydaline"},"109":{"study_id":"ST000546","analysis_id":"AN000832","analysis_summary":"HILIC POSITIVE ION MODE","metabolite_name":"Creatine","refmet_name":"Creatine"},"110":{"study_id":"ST000546","analysis_id":"AN000832","analysis_summary":"HILIC POSITIVE ION MODE","metabolite_name":"Creatinine","refmet_name":"Creatinine"},"111":{"study_id":"ST000546","analysis_id":"AN000832","analysis_summary":"HILIC POSITIVE ION MODE","metabolite_name":"Cytidine","refmet_name":"Cytidine"},"112":{"study_id":"ST000546","analysis_id":"AN000832","analysis_summary":"HILIC POSITIVE ION MODE","metabolite_name":"dCMP","refmet_name":"dCMP"},"113":{"study_id":"ST000546","analysis_id":"AN000832","analysis_summary":"HILIC POSITIVE ION MODE","metabolite_name":"D-erythro-D-galacto-octitol","refmet_name":"D-Erythro-D-galacto-octitol"},"114":{"study_id":"ST000546","analysis_id":"AN000832","analysis_summary":"HILIC POSITIVE ION MODE","metabolite_name":"D-Erythrose 4-phosphate","refmet_name":"Erythrose 4-phosphate"},"115":{"study_id":"ST000546","analysis_id":"AN000832","analysis_summary":"HILIC POSITIVE ION MODE","metabolite_name":"DG(P-32:1)","refmet_name":"DG P-32:1"},"116":{"study_id":"ST000546","analysis_id":"AN000832","analysis_summary":"HILIC POSITIVE ION MODE","metabolite_name":"Diacetyl","refmet_name":"Diacetyl"},"117":{"study_id":"ST000546","analysis_id":"AN000832","analysis_summary":"HILIC POSITIVE ION MODE","metabolite_name":"dibenzothiophene-5-oxide","refmet_name":""},"118":{"study_id":"ST000546","analysis_id":"AN000832","analysis_summary":"HILIC POSITIVE ION MODE","metabolite_name":"Dieporeticenin","refmet_name":""},"119":{"study_id":"ST000546","analysis_id":"AN000832","analysis_summary":"HILIC POSITIVE ION MODE","metabolite_name":"Dihydroclavaminic acid","refmet_name":"Dihydroclavaminic acid"},"120":{"study_id":"ST000546","analysis_id":"AN000832","analysis_summary":"HILIC POSITIVE ION MODE","metabolite_name":"Dihydroferuloylglycine","refmet_name":""},"121":{"study_id":"ST000546","analysis_id":"AN000832","analysis_summary":"HILIC POSITIVE ION MODE","metabolite_name":"dihydrothymidine","refmet_name":"5,6-Dihydrothymidine"},"122":{"study_id":"ST000546","analysis_id":"AN000832","analysis_summary":"HILIC POSITIVE ION MODE","metabolite_name":"Dihydrozeatin-O-glucoside","refmet_name":"Dihydrozeatin-O-glucoside"},"123":{"study_id":"ST000546","analysis_id":"AN000832","analysis_summary":"HILIC POSITIVE ION MODE","metabolite_name":"EPC(d35:1)","refmet_name":"EPC 35:1;O2"},"124":{"study_id":"ST000546","analysis_id":"AN000832","analysis_summary":"HILIC POSITIVE ION MODE","metabolite_name":"EPC(d38:1)","refmet_name":"EPC 38:1;O2"},"125":{"study_id":"ST000546","analysis_id":"AN000832","analysis_summary":"HILIC POSITIVE ION MODE","metabolite_name":"epsilon-aminocaproamide","refmet_name":"N-Acetylputrescine"},"126":{"study_id":"ST000546","analysis_id":"AN000832","analysis_summary":"HILIC POSITIVE ION MODE","metabolite_name":"Epsilon-(gamma-Glutamyl)-lysine","refmet_name":"Epsilon-(gamma-Glutamyl)-lysine"},"127":{"study_id":"ST000546","analysis_id":"AN000832","analysis_summary":"HILIC POSITIVE ION MODE","metabolite_name":"Ethanolamine phosphate","refmet_name":"Phosphoethanolamine"},"128":{"study_id":"ST000546","analysis_id":"AN000832","analysis_summary":"HILIC POSITIVE ION MODE","metabolite_name":"[FA (5:2)] 2,4-pentadienoic acid","refmet_name":"beta-Vinyl acrylic acid"},"129":{"study_id":"ST000546","analysis_id":"AN000832","analysis_summary":"HILIC POSITIVE ION MODE","metabolite_name":"FA oxo(19:0)","refmet_name":""},"130":{"study_id":"ST000546","analysis_id":"AN000832","analysis_summary":"HILIC POSITIVE ION MODE","metabolite_name":"[FA oxo(21:0)] 2-oxo-heneicosanoic acid","refmet_name":""},"131":{"study_id":"ST000546","analysis_id":"AN000832","analysis_summary":"HILIC POSITIVE ION MODE","metabolite_name":"Febrifugine","refmet_name":"Febrifugine"},"132":{"study_id":"ST000546","analysis_id":"AN000832","analysis_summary":"HILIC POSITIVE ION MODE","metabolite_name":"Furfural","refmet_name":"2-Furancarboxaldehyde"},"133":{"study_id":"ST000546","analysis_id":"AN000832","analysis_summary":"HILIC POSITIVE ION MODE","metabolite_name":"gamma-Glutamyl-gamma-aminobutyraldehyde","refmet_name":"gamma-Glutamyl-gamma-aminobutyraldehyde"},"134":{"study_id":"ST000546","analysis_id":"AN000832","analysis_summary":"HILIC POSITIVE ION MODE","metabolite_name":"Gamma-Glutamylglutamine","refmet_name":"gamma-Glutamylglutamine"},"135":{"study_id":"ST000546","analysis_id":"AN000832","analysis_summary":"HILIC POSITIVE ION MODE","metabolite_name":"Gammaglutamylornithine","refmet_name":"gamma-Glutamylornithine"},"136":{"study_id":"ST000546","analysis_id":"AN000832","analysis_summary":"HILIC POSITIVE ION MODE","metabolite_name":"gamma-Glutamyl-Se-methylselenocysteine","refmet_name":"gamma-Glutamyl-Se-methylselenocysteine"},"137":{"study_id":"ST000546","analysis_id":"AN000832","analysis_summary":"HILIC POSITIVE ION MODE","metabolite_name":"gamma-L-Glutamyl-L-cysteine","refmet_name":"gamma-Glutamylcysteine"},"138":{"study_id":"ST000546","analysis_id":"AN000832","analysis_summary":"HILIC POSITIVE ION MODE","metabolite_name":"gamma-L-Glutamyl-L-cysteinyl-beta-alanine","refmet_name":"Homoglutathione"},"139":{"study_id":"ST000546","analysis_id":"AN000832","analysis_summary":"HILIC POSITIVE ION MODE","metabolite_name":"gamma-thiomethyl glutamate","refmet_name":""},"140":{"study_id":"ST000546","analysis_id":"AN000832","analysis_summary":"HILIC POSITIVE ION MODE","metabolite_name":"GDP","refmet_name":"GDP"},"141":{"study_id":"ST000546","analysis_id":"AN000832","analysis_summary":"HILIC POSITIVE ION MODE","metabolite_name":"GDP-3,6-dideoxy-D-galactose","refmet_name":"GDP-3,6-dideoxy-D-galactose"},"142":{"study_id":"ST000546","analysis_id":"AN000832","analysis_summary":"HILIC POSITIVE ION MODE","metabolite_name":"GDP-L-fucose","refmet_name":"GDP-L-fucose"},"143":{"study_id":"ST000546","analysis_id":"AN000832","analysis_summary":"HILIC POSITIVE ION MODE","metabolite_name":"Glu-Ala-Asp","refmet_name":"Glu-Ala-Asp"},"144":{"study_id":"ST000546","analysis_id":"AN000832","analysis_summary":"HILIC POSITIVE ION MODE","metabolite_name":"Glu-Ala-Glu","refmet_name":"Glu-Ala-Glu"},"145":{"study_id":"ST000546","analysis_id":"AN000832","analysis_summary":"HILIC POSITIVE ION MODE","metabolite_name":"Glu-Ala-Pro","refmet_name":"Glu-Ala-Pro"},"146":{"study_id":"ST000546","analysis_id":"AN000832","analysis_summary":"HILIC POSITIVE ION MODE","metabolite_name":"Glu-Ala-Ser","refmet_name":"Glu-Ala-Ser"},"147":{"study_id":"ST000546","analysis_id":"AN000832","analysis_summary":"HILIC POSITIVE ION MODE","metabolite_name":"Glu-Ala-Val","refmet_name":"Glu-Ala-Val"},"148":{"study_id":"ST000546","analysis_id":"AN000832","analysis_summary":"HILIC POSITIVE ION MODE","metabolite_name":"Glu-Arg","refmet_name":"Glu-Arg"},"149":{"study_id":"ST000546","analysis_id":"AN000832","analysis_summary":"HILIC POSITIVE ION MODE","metabolite_name":"Glu-Asp-Val","refmet_name":"Glu-Asp-Val"},"150":{"study_id":"ST000546","analysis_id":"AN000832","analysis_summary":"HILIC POSITIVE ION MODE","metabolite_name":"Glu-Glu","refmet_name":"Glu-Glu"},"151":{"study_id":"ST000546","analysis_id":"AN000832","analysis_summary":"HILIC POSITIVE ION MODE","metabolite_name":"Glu-Glu-Gln-His","refmet_name":""},"152":{"study_id":"ST000546","analysis_id":"AN000832","analysis_summary":"HILIC POSITIVE ION MODE","metabolite_name":"Glu-Glu-Lys-Pro","refmet_name":""},"153":{"study_id":"ST000546","analysis_id":"AN000832","analysis_summary":"HILIC POSITIVE ION MODE","metabolite_name":"Glu-Glu-Pro","refmet_name":"Glu-Glu-Pro"},"154":{"study_id":"ST000546","analysis_id":"AN000832","analysis_summary":"HILIC POSITIVE ION MODE","metabolite_name":"Glu-Ser-Val","refmet_name":"Glu-Ser-Val"},"155":{"study_id":"ST000546","analysis_id":"AN000832","analysis_summary":"HILIC POSITIVE ION MODE","metabolite_name":"Glutathione","refmet_name":"Glutathione"},"156":{"study_id":"ST000546","analysis_id":"AN000832","analysis_summary":"HILIC POSITIVE ION MODE","metabolite_name":"Glutathione disulfide","refmet_name":"Oxidized glutathione"},"157":{"study_id":"ST000546","analysis_id":"AN000832","analysis_summary":"HILIC POSITIVE ION MODE","metabolite_name":"Glu-Thr","refmet_name":"Glu-Thr"},"158":{"study_id":"ST000546","analysis_id":"AN000832","analysis_summary":"HILIC POSITIVE ION MODE","metabolite_name":"Glycerone phosphate","refmet_name":"Dihydroxyacetone phosphate"},"159":{"study_id":"ST000546","analysis_id":"AN000832","analysis_summary":"HILIC POSITIVE ION MODE","metabolite_name":"Glycerophosphoglycerol","refmet_name":"sn-Glycero-3-phosphoglycerol"},"160":{"study_id":"ST000546","analysis_id":"AN000832","analysis_summary":"HILIC POSITIVE ION MODE","metabolite_name":"GMP","refmet_name":"GMP"},"161":{"study_id":"ST000546","analysis_id":"AN000832","analysis_summary":"HILIC POSITIVE ION MODE","metabolite_name":"Guanine","refmet_name":"Guanine"},"162":{"study_id":"ST000546","analysis_id":"AN000832","analysis_summary":"HILIC POSITIVE ION MODE","metabolite_name":"Heme","refmet_name":"Heme"},"163":{"study_id":"ST000546","analysis_id":"AN000832","analysis_summary":"HILIC POSITIVE ION MODE","metabolite_name":"Hercynine","refmet_name":"Hercynine"},"164":{"study_id":"ST000546","analysis_id":"AN000832","analysis_summary":"HILIC POSITIVE ION MODE","metabolite_name":"Hexylamine","refmet_name":"Hexylamine"},"165":{"study_id":"ST000546","analysis_id":"AN000832","analysis_summary":"HILIC POSITIVE ION MODE","metabolite_name":"Histidinyl-Histidine","refmet_name":"His-His"},"166":{"study_id":"ST000546","analysis_id":"AN000832","analysis_summary":"HILIC POSITIVE ION MODE","metabolite_name":"Hydroxybutyrylcarnitine","refmet_name":"CAR 5:0;OH"},"167":{"study_id":"ST000546","analysis_id":"AN000832","analysis_summary":"HILIC POSITIVE ION MODE","metabolite_name":"Hypaphorine","refmet_name":"Lenticin"},"168":{"study_id":"ST000546","analysis_id":"AN000832","analysis_summary":"HILIC POSITIVE ION MODE","metabolite_name":"Hypoxanthine","refmet_name":"Hypoxanthine"},"169":{"study_id":"ST000546","analysis_id":"AN000832","analysis_summary":"HILIC POSITIVE ION MODE","metabolite_name":"Ile-Ala","refmet_name":"Ile-Ala"},"170":{"study_id":"ST000546","analysis_id":"AN000832","analysis_summary":"HILIC POSITIVE ION MODE","metabolite_name":"Ile-Cys-Gly","refmet_name":"Ile-Cys-Gly"},"171":{"study_id":"ST000546","analysis_id":"AN000832","analysis_summary":"HILIC POSITIVE ION MODE","metabolite_name":"Ile-Lys","refmet_name":"Ile-Lys"},"172":{"study_id":"ST000546","analysis_id":"AN000832","analysis_summary":"HILIC POSITIVE ION MODE","metabolite_name":"Ile-Lys-Pro","refmet_name":"Ile-Lys-Pro"},"173":{"study_id":"ST000546","analysis_id":"AN000832","analysis_summary":"HILIC POSITIVE ION MODE","metabolite_name":"Ile-Lys-Ser","refmet_name":"Ile-Lys-Ser"},"174":{"study_id":"ST000546","analysis_id":"AN000832","analysis_summary":"HILIC POSITIVE ION MODE","metabolite_name":"Ile-Ser-Val","refmet_name":"Ile-Ser-Val"},"175":{"study_id":"ST000546","analysis_id":"AN000832","analysis_summary":"HILIC POSITIVE ION MODE","metabolite_name":"IMP","refmet_name":"IMP"},"176":{"study_id":"ST000546","analysis_id":"AN000832","analysis_summary":"HILIC POSITIVE ION MODE","metabolite_name":"Indole","refmet_name":"Indole"},"177":{"study_id":"ST000546","analysis_id":"AN000832","analysis_summary":"HILIC POSITIVE ION MODE","metabolite_name":"Indoleacrylicacid","refmet_name":"Indoleacrylic acid"},"178":{"study_id":"ST000546","analysis_id":"AN000832","analysis_summary":"HILIC POSITIVE ION MODE","metabolite_name":"Inosine","refmet_name":"Inosine"},"179":{"study_id":"ST000546","analysis_id":"AN000832","analysis_summary":"HILIC POSITIVE ION MODE","metabolite_name":"Isolinderanolide","refmet_name":"Isolinderanolide"},"180":{"study_id":"ST000546","analysis_id":"AN000832","analysis_summary":"HILIC POSITIVE ION MODE","metabolite_name":"Isoquinoline","refmet_name":"Isoquinoline"},"181":{"study_id":"ST000546","analysis_id":"AN000832","analysis_summary":"HILIC POSITIVE ION MODE","metabolite_name":"Isovalerylglutamicacid","refmet_name":""},"182":{"study_id":"ST000546","analysis_id":"AN000832","analysis_summary":"HILIC POSITIVE ION MODE","metabolite_name":"Kievitone hydrate","refmet_name":"Kievitone hydrate"},"183":{"study_id":"ST000546","analysis_id":"AN000832","analysis_summary":"HILIC POSITIVE ION MODE","metabolite_name":"L-2-Aminoadipate","refmet_name":"Aminoadipic acid"},"184":{"study_id":"ST000546","analysis_id":"AN000832","analysis_summary":"HILIC POSITIVE ION MODE","metabolite_name":"L-Alanine","refmet_name":"Alanine"},"185":{"study_id":"ST000546","analysis_id":"AN000832","analysis_summary":"HILIC POSITIVE ION MODE","metabolite_name":"L-Arginine","refmet_name":"Arginine"},"186":{"study_id":"ST000546","analysis_id":"AN000832","analysis_summary":"HILIC POSITIVE ION MODE","metabolite_name":"L-Asparagine","refmet_name":"Asparagine"},"187":{"study_id":"ST000546","analysis_id":"AN000832","analysis_summary":"HILIC POSITIVE ION MODE","metabolite_name":"L-beta-aspartyl-L-asparticacid","refmet_name":""},"188":{"study_id":"ST000546","analysis_id":"AN000832","analysis_summary":"HILIC POSITIVE ION MODE","metabolite_name":"L-beta-aspartyl-L-glutamicacid","refmet_name":""},"189":{"study_id":"ST000546","analysis_id":"AN000832","analysis_summary":"HILIC POSITIVE ION MODE","metabolite_name":"L-beta-aspartyl-L-threonine","refmet_name":""},"190":{"study_id":"ST000546","analysis_id":"AN000832","analysis_summary":"HILIC POSITIVE ION MODE","metabolite_name":"L-Citrulline","refmet_name":"Citrulline"},"191":{"study_id":"ST000546","analysis_id":"AN000832","analysis_summary":"HILIC POSITIVE ION MODE","metabolite_name":"L-Cystine","refmet_name":"Cystine"},"192":{"study_id":"ST000546","analysis_id":"AN000832","analysis_summary":"HILIC POSITIVE ION MODE","metabolite_name":"Leu-Pro","refmet_name":"Leu-Pro"},"193":{"study_id":"ST000546","analysis_id":"AN000832","analysis_summary":"HILIC POSITIVE ION MODE","metabolite_name":"L-gamma-glutamyl-L-isoleucine","refmet_name":"gamma-Glutamylisoleucine"},"194":{"study_id":"ST000546","analysis_id":"AN000832","analysis_summary":"HILIC POSITIVE ION MODE","metabolite_name":"L-gamma-glutamyl-L-valine","refmet_name":"gamma-Glutamylvaline"},"195":{"study_id":"ST000546","analysis_id":"AN000832","analysis_summary":"HILIC POSITIVE ION MODE","metabolite_name":"L-Glutamate","refmet_name":"Glutamic acid"},"196":{"study_id":"ST000546","analysis_id":"AN000832","analysis_summary":"HILIC POSITIVE ION MODE","metabolite_name":"L-Glutamine","refmet_name":"Glutamine"},"197":{"study_id":"ST000546","analysis_id":"AN000832","analysis_summary":"HILIC POSITIVE ION MODE","metabolite_name":"L-Histidine","refmet_name":"Histidine"},"198":{"study_id":"ST000546","analysis_id":"AN000832","analysis_summary":"HILIC POSITIVE ION MODE","metabolite_name":"L-Leucine","refmet_name":"Leucine"},"199":{"study_id":"ST000546","analysis_id":"AN000832","analysis_summary":"HILIC POSITIVE ION MODE","metabolite_name":"L-Lysine","refmet_name":"Lysine"},"200":{"study_id":"ST000546","analysis_id":"AN000832","analysis_summary":"HILIC POSITIVE ION MODE","metabolite_name":"L-Lysine 1,6-lactam","refmet_name":"L-2-aminohexano-6-lactam"},"201":{"study_id":"ST000546","analysis_id":"AN000832","analysis_summary":"HILIC POSITIVE ION MODE","metabolite_name":"L-Methionine","refmet_name":"Methionine"},"202":{"study_id":"ST000546","analysis_id":"AN000832","analysis_summary":"HILIC POSITIVE ION MODE","metabolite_name":"L-Methionine S-oxide","refmet_name":"Methionine"},"203":{"study_id":"ST000546","analysis_id":"AN000832","analysis_summary":"HILIC POSITIVE ION MODE","metabolite_name":"L-Ornithine","refmet_name":"Ornithine"},"204":{"study_id":"ST000546","analysis_id":"AN000832","analysis_summary":"HILIC POSITIVE ION MODE","metabolite_name":"L-Phenylalanine","refmet_name":"Phenylalanine"},"205":{"study_id":"ST000546","analysis_id":"AN000832","analysis_summary":"HILIC POSITIVE ION MODE","metabolite_name":"L-Pipecolate","refmet_name":"Pipecolic acid"},"206":{"study_id":"ST000546","analysis_id":"AN000832","analysis_summary":"HILIC POSITIVE ION MODE","metabolite_name":"L-Proline","refmet_name":"Proline"},"207":{"study_id":"ST000546","analysis_id":"AN000832","analysis_summary":"HILIC POSITIVE ION MODE","metabolite_name":"L-proline amide","refmet_name":""},"208":{"study_id":"ST000546","analysis_id":"AN000832","analysis_summary":"HILIC POSITIVE ION MODE","metabolite_name":"L-Serine","refmet_name":"Serine"},"209":{"study_id":"ST000546","analysis_id":"AN000832","analysis_summary":"HILIC POSITIVE ION MODE","metabolite_name":"L-Threonine","refmet_name":"Threonine"},"210":{"study_id":"ST000546","analysis_id":"AN000832","analysis_summary":"HILIC POSITIVE ION MODE","metabolite_name":"L-Tryptophan","refmet_name":"Tryptophan"},"211":{"study_id":"ST000546","analysis_id":"AN000832","analysis_summary":"HILIC POSITIVE ION MODE","metabolite_name":"L-Tyrosine","refmet_name":"Tyrosine"},"212":{"study_id":"ST000546","analysis_id":"AN000832","analysis_summary":"HILIC POSITIVE ION MODE","metabolite_name":"Lys-Asn","refmet_name":"Lys-Asn"},"213":{"study_id":"ST000546","analysis_id":"AN000832","analysis_summary":"HILIC POSITIVE ION MODE","metabolite_name":"Lys-Gly","refmet_name":"Lys-Gly"},"214":{"study_id":"ST000546","analysis_id":"AN000832","analysis_summary":"HILIC POSITIVE ION MODE","metabolite_name":"Lys-Gly-His","refmet_name":"Lys-Gly-His"},"215":{"study_id":"ST000546","analysis_id":"AN000832","analysis_summary":"HILIC POSITIVE ION MODE","metabolite_name":"Lys-His","refmet_name":"Lys-His"},"216":{"study_id":"ST000546","analysis_id":"AN000832","analysis_summary":"HILIC POSITIVE ION MODE","metabolite_name":"LysoPC(16:0)","refmet_name":"LPC 16:0"},"217":{"study_id":"ST000546","analysis_id":"AN000832","analysis_summary":"HILIC POSITIVE ION MODE","metabolite_name":"[LysoPC(16:2)] 1-hexadecyl-sn-glycero-3-phosphocholine","refmet_name":"LPC O-16:0"},"218":{"study_id":"ST000546","analysis_id":"AN000832","analysis_summary":"HILIC POSITIVE ION MODE","metabolite_name":"LysoPC(18:1(9Z))","refmet_name":"LPC  18:1(9Z)*"},"219":{"study_id":"ST000546","analysis_id":"AN000832","analysis_summary":"HILIC POSITIVE ION MODE","metabolite_name":"LysoPC(18:3(6Z,9Z,12Z))","refmet_name":"LPC 18:3(6Z,9Z,12Z)"},"220":{"study_id":"ST000546","analysis_id":"AN000832","analysis_summary":"HILIC POSITIVE ION MODE","metabolite_name":"LysoPC(20:4)","refmet_name":"LPC 20:4"},"221":{"study_id":"ST000546","analysis_id":"AN000832","analysis_summary":"HILIC POSITIVE ION MODE","metabolite_name":"LysoPC(22:5)","refmet_name":"LPC 22:5"},"222":{"study_id":"ST000546","analysis_id":"AN000832","analysis_summary":"HILIC POSITIVE ION MODE","metabolite_name":"LysoPC(O-18:0)","refmet_name":"LPC O-18:0"},"223":{"study_id":"ST000546","analysis_id":"AN000832","analysis_summary":"HILIC POSITIVE ION MODE","metabolite_name":"LysoPE(20:0)","refmet_name":"LPE 20:0"},"224":{"study_id":"ST000546","analysis_id":"AN000832","analysis_summary":"HILIC POSITIVE ION MODE","metabolite_name":"Lys-Pro","refmet_name":"Lys-Pro"},"225":{"study_id":"ST000546","analysis_id":"AN000832","analysis_summary":"HILIC POSITIVE ION MODE","metabolite_name":"Lys-Ser","refmet_name":"Lys-Ser"},"226":{"study_id":"ST000546","analysis_id":"AN000832","analysis_summary":"HILIC POSITIVE ION MODE","metabolite_name":"Lys-Ser-Tyr","refmet_name":"Lys-Ser-Tyr"},"227":{"study_id":"ST000546","analysis_id":"AN000832","analysis_summary":"HILIC POSITIVE ION MODE","metabolite_name":"Lys-Thr","refmet_name":"Lys-Thr"},"228":{"study_id":"ST000546","analysis_id":"AN000832","analysis_summary":"HILIC POSITIVE ION MODE","metabolite_name":"Lys-Thr-Ser","refmet_name":"Lys-Thr-Ser"},"229":{"study_id":"ST000546","analysis_id":"AN000832","analysis_summary":"HILIC POSITIVE ION MODE","metabolite_name":"Lys-Val","refmet_name":"Lys-Val"},"230":{"study_id":"ST000546","analysis_id":"AN000832","analysis_summary":"HILIC POSITIVE ION MODE","metabolite_name":"MES","refmet_name":""},"231":{"study_id":"ST000546","analysis_id":"AN000832","analysis_summary":"HILIC POSITIVE ION MODE","metabolite_name":"Met-Ala-Gly","refmet_name":"Met-Ala-Gly"},"232":{"study_id":"ST000546","analysis_id":"AN000832","analysis_summary":"HILIC POSITIVE ION MODE","metabolite_name":"Methacholine","refmet_name":"Methacholine"},"233":{"study_id":"ST000546","analysis_id":"AN000832","analysis_summary":"HILIC POSITIVE ION MODE","metabolite_name":"Methyl 2-diazoacetamidohexonate","refmet_name":"Methyl 2-diazoacetamidohexonate"},"234":{"study_id":"ST000546","analysis_id":"AN000832","analysis_summary":"HILIC POSITIVE ION MODE","metabolite_name":"Met-Ser","refmet_name":"Met-Ser"},"235":{"study_id":"ST000546","analysis_id":"AN000832","analysis_summary":"HILIC POSITIVE ION MODE","metabolite_name":"Montecristin","refmet_name":""},"236":{"study_id":"ST000546","analysis_id":"AN000832","analysis_summary":"HILIC POSITIVE ION MODE","metabolite_name":"Muramic acid","refmet_name":"Muramic acid"},"237":{"study_id":"ST000546","analysis_id":"AN000832","analysis_summary":"HILIC POSITIVE ION MODE","metabolite_name":"Mycosporine","refmet_name":"Mycosporine"},"238":{"study_id":"ST000546","analysis_id":"AN000832","analysis_summary":"HILIC POSITIVE ION MODE","metabolite_name":"N2-(2-Carboxymethyl-2-hydroxysuccinoyl)arginine","refmet_name":""},"239":{"study_id":"ST000546","analysis_id":"AN000832","analysis_summary":"HILIC POSITIVE ION MODE","metabolite_name":"N2-Acetyl-L-aminoadipate","refmet_name":"N-Acetyl-2-aminoadipic acid"},"240":{"study_id":"ST000546","analysis_id":"AN000832","analysis_summary":"HILIC POSITIVE ION MODE","metabolite_name":"N2-(D-1-Carboxyethyl)-L-arginine","refmet_name":"D-Octopine"},"241":{"study_id":"ST000546","analysis_id":"AN000832","analysis_summary":"HILIC POSITIVE ION MODE","metabolite_name":"N2-(D-1-Carboxyethyl)-L-lysine","refmet_name":"D-Lysopine"},"242":{"study_id":"ST000546","analysis_id":"AN000832","analysis_summary":"HILIC POSITIVE ION MODE","metabolite_name":"N2-Fructopyranosylarginine","refmet_name":""},"243":{"study_id":"ST000546","analysis_id":"AN000832","analysis_summary":"HILIC POSITIVE ION MODE","metabolite_name":"N3-(4-methoxyfumaroyl)-L-2,3-diaminopropanoate","refmet_name":""},"244":{"study_id":"ST000546","analysis_id":"AN000832","analysis_summary":"HILIC POSITIVE ION MODE","metabolite_name":"N4-(Acetyl-beta-D-glucosaminyl)asparagine","refmet_name":"Aspartylglycosamine"},"245":{"study_id":"ST000546","analysis_id":"AN000832","analysis_summary":"HILIC POSITIVE ION MODE","metabolite_name":"N5-acetyl-N5-hydroxy-L-ornithine","refmet_name":"2,6-Diaminopimelic acid"},"246":{"study_id":"ST000546","analysis_id":"AN000832","analysis_summary":"HILIC POSITIVE ION MODE","metabolite_name":"N5-(L-1-Carboxyethyl)-L-ornithine","refmet_name":"N(6)-Acetyl-N(6)-hydroxy-lysine"},"247":{"study_id":"ST000546","analysis_id":"AN000832","analysis_summary":"HILIC POSITIVE ION MODE","metabolite_name":"N6-Acetyl-L-lysine","refmet_name":"N6-Acetyllysine"},"248":{"study_id":"ST000546","analysis_id":"AN000832","analysis_summary":"HILIC POSITIVE ION MODE","metabolite_name":"N6,N6,N6-Trimethyl-L-lysine","refmet_name":"N-6-Trimethyllysine"},"249":{"study_id":"ST000546","analysis_id":"AN000832","analysis_summary":"HILIC POSITIVE ION MODE","metabolite_name":"N-Acetyl-aspartyl-glutamate","refmet_name":"N-Acetyl-Asp-Glu"},"250":{"study_id":"ST000546","analysis_id":"AN000832","analysis_summary":"HILIC POSITIVE ION MODE","metabolite_name":"N-Acetyl-D-glucosamine","refmet_name":"N-Acetyl-D-glucosamine"},"251":{"study_id":"ST000546","analysis_id":"AN000832","analysis_summary":"HILIC POSITIVE ION MODE","metabolite_name":"N-acetyl -D- glucosaminitol","refmet_name":"N-Acetyl-glucosaminitol"},"252":{"study_id":"ST000546","analysis_id":"AN000832","analysis_summary":"HILIC POSITIVE ION MODE","metabolite_name":"N-Acetyllactosamine","refmet_name":"N-Acetyllactosamine"},"253":{"study_id":"ST000546","analysis_id":"AN000832","analysis_summary":"HILIC POSITIVE ION MODE","metabolite_name":"N-Acetyl-L-phenylalanine","refmet_name":"N-Acetylphenylalanine"},"254":{"study_id":"ST000546","analysis_id":"AN000832","analysis_summary":"HILIC POSITIVE ION MODE","metabolite_name":"NAD+","refmet_name":"NAD+"},"255":{"study_id":"ST000546","analysis_id":"AN000832","analysis_summary":"HILIC POSITIVE ION MODE","metabolite_name":"NADP+","refmet_name":"NADP+"},"256":{"study_id":"ST000546","analysis_id":"AN000832","analysis_summary":"HILIC POSITIVE ION MODE","metabolite_name":"Narceinone","refmet_name":""},"257":{"study_id":"ST000546","analysis_id":"AN000832","analysis_summary":"HILIC POSITIVE ION MODE","metabolite_name":"N-Carbamoyl-L-aspartate","refmet_name":"Carbamoylaspartate"},"258":{"study_id":"ST000546","analysis_id":"AN000832","analysis_summary":"HILIC POSITIVE ION MODE","metabolite_name":"N-Carbamyl-L-glutamate","refmet_name":"Carglumic acid"},"259":{"study_id":"ST000546","analysis_id":"AN000832","analysis_summary":"HILIC POSITIVE ION MODE","metabolite_name":"N-dimethylethanolamine","refmet_name":""},"260":{"study_id":"ST000546","analysis_id":"AN000832","analysis_summary":"HILIC POSITIVE ION MODE","metabolite_name":"Ne,Ne dimethyllysine","refmet_name":"N(6),N(6)-Dimethyl-lysine"},"261":{"study_id":"ST000546","analysis_id":"AN000832","analysis_summary":"HILIC POSITIVE ION MODE","metabolite_name":"N-Ethylmaleimide","refmet_name":"N-Ethylmaleimide"},"262":{"study_id":"ST000546","analysis_id":"AN000832","analysis_summary":"HILIC POSITIVE ION MODE","metabolite_name":"Neuraminic acid","refmet_name":"Neuraminic acid"},"263":{"study_id":"ST000546","analysis_id":"AN000832","analysis_summary":"HILIC POSITIVE ION MODE","metabolite_name":"N-Formyl-L-methionine","refmet_name":"N-Formylmethionine"},"264":{"study_id":"ST000546","analysis_id":"AN000832","analysis_summary":"HILIC POSITIVE ION MODE","metabolite_name":"N-Glycosyl-L-asparagine","refmet_name":"N-Glycosyl-asparagine"},"265":{"study_id":"ST000546","analysis_id":"AN000832","analysis_summary":"HILIC POSITIVE ION MODE","metabolite_name":"NG,NG-Dimethyl-L-arginine","refmet_name":"Dimethylarginine"},"266":{"study_id":"ST000546","analysis_id":"AN000832","analysis_summary":"HILIC POSITIVE ION MODE","metabolite_name":"N-hydroxy DAP","refmet_name":""},"267":{"study_id":"ST000546","analysis_id":"AN000832","analysis_summary":"HILIC POSITIVE ION MODE","metabolite_name":"Nicotinamide","refmet_name":"Niacinamide"},"268":{"study_id":"ST000546","analysis_id":"AN000832","analysis_summary":"HILIC POSITIVE ION MODE","metabolite_name":"Nicotinamide D-ribonucleotide","refmet_name":"Nicotinamide ribotide"},"269":{"study_id":"ST000546","analysis_id":"AN000832","analysis_summary":"HILIC POSITIVE ION MODE","metabolite_name":"Nicotinate D-ribonucleoside","refmet_name":"D-Ribosylnicotinate"},"270":{"study_id":"ST000546","analysis_id":"AN000832","analysis_summary":"HILIC POSITIVE ION MODE","metabolite_name":"N-(L-Arginino)succinate","refmet_name":"Argininosuccinic acid"},"271":{"study_id":"ST000546","analysis_id":"AN000832","analysis_summary":"HILIC POSITIVE ION MODE","metabolite_name":"N-Ribosylhistidine","refmet_name":"N-Ribosylhistidine"},"272":{"study_id":"ST000546","analysis_id":"AN000832","analysis_summary":"HILIC POSITIVE ION MODE","metabolite_name":"O-beta-D-Glucopyranosyl-cis-zeatin","refmet_name":""},"273":{"study_id":"ST000546","analysis_id":"AN000832","analysis_summary":"HILIC POSITIVE ION MODE","metabolite_name":"O-Butanoylcarnitine","refmet_name":"CAR 4:0"},"274":{"study_id":"ST000546","analysis_id":"AN000832","analysis_summary":"HILIC POSITIVE ION MODE","metabolite_name":"Oleoylcarnitine","refmet_name":"CAR 18:1"},"275":{"study_id":"ST000546","analysis_id":"AN000832","analysis_summary":"HILIC POSITIVE ION MODE","metabolite_name":"O-Palmitoyl-R-carnitine","refmet_name":"CAR 16:0"},"276":{"study_id":"ST000546","analysis_id":"AN000832","analysis_summary":"HILIC POSITIVE ION MODE","metabolite_name":"O-Phospho-L-serine","refmet_name":"Phosphoserine"},"277":{"study_id":"ST000546","analysis_id":"AN000832","analysis_summary":"HILIC POSITIVE ION MODE","metabolite_name":"Ophthalmicacid","refmet_name":"Ophthalmic acid"},"278":{"study_id":"ST000546","analysis_id":"AN000832","analysis_summary":"HILIC POSITIVE ION MODE","metabolite_name":"O-Propanoylcarnitine","refmet_name":"CAR 3:0"},"279":{"study_id":"ST000546","analysis_id":"AN000832","analysis_summary":"HILIC POSITIVE ION MODE","metabolite_name":"p-aminobenzoyl glutamate","refmet_name":"4-Aminobenzoylglutamic acid"},"280":{"study_id":"ST000546","analysis_id":"AN000832","analysis_summary":"HILIC POSITIVE ION MODE","metabolite_name":"Pantothenate","refmet_name":"Pantothenic acid"},"281":{"study_id":"ST000546","analysis_id":"AN000832","analysis_summary":"HILIC POSITIVE ION MODE","metabolite_name":"[PC(16:1)] 1-(1Z-hexadecenyl)-sn-glycero-3-phosphocholine","refmet_name":"LPC P-16:0 or LPC O-16:1"},"282":{"study_id":"ST000546","analysis_id":"AN000832","analysis_summary":"HILIC POSITIVE ION MODE","metabolite_name":"[PC(18:2)] 1-(9Z,12Z-octadecadienoyl)-sn-glycero-3-phosphocholine","refmet_name":"LPC 18:2"},"283":{"study_id":"ST000546","analysis_id":"AN000832","analysis_summary":"HILIC POSITIVE ION MODE","metabolite_name":"PC(30:0)","refmet_name":"PC 30:0"},"284":{"study_id":"ST000546","analysis_id":"AN000832","analysis_summary":"HILIC POSITIVE ION MODE","metabolite_name":"PC(32:1)","refmet_name":"PC 32:1"},"285":{"study_id":"ST000546","analysis_id":"AN000832","analysis_summary":"HILIC POSITIVE ION MODE","metabolite_name":"PC(34:1)","refmet_name":"PC 34:1"},"286":{"study_id":"ST000546","analysis_id":"AN000832","analysis_summary":"HILIC POSITIVE ION MODE","metabolite_name":"PC(34:2)","refmet_name":"PC 34:2"},"287":{"study_id":"ST000546","analysis_id":"AN000832","analysis_summary":"HILIC POSITIVE ION MODE","metabolite_name":"PC(36:4)","refmet_name":"PC 36:4"},"288":{"study_id":"ST000546","analysis_id":"AN000832","analysis_summary":"HILIC POSITIVE ION MODE","metabolite_name":"PC(38:4)","refmet_name":"PC 38:4"},"289":{"study_id":"ST000546","analysis_id":"AN000832","analysis_summary":"HILIC POSITIVE ION MODE","metabolite_name":"PC(38:5)","refmet_name":"PC 38:5"},"290":{"study_id":"ST000546","analysis_id":"AN000832","analysis_summary":"HILIC POSITIVE ION MODE","metabolite_name":"PC(40:5)","refmet_name":"PC 40:5"},"291":{"study_id":"ST000546","analysis_id":"AN000832","analysis_summary":"HILIC POSITIVE ION MODE","metabolite_name":"PC(40:6)","refmet_name":"PC 40:6"},"292":{"study_id":"ST000546","analysis_id":"AN000832","analysis_summary":"HILIC POSITIVE ION MODE","metabolite_name":"P-DPD","refmet_name":""},"293":{"study_id":"ST000546","analysis_id":"AN000832","analysis_summary":"HILIC POSITIVE ION MODE","metabolite_name":"PE(15:0\/20:0)","refmet_name":"PE  15:0\/20:0*"},"294":{"study_id":"ST000546","analysis_id":"AN000832","analysis_summary":"HILIC POSITIVE ION MODE","metabolite_name":"PE(18:3(6Z,9Z,12Z)\/P-18:1(11Z))","refmet_name":""},"295":{"study_id":"ST000546","analysis_id":"AN000832","analysis_summary":"HILIC POSITIVE ION MODE","metabolite_name":"PE(24:1(15Z)\/15:0)","refmet_name":"PE  24:1(15Z)\/15:0*"},"296":{"study_id":"ST000546","analysis_id":"AN000832","analysis_summary":"HILIC POSITIVE ION MODE","metabolite_name":"PE(32:1)","refmet_name":"PE 32:1"},"297":{"study_id":"ST000546","analysis_id":"AN000832","analysis_summary":"HILIC POSITIVE ION MODE","metabolite_name":"PE(34:3)","refmet_name":"PE 34:3"},"298":{"study_id":"ST000546","analysis_id":"AN000832","analysis_summary":"HILIC POSITIVE ION MODE","metabolite_name":"PE(38:0)","refmet_name":"PE 38:0"},"299":{"study_id":"ST000546","analysis_id":"AN000832","analysis_summary":"HILIC POSITIVE ION MODE","metabolite_name":"PE(38:1)","refmet_name":"PE 38:1"},"300":{"study_id":"ST000546","analysis_id":"AN000832","analysis_summary":"HILIC POSITIVE ION MODE","metabolite_name":"PE(P-36:3)","refmet_name":"PE P-36:3"},"301":{"study_id":"ST000546","analysis_id":"AN000832","analysis_summary":"HILIC POSITIVE ION MODE","metabolite_name":"PE(P-38:5)","refmet_name":"PE P-38:5"},"302":{"study_id":"ST000546","analysis_id":"AN000832","analysis_summary":"HILIC POSITIVE ION MODE","metabolite_name":"PE(P-40:5)","refmet_name":"PE P-40:5"},"303":{"study_id":"ST000546","analysis_id":"AN000832","analysis_summary":"HILIC POSITIVE ION MODE","metabolite_name":"Phe-Asp","refmet_name":"Phe-Asp"},"304":{"study_id":"ST000546","analysis_id":"AN000832","analysis_summary":"HILIC POSITIVE ION MODE","metabolite_name":"Phe-Thr","refmet_name":"Phe-Thr"},"305":{"study_id":"ST000546","analysis_id":"AN000832","analysis_summary":"HILIC POSITIVE ION MODE","metabolite_name":"Phosphinothricin","refmet_name":"Phosphinothricin"},"306":{"study_id":"ST000546","analysis_id":"AN000832","analysis_summary":"HILIC POSITIVE ION MODE","metabolite_name":"Phosphonoacetaldehyde","refmet_name":"Phosphonoacetaldehyde"},"307":{"study_id":"ST000546","analysis_id":"AN000832","analysis_summary":"HILIC POSITIVE ION MODE","metabolite_name":"PI(34:0)","refmet_name":"PI 34:0"},"308":{"study_id":"ST000546","analysis_id":"AN000832","analysis_summary":"HILIC POSITIVE ION MODE","metabolite_name":"PI(34:1)","refmet_name":"PI 34:1"},"309":{"study_id":"ST000546","analysis_id":"AN000832","analysis_summary":"HILIC POSITIVE ION MODE","metabolite_name":"[PI(36:0)","refmet_name":"PI 36:0"},"310":{"study_id":"ST000546","analysis_id":"AN000832","analysis_summary":"HILIC POSITIVE ION MODE","metabolite_name":"Piperidine","refmet_name":"Piperidine"},"311":{"study_id":"ST000546","analysis_id":"AN000832","analysis_summary":"HILIC POSITIVE ION MODE","metabolite_name":"Polyoxyethylene dioleate","refmet_name":"Polyoxyethylene dioleate"},"312":{"study_id":"ST000546","analysis_id":"AN000832","analysis_summary":"HILIC POSITIVE ION MODE","metabolite_name":"Proclavaminic acid","refmet_name":"Proclavaminic acid"},"313":{"study_id":"ST000546","analysis_id":"AN000832","analysis_summary":"HILIC POSITIVE ION MODE","metabolite_name":"Procollagen 5-(D-galactosyloxy)-L-lysine","refmet_name":"Galactosylhydroxylysine"},"314":{"study_id":"ST000546","analysis_id":"AN000832","analysis_summary":"HILIC POSITIVE ION MODE","metabolite_name":"PS(34:0)","refmet_name":"PS 34:0"},"315":{"study_id":"ST000546","analysis_id":"AN000832","analysis_summary":"HILIC POSITIVE ION MODE","metabolite_name":"PS(36:2)","refmet_name":"PS 36:2"},"316":{"study_id":"ST000546","analysis_id":"AN000832","analysis_summary":"HILIC POSITIVE ION MODE","metabolite_name":"PS(36:3)","refmet_name":"PS 36:3"},"317":{"study_id":"ST000546","analysis_id":"AN000832","analysis_summary":"HILIC POSITIVE ION MODE","metabolite_name":"PS(52:0)","refmet_name":"PS 52:0"},"318":{"study_id":"ST000546","analysis_id":"AN000832","analysis_summary":"HILIC POSITIVE ION MODE","metabolite_name":"psicoselysine","refmet_name":"Psicosyllysine"},"319":{"study_id":"ST000546","analysis_id":"AN000832","analysis_summary":"HILIC POSITIVE ION MODE","metabolite_name":"Pyridoxal","refmet_name":"Pyridoxal"},"320":{"study_id":"ST000546","analysis_id":"AN000832","analysis_summary":"HILIC POSITIVE ION MODE","metabolite_name":"Pyridoxamine phosphate","refmet_name":"Pyridoxamine 5'-phosphate"},"321":{"study_id":"ST000546","analysis_id":"AN000832","analysis_summary":"HILIC POSITIVE ION MODE","metabolite_name":"Pyridoxine","refmet_name":"Pyridoxine"},"322":{"study_id":"ST000546","analysis_id":"AN000832","analysis_summary":"HILIC POSITIVE ION MODE","metabolite_name":"Riboflavin","refmet_name":"Riboflavin"},"323":{"study_id":"ST000546","analysis_id":"AN000832","analysis_summary":"HILIC POSITIVE ION MODE","metabolite_name":"(S)-1-Pyrroline-5-carboxylate","refmet_name":"1-Pyrroline-5-carboxylic acid"},"324":{"study_id":"ST000546","analysis_id":"AN000832","analysis_summary":"HILIC POSITIVE ION MODE","metabolite_name":"(S)-2-Acetolactate","refmet_name":"(S)-2-Acetolactate"},"325":{"study_id":"ST000546","analysis_id":"AN000832","analysis_summary":"HILIC POSITIVE ION MODE","metabolite_name":"S-Adenosyl-L-methionine","refmet_name":"S-Adenosylmethionine"},"326":{"study_id":"ST000546","analysis_id":"AN000832","analysis_summary":"HILIC POSITIVE ION MODE","metabolite_name":"(S)-AMPA","refmet_name":"Ampa"},"327":{"study_id":"ST000546","analysis_id":"AN000832","analysis_summary":"HILIC POSITIVE ION MODE","metabolite_name":"S-Cysteinosuccinic acid","refmet_name":"S-Cysteinosuccinic acid"},"328":{"study_id":"ST000546","analysis_id":"AN000832","analysis_summary":"HILIC POSITIVE ION MODE","metabolite_name":"serinol phosphate","refmet_name":""},"329":{"study_id":"ST000546","analysis_id":"AN000832","analysis_summary":"HILIC POSITIVE ION MODE","metabolite_name":"Ser-Ser","refmet_name":"Ser-Ser"},"330":{"study_id":"ST000546","analysis_id":"AN000832","analysis_summary":"HILIC POSITIVE ION MODE","metabolite_name":"Slaframine","refmet_name":"Slaframine"},"331":{"study_id":"ST000546","analysis_id":"AN000832","analysis_summary":"HILIC POSITIVE ION MODE","metabolite_name":"SM(d18:2\/24:1)","refmet_name":"SM 18:2;O2\/24:1"},"332":{"study_id":"ST000546","analysis_id":"AN000832","analysis_summary":"HILIC POSITIVE ION MODE","metabolite_name":"SM(d33:1)","refmet_name":"SM 33:1;O2"},"333":{"study_id":"ST000546","analysis_id":"AN000832","analysis_summary":"HILIC POSITIVE ION MODE","metabolite_name":"SM(d34:1)","refmet_name":"SM 34:1;O2"},"334":{"study_id":"ST000546","analysis_id":"AN000832","analysis_summary":"HILIC POSITIVE ION MODE","metabolite_name":"SM(d36:2)","refmet_name":"SM 36:2;O2"},"335":{"study_id":"ST000546","analysis_id":"AN000832","analysis_summary":"HILIC POSITIVE ION MODE","metabolite_name":"SM(d38:1)","refmet_name":"SM 38:1;O2"},"336":{"study_id":"ST000546","analysis_id":"AN000832","analysis_summary":"HILIC POSITIVE ION MODE","metabolite_name":"SM(d38:2)","refmet_name":"SM 38:2;O2"},"337":{"study_id":"ST000546","analysis_id":"AN000832","analysis_summary":"HILIC POSITIVE ION MODE","metabolite_name":"SM(d39:1)","refmet_name":"SM 39:1;O2"},"338":{"study_id":"ST000546","analysis_id":"AN000832","analysis_summary":"HILIC POSITIVE ION MODE","metabolite_name":"SM(d40:2)","refmet_name":"SM 40:2;O2"},"339":{"study_id":"ST000546","analysis_id":"AN000832","analysis_summary":"HILIC POSITIVE ION MODE","metabolite_name":"SM(d41:1)","refmet_name":"SM 41:1;O2"},"340":{"study_id":"ST000546","analysis_id":"AN000832","analysis_summary":"HILIC POSITIVE ION MODE","metabolite_name":"SM(d41:2)","refmet_name":"SM 41:2;O2"},"341":{"study_id":"ST000546","analysis_id":"AN000832","analysis_summary":"HILIC POSITIVE ION MODE","metabolite_name":"SM(d42:1)","refmet_name":"SM 42:1;O2"},"342":{"study_id":"ST000546","analysis_id":"AN000832","analysis_summary":"HILIC POSITIVE ION MODE","metabolite_name":"SM(d42:2)","refmet_name":"SM 42:2;O2"},"343":{"study_id":"ST000546","analysis_id":"AN000832","analysis_summary":"HILIC POSITIVE ION MODE","metabolite_name":"SM(d43:1)","refmet_name":"SM 43:1;O2"},"344":{"study_id":"ST000546","analysis_id":"AN000832","analysis_summary":"HILIC POSITIVE ION MODE","metabolite_name":"SM(d43:2)","refmet_name":"SM 43:2;O2"},"345":{"study_id":"ST000546","analysis_id":"AN000832","analysis_summary":"HILIC POSITIVE ION MODE","metabolite_name":"SM(d44:1)","refmet_name":"SM 44:1;O2"},"346":{"study_id":"ST000546","analysis_id":"AN000832","analysis_summary":"HILIC POSITIVE ION MODE","metabolite_name":"SM(d44:2)","refmet_name":"SM 44:2;O2"},"347":{"study_id":"ST000546","analysis_id":"AN000832","analysis_summary":"HILIC POSITIVE ION MODE","metabolite_name":"sn-glycero-3-Phospho-1-inositol","refmet_name":"sn-Glycero-3-phosphoinositol"},"348":{"study_id":"ST000546","analysis_id":"AN000832","analysis_summary":"HILIC POSITIVE ION MODE","metabolite_name":"sn-glycero-3-Phosphocholine","refmet_name":"sn-Glycero-3-phosphocholine"},"349":{"study_id":"ST000546","analysis_id":"AN000832","analysis_summary":"HILIC POSITIVE ION MODE","metabolite_name":"Sphinganine","refmet_name":"Sphinganine"},"350":{"study_id":"ST000546","analysis_id":"AN000832","analysis_summary":"HILIC POSITIVE ION MODE","metabolite_name":"(S,S)-Np-Histidinylalanine","refmet_name":""},"351":{"study_id":"ST000546","analysis_id":"AN000832","analysis_summary":"HILIC POSITIVE ION MODE","metabolite_name":"[ST] (5Z,7E)-9,10-seco-5,7,10(19)-cholestatriene","refmet_name":"3-Deoxyvitamin D3"},"352":{"study_id":"ST000546","analysis_id":"AN000832","analysis_summary":"HILIC POSITIVE ION MODE","metabolite_name":"Stearoylcarnitine","refmet_name":"CAR 18:0"},"353":{"study_id":"ST000546","analysis_id":"AN000832","analysis_summary":"HILIC POSITIVE ION MODE","metabolite_name":"Temurin","refmet_name":"Temurin"},"354":{"study_id":"ST000546","analysis_id":"AN000832","analysis_summary":"HILIC POSITIVE ION MODE","metabolite_name":"Thiamin","refmet_name":"Thiamine"},"355":{"study_id":"ST000546","analysis_id":"AN000832","analysis_summary":"HILIC POSITIVE ION MODE","metabolite_name":"Thiamin diphosphate","refmet_name":"Thiamine diphosphate"},"356":{"study_id":"ST000546","analysis_id":"AN000832","analysis_summary":"HILIC POSITIVE ION MODE","metabolite_name":"Thiamin monophosphate","refmet_name":"Thiamine monophosphate"},"357":{"study_id":"ST000546","analysis_id":"AN000832","analysis_summary":"HILIC POSITIVE ION MODE","metabolite_name":"Thr-Ala-Pro","refmet_name":"Thr-Ala-Pro"},"358":{"study_id":"ST000546","analysis_id":"AN000832","analysis_summary":"HILIC POSITIVE ION MODE","metabolite_name":"Thr-Trp-Cys","refmet_name":"Thr-Trp-Cys"},"359":{"study_id":"ST000546","analysis_id":"AN000832","analysis_summary":"HILIC POSITIVE ION MODE","metabolite_name":"Trp-Trp-Tyr-Tyr","refmet_name":""},"360":{"study_id":"ST000546","analysis_id":"AN000832","analysis_summary":"HILIC POSITIVE ION MODE","metabolite_name":"UDP","refmet_name":"UDP"},"361":{"study_id":"ST000546","analysis_id":"AN000832","analysis_summary":"HILIC POSITIVE ION MODE","metabolite_name":"Urocanate","refmet_name":"Urocanic acid"},"362":{"study_id":"ST000546","analysis_id":"AN000832","analysis_summary":"HILIC POSITIVE ION MODE","metabolite_name":"Val-Asp-His","refmet_name":"Val-Asp-His"},"363":{"study_id":"ST000546","analysis_id":"AN000832","analysis_summary":"HILIC POSITIVE ION MODE","metabolite_name":"Valganciclovir","refmet_name":"Valganciclovir"},"364":{"study_id":"ST000546","analysis_id":"AN000832","analysis_summary":"HILIC POSITIVE ION MODE","metabolite_name":"Vicine","refmet_name":"Vicine"},"365":{"study_id":"ST000546","analysis_id":"AN000832","analysis_summary":"HILIC POSITIVE ION MODE","metabolite_name":"Vinylacetylglycine","refmet_name":"Vinylacetylglycine"},"366":{"study_id":"ST000546","analysis_id":"AN000832","analysis_summary":"HILIC POSITIVE ION MODE","metabolite_name":"xi-4,5-Dihydro-2,4(5)-dimethyl-1H-imidazole","refmet_name":""},"367":{"study_id":"ST000546","analysis_id":"AN000833","analysis_summary":"HILIC NEGATIVE ION MODE","metabolite_name":"1-18:2-2-18:2-monogalactosyldiacylglycerol","refmet_name":""},"368":{"study_id":"ST000546","analysis_id":"AN000833","analysis_summary":"HILIC NEGATIVE ION MODE","metabolite_name":"1-Deoxy-D-altro-heptulose 7-phosphate","refmet_name":"1-Deoxy-D-altro-heptulose 7-phosphate"},"369":{"study_id":"ST000546","analysis_id":"AN000833","analysis_summary":"HILIC NEGATIVE ION MODE","metabolite_name":"1-Sinapoyl-D-glucose","refmet_name":"1-O-Sinapoyl-beta-D-glucose"},"370":{"study_id":"ST000546","analysis_id":"AN000833","analysis_summary":"HILIC NEGATIVE ION MODE","metabolite_name":"1-thio-beta-D-glucose","refmet_name":""},"371":{"study_id":"ST000546","analysis_id":"AN000833","analysis_summary":"HILIC NEGATIVE ION MODE","metabolite_name":"2-16:0-lysoPG","refmet_name":""},"372":{"study_id":"ST000546","analysis_id":"AN000833","analysis_summary":"HILIC NEGATIVE ION MODE","metabolite_name":"2,3-Bisphospho-D-glycerate","refmet_name":"2,3-Diphosphoglyceric acid"},"373":{"study_id":"ST000546","analysis_id":"AN000833","analysis_summary":"HILIC NEGATIVE ION MODE","metabolite_name":"2-amino-3,7-dideoxy-D-threo-hept-6-ulosonate","refmet_name":"ADTH"},"374":{"study_id":"ST000546","analysis_id":"AN000833","analysis_summary":"HILIC NEGATIVE ION MODE","metabolite_name":"2-C-Methyl-D-erythritol 4-phosphate","refmet_name":""},"375":{"study_id":"ST000546","analysis_id":"AN000833","analysis_summary":"HILIC NEGATIVE ION MODE","metabolite_name":"2-Dehydro-3-deoxy-D-gluconate","refmet_name":"Gluconolactone"},"376":{"study_id":"ST000546","analysis_id":"AN000833","analysis_summary":"HILIC NEGATIVE ION MODE","metabolite_name":"2-Deoxy-2,3-dehydro-N-acetylneuraminic acid","refmet_name":"2-Deoxy-2,3-dehydro-N-acetylneuraminic acid"},"377":{"study_id":"ST000546","analysis_id":"AN000833","analysis_summary":"HILIC NEGATIVE ION MODE","metabolite_name":"2-Hydroxy-1,3-dimethoxy-8,9-methylenedioxycoumestan","refmet_name":"2-Hydroxy-1,3-dimethoxy-8,9-methylenedioxycoumestan"},"378":{"study_id":"ST000546","analysis_id":"AN000833","analysis_summary":"HILIC NEGATIVE ION MODE","metabolite_name":"2-Oxoglutaramate","refmet_name":"2-Keto-glutaramic acid"},"379":{"study_id":"ST000546","analysis_id":"AN000833","analysis_summary":"HILIC NEGATIVE ION MODE","metabolite_name":"2-Oxoglutarate","refmet_name":"Oxoglutaric acid"},"380":{"study_id":"ST000546","analysis_id":"AN000833","analysis_summary":"HILIC NEGATIVE ION MODE","metabolite_name":"3-beta-D-Galactosyl-sn-glycerol","refmet_name":"Galactosylglycerol"},"381":{"study_id":"ST000546","analysis_id":"AN000833","analysis_summary":"HILIC NEGATIVE ION MODE","metabolite_name":"3-Cyano-L-alanine","refmet_name":"Dihydrouracil"},"382":{"study_id":"ST000546","analysis_id":"AN000833","analysis_summary":"HILIC NEGATIVE ION MODE","metabolite_name":"3-Oxopropanoate","refmet_name":"Malonic semialdehyde"},"383":{"study_id":"ST000546","analysis_id":"AN000833","analysis_summary":"HILIC NEGATIVE ION MODE","metabolite_name":"3-Phospho-D-glycerate","refmet_name":"3-Phosphoglyceric acid"},"384":{"study_id":"ST000546","analysis_id":"AN000833","analysis_summary":"HILIC NEGATIVE ION MODE","metabolite_name":"4-Amino-4-deoxychorismate","refmet_name":""},"385":{"study_id":"ST000546","analysis_id":"AN000833","analysis_summary":"HILIC NEGATIVE ION MODE","metabolite_name":"4-Hydroxyphenylacetylglycine","refmet_name":"Hydroxyphenylacetylglycine"},"386":{"study_id":"ST000546","analysis_id":"AN000833","analysis_summary":"HILIC NEGATIVE ION MODE","metabolite_name":"4-Methyl-2-oxopentanoate","refmet_name":"Ketoleucine"},"387":{"study_id":"ST000546","analysis_id":"AN000833","analysis_summary":"HILIC NEGATIVE ION MODE","metabolite_name":"4-oxo-4-(3-pyridyl)-butanoate","refmet_name":""},"388":{"study_id":"ST000546","analysis_id":"AN000833","analysis_summary":"HILIC NEGATIVE ION MODE","metabolite_name":"5-Acetyl-2,4-dimethyloxazole","refmet_name":"5-Acetyl-2,4-dimethyloxazole"},"389":{"study_id":"ST000546","analysis_id":"AN000833","analysis_summary":"HILIC NEGATIVE ION MODE","metabolite_name":"5-L-Glutamylglycine","refmet_name":"gamma-Glutamylglycine"},"390":{"study_id":"ST000546","analysis_id":"AN000833","analysis_summary":"HILIC NEGATIVE ION MODE","metabolite_name":"6-Phospho-D-gluconate","refmet_name":"6-Phosphogluconic acid"},"391":{"study_id":"ST000546","analysis_id":"AN000833","analysis_summary":"HILIC NEGATIVE ION MODE","metabolite_name":"7-Methyl-3-oxooctanoyl-CoA","refmet_name":"7-Methyl-3-oxooctanoyl-CoA"},"392":{"study_id":"ST000546","analysis_id":"AN000833","analysis_summary":"HILIC NEGATIVE ION MODE","metabolite_name":"Acetyl phosphate","refmet_name":"Acetylphosphate"},"393":{"study_id":"ST000546","analysis_id":"AN000833","analysis_summary":"HILIC NEGATIVE ION MODE","metabolite_name":"ADP-ribose","refmet_name":"ADP-ribose"},"394":{"study_id":"ST000546","analysis_id":"AN000833","analysis_summary":"HILIC NEGATIVE ION MODE","metabolite_name":"Ala-Glu-Ala-Glu","refmet_name":""},"395":{"study_id":"ST000546","analysis_id":"AN000833","analysis_summary":"HILIC NEGATIVE ION MODE","metabolite_name":"Ala-Gly-Tyr","refmet_name":"Ala-Gly-Tyr"},"396":{"study_id":"ST000546","analysis_id":"AN000833","analysis_summary":"HILIC NEGATIVE ION MODE","metabolite_name":"Ala-Lys-Asp-Pro","refmet_name":""},"397":{"study_id":"ST000546","analysis_id":"AN000833","analysis_summary":"HILIC NEGATIVE ION MODE","metabolite_name":"Ala-Ser","refmet_name":"Ala-Ser"},"398":{"study_id":"ST000546","analysis_id":"AN000833","analysis_summary":"HILIC NEGATIVE ION MODE","metabolite_name":"Allogibberic acid","refmet_name":"Allogibberic acid"},"399":{"study_id":"ST000546","analysis_id":"AN000833","analysis_summary":"HILIC NEGATIVE ION MODE","metabolite_name":"AMCC","refmet_name":"N-Acetyl-S-(N-methylcarbamoyl)-cysteine"},"400":{"study_id":"ST000546","analysis_id":"AN000833","analysis_summary":"HILIC NEGATIVE ION MODE","metabolite_name":"ancymidol","refmet_name":"Ancymidol"},"401":{"study_id":"ST000546","analysis_id":"AN000833","analysis_summary":"HILIC NEGATIVE ION MODE","metabolite_name":"Arg-Cys-Cys-Tyr","refmet_name":""},"402":{"study_id":"ST000546","analysis_id":"AN000833","analysis_summary":"HILIC NEGATIVE ION MODE","metabolite_name":"Asn-Met-Thr-Asp","refmet_name":""},"403":{"study_id":"ST000546","analysis_id":"AN000833","analysis_summary":"HILIC NEGATIVE ION MODE","metabolite_name":"Asn-Ser","refmet_name":"Asn-Ser"},"404":{"study_id":"ST000546","analysis_id":"AN000833","analysis_summary":"HILIC NEGATIVE ION MODE","metabolite_name":"Asp-Gln","refmet_name":"Asp-Gln"},"405":{"study_id":"ST000546","analysis_id":"AN000833","analysis_summary":"HILIC NEGATIVE ION MODE","metabolite_name":"Asp-Phe-Pro-Tyr","refmet_name":""},"406":{"study_id":"ST000546","analysis_id":"AN000833","analysis_summary":"HILIC NEGATIVE ION MODE","metabolite_name":"Asp-Ser-Tyr-Tyr","refmet_name":""},"407":{"study_id":"ST000546","analysis_id":"AN000833","analysis_summary":"HILIC NEGATIVE ION MODE","metabolite_name":"Asp-Trp-Asp-Gln","refmet_name":""},"408":{"study_id":"ST000546","analysis_id":"AN000833","analysis_summary":"HILIC NEGATIVE ION MODE","metabolite_name":"Benzyl sulfate","refmet_name":"Benzyl sulfate"},"409":{"study_id":"ST000546","analysis_id":"AN000833","analysis_summary":"HILIC NEGATIVE ION MODE","metabolite_name":"Bergaptol","refmet_name":"Bergaptol"},"410":{"study_id":"ST000546","analysis_id":"AN000833","analysis_summary":"HILIC NEGATIVE ION MODE","metabolite_name":"Betaine","refmet_name":"Betaine"},"411":{"study_id":"ST000546","analysis_id":"AN000833","analysis_summary":"HILIC NEGATIVE ION MODE","metabolite_name":"Cholate","refmet_name":"Cholic acid"},"412":{"study_id":"ST000546","analysis_id":"AN000833","analysis_summary":"HILIC NEGATIVE ION MODE","metabolite_name":"Cholesterolsulfate","refmet_name":"Cholesterol sulfate"},"413":{"study_id":"ST000546","analysis_id":"AN000833","analysis_summary":"HILIC NEGATIVE ION MODE","metabolite_name":"cis-(homo)3aconitate","refmet_name":""},"414":{"study_id":"ST000546","analysis_id":"AN000833","analysis_summary":"HILIC NEGATIVE ION MODE","metabolite_name":"Citrate","refmet_name":"Citric acid"},"415":{"study_id":"ST000546","analysis_id":"AN000833","analysis_summary":"HILIC NEGATIVE ION MODE","metabolite_name":"CMP","refmet_name":"CMP"},"416":{"study_id":"ST000546","analysis_id":"AN000833","analysis_summary":"HILIC NEGATIVE ION MODE","metabolite_name":"CMP-2-aminoethylphosphonate","refmet_name":"CMPciliatine"},"417":{"study_id":"ST000546","analysis_id":"AN000833","analysis_summary":"HILIC NEGATIVE ION MODE","metabolite_name":"Cyclic 2,3-bisphospho-D-glycerate","refmet_name":""},"418":{"study_id":"ST000546","analysis_id":"AN000833","analysis_summary":"HILIC NEGATIVE ION MODE","metabolite_name":"Cyclic ADP-ribose","refmet_name":"Cyclic ADP-ribose"},"419":{"study_id":"ST000546","analysis_id":"AN000833","analysis_summary":"HILIC NEGATIVE ION MODE","metabolite_name":"Cys-Leu-Cys-Tyr","refmet_name":""},"420":{"study_id":"ST000546","analysis_id":"AN000833","analysis_summary":"HILIC NEGATIVE ION MODE","metabolite_name":"Cys-Lys-Ser-Ser","refmet_name":""},"421":{"study_id":"ST000546","analysis_id":"AN000833","analysis_summary":"HILIC NEGATIVE ION MODE","metabolite_name":"D-4'-Phosphopantothenate","refmet_name":"(R)-4'-Phosphopantothenic acid"},"422":{"study_id":"ST000546","analysis_id":"AN000833","analysis_summary":"HILIC NEGATIVE ION MODE","metabolite_name":"deacetylcolchicine","refmet_name":""},"423":{"study_id":"ST000546","analysis_id":"AN000833","analysis_summary":"HILIC NEGATIVE ION MODE","metabolite_name":"D-Erythrose","refmet_name":"Erythrose"},"424":{"study_id":"ST000546","analysis_id":"AN000833","analysis_summary":"HILIC NEGATIVE ION MODE","metabolite_name":"D-Fructose","refmet_name":"Fructose"},"425":{"study_id":"ST000546","analysis_id":"AN000833","analysis_summary":"HILIC NEGATIVE ION MODE","metabolite_name":"D-Gluconic acid","refmet_name":"Gluconic acid"},"426":{"study_id":"ST000546","analysis_id":"AN000833","analysis_summary":"HILIC NEGATIVE ION MODE","metabolite_name":"D-Glucosamine","refmet_name":"Glucosamine"},"427":{"study_id":"ST000546","analysis_id":"AN000833","analysis_summary":"HILIC NEGATIVE ION MODE","metabolite_name":"D-Glucose 6-phosphate","refmet_name":"Glucose 6-phosphate"},"428":{"study_id":"ST000546","analysis_id":"AN000833","analysis_summary":"HILIC NEGATIVE ION MODE","metabolite_name":"D-Glucuronate","refmet_name":"Glucuronic acid"},"429":{"study_id":"ST000546","analysis_id":"AN000833","analysis_summary":"HILIC NEGATIVE ION MODE","metabolite_name":"D-Glycerate","refmet_name":"Glyceric acid"},"430":{"study_id":"ST000546","analysis_id":"AN000833","analysis_summary":"HILIC NEGATIVE ION MODE","metabolite_name":"Dide-O-methylsimmondsin","refmet_name":""},"431":{"study_id":"ST000546","analysis_id":"AN000833","analysis_summary":"HILIC NEGATIVE ION MODE","metabolite_name":"D-Mannitol 1-phosphate","refmet_name":"Mannitol 1-phosphate"},"432":{"study_id":"ST000546","analysis_id":"AN000833","analysis_summary":"HILIC NEGATIVE ION MODE","metabolite_name":"D-Ribose 5-phosphate","refmet_name":"Ribose 5-phosphate"},"433":{"study_id":"ST000546","analysis_id":"AN000833","analysis_summary":"HILIC NEGATIVE ION MODE","metabolite_name":"D-Sedoheptulose 7-phosphate","refmet_name":"D-Sedoheptulose 7-phosphate"},"434":{"study_id":"ST000546","analysis_id":"AN000833","analysis_summary":"HILIC NEGATIVE ION MODE","metabolite_name":"D-Sorbitol","refmet_name":"Sorbitol"},"435":{"study_id":"ST000546","analysis_id":"AN000833","analysis_summary":"HILIC NEGATIVE ION MODE","metabolite_name":"D-Xylonate","refmet_name":"Xylonic acid"},"436":{"study_id":"ST000546","analysis_id":"AN000833","analysis_summary":"HILIC NEGATIVE ION MODE","metabolite_name":"D-Xylonolactone","refmet_name":"D-Xylono-1,5-lactone"},"437":{"study_id":"ST000546","analysis_id":"AN000833","analysis_summary":"HILIC NEGATIVE ION MODE","metabolite_name":"FA(16:0)","refmet_name":"Palmitic acid"},"438":{"study_id":"ST000546","analysis_id":"AN000833","analysis_summary":"HILIC NEGATIVE ION MODE","metabolite_name":"[FA (18:1)] 9Z-octadecenoic acid","refmet_name":"Oleic acid"},"439":{"study_id":"ST000546","analysis_id":"AN000833","analysis_summary":"HILIC NEGATIVE ION MODE","metabolite_name":"[FA (18:3)] 9Z,12Z,15Z-octadecatrienoic acid","refmet_name":"alpha-Linolenic acid"},"440":{"study_id":"ST000546","analysis_id":"AN000833","analysis_summary":"HILIC NEGATIVE ION MODE","metabolite_name":"FA (19:1)","refmet_name":"Nonadecenoic acid"},"441":{"study_id":"ST000546","analysis_id":"AN000833","analysis_summary":"HILIC NEGATIVE ION MODE","metabolite_name":"FA (20:0)","refmet_name":"Arachidic acid"},"442":{"study_id":"ST000546","analysis_id":"AN000833","analysis_summary":"HILIC NEGATIVE ION MODE","metabolite_name":"[FA (20:1)] 11Z-eicosenoic acid","refmet_name":"cis-Gondoic acid"},"443":{"study_id":"ST000546","analysis_id":"AN000833","analysis_summary":"HILIC NEGATIVE ION MODE","metabolite_name":"FA (20:4)","refmet_name":"Arachidonic acid"},"444":{"study_id":"ST000546","analysis_id":"AN000833","analysis_summary":"HILIC NEGATIVE ION MODE","metabolite_name":"[FA (22:5)] 7Z,10Z,13Z,16Z,19Z-docosapentaenoic acid","refmet_name":"DPA"},"445":{"study_id":"ST000546","analysis_id":"AN000833","analysis_summary":"HILIC NEGATIVE ION MODE","metabolite_name":"FA hydroxy(10:0)","refmet_name":""},"446":{"study_id":"ST000546","analysis_id":"AN000833","analysis_summary":"HILIC NEGATIVE ION MODE","metabolite_name":"[FA trihydroxy(4:0)] 2,3,4-trihydroxy-butanoic acid","refmet_name":"Threonic acid"},"447":{"study_id":"ST000546","analysis_id":"AN000833","analysis_summary":"HILIC NEGATIVE ION MODE","metabolite_name":"Fumarate","refmet_name":"Fumaric acid"},"448":{"study_id":"ST000546","analysis_id":"AN000833","analysis_summary":"HILIC NEGATIVE ION MODE","metabolite_name":"gamma-L-Glutamyl-D-alanine","refmet_name":"gamma-L-Glutamyl-D-alanine"},"449":{"study_id":"ST000546","analysis_id":"AN000833","analysis_summary":"HILIC NEGATIVE ION MODE","metabolite_name":"Gln-Leu-Lys-Tyr","refmet_name":""},"450":{"study_id":"ST000546","analysis_id":"AN000833","analysis_summary":"HILIC NEGATIVE ION MODE","metabolite_name":"Gln-Met-Met-Thr","refmet_name":""},"451":{"study_id":"ST000546","analysis_id":"AN000833","analysis_summary":"HILIC NEGATIVE ION MODE","metabolite_name":"Glycerol","refmet_name":"Glycerol"},"452":{"study_id":"ST000546","analysis_id":"AN000833","analysis_summary":"HILIC NEGATIVE ION MODE","metabolite_name":"Glycochenodeoxycholate","refmet_name":"Glycochenodeoxycholic acid"},"453":{"study_id":"ST000546","analysis_id":"AN000833","analysis_summary":"HILIC NEGATIVE ION MODE","metabolite_name":"Glycyl-Serine","refmet_name":"Gly-Ser"},"454":{"study_id":"ST000546","analysis_id":"AN000833","analysis_summary":"HILIC NEGATIVE ION MODE","metabolite_name":"Gravacridonetriol glucoside","refmet_name":""},"455":{"study_id":"ST000546","analysis_id":"AN000833","analysis_summary":"HILIC NEGATIVE ION MODE","metabolite_name":"HEPES","refmet_name":""},"456":{"study_id":"ST000546","analysis_id":"AN000833","analysis_summary":"HILIC NEGATIVE ION MODE","metabolite_name":"Histidinyl-Asparagine","refmet_name":"His-Asn"},"457":{"study_id":"ST000546","analysis_id":"AN000833","analysis_summary":"HILIC NEGATIVE ION MODE","metabolite_name":"Hydantoin-5-propionate","refmet_name":"Hydantoin-5-propionic acid"},"458":{"study_id":"ST000546","analysis_id":"AN000833","analysis_summary":"HILIC NEGATIVE ION MODE","metabolite_name":"Hydroxymethylphosphonate","refmet_name":"Hydroxymethylphosphonic acid"},"459":{"study_id":"ST000546","analysis_id":"AN000833","analysis_summary":"HILIC NEGATIVE ION MODE","metabolite_name":"Icosadienoic acid","refmet_name":"11Z,14Z-Eicosadienoic acid"},"460":{"study_id":"ST000546","analysis_id":"AN000833","analysis_summary":"HILIC NEGATIVE ION MODE","metabolite_name":"Icosatrienoic acid","refmet_name":"ETrE(11Z,14Z,17Z)"},"461":{"study_id":"ST000546","analysis_id":"AN000833","analysis_summary":"HILIC NEGATIVE ION MODE","metabolite_name":"Ile-His-Val","refmet_name":"Ile-His-Val"},"462":{"study_id":"ST000546","analysis_id":"AN000833","analysis_summary":"HILIC NEGATIVE ION MODE","metabolite_name":"Ile-Thr","refmet_name":"Ile-Thr"},"463":{"study_id":"ST000546","analysis_id":"AN000833","analysis_summary":"HILIC NEGATIVE ION MODE","metabolite_name":"Imidazole-4-acetaldehyde","refmet_name":"Imidazole-4-acetaldehyde"},"464":{"study_id":"ST000546","analysis_id":"AN000833","analysis_summary":"HILIC NEGATIVE ION MODE","metabolite_name":"Kinobscurinone","refmet_name":"Kinobscurinone"},"465":{"study_id":"ST000546","analysis_id":"AN000833","analysis_summary":"HILIC NEGATIVE ION MODE","metabolite_name":"LacCer(d32:1)","refmet_name":"LacCer 32:1;O2"},"466":{"study_id":"ST000546","analysis_id":"AN000833","analysis_summary":"HILIC NEGATIVE ION MODE","metabolite_name":"L-Aspartate","refmet_name":"Aspartic acid"},"467":{"study_id":"ST000546","analysis_id":"AN000833","analysis_summary":"HILIC NEGATIVE ION MODE","metabolite_name":"L-beta-aspartyl-L-serine","refmet_name":""},"468":{"study_id":"ST000546","analysis_id":"AN000833","analysis_summary":"HILIC NEGATIVE ION MODE","metabolite_name":"L-Cysteate","refmet_name":"Cysteic acid"},"469":{"study_id":"ST000546","analysis_id":"AN000833","analysis_summary":"HILIC NEGATIVE ION MODE","metabolite_name":"L-Cysteine","refmet_name":"Cysteine"},"470":{"study_id":"ST000546","analysis_id":"AN000833","analysis_summary":"HILIC NEGATIVE ION MODE","metabolite_name":"L-prolyl-L-glycine","refmet_name":"Pro-Gly"},"471":{"study_id":"ST000546","analysis_id":"AN000833","analysis_summary":"HILIC NEGATIVE ION MODE","metabolite_name":"LysoPA(16:0)","refmet_name":"LPA 16:0"},"472":{"study_id":"ST000546","analysis_id":"AN000833","analysis_summary":"HILIC NEGATIVE ION MODE","metabolite_name":"LysoPA(18:0)","refmet_name":"LPA 18:0"},"473":{"study_id":"ST000546","analysis_id":"AN000833","analysis_summary":"HILIC NEGATIVE ION MODE","metabolite_name":"LysoPE(18:0)","refmet_name":"LPE 18:0"},"474":{"study_id":"ST000546","analysis_id":"AN000833","analysis_summary":"HILIC NEGATIVE ION MODE","metabolite_name":"LysoPE(18:2)","refmet_name":"LPE 18:2"},"475":{"study_id":"ST000546","analysis_id":"AN000833","analysis_summary":"HILIC NEGATIVE ION MODE","metabolite_name":"LysoPE(18:3)","refmet_name":"LPE 18:3"},"476":{"study_id":"ST000546","analysis_id":"AN000833","analysis_summary":"HILIC NEGATIVE ION MODE","metabolite_name":"LysoPE(20:4)","refmet_name":"LPE 20:4"},"477":{"study_id":"ST000546","analysis_id":"AN000833","analysis_summary":"HILIC NEGATIVE ION MODE","metabolite_name":"LysoPE(20:5)","refmet_name":"LPE 20:5"},"478":{"study_id":"ST000546","analysis_id":"AN000833","analysis_summary":"HILIC NEGATIVE ION MODE","metabolite_name":"LysoPE(22:5)","refmet_name":"LPE 22:5"},"479":{"study_id":"ST000546","analysis_id":"AN000833","analysis_summary":"HILIC NEGATIVE ION MODE","metabolite_name":"Maleamate","refmet_name":"Maleamate"},"480":{"study_id":"ST000546","analysis_id":"AN000833","analysis_summary":"HILIC NEGATIVE ION MODE","metabolite_name":"Melibiitol","refmet_name":"Melibiitol"},"481":{"study_id":"ST000546","analysis_id":"AN000833","analysis_summary":"HILIC NEGATIVE ION MODE","metabolite_name":"melibionate","refmet_name":""},"482":{"study_id":"ST000546","analysis_id":"AN000833","analysis_summary":"HILIC NEGATIVE ION MODE","metabolite_name":"Met-Met-Ala","refmet_name":"Met-Met-Ala"},"483":{"study_id":"ST000546","analysis_id":"AN000833","analysis_summary":"HILIC NEGATIVE ION MODE","metabolite_name":"Met-Thr-Asp","refmet_name":"Met-Thr-Asp"},"484":{"study_id":"ST000546","analysis_id":"AN000833","analysis_summary":"HILIC NEGATIVE ION MODE","metabolite_name":"Miroestrol","refmet_name":"Pinoresinol"},"485":{"study_id":"ST000546","analysis_id":"AN000833","analysis_summary":"HILIC NEGATIVE ION MODE","metabolite_name":"N2-Succinyl-L-ornithine","refmet_name":"N2-Succinylornithine"},"486":{"study_id":"ST000546","analysis_id":"AN000833","analysis_summary":"HILIC NEGATIVE ION MODE","metabolite_name":"N-Acetyl-D-glucosaminate","refmet_name":"N-acetyl-glucosaminic acid"},"487":{"study_id":"ST000546","analysis_id":"AN000833","analysis_summary":"HILIC NEGATIVE ION MODE","metabolite_name":"N-Acetyl-D-glucosamine 6-phosphate","refmet_name":"N-Acetyl-glucosamine 6-phosphate"},"488":{"study_id":"ST000546","analysis_id":"AN000833","analysis_summary":"HILIC NEGATIVE ION MODE","metabolite_name":"N-Acetyl-D-mannosaminolactone","refmet_name":"N-Acetyl-D-mannosaminolactone"},"489":{"study_id":"ST000546","analysis_id":"AN000833","analysis_summary":"HILIC NEGATIVE ION MODE","metabolite_name":"N-Acetyl-L-citrulline","refmet_name":"N-Acetylcitrulline"},"490":{"study_id":"ST000546","analysis_id":"AN000833","analysis_summary":"HILIC NEGATIVE ION MODE","metabolite_name":"N-Acetyl-L-glutamate","refmet_name":"N-Acetylglutamic acid"},"491":{"study_id":"ST000546","analysis_id":"AN000833","analysis_summary":"HILIC NEGATIVE ION MODE","metabolite_name":"N-Acetylmethionine","refmet_name":"N-Acetylmethionine"},"492":{"study_id":"ST000546","analysis_id":"AN000833","analysis_summary":"HILIC NEGATIVE ION MODE","metabolite_name":"N-Amidino-L-glutamate","refmet_name":"alpha-Guanidinoglutaric acid"},"493":{"study_id":"ST000546","analysis_id":"AN000833","analysis_summary":"HILIC NEGATIVE ION MODE","metabolite_name":"N-D-Glucosylarylamine","refmet_name":"N-D-Glucosylarylamine"},"494":{"study_id":"ST000546","analysis_id":"AN000833","analysis_summary":"HILIC NEGATIVE ION MODE","metabolite_name":"nonulose 9-phosphate","refmet_name":"Nonulose 9-phosphate"},"495":{"study_id":"ST000546","analysis_id":"AN000833","analysis_summary":"HILIC NEGATIVE ION MODE","metabolite_name":"N-Succinyl-L-glutamate","refmet_name":"N2-Succinylglutamate"},"496":{"study_id":"ST000546","analysis_id":"AN000833","analysis_summary":"HILIC NEGATIVE ION MODE","metabolite_name":"octulose 8-phosphate","refmet_name":"Octulose 8-phosphate"},"497":{"study_id":"ST000546","analysis_id":"AN000833","analysis_summary":"HILIC NEGATIVE ION MODE","metabolite_name":"Orotate(Fragment)","refmet_name":"Orotic acid"},"498":{"study_id":"ST000546","analysis_id":"AN000833","analysis_summary":"HILIC NEGATIVE ION MODE","metabolite_name":"Orotidine","refmet_name":"Orotidine"},"499":{"study_id":"ST000546","analysis_id":"AN000833","analysis_summary":"HILIC NEGATIVE ION MODE","metabolite_name":"Orthophosphate","refmet_name":"Phosphoric acid"},"500":{"study_id":"ST000546","analysis_id":"AN000833","analysis_summary":"HILIC NEGATIVE ION MODE","metabolite_name":"[PA(16:0\/18:1)] 1-hexadecanoyl-2-(11Z-octadecenoyl)-sn-glycero-3-phosphate","refmet_name":""},"501":{"study_id":"ST000546","analysis_id":"AN000833","analysis_summary":"HILIC NEGATIVE ION MODE","metabolite_name":"PA(18:1(9Z)\/0:0)","refmet_name":"PA  18:1(9Z)\/0:0*"},"502":{"study_id":"ST000546","analysis_id":"AN000833","analysis_summary":"HILIC NEGATIVE ION MODE","metabolite_name":"PA(34:2)","refmet_name":"PA 34:2"},"503":{"study_id":"ST000546","analysis_id":"AN000833","analysis_summary":"HILIC NEGATIVE ION MODE","metabolite_name":"PA(36:3)","refmet_name":"PA 36:3"},"504":{"study_id":"ST000546","analysis_id":"AN000833","analysis_summary":"HILIC NEGATIVE ION MODE","metabolite_name":"PA(36:4)","refmet_name":"PA 36:4"},"505":{"study_id":"ST000546","analysis_id":"AN000833","analysis_summary":"HILIC NEGATIVE ION MODE","metabolite_name":"PE(14:0\/20:2(11Z,14Z))","refmet_name":"PE  14:0\/20:2(11Z,14Z)*"},"506":{"study_id":"ST000546","analysis_id":"AN000833","analysis_summary":"HILIC NEGATIVE ION MODE","metabolite_name":"[PE(18:1\/16:0)] 1-(9Z-octadecenoyl)-2-hexadecanoyl-sn-glycero-3-phosphoethanolamine","refmet_name":""},"507":{"study_id":"ST000546","analysis_id":"AN000833","analysis_summary":"HILIC NEGATIVE ION MODE","metabolite_name":"[PE(18:2\/18:2)] 1,2-di-(9Z,12Z-octadecadienoyl)-sn-glycero-3-phosphoethanolamine","refmet_name":""},"508":{"study_id":"ST000546","analysis_id":"AN000833","analysis_summary":"HILIC NEGATIVE ION MODE","metabolite_name":"PE(30:4)","refmet_name":"PE 30:4"},"509":{"study_id":"ST000546","analysis_id":"AN000833","analysis_summary":"HILIC NEGATIVE ION MODE","metabolite_name":"PE(31:4)","refmet_name":"PE 31:4"},"510":{"study_id":"ST000546","analysis_id":"AN000833","analysis_summary":"HILIC NEGATIVE ION MODE","metabolite_name":"PE(36:1)","refmet_name":"PE 36:1"},"511":{"study_id":"ST000546","analysis_id":"AN000833","analysis_summary":"HILIC NEGATIVE ION MODE","metabolite_name":"PE(36:3)","refmet_name":"PE 36:3"},"512":{"study_id":"ST000546","analysis_id":"AN000833","analysis_summary":"HILIC NEGATIVE ION MODE","metabolite_name":"PE(38:5)","refmet_name":"PE 38:5"},"513":{"study_id":"ST000546","analysis_id":"AN000833","analysis_summary":"HILIC NEGATIVE ION MODE","metabolite_name":"PE(P-38:4)","refmet_name":"PE P-38:4"},"514":{"study_id":"ST000546","analysis_id":"AN000833","analysis_summary":"HILIC NEGATIVE ION MODE","metabolite_name":"PE(P-40:4)","refmet_name":"PE P-40:4"},"515":{"study_id":"ST000546","analysis_id":"AN000833","analysis_summary":"HILIC NEGATIVE ION MODE","metabolite_name":"[PG (18:0)] 1-octadecanoyl-sn-glycero-3-phospho-(1'-sn-glycerol)","refmet_name":"LPG 18:0"},"516":{"study_id":"ST000546","analysis_id":"AN000833","analysis_summary":"HILIC NEGATIVE ION MODE","metabolite_name":"[PG (18:1)] 1-(9E-octadecenoyl)-sn-glycero-3-phospho-(1'-sn-glycerol)","refmet_name":""},"517":{"study_id":"ST000546","analysis_id":"AN000833","analysis_summary":"HILIC NEGATIVE ION MODE","metabolite_name":"PG(33:1)","refmet_name":"PG 33:1"},"518":{"study_id":"ST000546","analysis_id":"AN000833","analysis_summary":"HILIC NEGATIVE ION MODE","metabolite_name":"PG(34:1)","refmet_name":"PG 34:1"},"519":{"study_id":"ST000546","analysis_id":"AN000833","analysis_summary":"HILIC NEGATIVE ION MODE","metabolite_name":"PG(34:2)","refmet_name":"PG 34:2"},"520":{"study_id":"ST000546","analysis_id":"AN000833","analysis_summary":"HILIC NEGATIVE ION MODE","metabolite_name":"PG(34:3)","refmet_name":"PG 34:3"},"521":{"study_id":"ST000546","analysis_id":"AN000833","analysis_summary":"HILIC NEGATIVE ION MODE","metabolite_name":"PG(36:1)","refmet_name":"PG 36:1"},"522":{"study_id":"ST000546","analysis_id":"AN000833","analysis_summary":"HILIC NEGATIVE ION MODE","metabolite_name":"PG(36:2)","refmet_name":"PG 36:2"},"523":{"study_id":"ST000546","analysis_id":"AN000833","analysis_summary":"HILIC NEGATIVE ION MODE","metabolite_name":"PG(36:3)","refmet_name":"PG 36:3"},"524":{"study_id":"ST000546","analysis_id":"AN000833","analysis_summary":"HILIC NEGATIVE ION MODE","metabolite_name":"PG(36:4)","refmet_name":"PG 36:4"},"525":{"study_id":"ST000546","analysis_id":"AN000833","analysis_summary":"HILIC NEGATIVE ION MODE","metabolite_name":"PG(36:5)","refmet_name":"PG 36:5"},"526":{"study_id":"ST000546","analysis_id":"AN000833","analysis_summary":"HILIC NEGATIVE ION MODE","metabolite_name":"PG(38:6)","refmet_name":"PG 38:6"},"527":{"study_id":"ST000546","analysis_id":"AN000833","analysis_summary":"HILIC NEGATIVE ION MODE","metabolite_name":"PG(40:5)","refmet_name":"PG 40:5"},"528":{"study_id":"ST000546","analysis_id":"AN000833","analysis_summary":"HILIC NEGATIVE ION MODE","metabolite_name":"PG(40:6)","refmet_name":"PG 40:6"},"529":{"study_id":"ST000546","analysis_id":"AN000833","analysis_summary":"HILIC NEGATIVE ION MODE","metabolite_name":"PG(54:0)","refmet_name":"PG 54:0"},"530":{"study_id":"ST000546","analysis_id":"AN000833","analysis_summary":"HILIC NEGATIVE ION MODE","metabolite_name":"Phaeantharine","refmet_name":"Phaeantharine"},"531":{"study_id":"ST000546","analysis_id":"AN000833","analysis_summary":"HILIC NEGATIVE ION MODE","metabolite_name":"Phenolsulfonphthalein","refmet_name":"Phenolsulfonphthalein"},"532":{"study_id":"ST000546","analysis_id":"AN000833","analysis_summary":"HILIC NEGATIVE ION MODE","metabolite_name":"Phosphocreatine","refmet_name":"Phosphocreatine"},"533":{"study_id":"ST000546","analysis_id":"AN000833","analysis_summary":"HILIC NEGATIVE ION MODE","metabolite_name":"Phosphodimethylethanolamine","refmet_name":"N,N-Dimethylethanolamine phosphate"},"534":{"study_id":"ST000546","analysis_id":"AN000833","analysis_summary":"HILIC NEGATIVE ION MODE","metabolite_name":"Phosphoenolpyruvate","refmet_name":"Phosphoenolpyruvic acid"},"535":{"study_id":"ST000546","analysis_id":"AN000833","analysis_summary":"HILIC NEGATIVE ION MODE","metabolite_name":"Phosphoramidate","refmet_name":""},"536":{"study_id":"ST000546","analysis_id":"AN000833","analysis_summary":"HILIC NEGATIVE ION MODE","metabolite_name":"[PI(16:0)] 1-hexadecanoyl-sn-glycero-3-phospho-(1'-myo-inositol)","refmet_name":""},"537":{"study_id":"ST000546","analysis_id":"AN000833","analysis_summary":"HILIC NEGATIVE ION MODE","metabolite_name":"[PI(18:0)] 1-octadecanoyl-sn-glycero-3-phospho-(1'-myo-inositol)","refmet_name":"LPI 18:0"},"538":{"study_id":"ST000546","analysis_id":"AN000833","analysis_summary":"HILIC NEGATIVE ION MODE","metabolite_name":"[PI(18:0\/20:4)] 1-octadecanoyl-2-(5Z,8Z,11Z,14Z-eicosatetraenoyl)-sn-glycero-3-phospho-(1'-myo-inositol)","refmet_name":""},"539":{"study_id":"ST000546","analysis_id":"AN000833","analysis_summary":"HILIC NEGATIVE ION MODE","metabolite_name":"PI(34:2)","refmet_name":"PI 34:2"},"540":{"study_id":"ST000546","analysis_id":"AN000833","analysis_summary":"HILIC NEGATIVE ION MODE","metabolite_name":"PI(36:1)","refmet_name":"PI 36:1"},"541":{"study_id":"ST000546","analysis_id":"AN000833","analysis_summary":"HILIC NEGATIVE ION MODE","metabolite_name":"PI(36:2)","refmet_name":"PI 36:2"},"542":{"study_id":"ST000546","analysis_id":"AN000833","analysis_summary":"HILIC NEGATIVE ION MODE","metabolite_name":"PI(36:3)","refmet_name":"PI 36:3"},"543":{"study_id":"ST000546","analysis_id":"AN000833","analysis_summary":"HILIC NEGATIVE ION MODE","metabolite_name":"PI(36:4)","refmet_name":"PI 36:4"},"544":{"study_id":"ST000546","analysis_id":"AN000833","analysis_summary":"HILIC NEGATIVE ION MODE","metabolite_name":"PI(38:5)","refmet_name":"PI 38:5"},"545":{"study_id":"ST000546","analysis_id":"AN000833","analysis_summary":"HILIC NEGATIVE ION MODE","metabolite_name":"PI(40:5)","refmet_name":"PI 40:5"},"546":{"study_id":"ST000546","analysis_id":"AN000833","analysis_summary":"HILIC NEGATIVE ION MODE","metabolite_name":"PIP(36:1)","refmet_name":"PIP  36:1*"},"547":{"study_id":"ST000546","analysis_id":"AN000833","analysis_summary":"HILIC NEGATIVE ION MODE","metabolite_name":"PS(18:0)","refmet_name":"PS 18:0"},"548":{"study_id":"ST000546","analysis_id":"AN000833","analysis_summary":"HILIC NEGATIVE ION MODE","metabolite_name":"PS(18:0\/18:1(9Z))","refmet_name":"PS 18:0_18:1"},"549":{"study_id":"ST000546","analysis_id":"AN000833","analysis_summary":"HILIC NEGATIVE ION MODE","metabolite_name":"[PS(18:1)] 1-(9Z-octadecenoyl)-sn-glycero-3-phosphoserine","refmet_name":""},"550":{"study_id":"ST000546","analysis_id":"AN000833","analysis_summary":"HILIC NEGATIVE ION MODE","metabolite_name":"[PS(20:4)] 1-(5Z,8Z,11Z,14Z-eicosatetraenoyl)-sn-glycero-3-phosphoserine","refmet_name":"LPS 20:4"},"551":{"study_id":"ST000546","analysis_id":"AN000833","analysis_summary":"HILIC NEGATIVE ION MODE","metabolite_name":"PS(34:1)","refmet_name":"PS 34:1"},"552":{"study_id":"ST000546","analysis_id":"AN000833","analysis_summary":"HILIC NEGATIVE ION MODE","metabolite_name":"PS(34:2)","refmet_name":"PS 34:2"},"553":{"study_id":"ST000546","analysis_id":"AN000833","analysis_summary":"HILIC NEGATIVE ION MODE","metabolite_name":"PS(36:4)","refmet_name":"PS 36:4"},"554":{"study_id":"ST000546","analysis_id":"AN000833","analysis_summary":"HILIC NEGATIVE ION MODE","metabolite_name":"PS(38:4)","refmet_name":"PS 38:4"},"555":{"study_id":"ST000546","analysis_id":"AN000833","analysis_summary":"HILIC NEGATIVE ION MODE","metabolite_name":"PS(38:5)","refmet_name":"PS 38:5"},"556":{"study_id":"ST000546","analysis_id":"AN000833","analysis_summary":"HILIC NEGATIVE ION MODE","metabolite_name":"PS(38:6)","refmet_name":"PS 38:6"},"557":{"study_id":"ST000546","analysis_id":"AN000833","analysis_summary":"HILIC NEGATIVE ION MODE","metabolite_name":"PS(40:5)","refmet_name":"PS 40:5"},"558":{"study_id":"ST000546","analysis_id":"AN000833","analysis_summary":"HILIC NEGATIVE ION MODE","metabolite_name":"Psychosine","refmet_name":"Psychosine"},"559":{"study_id":"ST000546","analysis_id":"AN000833","analysis_summary":"HILIC NEGATIVE ION MODE","metabolite_name":"Pyridoxine phosphate","refmet_name":"Pyridoxine 5'-phosphate"},"560":{"study_id":"ST000546","analysis_id":"AN000833","analysis_summary":"HILIC NEGATIVE ION MODE","metabolite_name":"Raffinose","refmet_name":"Raffinose"},"561":{"study_id":"ST000546","analysis_id":"AN000833","analysis_summary":"HILIC NEGATIVE ION MODE","metabolite_name":"(R,R)-Tartaric acid","refmet_name":"Tartaric acid"},"562":{"study_id":"ST000546","analysis_id":"AN000833","analysis_summary":"HILIC NEGATIVE ION MODE","metabolite_name":"Sambutoxin","refmet_name":""},"563":{"study_id":"ST000546","analysis_id":"AN000833","analysis_summary":"HILIC NEGATIVE ION MODE","metabolite_name":"Sanguinarine","refmet_name":"Sanguinarine"},"564":{"study_id":"ST000546","analysis_id":"AN000833","analysis_summary":"HILIC NEGATIVE ION MODE","metabolite_name":"(S)-ATPA","refmet_name":"(S)-ATPA"},"565":{"study_id":"ST000546","analysis_id":"AN000833","analysis_summary":"HILIC NEGATIVE ION MODE","metabolite_name":"(S)-Dihydroorotate","refmet_name":"4,5-Dihydroorotic acid"},"566":{"study_id":"ST000546","analysis_id":"AN000833","analysis_summary":"HILIC NEGATIVE ION MODE","metabolite_name":"Ser-Ser-Ser","refmet_name":"Ser-Ser-Ser"},"567":{"study_id":"ST000546","analysis_id":"AN000833","analysis_summary":"HILIC NEGATIVE ION MODE","metabolite_name":"Sinalbin","refmet_name":"Sinalbin"},"568":{"study_id":"ST000546","analysis_id":"AN000833","analysis_summary":"HILIC NEGATIVE ION MODE","metabolite_name":"(S)-Lactate","refmet_name":"Lactic acid"},"569":{"study_id":"ST000546","analysis_id":"AN000833","analysis_summary":"HILIC NEGATIVE ION MODE","metabolite_name":"(S)-Malate","refmet_name":"Malic acid"},"570":{"study_id":"ST000546","analysis_id":"AN000833","analysis_summary":"HILIC NEGATIVE ION MODE","metabolite_name":"sn-glycero-3-Phosphoethanolamine","refmet_name":"sn-Glycero-3-phosphoethanolamine"},"571":{"study_id":"ST000546","analysis_id":"AN000833","analysis_summary":"HILIC NEGATIVE ION MODE","metabolite_name":"sn-Glycerol 3-phosphate","refmet_name":"sn-Glycero-3-phosphate"},"572":{"study_id":"ST000546","analysis_id":"AN000833","analysis_summary":"HILIC NEGATIVE ION MODE","metabolite_name":"[SP (16:0)] N-(hexadecanoyl)-sphing-4-enine","refmet_name":"Cer 18:1;O2\/16:0"},"573":{"study_id":"ST000546","analysis_id":"AN000833","analysis_summary":"HILIC NEGATIVE ION MODE","metabolite_name":"[SP] Sphing-4-enine-1-phosphate","refmet_name":"Sphingosine 1-phosphate"},"574":{"study_id":"ST000546","analysis_id":"AN000833","analysis_summary":"HILIC NEGATIVE ION MODE","metabolite_name":"Succinyladenosine","refmet_name":"Succinyladenosine"},"575":{"study_id":"ST000546","analysis_id":"AN000833","analysis_summary":"HILIC NEGATIVE ION MODE","metabolite_name":"Sucrose monopalmitate","refmet_name":""},"576":{"study_id":"ST000546","analysis_id":"AN000833","analysis_summary":"HILIC NEGATIVE ION MODE","metabolite_name":"Sulfate","refmet_name":""},"577":{"study_id":"ST000546","analysis_id":"AN000833","analysis_summary":"HILIC NEGATIVE ION MODE","metabolite_name":"Sulfoacetaldehyde","refmet_name":"Sulfoacetaldehyde"},"578":{"study_id":"ST000546","analysis_id":"AN000833","analysis_summary":"HILIC NEGATIVE ION MODE","metabolite_name":"Taurine","refmet_name":"Taurine"},"579":{"study_id":"ST000546","analysis_id":"AN000833","analysis_summary":"HILIC NEGATIVE ION MODE","metabolite_name":"UDP-glucose","refmet_name":"UDP-glucose"},"580":{"study_id":"ST000546","analysis_id":"AN000833","analysis_summary":"HILIC NEGATIVE ION MODE","metabolite_name":"UDP-glucuronate","refmet_name":"UDP-glucuronic acid"},"581":{"study_id":"ST000546","analysis_id":"AN000833","analysis_summary":"HILIC NEGATIVE ION MODE","metabolite_name":"UDP-N-acetyl-D-galactosamine","refmet_name":"UDP-N-acetylgalactosamine"},"582":{"study_id":"ST000546","analysis_id":"AN000833","analysis_summary":"HILIC NEGATIVE ION MODE","metabolite_name":"Val-Pro","refmet_name":"Val-Pro"},"583":{"study_id":"ST000546","analysis_id":"AN000833","analysis_summary":"HILIC NEGATIVE ION MODE","metabolite_name":"(Z)-4-Hydroxyphenylacetaldehyde-oxime","refmet_name":""}}